transaction_id,customer_id,persona,timestamp,amount_ratio,amount_zscore,is_unusual_hour,is_new_merchant,is_new_beneficiary,transaction_velocity,days_since_last_transaction,hour,amount,is_fraud
T0006082,C0175,high_business,2026-01-01 11:09:00.000000000,0.982657385235109,-0.08324455087147653,0,1,1,0,0.0,11,11791.89,0
T0003328,C0098,mid_weekend,2026-01-01 12:13:00.000000000,0.6602115407659013,-1.7033197976261123,0,1,1,1,-0.086,12,1985.74,0
T0001233,C0035,mid_weekend,2026-01-01 13:35:00.000000000,0.8039993599305468,-0.8166693336227218,0,1,1,0,0.0,13,2010.0,0
T0003327,C0098,mid_weekend,2026-01-01 14:17:00.000000000,1.2030919247572935,0.84621635315539,0,1,1,0,0.0,14,3007.73,0
T0003586,C0105,low_evening_shopper,2026-01-01 22:09:00.000000000,1.1866168552852565,0.7257322149982202,0,1,1,0,0.0,22,830.63,0
T0006083,C0175,high_business,2026-01-02 08:14:00.000000000,1.1992522989581784,0.9398243668623741,0,1,1,0,0.878,8,14141.45,0
T0006084,C0175,high_business,2026-01-02 09:01:00.000000000,0.8971898761269463,-0.5332419417918216,0,1,0,1,0.033,9,11633.56,0
T0004083,C0118,high_business,2026-01-02 12:35:00.000000000,1.227873161908118,1.0937911771589666,0,1,1,0,0.0,12,14734.48,0
T0003329,C0098,mid_weekend,2026-01-02 15:26:00.000000000,2.730865497517,7.2025175276244875,0,0,0,0,1.134,15,6818.24,0
T0005107,C0150,low_evening_shopper,2026-01-02 19:38:00.000000000,0.9203017108968234,-0.3099377909567977,0,1,1,0,0.0,19,644.21,0
T0001897,C0055,high_business,2026-01-03 10:56:00.000000000,1.2101832470951213,0.8836469540742073,0,1,0,2,-0.027,10,12719.55,0
T0001898,C0055,high_business,2026-01-03 11:17:00.000000000,0.9672443512265436,-0.3473445780786953,0,0,0,3,0.015,11,10878.41,0
T0001896,C0055,high_business,2026-01-03 11:35:00.000000000,0.9542285013145061,-0.19693843075976983,0,1,1,1,-0.078,11,10264.26,0
T0004159,C0121,high_business,2026-01-03 11:57:00.000000000,1.0465070876001852,0.223234020480889,0,1,1,0,0.0,11,12558.09,0
T0005035,C0148,high_business,2026-01-03 12:04:00.000000000,0.6632042266834918,-1.850698344279163,0,0,0,1,-0.014,12,9110.8,0
T0005034,C0148,high_business,2026-01-03 12:24:00.000000000,1.1447951120687665,0.6950165379300793,0,1,1,0,0.0,12,13737.54,0
T0001234,C0035,mid_weekend,2026-01-03 12:38:00.000000000,1.3347154166487376,1.1212957531019636,0,1,0,0,1.96,12,2682.78,0
T0001895,C0055,high_business,2026-01-03 13:27:00.000000000,0.8963840145051176,-0.49735673037543526,0,1,1,0,0.0,13,10756.61,0
T0004636,C0136,high_business,2026-01-03 13:44:00.000000000,0.9508984116456627,-0.2356876241008191,0,1,1,0,0.0,13,11410.78,0
T0004084,C0118,high_business,2026-01-03 14:58:00.000000000,0.6453203299016588,-2.0904079103432567,0,1,1,0,1.099,14,9508.46,0
T0000709,C0020,mid_weekend,2026-01-03 15:53:00.000000000,0.8796091464707433,-0.5016285563719028,0,1,1,0,0.0,15,2199.02,0
T0006129,C0176,mid_weekend,2026-01-03 17:23:00.000000000,0.8672677959421883,-0.5530508502408823,0,1,1,0,0.0,17,2168.17,0
T0003150,C0093,low_evening_shopper,2026-01-03 20:36:00.000000000,0.8857914980610732,-0.4441441742069375,0,1,1,0,0.0,20,620.05,0
T0005108,C0150,low_evening_shopper,2026-01-03 20:48:00.000000000,1.2518868622099422,0.9014907620609418,0,1,1,0,1.049,20,806.48,0
T0002243,C0066,low_evening_shopper,2026-01-03 22:29:00.000000000,0.834569276725033,-0.6433417016248717,0,1,1,0,0.0,22,584.2,0
T0004160,C0121,high_business,2026-01-04 09:00:00.000000000,0.906681535967141,-0.46876048326887976,0,0,1,0,0.877,9,11386.18,0
T0005718,C0166,high_business,2026-01-04 09:10:00.000000000,1.3521553545859362,1.6903457020124937,0,1,1,0,0.0,9,16225.86,0
T0001385,C0040,high_business,2026-01-04 09:43:00.000000000,0.7161035400069576,-1.8302624122329851,0,0,0,4,-0.03,9,9578.66,0
T0005037,C0148,high_business,2026-01-04 09:54:00.000000000,0.856184195315198,-0.8590687682163809,0,1,1,1,-0.226,9,10149.85,0
T0006085,C0175,high_business,2026-01-04 10:19:00.000000000,0.5749747016981847,-4.641263072514303,0,0,0,0,2.054,10,7200.01,0
T0001384,C0040,high_business,2026-01-04 10:26:00.000000000,1.2973872170430172,2.4348682143927265,0,1,0,3,-0.042,10,16153.03,0
T0001899,C0055,high_business,2026-01-04 10:49:00.000000000,2.9643971911198506,23.50440024346714,0,0,1,0,0.981,10,33066.99,0
T0002064,C0061,high_business,2026-01-04 10:56:00.000000000,1.2574889456112623,1.2359469389340594,0,1,1,0,0.0,10,15089.87,0
T0001383,C0040,high_business,2026-01-04 11:26:00.000000000,0.8733670109675463,-0.6584480438047285,0,1,1,2,-0.042,11,11353.02,0
T0004163,C0121,high_business,2026-01-04 11:37:00.000000000,0.5332040839841033,-0.6750102432156934,0,1,1,2,-0.003,11,11250.81,0
T0004162,C0121,high_business,2026-01-04 11:41:00.000000000,0.6037431978080757,-0.5729605232503733,0,1,0,1,-0.038,11,14139.97,0
T0001381,C0040,high_business,2026-01-04 11:50:00.000000000,0.9497889075446957,-0.24101324378546052,0,1,1,0,0.0,11,11397.47,0
T0001469,C0043,high_business,2026-01-04 12:07:00.000000000,0.5585776106025064,-2.6754048230275322,0,1,1,1,-0.07,12,8463.67,0
T0001382,C0040,high_business,2026-01-04 12:27:00.000000000,1.2810579509270563,1.2813394760052454,0,1,0,1,0.026,12,14600.82,0
T0004161,C0121,high_business,2026-01-04 12:36:00.000000000,3.868755286417615,13.738049593946725,0,0,0,0,0.15,12,46317.26,0
T0001386,C0040,high_business,2026-01-04 12:39:00.000000000,2.6515398602295757,8.68872734771884,0,0,0,2,0.122,12,33453.42,0
T0006086,C0175,high_business,2026-01-04 12:40:00.000000000,0.9547313263764805,-0.20188768405750762,0,0,0,0,0.098,12,10685.09,0
T0005719,C0166,high_business,2026-01-04 12:58:00.000000000,0.8685652042832624,-0.8530572614750177,0,1,0,0,0.158,12,14093.22,0
T0005038,C0148,high_business,2026-01-04 13:04:00.000000000,1.308797605851055,1.886665435678464,0,1,0,1,0.132,13,14957.63,0
T0000710,C0020,mid_weekend,2026-01-04 13:27:00.000000000,1.138320952673051,0.5069515629990102,0,1,1,0,0.899,13,2503.19,0
T0001468,C0043,high_business,2026-01-04 13:48:00.000000000,1.2626817718923964,1.2608725050835026,0,1,1,0,0.0,13,15152.18,0
T0005039,C0148,high_business,2026-01-04 13:57:00.000000000,1.1255345617281207,0.6958667571069648,0,1,0,2,0.037,13,13657.63,0
T0004752,C0140,mid_weekend,2026-01-04 13:58:00.000000000,0.7068201040660853,-1.2215828997246445,0,1,1,0,0.0,13,1767.05,0
T0001236,C0035,mid_weekend,2026-01-04 14:00:00.000000000,0.8395221359831314,-1.1598885263426346,0,1,1,1,-0.056,14,1883.91,0
T0004753,C0140,mid_weekend,2026-01-04 14:49:00.000000000,1.5065471287198278,1.4918237259838558,0,1,0,1,0.035,14,2662.14,0
T0005036,C0148,high_business,2026-01-04 15:20:00.000000000,1.1130725806623973,0.516704081818671,0,0,0,0,1.136,15,12715.93,0
T0001235,C0035,mid_weekend,2026-01-04 15:21:00.000000000,0.8691226055905779,-0.5118150554914727,0,0,0,0,1.113,15,2039.3,0
T0000711,C0020,mid_weekend,2026-01-04 15:36:00.000000000,1.0599822663300815,0.23504134387572775,0,1,0,0,0.09,15,2492.13,0
T0003330,C0098,mid_weekend,2026-01-04 16:46:00.000000000,0.6900649372372829,-0.5868275550829458,0,0,0,0,2.056,16,2716.95,0
T0001838,C0053,mid_weekend,2026-01-04 18:21:00.000000000,0.9277066735056847,-0.3012221937263136,0,1,1,0,0.0,18,2319.27,0
T0005109,C0150,low_evening_shopper,2026-01-04 18:24:00.000000000,0.7035501570673903,-1.1946028882545416,0,1,0,0,0.9,18,510.32,0
T0005809,C0168,low_evening_shopper,2026-01-04 18:59:00.000000000,3.2851580184477824,8.886725627296933,0,1,1,0,0.0,18,2299.61,0
T0001549,C0045,low_evening_shopper,2026-01-04 19:08:00.000000000,0.8321815444682669,-0.6526273270678511,0,1,1,0,0.0,19,582.53,0
T0000763,C0021,low_evening_shopper,2026-01-04 19:50:00.000000000,1.49560936563063,1.9273697552302274,0,1,1,0,0.0,19,1046.93,0
T0000417,C0012,low_evening_shopper,2026-01-04 20:08:00.000000000,0.843595498170412,-0.6082397293372865,0,1,1,0,0.0,20,590.52,0
T0003076,C0090,low_evening_shopper,2026-01-04 20:12:00.000000000,1.0761913067489595,0.2962995262459534,0,1,1,0,0.0,20,753.33,0
T0003587,C0105,low_evening_shopper,2026-01-04 21:37:00.000000000,0.8055072783175897,-0.8975102180280923,0,1,0,0,2.978,21,669.08,0
T0005928,C0171,low_evening_shopper,2026-01-04 22:43:00.000000000,0.9501835346136488,-0.19373069872469906,0,1,1,0,0.0,22,665.13,0
T0001387,C0040,high_business,2026-01-05 07:47:00.000000000,0.8237787528206216,-0.3514199808851497,0,0,0,0,0.797,7,13254.11,0
T0001471,C0043,high_business,2026-01-05 08:45:00.000000000,0.9193192397541027,-0.3515395476656001,0,0,1,1,-0.064,8,10954.87,0
T0004165,C0121,high_business,2026-01-05 09:03:00.000000000,0.5219685482996878,-0.7555549473464764,0,0,0,1,-0.165,9,10345.95,0
T0001103,C0031,high_business,2026-01-05 09:10:00.000000000,0.3231364177209617,-8.82651149372671,0,1,1,1,-0.232,9,10534.5,0
T0001473,C0043,high_business,2026-01-05 09:34:00.000000000,1.026197787879578,0.14114267081172946,0,0,0,3,-0.263,9,12257.74,0
T0001470,C0043,high_business,2026-01-05 10:17:00.000000000,1.0275313690388146,0.13003533887916127,0,0,0,0,0.924,10,12133.01,0
T0001388,C0040,high_business,2026-01-05 11:30:00.000000000,0.9673382729276446,-0.06798452151367103,0,0,0,0,0.155,11,15172.08,0
T0006087,C0175,high_business,2026-01-05 12:50:00.000000000,1.2747350122324819,1.3519736526638035,0,0,1,0,1.007,12,14137.32,0
T0004164,C0121,high_business,2026-01-05 13:01:00.000000000,1.2165859695360788,0.3039247757441074,0,0,0,0,1.058,13,23273.85,0
T0003535,C0103,high_business,2026-01-05 13:12:00.000000000,0.5333428872259274,-4.152306229205677,0,1,0,2,-0.028,13,11864.19,0
T0003331,C0098,mid_weekend,2026-01-05 13:15:00.000000000,0.6550696138942159,-0.6675462982271033,0,0,0,0,0.853,13,2379.32,0
T0003534,C0103,high_business,2026-01-05 13:52:00.000000000,2.123504139380228,6.4010920397616,0,0,1,1,-0.043,13,30246.32,0
T0001900,C0055,high_business,2026-01-05 13:52:00.000000000,0.9517457635841946,-0.08515364297801202,0,1,0,0,1.127,13,14787.43,0
T0004338,C0127,high_business,2026-01-05 13:55:00.000000000,1.1978047770750297,0.949462929960143,0,1,1,0,0.0,13,14373.66,0
T0002065,C0061,high_business,2026-01-05 14:12:00.000000000,0.6220108452987294,-2.281522481269407,0,1,1,0,1.136,14,9386.06,0
T0001237,C0035,mid_weekend,2026-01-05 14:39:00.000000000,1.0022158913567232,0.015356010670900522,0,0,0,0,1.027,14,2158.77,0
T0001102,C0031,high_business,2026-01-05 14:44:00.000000000,2.7167314202391117,8.240310817147735,0,1,1,0,0.0,14,32600.78,0
T0003533,C0103,high_business,2026-01-05 14:54:00.000000000,1.1869656682819596,0.8974352077534066,0,1,1,0,0.0,14,14243.59,0
T0001472,C0043,high_business,2026-01-05 15:52:00.000000000,1.1151420485630328,0.5590503924441763,0,1,0,0,0.297,15,13020.33,0
T0001839,C0053,mid_weekend,2026-01-05 15:57:00.000000000,0.8643840411802091,-0.5242159584624673,0,1,0,0,0.9,15,2004.74,0
T0003862,C0112,high_business,2026-01-05 16:59:00.000000000,0.7883342697987532,-1.0159955049659846,0,1,1,0,0.0,16,9460.01,0
T0004637,C0136,high_business,2026-01-05 17:24:00.000000000,1.3274360634620945,1.4945204767757474,0,1,1,0,2.153,17,15147.08,0
T0004754,C0140,mid_weekend,2026-01-05 18:24:00.000000000,1.1504761188966548,0.5554066972569748,0,1,0,0,1.149,18,2547.84,0
T0005232,C0153,low_evening_shopper,2026-01-05 19:09:00.000000000,0.8725060668322488,-0.49580974009680984,0,1,1,0,0.0,19,610.75,0
T0001550,C0045,low_evening_shopper,2026-01-05 19:29:00.000000000,1.2126123131985054,0.6880690567741788,0,1,0,0,1.015,19,706.38,0
T0000712,C0020,mid_weekend,2026-01-05 19:52:00.000000000,0.8755661373456793,-2.118570852829562,0,0,0,0,1.178,19,2099.71,0
T0005110,C0150,low_evening_shopper,2026-01-05 20:32:00.000000000,0.7317913731166064,-1.4478136975453746,0,1,0,0,1.089,20,478.35,0
T0001403,C0041,mid_weekend,2026-01-05 20:41:00.000000000,1.0697045237640506,0.29043551568354437,0,1,1,0,0.0,20,2674.26,0
T0001915,C0056,mid_weekend,2026-01-05 21:28:00.000000000,1.134578176014981,0.56074240006242,0,1,1,0,0.0,21,2836.45,0
T0005929,C0171,low_evening_shopper,2026-01-05 21:48:00.000000000,1.4130762561381724,1.526382111031329,0,1,0,0,0.962,21,939.88,0
T0001104,C0031,high_business,2026-01-06 08:13:00.000000000,0.5176970099648089,-4.160854455596413,0,0,1,0,0.96,8,11165.5,0
T0001389,C0040,high_business,2026-01-06 08:29:00.000000000,0.44448886290125483,-1.2307150045476367,0,0,1,0,0.874,8,6943.06,0
T0001903,C0055,high_business,2026-01-06 09:09:00.000000000,0.8350075867496184,-0.35307624988164316,0,0,0,2,-0.128,9,12711.02,0
T0001305,C0037,high_business,2026-01-06 09:21:00.000000000,3.92269713934666,14.028946268863967,0,1,1,0,0.0,9,47072.37,0
T0001905,C0055,high_business,2026-01-06 09:52:00.000000000,0.6582775364098173,-0.7649324697831099,0,0,0,4,-0.078,9,9587.57,0
T0001306,C0037,high_business,2026-01-06 10:01:00.000000000,0.19938927420913768,-15.07465633819233,0,1,1,1,0.028,10,9385.72,0
T0006092,C0175,high_business,2026-01-06 10:02:00.000000000,1.0689188257232727,0.3007974359466695,0,0,0,4,-0.087,10,13772.48,0
T0006090,C0175,high_business,2026-01-06 10:08:00.000000000,1.0196758500690422,0.10667580460625069,0,0,0,2,-0.117,10,12373.94,0
T0003866,C0112,high_business,2026-01-06 10:12:00.000000000,1.4062172041006025,1.0524548141131942,0,0,0,3,-0.057,10,23972.78,0
T0001901,C0055,high_business,2026-01-06 10:45:00.000000000,0.7678942186686637,-0.4448106918119926,0,1,0,0,0.87,10,11834.95,0
T0002066,C0061,high_business,2026-01-06 10:56:00.000000000,1.4012760678004261,1.9643208681664488,0,0,0,0,0.864,10,17148.77,0
T0001840,C0053,mid_weekend,2026-01-06 11:04:00.000000000,1.202451060007832,0.7294992927163154,0,1,0,0,0.797,11,2599.7,0
T0003864,C0112,high_business,2026-01-06 11:07:00.000000000,2.2377297683373802,6.102476600419999,0,1,0,1,-0.053,11,27582.14,0
T0005720,C0166,high_business,2026-01-06 11:27:00.000000000,0.9433712109059668,-0.34338661803402937,0,0,1,0,1.937,11,14301.08,0
T0003865,C0112,high_business,2026-01-06 11:34:00.000000000,0.9164596125268308,-0.19232573450648005,0,1,1,2,0.019,11,15956.79,0
T0005040,C0148,high_business,2026-01-06 11:41:00.000000000,0.46302210746770506,-3.20220369233345,0,0,0,0,1.906,11,5736.02,0
T0001904,C0055,high_business,2026-01-06 11:44:00.000000000,0.7464174666358169,-0.5611479581182197,0,0,0,2,0.108,11,11154.15,0
T0001475,C0043,high_business,2026-01-06 11:55:00.000000000,0.8501076203819719,-0.730921298630698,0,1,0,1,-0.011,11,9712.06,0
T0001307,C0037,high_business,2026-01-06 12:05:00.000000000,0.5988027370410878,-4.530166276004155,0,0,1,0,0.086,12,16903.63,0
T0006091,C0175,high_business,2026-01-06 12:08:00.000000000,1.5943232580948583,3.4229885003816922,0,0,0,2,0.083,12,19389.67,0
T0001474,C0043,high_business,2026-01-06 12:11:00.000000000,0.6659824917474487,-1.9766324286444896,0,0,0,0,1.109,12,7989.77,0
T0001902,C0055,high_business,2026-01-06 12:13:00.000000000,1.1725900820886879,0.3406288578242462,0,0,0,0,0.061,12,17472.97,0
T0003867,C0112,high_business,2026-01-06 12:19:00.000000000,0.6873632297817269,-0.8859541147850549,0,1,0,2,0.088,12,12669.97,0
T0003863,C0112,high_business,2026-01-06 12:23:00.000000000,1.605905357025511,2.292748594549724,0,1,0,0,0.808,12,15191.88,0
T0004339,C0127,high_business,2026-01-06 12:31:00.000000000,0.6110176153402848,-2.23643980100853,0,1,0,0,0.942,12,8782.56,0
T0004184,C0122,mid_weekend,2026-01-06 12:54:00.000000000,2.476630111937938,6.152625466408076,0,1,1,0,0.0,12,6191.58,0
T0006089,C0175,high_business,2026-01-06 12:57:00.000000000,1.1431513566895088,0.7370478714110539,0,1,0,1,-0.008,12,13628.46,0
T0006088,C0175,high_business,2026-01-06 13:08:00.000000000,1.1953159934611877,0.9640102335358166,0,0,0,0,1.012,13,13863.54,0
T0005721,C0166,high_business,2026-01-06 13:28:00.000000000,2.824472201264315,28.263719161816066,0,1,1,0,0.084,13,42009.47,0
T0003536,C0103,high_business,2026-01-06 13:42:00.000000000,0.6294519409326453,-0.8527475842696823,0,1,1,0,1.021,13,11824.06,0
T0003868,C0112,high_business,2026-01-06 13:53:00.000000000,0.4761038647407331,-1.4496732881856893,0,0,1,0,0.065,13,8318.61,0
T0004956,C0146,mid_weekend,2026-01-06 15:07:00.000000000,0.4135923389457256,-2.44336525439281,0,1,1,0,0.0,15,1033.98,0
T0004463,C0131,mid_weekend,2026-01-06 16:51:00.000000000,0.9650067388548857,-0.1458052547713093,0,1,1,0,0.0,16,2412.52,0
T0005111,C0150,low_evening_shopper,2026-01-06 18:07:00.000000000,3.50696409922365,11.809090292333526,0,0,0,0,0.899,18,2138.68,0
T0000282,C0009,low_evening_shopper,2026-01-06 19:29:00.000000000,0.7945928084560904,-0.798805744892982,0,1,1,0,0.0,19,556.21,0
T0005233,C0153,low_evening_shopper,2026-01-06 19:42:00.000000000,1.4275720750388559,1.450785892420104,0,1,1,0,1.023,19,871.9,0
T0003376,C0099,low_evening_shopper,2026-01-06 19:46:00.000000000,0.9956628151437016,-0.01686682999671613,0,1,1,0,0.0,19,696.96,0
T0005343,C0156,low_evening_shopper,2026-01-06 19:49:00.000000000,0.8227113322674309,-0.6894559300711023,0,1,1,0,0.0,19,575.9,0
T0001238,C0035,mid_weekend,2026-01-06 19:59:00.000000000,1.5162162942123243,4.001279080821049,0,1,0,0,1.222,19,3267.37,0
T0004957,C0146,mid_weekend,2026-01-06 20:00:00.000000000,2.9934760025818354,3.435360010583319,0,1,1,0,0.203,20,3095.2,0
T0005810,C0168,low_evening_shopper,2026-01-06 20:01:00.000000000,0.2540804027604931,-9.529581234400524,0,1,0,0,2.043,20,584.29,0
T0000765,C0021,low_evening_shopper,2026-01-06 20:08:00.000000000,1.010529326254174,0.05417489448586568,0,0,0,1,0.0,20,935.88,0
T0000764,C0021,low_evening_shopper,2026-01-06 20:08:00.000000000,0.7692278868777105,-1.342230297769151,0,0,1,0,2.013,20,805.33,0
T0001404,C0041,mid_weekend,2026-01-06 20:11:00.000000000,0.9006280881827157,-0.44291076502513077,0,1,0,0,0.979,20,2408.51,0
T0004371,C0128,mid_weekend,2026-01-06 20:21:00.000000000,0.7784834835550825,-0.9229854851871566,0,1,1,0,0.0,20,1946.21,0
T0000418,C0012,low_evening_shopper,2026-01-06 20:26:00.000000000,1.354514059413035,1.1630362510626002,0,1,0,0,2.013,20,799.86,0
T0004122,C0120,low_evening_shopper,2026-01-06 20:42:00.000000000,1.4320171994845947,1.6800668868845345,0,1,1,0,0.0,20,1002.41,0
T0004806,C0141,low_evening_shopper,2026-01-06 21:19:00.000000000,1.2297469609577665,0.8934604037246471,0,1,1,0,0.0,21,860.82,0
T0004050,C0117,low_evening_shopper,2026-01-06 21:35:00.000000000,0.7710861714024154,-0.8902204445461621,0,1,1,0,0.0,21,539.76,0
T0001287,C0036,low_evening_shopper,2026-01-06 23:31:00.000000000,1.289655194629678,1.1264368680043029,0,1,1,0,0.0,23,902.76,0
T0002067,C0061,high_business,2026-01-07 08:57:00.000000000,0.9828591774531995,-0.07243110120445657,0,1,0,0,0.917,8,13637.07,0
T0003869,C0112,high_business,2026-01-07 09:11:00.000000000,0.7968287567449324,-0.49268304584980993,0,0,0,0,0.804,9,12880.42,0
T0000584,C0016,high_business,2026-01-07 09:37:00.000000000,0.8194057583493012,-0.8668523599233544,0,1,1,0,0.0,9,9832.87,0
T0001909,C0055,high_business,2026-01-07 09:51:00.000000000,0.7496136734010665,-0.6017400026805667,0,0,0,3,-0.009,9,10298.33,0
T0005042,C0148,high_business,2026-01-07 09:55:00.000000000,0.637344883929705,-0.48417297777937107,0,0,0,1,-0.122,9,10053.56,0
T0001016,C0028,high_business,2026-01-07 10:01:00.000000000,2.2531731344774935,6.015231045491968,0,1,1,0,0.0,10,27038.08,0
T0005722,C0166,high_business,2026-01-07 10:03:00.000000000,0.5157444450313198,-0.8903252853695574,0,0,0,0,0.858,10,11169.69,0
T0001908,C0055,high_business,2026-01-07 10:04:00.000000000,0.8184812147405645,-0.4286737801661644,0,0,0,2,-0.233,10,11392.15,0
T0004638,C0136,high_business,2026-01-07 10:18:00.000000000,0.9995118706932548,-0.0025927342579387187,0,1,0,0,1.704,10,13272.45,0
T0006093,C0175,high_business,2026-01-07 10:21:00.000000000,1.1358732309770434,0.623304428239297,0,0,0,0,1.013,10,14726.85,0
T0004245,C0124,high_business,2026-01-07 10:23:00.000000000,0.547489588704691,-2.172049974217483,0,1,1,0,0.0,10,6569.88,0
T0003870,C0112,high_business,2026-01-07 10:34:00.000000000,0.7432068790639114,-0.6391783116598967,0,0,0,0,0.058,10,11708.54,0
T0004639,C0136,high_business,2026-01-07 10:59:00.000000000,0.6907321671038877,-2.6919072278549008,0,0,0,1,0.028,10,9170.69,0
T0001017,C0028,high_business,2026-01-07 11:02:00.000000000,0.4675395468284376,-5.758682823637804,0,1,1,0,0.042,11,12641.37,0
T0001405,C0041,mid_weekend,2026-01-07 11:06:00.000000000,0.9289227306344582,-0.3010582085293557,0,1,0,0,0.622,11,2360.75,0
T0001906,C0055,high_business,2026-01-07 11:16:00.000000000,0.8237290901205335,-0.39072116645796745,0,0,0,0,1.058,11,11624.61,0
T0000586,C0016,high_business,2026-01-07 11:51:00.000000000,1.2984737087127816,1.0911333654106485,0,1,1,1,-0.051,11,11867.11,0
T0004640,C0136,high_business,2026-01-07 11:54:00.000000000,0.6425550667775721,-1.9768799985556453,0,1,0,1,0.038,11,7871.46,0
T0004085,C0118,high_business,2026-01-07 11:57:00.000000000,1.8142917502182105,3.948164575077721,0,0,1,0,3.874,11,21991.88,0
T0003104,C0091,high_business,2026-01-07 12:08:00.000000000,1.0113177234016781,0.054325072328055106,0,1,1,0,0.0,12,12135.81,0
T0003105,C0091,high_business,2026-01-07 12:21:00.000000000,1.0921899741404066,0.44752010288705135,0,1,1,1,0.009,12,13254.61,0
T0003537,C0103,high_business,2026-01-07 12:33:00.000000000,1.0657539023080407,0.14584008595229872,0,1,0,0,0.952,12,18165.28,0
T0002068,C0061,high_business,2026-01-07 12:40:00.000000000,1.1345510265800058,0.6532811945826767,0,0,0,0,0.155,12,15674.32,0
T0005041,C0148,high_business,2026-01-07 12:51:00.000000000,4.032873755678603,11.488428746198675,0,0,0,0,1.049,12,46127.67,0
T0000585,C0016,high_business,2026-01-07 13:05:00.000000000,0.8589234277757,-0.5548749871141081,0,0,0,0,0.144,13,8445.68,0
T0001910,C0055,high_business,2026-01-07 13:37:00.000000000,0.8645366605351773,-0.3274247562939556,0,0,0,1,0.157,13,11678.9,0
T0004185,C0122,mid_weekend,2026-01-07 13:38:00.000000000,0.31036629086129586,-7.116531709418185,0,1,1,0,1.031,13,1921.66,0
T0001018,C0028,high_business,2026-01-07 13:39:00.000000000,0.5281892255887471,-3.7442382337055236,0,1,0,0,0.109,13,10479.13,0
T0004958,C0146,mid_weekend,2026-01-07 13:45:00.000000000,1.0238660734728213,0.08212271533023113,0,0,0,0,0.74,13,2113.86,0
T0000487,C0014,mid_weekend,2026-01-07 13:50:00.000000000,0.965604314823664,-0.12586329706449154,0,0,0,2,-0.163,13,2120.05,0
T0000912,C0025,high_business,2026-01-07 13:51:00.000000000,2.479831950719458,7.1031933634534,0,1,1,0,0.0,13,29757.98,0
T0001390,C0040,high_business,2026-01-07 14:13:00.000000000,0.6368755433335028,-0.7407147514423575,0,0,0,0,1.239,14,9334.17,0
T0004464,C0131,mid_weekend,2026-01-07 14:23:00.000000000,1.4179943019284436,1.6806971590162159,0,0,1,0,0.897,14,3420.94,0
T0003122,C0092,mid_weekend,2026-01-07 14:53:00.000000000,1.2470084510866732,1.0292018795278053,0,1,1,0,0.0,14,3117.52,0
T0000610,C0017,mid_weekend,2026-01-07 15:20:00.000000000,1.1337751737264694,0.5573965571936227,0,1,1,0,0.0,15,2834.44,0
T0001907,C0055,high_business,2026-01-07 15:40:00.000000000,1.0128724233639599,0.029178906164352043,0,0,0,0,0.183,15,14083.87,0
T0002607,C0077,mid_weekend,2026-01-07 15:47:00.000000000,0.9640214857295998,-0.1499104761266676,0,1,1,0,0.0,15,2410.05,0
T0001239,C0035,mid_weekend,2026-01-07 16:19:00.000000000,0.8947004989498701,-0.5069809078803609,0,0,0,0,0.847,16,2093.92,0
T0003332,C0098,mid_weekend,2026-01-07 16:21:00.000000000,0.751642494715437,-0.4794019779226209,0,1,0,0,2.129,16,2541.75,0
T0000485,C0014,mid_weekend,2026-01-07 16:44:00.000000000,0.6203313958149043,-1.581952517437899,0,1,1,0,0.0,16,1550.83,0
T0004166,C0121,high_business,2026-01-07 16:56:00.000000000,0.7370760519976925,-0.4021333577893117,0,0,0,0,2.328,16,13611.91,0
T0001240,C0035,mid_weekend,2026-01-07 17:32:00.000000000,1.1128221660222355,0.5675708163059657,0,0,0,0,0.051,17,2565.22,0
T0000486,C0014,mid_weekend,2026-01-07 17:45:00.000000000,1.831474236754131,2.149123224457593,0,1,1,0,0.042,17,2840.3,0
T0003888,C0113,mid_weekend,2026-01-07 18:00:00.000000000,1.1331186167966187,0.5546609033192446,0,1,1,0,0.0,18,2832.8,0
T0004711,C0138,low_evening_shopper,2026-01-07 18:01:00.000000000,1.4570308651111483,1.7773422532100212,0,1,1,0,0.0,18,1019.92,0
T0004186,C0122,mid_weekend,2026-01-07 18:36:00.000000000,0.5497855674891664,-3.043911609105225,0,0,0,0,0.207,18,2230.27,0
T0004372,C0128,mid_weekend,2026-01-07 18:58:00.000000000,0.7569164193187133,-0.7884856361825457,0,1,1,0,0.942,18,1473.12,0
T0001551,C0045,low_evening_shopper,2026-01-07 19:14:00.000000000,1.0198610825541503,0.07110855621592502,0,1,1,0,1.99,19,657.25,0
T0003151,C0093,low_evening_shopper,2026-01-07 19:28:00.000000000,1.38537626911789,1.3275228662077003,0,1,1,0,3.953,19,859.01,0
T0004807,C0141,low_evening_shopper,2026-01-07 19:33:00.000000000,0.7561090146929518,-1.1663718810579806,0,0,1,0,0.926,19,650.88,0
T0004312,C0126,low_evening_shopper,2026-01-07 20:01:00.000000000,3.848898252643293,11.079048760279473,0,1,1,0,0.0,20,2694.23,0
T0001167,C0033,low_evening_shopper,2026-01-07 20:27:00.000000000,2.831319494258929,7.121798033229168,0,1,1,0,0.0,20,1981.92,0
T0006130,C0176,mid_weekend,2026-01-07 21:00:00.000000000,0.8594995793412222,-0.5077145423070355,0,1,1,0,4.151,21,1863.54,0
T0003377,C0099,low_evening_shopper,2026-01-07 22:12:00.000000000,1.3836803371334088,1.4856187289437446,0,1,1,0,1.101,22,964.38,0
T0001669,C0048,low_evening_shopper,2026-01-07 23:53:00.000000000,1.142052035306349,0.552424581746913,0,1,1,0,0.0,23,799.44,0
T0003152,C0093,low_evening_shopper,2026-01-08 01:08:00.000000000,0.9696289705020569,-0.12477956140688333,1,1,0,0,0.236,1,717.07,0
T0004394,C0129,low_evening_shopper,2026-01-08 05:06:00.000000000,1.1946966113750632,0.7571534886808018,1,1,1,0,0.0,5,836.29,0
T0001019,C0028,high_business,2026-01-08 06:13:00.000000000,0.6725799082174625,-0.7448523323968379,0,0,0,0,0.69,6,11245.22,0
T0003539,C0103,high_business,2026-01-08 06:31:00.000000000,0.5359587276011375,-1.2731047689537889,0,0,0,1,-0.158,6,9245.99,0
T0004171,C0121,high_business,2026-01-08 07:07:00.000000000,0.6072713407732502,-0.6512618370893527,0,1,0,4,-0.274,7,11675.31,0
T0001105,C0031,high_business,2026-01-08 07:40:00.000000000,0.9113395039776249,-0.15646218871379647,0,0,0,0,1.977,7,16495.48,0
T0004169,C0121,high_business,2026-01-08 08:08:00.000000000,0.427319760669617,-0.9701564916547876,0,0,0,2,-0.099,8,8794.87,0
T0005616,C0163,high_business,2026-01-08 08:10:00.000000000,0.9121761753189138,-0.4215543584692139,0,1,1,0,0.0,8,10946.11,0
T0006095,C0175,high_business,2026-01-08 08:51:00.000000000,0.7135687373231783,-1.4221053101066468,0,0,0,1,-0.033,8,9417.6,0
T0003107,C0091,high_business,2026-01-08 08:58:00.000000000,1.2224946010121263,1.7111530386456453,0,1,1,1,-0.142,8,14268.75,0
T0003873,C0112,high_business,2026-01-08 09:10:00.000000000,0.6993323672577805,-0.776293101018195,0,0,0,2,-0.192,9,10324.27,0
T0004167,C0121,high_business,2026-01-08 09:23:00.000000000,2.227996054160715,1.9225345786716934,0,1,0,0,0.685,9,39793.13,0
T0006131,C0176,mid_weekend,2026-01-08 09:24:00.000000000,1.4705045921068343,1.5807818239207791,0,1,0,0,0.517,9,2964.32,0
T0001391,C0040,high_business,2026-01-08 09:25:00.000000000,1.0480201387281316,0.09688025798379436,0,0,0,0,0.8,9,14802.22,0
T0000689,C0019,high_business,2026-01-08 09:26:00.000000000,0.6576784154305672,-1.8030548789598522,0,1,1,2,-0.11,9,8660.21,0
T0006094,C0175,high_business,2026-01-08 09:38:00.000000000,1.085129635822855,0.405987127488618,0,0,0,0,0.97,9,14228.24,0
T0005555,C0161,mid_weekend,2026-01-08 09:59:00.000000000,1.2263061287202666,0.8192202430955036,0,1,0,1,-0.152,9,2663.51,0
T0003871,C0112,high_business,2026-01-08 10:01:00.000000000,0.9521975674388516,-0.11990935856613054,0,0,0,0,0.977,10,14572.98,0
T0006352,C0055,high_business,2026-01-08 10:09:00.892121066,2.7425943312268983,4.058319122775249,0,1,1,0,0.953,10,36936.67,1
T0004341,C0127,high_business,2026-01-08 10:10:00.000000000,0.6308874898912742,-1.8581584371171687,0,0,0,1,-0.027,10,7257.15,0
T0001477,C0043,high_business,2026-01-08 10:17:00.000000000,1.2107128716116682,1.1071033836909934,0,0,0,1,-0.058,10,13575.38,0
T0003538,C0103,high_business,2026-01-08 10:18:00.000000000,0.993958779197031,-0.015145632768117331,0,0,0,0,0.906,10,17164.36,0
T0001913,C0055,high_business,2026-01-08 10:20:00.000000000,0.7841742803156542,-0.5483967445907348,0,1,0,2,-0.089,10,10315.24,0
T0005618,C0163,high_business,2026-01-08 10:27:00.000000000,2.0192523197445906,2.8950483741736104,0,0,1,1,-0.197,10,14338.53,0
T0004641,C0136,high_business,2026-01-08 10:30:00.000000000,1.0633916724948282,0.27267103514381824,0,0,1,0,0.942,10,12095.54,0
T0004168,C0121,high_business,2026-01-08 10:30:00.000000000,1.1399195452143716,0.22231322243886487,0,0,0,0,0.047,10,23137.47,0
T0000690,C0019,high_business,2026-01-08 10:46:00.000000000,0.8609437200982959,-0.5650992098558164,0,1,0,2,0.056,10,10043.17,0
T0004340,C0127,high_business,2026-01-08 10:49:00.000000000,0.9805604196447473,-0.09002942101581139,0,1,1,0,1.929,10,11353.03,0
T0001914,C0055,high_business,2026-01-08 11:06:00.000000000,3.1536079638779126,5.514767486246197,0,0,0,3,0.032,11,41012.19,0
T0000488,C0014,mid_weekend,2026-01-08 11:39:00.000000000,1.2700413623268216,1.1108128797452577,0,1,0,0,0.909,11,2756.49,0
T0001476,C0043,high_business,2026-01-08 11:41:00.000000000,1.0018182644818903,0.009005174473521314,0,0,0,0,1.99,11,11230.84,0
T0006096,C0175,high_business,2026-01-08 11:44:00.000000000,1.2787157819154549,1.3148861517997927,0,0,0,0,0.12,11,16531.06,0
T0005855,C0169,high_business,2026-01-08 11:59:00.000000000,1.9177825182363901,3.0446862559710834,0,1,1,1,-0.035,11,15905.31,0
T0000687,C0019,high_business,2026-01-08 12:02:00.000000000,1.2942933126325484,1.412607900636232,0,1,1,0,0.0,12,15531.52,0
T0000688,C0019,high_business,2026-01-08 12:05:00.000000000,0.6956285198777834,-1.8909406621356268,0,0,1,1,0.002,12,10804.17,0
T0001393,C0040,high_business,2026-01-08 12:08:00.000000000,0.7614794258003617,-0.5121495500436842,0,0,0,1,-0.057,12,11462.27,0
T0004172,C0121,high_business,2026-01-08 12:11:00.000000000,0.535937797896782,-0.7644101414561758,0,0,0,1,0.211,12,9992.59,0
T0003106,C0091,high_business,2026-01-08 12:22:00.000000000,0.7581650793842913,-1.2280583127871112,0,1,0,0,1.001,12,9625.07,0
T0005723,C0166,high_business,2026-01-08 12:23:00.000000000,0.6328464615182232,-0.6332591001063435,0,0,0,0,1.097,12,12378.39,0
T0001912,C0055,high_business,2026-01-08 12:28:00.000000000,0.7599101218569957,-0.6069953943906538,0,0,0,1,-0.041,12,10131.2,0
T0001499,C0044,mid_weekend,2026-01-08 12:28:00.000000000,0.6081591147501465,-3.03072820947104,0,0,0,2,-0.069,12,2822.32,0
T0005854,C0169,high_business,2026-01-08 12:50:00.000000000,0.6911328381799329,-1.482562376736322,0,1,1,0,0.0,12,8293.59,0
T0000587,C0016,high_business,2026-01-08 13:05:00.000000000,1.0889840730736768,0.6363714131232727,0,0,0,0,1.051,13,10942.71,0
T0003874,C0112,high_business,2026-01-08 13:06:00.000000000,1.1299290693783772,0.33333391469697027,0,0,0,1,0.164,13,16263.23,0
T0003108,C0091,high_business,2026-01-08 13:16:00.000000000,0.9553725550795371,-0.31788829196074536,0,0,0,1,0.179,13,11771.2,0
T0004642,C0136,high_business,2026-01-08 13:19:00.000000000,1.0213631527167537,0.10110040019058777,0,0,0,0,0.117,13,11740.23,0
T0001911,C0055,high_business,2026-01-08 13:27:00.000000000,0.9208209667789194,-0.1953311798899016,0,0,0,0,0.993,13,12333.92,0
T0003875,C0112,high_business,2026-01-08 13:27:00.000000000,0.7692204380897004,-0.6197585417318785,0,0,0,2,0.015,13,11182.16,0
T0001392,C0040,high_business,2026-01-08 13:30:00.000000000,1.7334055293519899,1.5579695605888229,0,0,0,0,0.17,13,24589.47,0
T0005554,C0161,mid_weekend,2026-01-08 13:38:00.000000000,0.8687915765018938,-0.5467017645754428,0,1,1,0,0.0,13,2171.98,0
T0004170,C0121,high_business,2026-01-08 13:42:00.000000000,0.8252620954202622,-0.2824654663370445,0,0,0,0,0.232,13,16100.83,0
T0003872,C0112,high_business,2026-01-08 13:46:00.000000000,0.6617470639605499,-0.8894681384755291,0,0,0,0,0.156,13,10079.34,0
T0001498,C0044,mid_weekend,2026-01-08 14:07:00.000000000,2.0591729163860935,5.355870645771676,0,1,1,1,-0.152,14,6247.51,0
T0000713,C0020,mid_weekend,2026-01-08 14:28:00.000000000,1.0068764832080783,0.08991535765216697,0,0,0,0,2.775,14,2339.49,0
T0004643,C0136,high_business,2026-01-08 14:53:00.000000000,0.6440211556170784,-1.8238606996839493,0,1,0,0,0.065,14,7425.4,0
T0005617,C0163,high_business,2026-01-08 15:11:00.000000000,0.29743063913491813,-3.076161755952788,0,1,1,0,0.292,15,3255.71,0
T0004959,C0146,mid_weekend,2026-01-08 15:25:00.000000000,1.2026540696627483,0.5009760147901193,0,1,0,0,1.069,15,2502.74,0
T0004465,C0131,mid_weekend,2026-01-08 15:34:00.000000000,1.119131091606234,0.5791212528030262,0,1,0,0,1.049,15,3264.2,0
T0004755,C0140,mid_weekend,2026-01-08 15:48:00.000000000,1.0367398910953285,0.21481769665695905,0,1,0,0,2.892,15,2411.12,0
T0004187,C0122,mid_weekend,2026-01-08 16:08:00.000000000,0.7536125382866031,-0.436941018390682,0,1,0,0,0.897,16,2598.33,0
T0001916,C0056,mid_weekend,2026-01-08 17:25:00.000000000,0.8477984697933114,-0.7195188938691407,0,1,0,0,2.831,17,2404.73,0
T0000420,C0012,low_evening_shopper,2026-01-08 17:30:00.000000000,4.267565689232735,15.666008868492348,0,1,0,1,-0.077,17,2669.32,0
T0001917,C0056,mid_weekend,2026-01-08 17:35:00.000000000,1.854273678810259,3.7311681084560906,0,0,1,1,0.007,17,4859.29,0
T0004960,C0146,mid_weekend,2026-01-08 17:37:00.000000000,1.432394262502673,1.2579406951963468,0,1,0,0,0.092,17,3131.85,0
T0001497,C0044,mid_weekend,2026-01-08 17:46:00.000000000,1.2135968878160401,0.8899870325668341,0,1,1,0,0.0,17,3033.99,0
T0003333,C0098,mid_weekend,2026-01-08 17:49:00.000000000,0.8061331810113875,-0.3856514168665758,0,1,0,0,1.061,17,2613.18,0
T0005556,C0161,mid_weekend,2026-01-08 17:58:00.000000000,0.7696319908199177,-0.9282851760374937,0,1,1,0,0.333,17,1860.77,0
T0003889,C0113,mid_weekend,2026-01-08 18:01:00.000000000,0.904618796002465,-0.4503259080920126,0,1,1,0,1.001,18,2562.6,0
T0004373,C0128,mid_weekend,2026-01-08 18:35:00.000000000,3.5288394725620242,7.205772207968708,0,1,0,0,0.984,18,6033.13,0
T0003588,C0105,low_evening_shopper,2026-01-08 18:44:00.000000000,1.2237645003390663,0.9321729228222781,0,0,0,0,3.88,18,917.65,0
T0000167,C0005,mid_weekend,2026-01-08 18:58:00.000000000,0.8087413625687944,-0.7969109892966901,0,1,1,0,0.0,18,2021.85,0
T0004313,C0126,low_evening_shopper,2026-01-08 19:16:00.000000000,0.2354426789000456,-11.443846311439312,0,1,0,0,0.969,19,634.34,0
T0000419,C0012,low_evening_shopper,2026-01-08 19:21:00.000000000,0.6992188154875981,-1.161667250792283,0,0,1,0,1.955,19,486.09,0
T0005811,C0168,low_evening_shopper,2026-01-08 19:47:00.000000000,0.402140208920271,-4.789349502624006,0,0,1,0,1.99,19,579.87,0
T0000766,C0021,low_evening_shopper,2026-01-08 20:08:00.000000000,0.8570034391205354,-1.3459289167382869,0,0,0,0,2.0,20,796.48,0
T0000283,C0009,low_evening_shopper,2026-01-08 20:08:00.000000000,1.1510112166271842,0.4666372150539764,0,0,0,0,2.027,20,640.21,0
T0001995,C0059,mid_weekend,2026-01-08 20:55:00.000000000,1.0583127227154037,0.24296967798084854,0,1,1,0,0.0,20,2645.78,0
T0003123,C0092,mid_weekend,2026-01-08 21:12:00.000000000,0.7552333647824577,-1.271775261084684,0,1,0,0,1.263,21,2354.46,0
T0005234,C0153,low_evening_shopper,2026-01-08 21:24:00.000000000,0.6798957806767891,-1.318340294775086,0,1,0,0,2.071,21,504.02,0
T0003077,C0090,low_evening_shopper,2026-01-08 21:47:00.000000000,0.5948844019135163,-1.6954851079019742,0,1,1,0,4.066,21,448.15,0
T0004222,C0123,low_evening_shopper,2026-01-08 22:08:00.000000000,0.4520170293295544,-2.131044885940622,0,1,1,0,0.0,22,316.41,0
T0004123,C0120,low_evening_shopper,2026-01-08 22:33:00.000000000,0.9592904748561952,-0.2267095451785849,0,1,0,0,2.077,22,961.6,0
T0002245,C0066,low_evening_shopper,2026-01-08 22:34:00.000000000,0.7741086656819098,-0.8638313795874751,0,1,0,1,-0.007,22,532.85,0
T0002244,C0066,low_evening_shopper,2026-01-08 22:44:00.000000000,1.3565218630176294,1.1571085297149946,0,1,1,0,5.01,22,792.48,0
T0001406,C0041,mid_weekend,2026-01-08 23:56:00.000000000,1.0676029038791315,1.2162011502783048,0,0,0,0,1.535,23,2648.91,0
T0003541,C0103,high_business,2026-01-09 08:06:00.000000000,0.9029788557807098,-0.24335640885967155,0,0,0,1,-0.117,8,14060.26,0
T0006099,C0175,high_business,2026-01-09 08:15:00.000000000,0.8022235231607703,-0.526753078787556,0,0,0,2,-0.254,8,11502.03,0
T0003302,C0097,high_business,2026-01-09 08:24:00.000000000,0.6974342002436114,-1.598236979746935,0,1,0,2,-0.118,8,9210.11,0
T0005043,C0148,high_business,2026-01-09 09:14:00.000000000,0.24840238485123656,-1.0083760135340498,0,0,0,0,1.972,9,3760.44,0
T0002175,C0064,high_business,2026-01-09 09:22:00.000000000,4.140442733276334,13.266753153270153,0,0,0,1,-0.062,9,43728.1,0
T0004174,C0121,high_business,2026-01-09 09:30:00.000000000,0.6300175181577413,-0.6026217447967678,0,0,0,1,-0.13,9,11126.15,0
T0000913,C0025,high_business,2026-01-09 09:31:00.000000000,0.28718080700599263,-8.484824687388477,0,1,0,0,1.819,9,8545.92,0
T0001399,C0040,high_business,2026-01-09 09:41:00.000000000,0.6899783628767433,-0.6969814654739926,0,0,0,5,-0.074,9,9449.44,0
T0000914,C0025,high_business,2026-01-09 09:42:00.000000000,0.4916606360141077,-3.894276551219567,0,0,0,1,0.008,9,9416.26,0
T0001401,C0040,high_business,2026-01-09 09:47:00.000000000,0.9439903511079429,-0.12623021374662058,0,0,0,7,-0.12,9,12554.05,0
T0001394,C0040,high_business,2026-01-09 09:48:00.000000000,0.5877411266831768,-0.8954513295203046,0,0,0,0,0.903,9,8684.72,0
T0001308,C0037,high_business,2026-01-09 09:49:00.000000000,0.5276301248561808,-0.7092994690669997,0,1,0,0,2.906,9,12902.62,0
T0004086,C0118,high_business,2026-01-09 09:51:00.000000000,0.7762495813750578,-0.6736672903743076,0,1,0,0,1.913,9,11963.25,0
T0004343,C0127,high_business,2026-01-09 10:00:00.000000000,1.0052351940064774,0.021086497137722583,0,0,0,1,-0.006,10,11164.16,0
T0003300,C0097,high_business,2026-01-09 10:04:00.000000000,1.034700789164292,0.1665637879886017,0,1,1,0,0.0,10,12416.41,0
T0004342,C0127,high_business,2026-01-09 10:08:00.000000000,1.318160080092245,1.2298820724335435,0,0,0,0,0.999,10,13763.7,0
T0001106,C0031,high_business,2026-01-09 10:11:00.000000000,0.6762001397581965,-0.6432293893313794,0,0,0,0,1.105,10,11968.11,0
T0001397,C0040,high_business,2026-01-09 10:15:00.000000000,0.7975761386338821,-0.437137023005497,0,0,0,3,-0.141,10,11066.19,0
T0001478,C0043,high_business,2026-01-09 10:19:00.000000000,0.9882901105495677,-0.062499771295943155,0,0,0,0,1.001,10,11314.92,0
T0002174,C0064,high_business,2026-01-09 10:52:00.000000000,0.8801010372342555,-0.575515021275574,0,1,1,0,0.0,10,10561.21,0
T0003540,C0103,high_business,2026-01-09 10:54:00.000000000,0.7334403989440444,-0.664602336571177,0,0,0,0,1.183,10,11814.03,0
T0004937,C0145,high_business,2026-01-09 10:59:00.000000000,1.540345422363624,2.549825369895612,0,1,1,1,-0.019,10,18171.76,0
T0003301,C0097,high_business,2026-01-09 11:14:00.000000000,1.127136288643989,0.6314304873185028,0,1,1,0,0.049,11,13994.99,0
T0004936,C0145,high_business,2026-01-09 11:27:00.000000000,0.9831000629274764,-0.08111969794811302,0,1,1,0,0.0,11,11797.2,0
T0001398,C0040,high_business,2026-01-09 11:27:00.000000000,0.9812319726403629,-0.04104964905519695,0,0,0,2,0.05,11,13452.26,0
T0002905,C0085,high_business,2026-01-09 11:27:00.000000000,1.0242955213133054,0.11661850230386626,0,1,1,0,0.0,11,12291.55,0
T0002176,C0064,high_business,2026-01-09 11:32:00.000000000,0.40750873015674105,-6.433188180717254,0,1,1,1,0.09,11,11061.68,0
T0001309,C0037,high_business,2026-01-09 11:40:00.000000000,1.4031945271015531,0.5810699453035447,0,1,0,0,0.077,11,30261.41,0
T0004865,C0143,mid_weekend,2026-01-09 11:44:00.000000000,1.3910768273789205,1.629486780745502,0,1,1,0,0.0,11,3477.69,0
T0004442,C0130,high_business,2026-01-09 11:47:00.000000000,1.183699400075705,0.8817571203633845,0,1,1,0,0.0,11,14204.39,0
T0003110,C0091,high_business,2026-01-09 11:50:00.000000000,0.9853459005577052,-0.12189981598410843,0,0,0,1,-0.078,11,12223.78,0
T0001500,C0044,mid_weekend,2026-01-09 12:08:00.000000000,0.7170136021611931,-0.7285468185673579,0,0,0,0,0.986,12,2892.87,0
T0004466,C0131,mid_weekend,2026-01-09 12:22:00.000000000,0.8793542162481968,-0.8257399794595212,0,1,0,0,0.867,12,2666.69,0
T0001996,C0059,mid_weekend,2026-01-09 12:36:00.000000000,1.1429158100079406,0.6302067500357543,0,1,1,0,0.653,12,3023.91,0
T0004173,C0121,high_business,2026-01-09 12:37:00.000000000,0.694667841448594,-0.49442034172801136,0,0,0,0,1.018,12,12522.79,0
T0005856,C0169,high_business,2026-01-09 12:39:00.000000000,1.2175058969040549,1.0526808531194423,0,1,1,0,1.028,12,14731.15,0
T0001400,C0040,high_business,2026-01-09 12:40:00.000000000,0.7433295714346464,-0.5758623338679043,0,0,0,2,0.124,12,10013.99,0
T0006100,C0175,high_business,2026-01-09 12:41:00.000000000,0.9493913021451893,-0.13612859841343647,0,0,0,2,0.185,12,13462.51,0
T0001795,C0052,high_business,2026-01-09 12:53:00.000000000,1.008630210427488,0.04142501005194281,0,1,1,0,0.0,12,12103.56,0
T0005724,C0166,high_business,2026-01-09 12:57:00.000000000,0.546367841723951,-0.7790332133004603,0,0,0,0,1.024,12,10032.93,0
T0001395,C0040,high_business,2026-01-09 13:03:00.000000000,0.7402649781736317,-0.5526120144198802,0,0,0,0,0.135,13,10616.38,0
T0001407,C0041,mid_weekend,2026-01-09 13:06:00.000000000,1.006077492203629,0.10969478564552453,0,0,1,0,0.549,13,2538.44,0
T0001396,C0040,high_business,2026-01-09 13:38:00.000000000,0.7522547540237964,-0.5307797600229228,0,0,0,1,0.024,13,10601.52,0
T0003109,C0091,high_business,2026-01-09 13:43:00.000000000,1.095562629824841,0.7467530446779759,0,0,0,0,1.019,13,13378.01,0
T0003303,C0097,high_business,2026-01-09 13:53:00.000000000,1.0151376418663172,0.09028900671813121,0,1,0,0,0.228,13,12053.58,0
T0006098,C0175,high_business,2026-01-09 14:21:00.000000000,0.9076742765265657,-0.24026575341502884,0,0,0,1,-0.097,14,13085.01,0
T0000611,C0017,mid_weekend,2026-01-09 14:32:00.000000000,0.9026678360231432,-0.4598032963418086,0,0,1,0,1.967,14,2558.56,0
T0004246,C0124,high_business,2026-01-09 14:51:00.000000000,1.4760918334661361,1.251145546032178,0,1,1,0,2.186,14,9697.74,0
T0002608,C0077,mid_weekend,2026-01-09 14:54:00.000000000,1.4605528531269591,1.849928523868572,0,1,1,0,1.963,14,3520.01,0
T0002177,C0064,high_business,2026-01-09 14:58:00.000000000,1.7795968541717595,1.0943443985656034,0,0,1,0,0.143,14,38766.14,0
T0001841,C0053,mid_weekend,2026-01-09 15:02:00.000000000,1.340064117624876,3.2294251967229357,0,1,1,0,3.165,15,3092.74,0
T0005663,C0164,mid_weekend,2026-01-09 15:37:00.000000000,1.0315478943603875,0.1314495598349481,0,1,1,0,0.0,15,2578.87,0
T0003334,C0098,mid_weekend,2026-01-09 16:02:00.000000000,0.8277580220783907,-0.3560745320136195,0,0,0,0,0.926,16,2608.96,0
T0000714,C0020,mid_weekend,2026-01-09 16:34:00.000000000,1.2345554026911887,3.430946740293291,0,1,0,0,1.087,16,2872.45,0
T0006097,C0175,high_business,2026-01-09 16:40:00.000000000,2.5162680831054094,7.14153211578295,0,0,0,0,1.206,16,33134.41,0
T0001918,C0056,mid_weekend,2026-01-09 16:50:00.000000000,1.026227805145271,0.08253136953190872,0,1,0,0,0.969,16,3455.13,0
T0001501,C0044,mid_weekend,2026-01-09 17:35:00.000000000,0.6823289174500917,-0.8245492505637569,0,1,0,0,0.227,17,2558.17,0
T0003890,C0113,mid_weekend,2026-01-09 17:51:00.000000000,1.1412322425148835,0.6350034114252632,0,1,0,0,0.993,17,3078.7,0
T0001408,C0041,mid_weekend,2026-01-09 17:56:00.000000000,1.1165855837302663,2.3527026343149453,0,0,0,0,0.201,17,2820.69,0
T0001168,C0033,low_evening_shopper,2026-01-09 18:00:00.000000000,0.3653033692571354,-6.9884458916328525,0,1,0,0,1.898,18,724.0,0
T0001038,C0029,mid_weekend,2026-01-09 18:12:00.000000000,1.1384032561911785,0.5766802341299103,0,1,1,0,0.0,18,2846.01,0
T0004712,C0138,low_evening_shopper,2026-01-09 18:34:00.000000000,0.9206786376579477,-0.44945317353624875,0,1,1,0,2.023,18,939.02,0
T0000767,C0021,low_evening_shopper,2026-01-09 19:33:00.000000000,1.0070702209827098,0.06147150923523339,0,0,0,0,0.976,19,902.49,0
T0001422,C0042,low_evening_shopper,2026-01-09 19:40:00.000000000,1.1423203174998091,0.5534679013881462,0,1,1,0,0.0,19,799.62,0
T0001288,C0036,low_evening_shopper,2026-01-09 19:47:00.000000000,0.8641303995205664,-0.681430306863291,0,1,1,0,2.844,19,780.1,0
T0002246,C0066,low_evening_shopper,2026-01-09 20:03:00.000000000,1.6219463888193189,3.5263440735862766,0,1,0,0,0.895,20,1032.38,0
T0003378,C0099,low_evening_shopper,2026-01-09 20:13:00.000000000,0.975900489121504,-0.1112151800897872,0,1,0,0,1.917,20,810.65,0
T0004910,C0144,low_evening_shopper,2026-01-09 20:30:00.000000000,0.6623161043705655,-1.3132151496700228,0,1,1,0,0.0,20,463.62,0
T0005344,C0156,low_evening_shopper,2026-01-09 21:08:00.000000000,1.0298494639484599,0.09550135875974584,0,0,0,0,3.055,21,593.09,0
T0001039,C0029,mid_weekend,2026-01-09 21:24:00.000000000,0.5215949929109269,-2.269240907701519,0,1,1,0,0.133,21,1484.46,0
T0004314,C0126,low_evening_shopper,2026-01-09 22:33:00.000000000,0.5002155329359752,-4.6210144260745105,0,0,0,0,1.137,22,832.5,0
T0004051,C0117,low_evening_shopper,2026-01-09 22:34:00.000000000,1.380974898983357,1.1424174076680509,0,0,0,0,3.041,22,745.4,0
T0002967,C0087,low_evening_shopper,2026-01-09 22:34:00.000000000,2.9781837974495633,7.692936990081636,0,1,1,0,0.0,22,2084.73,0
T0003078,C0090,low_evening_shopper,2026-01-09 23:56:00.000000000,0.9924383459750682,-0.025236610929212904,0,1,0,0,1.09,23,596.2,0
T0001402,C0040,high_business,2026-01-10 04:05:00.000000000,0.8570777645395685,-0.32905640638684874,1,0,0,0,0.762,4,11367.8,0
T0001479,C0043,high_business,2026-01-10 05:19:00.000000000,3.0440856483444714,11.428293856640098,0,1,0,0,0.792,5,34814.59,0
T0000612,C0017,mid_weekend,2026-01-10 07:53:00.000000000,3.7392034708115602,12.310422986516313,0,1,0,0,0.723,7,10082.75,0
T0000121,C0004,high_business,2026-01-10 08:07:00.000000000,1.0145665793739218,0.06991958099482508,0,1,1,0,0.0,8,12174.8,0
T0000917,C0025,high_business,2026-01-10 08:17:00.000000000,0.566673386551518,-0.7983240619263657,0,0,0,2,-0.181,8,8443.48,0
T0004176,C0121,high_business,2026-01-10 08:53:00.000000000,0.7393041953686289,-0.4199632187975617,0,0,0,1,-0.078,8,12436.4,0
T0001020,C0028,high_business,2026-01-10 09:21:00.000000000,0.9496828645256125,-0.11372514455271096,0,0,1,0,2.131,9,14578.53,0
T0000915,C0025,high_business,2026-01-10 09:23:00.000000000,0.5931325727740231,-0.6603492656191716,0,0,1,0,0.987,9,9434.79,0
T0003305,C0097,high_business,2026-01-10 09:35:00.000000000,0.9439476725053172,-0.33701554622211055,0,0,0,1,-0.065,9,11923.29,0
T0002609,C0077,mid_weekend,2026-01-10 09:36:00.000000000,1.0666208651571398,0.3292216919085695,0,1,0,0,0.779,9,3162.57,0
T0001602,C0046,high_business,2026-01-10 09:52:00.000000000,0.6478346594246767,-2.422017070612119,0,0,1,1,-0.175,9,11138.71,0
T0001310,C0037,high_business,2026-01-10 10:00:00.000000000,0.7121078819920079,-0.4851649681994356,0,0,0,0,0.931,10,16595.78,0
T0004444,C0130,high_business,2026-01-10 10:13:00.000000000,1.38255948031791,2.0446825201471204,0,1,0,1,-0.181,10,18473.57,0
T0004757,C0140,mid_weekend,2026-01-10 10:22:00.000000000,0.9795795885099573,-0.14249905401495247,0,0,0,1,-0.094,10,2245.68,0
T0003876,C0112,high_business,2026-01-10 10:30:00.000000000,0.8556760528058893,-0.390265260847174,0,0,0,0,1.877,10,12233.91,0
T0004344,C0127,high_business,2026-01-10 10:33:00.000000000,2.5407962417460737,6.804091943672784,0,0,1,0,1.023,10,28242.76,0
T0003111,C0091,high_business,2026-01-10 10:41:00.000000000,1.109566188987621,0.9813485211301461,0,0,0,0,0.952,10,13735.99,0
T0004175,C0121,high_business,2026-01-10 10:46:00.000000000,0.5763399074097485,-0.6884327687080766,0,0,0,0,1.053,10,9942.84,0
T0004938,C0145,high_business,2026-01-10 10:47:00.000000000,0.7979971123650557,-1.2107634912600167,0,1,0,0,0.992,10,11957.57,0
T0001107,C0031,high_business,2026-01-10 10:56:00.000000000,0.744186090645918,-0.5106550277455776,0,1,0,0,1.031,10,12318.42,0
T0000918,C0025,high_business,2026-01-10 11:00:00.000000000,0.731151707334986,-0.4786140648595016,0,0,0,1,0.113,11,10107.43,0
T0003304,C0097,high_business,2026-01-10 11:09:00.000000000,1.2989139584490705,2.0643843510682913,0,0,0,0,0.886,11,15481.46,0
T0000614,C0017,mid_weekend,2026-01-10 11:14:00.000000000,0.32371390639197917,-1.2098304927372654,0,0,0,1,-0.226,11,1780.36,0
T0001480,C0043,high_business,2026-01-10 11:36:00.000000000,0.8163615485883126,-0.3640611283631861,0,0,0,0,0.262,11,10926.96,0
T0005857,C0169,high_business,2026-01-10 11:37:00.000000000,0.756247517644554,-0.9453488413737398,0,0,0,0,0.957,11,9813.59,0
T0005725,C0166,high_business,2026-01-10 11:42:00.000000000,0.9438883358578287,-0.09337409842460653,0,0,0,0,0.948,11,16209.35,0
T0004939,C0145,high_business,2026-01-10 12:10:00.000000000,0.5509458785708848,-2.1145319620640644,0,0,0,0,0.058,12,7699.75,0
T0004866,C0143,mid_weekend,2026-01-10 12:28:00.000000000,0.7960571113616085,-1.182084277056609,0,1,0,0,1.031,12,2768.44,0
T0000916,C0025,high_business,2026-01-10 12:37:00.000000000,1.2139233964264864,0.3419738622998303,0,1,1,0,0.135,12,17345.44,0
T0004756,C0140,mid_weekend,2026-01-10 12:38:00.000000000,0.8837886657714571,-0.7872814307443222,0,0,1,0,1.868,12,2074.29,0
T0004247,C0124,high_business,2026-01-10 12:47:00.000000000,1.1443623519559865,0.4696862033769903,0,1,0,0,0.914,12,9308.02,0
T0002906,C0085,high_business,2026-01-10 12:50:00.000000000,3.374258261393218,11.673322097213704,0,1,1,0,1.058,12,41474.85,0
T0004087,C0118,high_business,2026-01-10 12:50:00.000000000,0.7047171873853276,-0.9184449573957164,0,1,0,0,1.124,12,10253.29,0
T0004345,C0127,high_business,2026-01-10 12:58:00.000000000,1.0407104005627328,0.08586321045679904,0,0,0,0,0.101,12,14114.56,0
T0000122,C0004,high_business,2026-01-10 13:08:00.000000000,1.2805759218080028,1.3663821755684658,0,1,1,0,0.209,13,15590.75,0
T0001311,C0037,high_business,2026-01-10 13:08:00.000000000,0.6849941791339529,-0.5430727347188194,0,0,0,0,0.131,13,15197.91,0
T0003877,C0112,high_business,2026-01-10 13:12:00.000000000,0.43544074912203834,-1.5571127011581058,0,0,0,0,0.113,13,6165.76,0
T0006132,C0176,mid_weekend,2026-01-10 13:20:00.000000000,1.2237699269243358,1.1244330815376415,0,1,0,0,2.164,13,2853.85,0
T0004088,C0118,high_business,2026-01-10 13:21:00.000000000,0.5652941879676319,-1.3157575940114299,0,0,0,1,0.022,13,7739.03,0
T0002178,C0064,high_business,2026-01-10 13:34:00.000000000,0.5594288932130277,-0.748565138607756,0,1,0,0,0.942,13,14561.53,0
T0005726,C0166,high_business,2026-01-10 13:35:00.000000000,0.7469518687364515,-0.44676485034130325,0,0,0,0,0.078,13,12737.39,0
T0005044,C0148,high_business,2026-01-10 13:43:00.000000000,0.8812243676054746,-0.14800682994166722,0,1,1,0,1.187,13,12337.77,0
T0002179,C0064,high_business,2026-01-10 13:53:00.000000000,0.7829540883052537,-0.35652877845180336,0,1,0,1,0.013,13,18583.99,0
T0001021,C0028,high_business,2026-01-10 13:56:00.000000000,0.7722220464336608,-0.5690542688828819,0,1,0,0,0.191,13,11735.05,0
T0005619,C0163,high_business,2026-01-10 13:57:00.000000000,1.2474388676560098,0.5077027414314949,0,0,0,0,2.146,13,11867.45,0
T0001601,C0046,high_business,2026-01-10 14:04:00.000000000,1.4328124649817264,2.0774998319122866,0,1,1,0,0.0,14,17193.75,0
T0004443,C0130,high_business,2026-01-10 14:33:00.000000000,0.8813701371715551,-0.6740260678132487,0,0,1,0,1.115,14,12519.33,0
T0004188,C0122,mid_weekend,2026-01-10 15:03:00.000000000,0.7906673413964085,-0.39298453733492145,0,0,0,0,1.955,15,2558.17,0
T0006364,C0121,high_business,2026-01-10 15:08:00.907123201,1.7786227342162193,1.2750693779912647,0,0,1,7,0.26,15,30180.46,1
T0001241,C0035,mid_weekend,2026-01-10 15:11:00.000000000,0.9903278734118909,-0.051719356252000775,0,0,0,0,2.902,15,2315.05,0
T0002707,C0080,mid_weekend,2026-01-10 15:13:00.000000000,0.8913893338663842,-0.45254444222339923,0,1,1,0,0.0,15,2228.47,0
T0003335,C0098,mid_weekend,2026-01-10 15:20:00.000000000,0.8360265555809498,-0.3518068616050802,0,0,0,0,0.971,15,2578.29,0
T0004961,C0146,mid_weekend,2026-01-10 15:23:00.000000000,1.1516775746221481,0.46716498406599966,0,0,0,0,1.907,15,2735.84,0
T0004758,C0140,mid_weekend,2026-01-10 15:40:00.000000000,1.1302726638708631,0.9907798193403525,0,0,0,0,0.221,15,2582.32,0
T0006101,C0175,high_business,2026-01-10 15:52:00.000000000,0.7567838044114211,-0.670019168936667,0,0,0,0,1.133,15,10702.72,0
T0005768,C0167,mid_weekend,2026-01-10 16:23:00.000000000,0.7059155974190442,-1.2253516774206492,0,1,1,0,0.0,16,1764.79,0
T0000613,C0017,mid_weekend,2026-01-10 16:40:00.000000000,1.2645763668649324,0.39177461748187764,0,1,0,0,0.366,16,6523.42,0
T0004467,C0131,mid_weekend,2026-01-10 17:54:00.000000000,0.906799354492535,-0.6602984928407601,0,0,0,0,1.231,17,2666.97,0
T0005727,C0166,high_business,2026-01-10 17:58:00.000000000,0.7601291786354651,-0.43179795743595056,0,0,0,0,0.183,17,12597.65,0
T0005112,C0150,low_evening_shopper,2026-01-10 18:16:00.000000000,0.8560756442716614,-0.21172456899203804,0,0,0,0,4.006,18,783.83,0
T0004374,C0128,mid_weekend,2026-01-10 18:21:00.000000000,1.1024969775990299,0.15774930350258154,0,0,0,0,1.99,18,3473.77,0
T0001670,C0048,low_evening_shopper,2026-01-10 19:04:00.000000000,1.3525992794250756,1.5660039294470651,0,1,1,0,2.799,19,1081.32,0
T0000715,C0020,mid_weekend,2026-01-10 19:48:00.000000000,1.2155917261915887,2.0857408418534513,0,0,0,0,1.135,19,2938.9,0
T0005345,C0156,low_evening_shopper,2026-01-10 19:51:00.000000000,1.3573006415455204,1.1602207971441412,0,1,1,0,0.947,19,793.33,0
T0000168,C0005,mid_weekend,2026-01-10 20:39:00.000000000,1.0933831828541851,0.3146785105937689,0,0,1,0,2.07,20,2210.66,0
T0005687,C0165,low_evening_shopper,2026-01-10 20:43:00.000000000,0.9671475197116572,-0.12775964556577718,0,1,1,0,0.0,20,677.0,0
T0002515,C0074,mid_weekend,2026-01-10 20:57:00.000000000,0.9572813725887985,-0.17799428088000618,0,1,1,0,0.0,20,2393.2,0
T0003153,C0093,low_evening_shopper,2026-01-10 21:12:00.000000000,0.8002803322368133,-1.4899658127706437,0,0,0,0,2.836,21,585.84,0
T0000421,C0012,low_evening_shopper,2026-01-10 21:29:00.000000000,0.3992884566918104,-0.7651725501136724,0,0,0,0,2.166,21,453.77,0
T0003275,C0096,low_evening_shopper,2026-01-10 21:57:00.000000000,0.5651851879612556,-1.6909464912617838,0,1,1,0,0.0,21,395.63,0
T0004395,C0129,low_evening_shopper,2026-01-11 05:55:00.000000000,1.8686025711439533,4.035564354800799,1,1,0,0,3.034,5,1562.69,0
T0002069,C0061,high_business,2026-01-11 08:10:00.000000000,0.7644466759551719,-1.2603869452937206,0,0,0,0,3.812,8,10845.37,0
T0002180,C0064,high_business,2026-01-11 08:17:00.000000000,0.4666762103347795,-0.9153153449213678,0,0,0,0,0.767,8,10676.2,0
T0004090,C0118,high_business,2026-01-11 08:25:00.000000000,0.6989907374394703,-0.8517116089810922,0,1,0,1,-0.178,8,8684.41,0
T0001796,C0052,high_business,2026-01-11 08:33:00.000000000,0.9690583136793266,-0.14980185400609045,0,1,1,0,1.819,8,11729.06,0
T0003542,C0103,high_business,2026-01-11 09:17:00.000000000,0.7090762625611063,-0.7631333673699242,0,0,0,0,2.049,9,10921.99,0
T0004446,C0130,high_business,2026-01-11 09:40:00.000000000,0.7336044655023166,-1.2070322791254309,0,0,0,1,-0.147,9,10143.62,0
T0003306,C0097,high_business,2026-01-11 09:52:00.000000000,0.798726602923624,-1.3010226422407278,0,0,0,0,1.012,9,9994.71,0
T0001798,C0052,high_business,2026-01-11 10:17:00.000000000,0.9121420572745632,-0.7597377903007754,0,0,0,1,-0.157,10,10053.23,0
T0006106,C0175,high_business,2026-01-11 10:25:00.000000000,1.0871436602380504,0.25262752919949805,0,0,0,4,-0.031,10,15039.45,0
T0001109,C0031,high_business,2026-01-11 11:08:00.000000000,1.0902115417866287,0.16913821921672437,0,0,0,1,-0.016,11,15914.43,0
T0006105,C0175,high_business,2026-01-11 11:10:00.000000000,0.7740085208179763,-0.6531761271354409,0,0,0,3,-0.084,11,10809.35,0
T0005728,C0166,high_business,2026-01-11 11:14:00.000000000,0.9181134125221417,-0.15025842333996609,0,0,0,0,0.719,11,14850.95,0
T0004178,C0121,high_business,2026-01-11 11:17:00.000000000,0.7808972317916983,-0.35730744234980194,0,0,0,1,-0.008,11,12728.84,0
T0005729,C0166,high_business,2026-01-11 11:29:00.000000000,0.9280885854338038,-0.13722394652977077,0,0,0,1,0.01,11,14900.54,0
T0000489,C0014,mid_weekend,2026-01-11 11:29:00.000000000,0.8745011438433309,-0.5562998081432539,0,1,0,0,2.993,11,2026.15,0
T0004177,C0121,high_business,2026-01-11 11:29:00.000000000,0.6815554217277524,-0.5176898217896806,0,0,0,0,1.108,11,11298.92,0
T0005620,C0163,high_business,2026-01-11 11:29:00.000000000,0.9264474132513412,-0.17935577081709167,0,1,0,0,0.897,11,9358.93,0
T0002493,C0073,high_business,2026-01-11 11:30:00.000000000,1.0794512578772664,0.3813660378108791,0,1,1,0,0.0,11,12953.42,0
T0000123,C0004,high_business,2026-01-11 11:31:00.000000000,0.7614742498429224,-1.3245598879757956,0,1,0,0,0.933,11,10571.38,0
T0001108,C0031,high_business,2026-01-11 11:31:00.000000000,0.4480381835821397,-1.131207215967986,0,0,0,0,1.024,11,7100.12,0
T0006102,C0175,high_business,2026-01-11 11:32:00.000000000,1.0357310401704931,0.0986607913895276,0,0,0,0,0.819,11,14469.57,0
T0004449,C0130,high_business,2026-01-11 11:41:00.000000000,0.8906629758786967,-0.5053686250186314,0,0,0,3,-0.006,11,11237.19,0
T0001694,C0049,high_business,2026-01-11 11:44:00.000000000,1.0814438649675273,0.39093055184413095,0,1,1,0,0.0,11,12977.33,0
T0004448,C0130,high_business,2026-01-11 11:50:00.000000000,0.9144828187994779,-0.37416170982946423,0,0,0,2,-0.085,11,11680.41,0
T0000490,C0014,mid_weekend,2026-01-11 12:13:00.000000000,0.9099622885873112,-0.42215137380148365,0,1,0,1,0.031,12,2055.39,0
T0004346,C0127,high_business,2026-01-11 12:18:00.000000000,0.8473171427578458,-0.34585368756295465,0,0,0,0,0.972,12,11550.16,0
T0001919,C0056,mid_weekend,2026-01-11 12:41:00.000000000,0.5139859909262666,-1.7760048837439175,0,0,0,0,1.827,12,1741.85,0
T0004089,C0118,high_business,2026-01-11 12:42:00.000000000,0.8488577637019243,-0.4094920226698023,0,0,0,0,0.973,12,10779.13,0
T0006104,C0175,high_business,2026-01-11 13:11:00.000000000,0.7185128611103768,-0.8171592789651295,0,0,0,1,-0.032,13,10158.66,0
T0004445,C0130,high_business,2026-01-11 13:12:00.000000000,0.6711303177177294,-1.9771601732605104,0,1,1,0,1.124,13,10111.09,0
T0004644,C0136,high_business,2026-01-11 13:19:00.000000000,1.4317983860587862,1.8992148753501326,0,1,0,0,2.935,13,15773.7,0
T0001481,C0043,high_business,2026-01-11 13:21:00.000000000,2.6091428988058145,3.2569047296256546,0,0,0,0,1.073,13,34429.91,0
T0000615,C0017,mid_weekend,2026-01-11 13:28:00.000000000,0.636798721987938,-0.5524947269571959,0,1,0,0,1.093,13,3028.55,0
T0002708,C0080,mid_weekend,2026-01-11 13:31:00.000000000,1.2352623724975027,0.8737932062682254,0,1,0,0,0.929,13,2752.75,0
T0004347,C0127,high_business,2026-01-11 13:41:00.000000000,1.1689639240354142,0.3964372676798448,0,1,0,0,0.058,13,15664.34,0
T0002494,C0073,high_business,2026-01-11 13:51:00.000000000,0.9322053136880091,-0.3512690852009917,0,1,1,0,0.098,13,12075.24,0
T0004447,C0130,high_business,2026-01-11 13:53:00.000000000,0.8543817643282032,-0.6145493210968038,0,0,0,1,0.176,13,11184.2,0
T0004645,C0136,high_business,2026-01-11 13:54:00.000000000,1.1754326870726022,0.724681120932153,0,0,0,1,0.024,13,13570.68,0
T0006103,C0175,high_business,2026-01-11 13:57:00.000000000,1.2268268349685512,0.6427257556116505,0,0,0,0,0.101,13,17168.41,0
T0001797,C0052,high_business,2026-01-11 14:03:00.000000000,0.774743259010524,-1.0736916807954455,0,0,1,0,0.229,14,9232.08,0
T0000691,C0019,high_business,2026-01-11 14:07:00.000000000,1.2901648947394428,1.264745826663356,0,0,0,0,3.14,14,14526.95,0
T0004091,C0118,high_business,2026-01-11 14:07:00.000000000,1.1057287986615238,0.29471198242396635,0,0,0,0,0.237,14,13220.91,0
T0000491,C0014,mid_weekend,2026-01-11 14:09:00.000000000,1.2505332530581499,1.2490431695612418,0,1,0,0,0.081,14,2782.27,0
T0003891,C0113,mid_weekend,2026-01-11 14:10:00.000000000,1.0540853500678342,0.7248255923143528,0,0,0,0,1.847,14,2977.47,0
T0005557,C0161,mid_weekend,2026-01-11 14:41:00.000000000,0.9753258118110548,-0.16666106657436638,0,0,0,0,2.863,14,2177.01,0
T0000919,C0025,high_business,2026-01-11 14:42:00.000000000,0.7662247199584685,-0.42535276068857025,0,0,0,0,1.154,14,10185.46,0
T0001920,C0056,mid_weekend,2026-01-11 14:42:00.000000000,0.7303565096795678,-0.7787983394248162,0,1,0,0,0.084,14,2234.52,0
T0004189,C0122,mid_weekend,2026-01-11 15:24:00.000000000,0.6933119901214179,-0.607450198990491,0,1,0,0,1.015,15,2149.27,0
T0000492,C0014,mid_weekend,2026-01-11 16:12:00.000000000,1.2033776531869729,1.0258172149909597,0,0,0,0,0.085,16,2773.18,0
T0005664,C0164,mid_weekend,2026-01-11 16:15:00.000000000,0.7855818015245776,-0.921594338124457,0,1,1,0,2.026,16,2025.91,0
T0003462,C0101,mid_weekend,2026-01-11 16:25:00.000000000,2.6072686855027833,6.696952856261597,0,1,1,0,0.0,16,6518.17,0
T0004468,C0131,mid_weekend,2026-01-11 17:06:00.000000000,0.8053495646766516,-1.4511275270121178,0,0,0,0,0.967,17,2324.45,0
T0005902,C0170,mid_weekend,2026-01-11 17:13:00.000000000,0.419786214267446,-2.974085807792519,0,1,1,1,-0.019,17,1291.06,0
T0005901,C0170,mid_weekend,2026-01-11 17:41:00.000000000,1.230202748404219,0.9591781183509124,0,1,1,0,0.0,17,3075.51,0
T0006133,C0176,mid_weekend,2026-01-11 18:06:00.000000000,1.0655728698313858,0.3502058078242624,0,0,0,0,1.199,18,2623.94,0
T0004962,C0146,mid_weekend,2026-01-11 18:20:00.000000000,0.7754052123479417,-0.7631735220247701,0,0,0,0,1.123,18,1888.56,0
T0001409,C0041,mid_weekend,2026-01-11 18:35:00.000000000,1.262648938647552,4.2688328045458555,0,0,0,0,2.027,18,3251.65,0
T0001040,C0029,mid_weekend,2026-01-11 18:46:00.000000000,0.8661075438176565,-0.48318124767175696,0,0,0,0,1.89,18,1875.33,0
T0003124,C0092,mid_weekend,2026-01-11 18:48:00.000000000,0.9546906833617597,-0.20660961917161558,0,1,1,0,2.9,18,2612.02,0
T0004911,C0144,low_evening_shopper,2026-01-11 19:14:00.000000000,2.5186700457995683,3.911598555504261,0,1,1,0,1.947,19,1167.71,0
T0004052,C0117,low_evening_shopper,2026-01-11 19:53:00.000000000,1.4665651276326646,1.665580187272019,0,0,1,0,1.888,19,942.38,0
T0000422,C0012,low_evening_shopper,2026-01-11 19:58:00.000000000,0.4875358627834417,-0.6075453825203248,0,0,0,0,0.937,19,487.49,0
T0001842,C0053,mid_weekend,2026-01-11 20:00:00.000000000,1.19054316720691,1.1936373116527625,0,0,0,0,2.207,20,2981.25,0
T0003154,C0093,low_evening_shopper,2026-01-11 20:05:00.000000000,0.9865406065883875,-0.08833663183217132,0,0,0,0,0.953,20,686.13,0
T0004450,C0130,high_business,2026-01-11 20:08:00.000000000,0.8472414958848025,-0.7328952457662791,1,1,0,0,0.352,20,10543.26,0
T0005769,C0167,mid_weekend,2026-01-11 20:11:00.000000000,1.334802359134443,0.9847591973570654,0,1,1,0,1.158,20,2355.64,0
T0003276,C0096,low_evening_shopper,2026-01-11 20:19:00.000000000,2.129117399332056,2.48173500389038,0,1,1,0,0.932,20,842.34,0
T0001084,C0030,low_evening_shopper,2026-01-11 20:52:00.000000000,0.7342991129705493,-1.0332812273367527,0,1,1,0,0.0,20,514.01,0
T0000284,C0009,low_evening_shopper,2026-01-11 21:00:00.000000000,1.2084760329397408,0.6928496130224795,0,1,0,0,3.036,21,722.93,0
T0005812,C0168,low_evening_shopper,2026-01-11 21:13:00.000000000,0.5730250957006922,-0.6088758372674224,0,0,0,0,3.06,21,661.61,0
T0005346,C0156,low_evening_shopper,2026-01-11 21:16:00.000000000,0.7654000368582815,-1.5547791983386212,0,0,0,0,1.059,21,500.65,0
T0004396,C0129,low_evening_shopper,2026-01-11 21:21:00.000000000,0.7427860093575765,-1.7140289067248287,0,0,1,0,0.643,21,890.96,0
T0004397,C0129,low_evening_shopper,2026-01-11 21:48:00.000000000,0.6592176765562047,-1.1314601612560955,0,1,0,1,0.019,21,722.93,0
T0002181,C0064,high_business,2026-01-11 22:05:00.000000000,0.37644176763124515,-1.0091718923554442,1,0,0,0,0.575,22,7955.77,0
T0004606,C0135,low_evening_shopper,2026-01-11 22:32:00.000000000,1.2267207715394228,0.8816918893199778,0,1,1,0,0.0,22,858.7,0
T0001289,C0036,low_evening_shopper,2026-01-11 23:00:00.000000000,0.660124234160879,-1.5887868588511689,0,0,0,0,2.134,23,555.45,0
T0003728,C0109,high_business,2026-01-12 00:31:00.000000000,0.9439171271610468,-0.2420135661013941,1,0,0,1,-0.412,0,10183.18,0
T0006449,C0166,high_business,2026-01-12 01:29:00.351472472,2.327472733587344,2.4358562800394528,1,1,0,0,1.313,1,37648.04,1
T0005047,C0148,high_business,2026-01-12 07:14:00.000000000,0.6842620241768533,-0.43698912562365105,0,0,0,2,-0.124,7,9372.98,0
T0005075,C0149,mid_weekend,2026-01-12 08:34:00.000000000,1.2903624351254237,1.2098434796892654,0,1,1,0,0.0,8,3225.91,0
T0003307,C0097,high_business,2026-01-12 08:35:00.000000000,0.9498294733123811,-0.30529714712012,0,0,0,0,0.947,8,11543.76,0
T0002070,C0061,high_business,2026-01-12 08:45:00.000000000,0.8635082819601416,-0.6834605640846885,0,1,0,0,1.024,8,11769.83,0
T0005045,C0148,high_business,2026-01-12 08:46:00.000000000,0.79508124977737,-0.26465829938740865,0,0,0,0,1.794,8,11011.5,0
T0003729,C0109,high_business,2026-01-12 08:57:00.000000000,1.1849606050072852,0.7757761910060516,0,1,0,1,0.351,8,12425.14,0
T0001110,C0031,high_business,2026-01-12 09:03:00.000000000,0.7475396457154724,-0.5108149198443924,0,0,0,0,0.913,9,11035.3,0
T0000588,C0016,high_business,2026-01-12 09:27:00.000000000,3.0949254550391063,16.85195688949907,0,0,1,0,3.849,9,31791.36,0
T0003112,C0091,high_business,2026-01-12 09:35:00.000000000,0.88722696349212,-1.0341244515634025,0,0,0,0,1.954,9,11133.95,0
T0006134,C0176,mid_weekend,2026-01-12 09:39:00.000000000,1.1097910726062084,0.6561719482994792,0,0,0,0,0.648,9,2768.67,0
T0002071,C0061,high_business,2026-01-12 09:51:00.000000000,0.6417675167916522,-1.839357483526239,0,0,1,0,0.046,9,8576.88,0
T0001972,C0058,high_business,2026-01-12 09:58:00.000000000,0.5925772376946201,-3.237207813905715,0,1,0,1,-0.053,9,11770.92,0
T0005046,C0148,high_business,2026-01-12 10:12:00.000000000,1.0810929009293608,0.10721037696784848,0,0,0,0,0.06,10,14716.95,0
T0003727,C0109,high_business,2026-01-12 10:24:00.000000000,0.899017657005096,-0.4847152463755396,0,1,1,0,0.0,10,10788.21,0
T0004348,C0127,high_business,2026-01-12 10:29:00.000000000,0.7663072281364701,-0.5831697904663864,0,1,0,0,0.867,10,10442.17,0
T0000920,C0025,high_business,2026-01-12 10:48:00.000000000,0.9996101488411162,-0.0007279628684493408,0,0,0,0,0.838,10,12899.56,0
T0001799,C0052,high_business,2026-01-12 10:57:00.000000000,1.2152649236337156,1.9652144187963447,0,1,0,0,1.028,10,13099.93,0
T0003878,C0112,high_business,2026-01-12 11:00:00.000000000,1.2313166723814732,0.592368323710494,0,0,0,0,1.908,11,16820.0,0
T0005558,C0161,mid_weekend,2026-01-12 11:04:00.000000000,1.1122918364594503,0.867399005139798,0,0,0,0,0.849,11,2467.42,0
T0004940,C0145,high_business,2026-01-12 11:09:00.000000000,1.0636680682428987,0.21117720343085264,0,0,0,0,1.958,11,13196.47,0
T0001502,C0044,mid_weekend,2026-01-12 11:13:00.000000000,0.5994567258553418,-1.02129368850484,0,1,0,0,2.735,11,2104.68,0
T0005048,C0148,high_business,2026-01-12 11:14:00.000000000,0.786360150564287,-0.29789958458958415,0,0,0,0,0.167,11,10528.59,0
T0001971,C0058,high_business,2026-01-12 11:15:00.000000000,1.6553279712393356,3.1455742619488114,0,1,1,0,0.0,11,19863.94,0
T0004180,C0121,high_business,2026-01-12 11:16:00.000000000,0.8232475204611109,-0.2878154362247788,0,0,0,1,-0.128,11,12971.69,0
T0000124,C0004,high_business,2026-01-12 11:21:00.000000000,1.0267496690783515,0.16330560249514436,0,0,1,0,0.993,11,13120.81,0
T0001695,C0049,high_business,2026-01-12 11:23:00.000000000,1.081936958796715,0.42532906274306076,0,1,0,0,0.985,11,14040.65,0
T0004941,C0145,high_business,2026-01-12 11:27:00.000000000,0.9402245949374066,-0.2234960927726814,0,0,1,1,0.013,11,11813.5,0
T0000125,C0004,high_business,2026-01-12 11:28:00.000000000,1.115534691860874,0.8171770002130089,0,0,0,1,0.005,11,14350.72,0
T0002182,C0064,high_business,2026-01-12 11:31:00.000000000,0.796477814421364,-0.30579639818448434,0,0,0,0,0.56,11,15520.83,0
T0006226,C0178,high_business,2026-01-12 11:53:00.000000000,0.8364087584663608,-0.7852379593614686,0,1,1,0,0.0,11,10036.91,0
T0004451,C0130,high_business,2026-01-12 12:02:00.000000000,0.76222248829514,-1.1554767171485598,0,0,0,0,0.662,12,9324.27,0
T0004469,C0131,mid_weekend,2026-01-12 12:04:00.000000000,2.3014368933398814,8.84747860011269,0,1,0,0,0.79,12,6427.05,0
T0000617,C0017,mid_weekend,2026-01-12 12:12:00.000000000,0.6191815765479229,-0.5485847771028766,0,0,0,1,-0.181,12,2542.3,0
T0003731,C0109,high_business,2026-01-12 12:20:00.000000000,1.209659390384395,1.7167750134710924,0,1,0,1,-0.001,12,14295.52,0
T0003730,C0109,high_business,2026-01-12 12:21:00.000000000,1.2463602764975859,2.895893090602025,0,1,1,0,0.142,12,13874.7,0
T0005621,C0163,high_business,2026-01-12 12:21:00.000000000,1.1647400202100124,0.4411058194024276,0,0,0,0,1.036,12,11593.06,0
T0002495,C0073,high_business,2026-01-12 12:22:00.000000000,0.9434231120816379,-0.28320870975393336,0,1,0,0,0.938,12,11806.31,0
T0003421,C0100,high_business,2026-01-12 12:24:00.000000000,0.26194134726015755,-11.11263958566979,0,0,1,1,-0.044,12,9859.85,0
T0005858,C0169,high_business,2026-01-12 12:32:00.000000000,0.6567255960979348,-1.3051489112506345,0,0,0,0,2.038,12,8002.8,0
T0006398,C0130,high_business,2026-01-12 12:44:00.180123396,3.2073976843922556,10.367763447131184,0,1,1,1,0.029,12,38303.17,1
T0000693,C0019,high_business,2026-01-12 12:47:00.000000000,1.023904843228108,0.0954465884872924,0,1,0,1,-0.047,12,11535.97,0
T0001111,C0031,high_business,2026-01-12 13:03:00.000000000,0.767918993894925,-0.47722541674401703,0,0,0,0,0.167,13,11018.16,0
T0004190,C0122,mid_weekend,2026-01-12 13:22:00.000000000,0.5626058024781625,-0.8740401858923887,0,0,0,0,0.915,13,1654.93,0
T0000022,C0001,high_business,2026-01-12 13:22:00.000000000,0.8118901712318695,-0.9029271780870266,0,1,1,0,0.0,13,9742.68,0
T0003543,C0103,high_business,2026-01-12 13:25:00.000000000,0.7602953761011786,-0.6255511562210644,0,0,0,0,1.172,13,11370.22,0
T0003420,C0100,high_business,2026-01-12 13:28:00.000000000,3.136787623070654,10.256580590739139,0,1,1,0,0.0,13,37641.45,0
T0001410,C0041,mid_weekend,2026-01-12 13:37:00.000000000,0.6489030531608742,-3.368853900306678,0,1,0,0,0.793,13,1733.8,0
T0001113,C0031,high_business,2026-01-12 13:41:00.000000000,2.263023825832782,2.772462245482008,0,0,0,2,-0.011,13,31707.96,0
T0002907,C0085,high_business,2026-01-12 13:49:00.000000000,0.29951970182059223,-7.532460466228468,0,1,0,0,2.041,13,8052.05,0
T0000692,C0019,high_business,2026-01-12 13:54:00.000000000,0.6743659638739764,-1.4614002497653928,0,0,0,0,0.991,13,8033.86,0
T0001112,C0031,high_business,2026-01-12 13:57:00.000000000,0.9970539526790675,-0.006167576623910562,0,1,0,1,0.037,13,13973.79,0
T0000843,C0023,mid_weekend,2026-01-12 14:08:00.000000000,3.0913351353922325,8.732575937528907,0,0,0,1,-0.026,14,7744.9,0
T0005076,C0149,mid_weekend,2026-01-12 14:14:00.000000000,0.574463810493657,-2.2878996405224936,0,0,1,0,0.236,14,1853.17,0
T0004179,C0121,high_business,2026-01-12 14:21:00.000000000,0.5245894463772975,-0.7842155787478807,0,0,0,0,1.128,14,8457.28,0
T0005049,C0148,high_business,2026-01-12 14:21:00.000000000,0.8799784716152254,-0.17026191040871103,0,0,0,0,0.13,14,11614.24,0
T0005442,C0158,mid_weekend,2026-01-12 14:43:00.000000000,1.0007189033208028,0.002910886978878201,0,1,1,1,-0.013,14,2431.19,0
T0000842,C0023,mid_weekend,2026-01-12 14:46:00.000000000,1.0021436495465676,0.008931873110698992,0,1,1,0,0.0,14,2505.36,0
T0004867,C0143,mid_weekend,2026-01-12 14:51:00.000000000,0.8953774194422783,-0.54457217722561,0,0,0,0,2.099,14,2796.32,0
T0005441,C0158,mid_weekend,2026-01-12 15:01:00.000000000,0.9717758351018583,-0.11760068707559033,0,1,1,0,0.0,15,2429.44,0
T0004470,C0131,mid_weekend,2026-01-12 15:17:00.000000000,1.0486310793529965,0.12133043919423715,0,0,0,0,0.134,15,3472.89,0
T0003024,C0089,mid_weekend,2026-01-12 15:21:00.000000000,1.6003228551151365,2.5013452296464025,0,1,1,0,0.0,15,4000.81,0
T0005665,C0164,mid_weekend,2026-01-12 15:24:00.000000000,0.9934720583697982,-0.025049794823425297,0,0,0,0,0.965,15,2287.36,0
T0000169,C0005,mid_weekend,2026-01-12 15:31:00.000000000,1.3690440131129016,1.3016532685815583,0,1,0,0,1.786,15,2897.25,0
T0000716,C0020,mid_weekend,2026-01-12 15:50:00.000000000,0.7418793279306994,-2.183450822875642,0,0,0,0,1.835,15,1848.86,0
T0000493,C0014,mid_weekend,2026-01-12 15:52:00.000000000,1.1159481715083366,0.6026911978691201,0,0,0,0,0.986,15,2637.08,0
T0004760,C0140,mid_weekend,2026-01-12 16:23:00.000000000,1.0755644067930126,0.6116439387540094,0,0,0,1,-0.183,16,2477.88,0
T0000616,C0017,mid_weekend,2026-01-12 16:32:00.000000000,0.4326807567792661,-0.8663724618502351,0,0,0,0,1.128,16,1933.22,0
T0004646,C0136,high_business,2026-01-12 17:28:00.000000000,1.1901567383294591,0.8212310719963197,0,0,0,0,1.149,17,13981.73,0
T0005930,C0171,low_evening_shopper,2026-01-12 18:15:00.000000000,0.9987108579415122,-0.0057474455240335625,0,1,0,0,6.852,18,801.47,0
T0004124,C0120,low_evening_shopper,2026-01-12 18:28:00.000000000,0.4581444155039417,-2.9561478703576194,0,0,1,0,3.83,18,449.9,0
T0004223,C0123,low_evening_shopper,2026-01-12 18:40:00.000000000,1.4781709339224667,0.8405499085797803,0,1,1,0,3.856,18,467.71,0
T0004713,C0138,low_evening_shopper,2026-01-12 19:04:00.000000000,0.6484150791109687,-1.9131509486032776,0,0,0,0,3.021,19,635.1,0
T0002516,C0074,mid_weekend,2026-01-12 19:15:00.000000000,1.8239265044110042,3.2863728960619034,0,1,0,0,1.929,19,4365.03,0
T0005688,C0165,low_evening_shopper,2026-01-12 19:20:00.000000000,1.207003566667243,0.7785671680643531,0,1,0,0,1.942,19,817.15,0
T0001169,C0033,low_evening_shopper,2026-01-12 19:24:00.000000000,0.6241114566416406,-2.8253526952576022,0,1,1,0,3.058,19,844.4,0
T0002610,C0077,mid_weekend,2026-01-12 19:32:00.000000000,0.5937664215854201,-2.661534050722622,0,1,0,0,2.414,19,1799.63,0
T0000768,C0021,low_evening_shopper,2026-01-12 19:34:00.000000000,0.6857425021279308,-3.0579555876762448,0,1,0,0,3.001,19,615.4,0
T0003379,C0099,low_evening_shopper,2026-01-12 19:38:00.000000000,0.7960160986861812,-1.5339125302154053,0,1,0,0,2.976,19,655.91,0
T0005770,C0167,mid_weekend,2026-01-12 20:14:00.000000000,0.6602893176942949,-1.1664627312932558,0,0,0,0,1.002,20,1360.34,0
T0005113,C0150,low_evening_shopper,2026-01-12 20:44:00.000000000,0.6409946935353503,-0.5625583284034102,0,0,0,0,2.103,20,572.82,0
T0004759,C0140,mid_weekend,2026-01-12 20:46:00.000000000,0.9195342707199039,-0.6305494165142046,0,1,0,0,2.212,20,2139.95,0
T0000094,C0003,low_evening_shopper,2026-01-12 20:51:00.000000000,0.9853545465450926,-0.056954541213528706,0,1,1,0,0.0,20,689.75,0
T0004714,C0138,low_evening_shopper,2026-01-12 21:04:00.000000000,0.6044835583497299,-2.0644194084216623,0,1,0,0,0.083,21,522.69,0
T0001423,C0042,low_evening_shopper,2026-01-12 21:08:00.000000000,3.991763384340181,13.290480385325807,0,0,1,0,3.061,21,3191.91,0
T0003079,C0090,low_evening_shopper,2026-01-12 21:17:00.000000000,0.9638725098342331,-0.1737294668948954,0,1,0,0,2.89,21,577.58,0
T0004315,C0126,low_evening_shopper,2026-01-12 21:22:00.000000000,0.4076558889857611,-0.8854640285485305,0,0,0,0,2.951,21,565.43,0
T0004607,C0135,low_evening_shopper,2026-01-12 21:29:00.000000000,0.6745801188739268,-1.5524418297470592,0,1,0,0,0.956,21,579.27,0
T0000659,C0018,low_evening_shopper,2026-01-12 21:36:00.000000000,1.1444273220064176,0.5616618078027354,0,1,1,0,0.0,21,801.1,0
T0001603,C0046,high_business,2026-01-12 21:38:00.000000000,0.798610345304101,-1.141172725560845,1,1,0,0,2.49,21,11313.3,0
T0005347,C0156,low_evening_shopper,2026-01-12 21:47:00.000000000,0.9150107652485476,-0.483367811985722,0,1,0,0,1.022,21,563.41,0
T0004398,C0129,low_evening_shopper,2026-01-12 21:48:00.000000000,0.46182143663464237,-1.6428236553398947,0,0,0,0,1.0,21,463.31,0
T0002709,C0080,mid_weekend,2026-01-12 22:35:00.000000000,0.6786917731381974,-1.3337564991588469,0,1,0,0,1.378,22,1690.36,0
T0004912,C0144,low_evening_shopper,2026-01-12 22:53:00.000000000,1.1651634480443518,0.7484337082028711,0,1,0,0,1.152,22,950.38,0
T0001170,C0033,low_evening_shopper,2026-01-12 22:55:00.000000000,0.6619087267696361,-0.7059791830752266,0,0,0,0,0.147,22,783.33,0
T0001242,C0035,mid_weekend,2026-01-12 23:17:00.000000000,0.8846033118873327,-0.6536860800944306,0,0,0,0,2.337,23,2065.68,0
T0000494,C0014,mid_weekend,2026-01-12 23:25:00.000000000,0.9505322267737129,-0.2708302426557283,0,1,0,0,0.315,23,2275.12,0
T0005586,C0162,low_evening_shopper,2026-01-12 23:36:00.000000000,0.6974618104513015,-1.176537403800494,0,1,1,0,0.0,23,488.22,0
T0003026,C0089,mid_weekend,2026-01-13 01:26:00.000000000,0.7918287691115963,-1.091824889407886,1,1,0,1,-0.572,1,2491.81,0
T0006444,C0148,high_business,2026-01-13 02:51:00.805471173,2.080728005935857,1.5700948212677022,1,1,0,0,0.521,2,27256.12,1
T0002968,C0087,low_evening_shopper,2026-01-13 05:18:00.000000000,0.3265367953432859,-7.7999335722275545,1,1,1,0,3.281,5,680.74,0
T0004471,C0131,mid_weekend,2026-01-13 06:22:00.000000000,0.5119217031063785,-1.3085012818021988,0,0,0,0,0.628,6,1705.7,0
T0004191,C0122,mid_weekend,2026-01-13 07:02:00.000000000,0.9227368324609204,-0.1484534603673066,0,0,0,0,0.736,7,2544.67,0
T0004455,C0130,high_business,2026-01-13 07:55:00.000000000,0.840388818641189,-0.7221495718916962,0,0,0,3,-0.157,7,10276.83,0
T0005730,C0166,high_business,2026-01-13 08:13:00.000000000,0.7340139434402296,-0.5265436188411959,0,0,0,0,1.864,8,11714.04,0
T0004182,C0121,high_business,2026-01-13 08:19:00.000000000,0.8615848246442972,-0.23201501168044183,0,0,0,1,-0.171,8,13391.6,0
T0000589,C0016,high_business,2026-01-13 08:40:00.000000000,0.8929329054115903,-0.1797278507171212,0,0,0,0,0.967,8,13015.34,0
T0000170,C0005,mid_weekend,2026-01-13 08:44:00.000000000,3.0634163318044867,13.03721413873381,0,0,0,0,0.717,8,7280.48,0
T0004453,C0130,high_business,2026-01-13 08:49:00.000000000,1.0594658207801249,0.2624049796978012,0,0,0,1,-0.208,8,13126.9,0
T0001023,C0028,high_business,2026-01-13 09:03:00.000000000,0.6758583981024758,-0.8515968844207907,0,0,0,1,-0.072,9,9575.33,0
T0000235,C0007,high_business,2026-01-13 09:04:00.000000000,1.824872791562827,3.4396514803520617,0,1,1,1,-0.023,9,19023.92,0
T0002072,C0061,high_business,2026-01-13 09:08:00.000000000,0.8971798685189666,-0.45195091199215426,0,0,0,0,0.97,9,11453.42,0
T0002496,C0073,high_business,2026-01-13 09:09:00.000000000,4.732090720602236,93.55108985065269,0,1,0,0,0.866,9,58102.13,0
T0002074,C0061,high_business,2026-01-13 09:27:00.000000000,0.7463194588127878,-1.2212958889364511,0,0,0,2,-0.178,9,9479.1,0
T0002998,C0088,high_business,2026-01-13 09:31:00.000000000,0.9051581368716543,-0.45524094301605944,0,1,1,0,0.0,9,10861.9,0
T0000234,C0007,high_business,2026-01-13 09:37:00.000000000,0.8687328103634022,-0.6300825102556693,0,1,1,0,0.0,9,10424.79,0
T0002184,C0064,high_business,2026-01-13 09:45:00.000000000,0.6930683951099814,-0.47157241620650164,0,0,0,1,-0.238,9,12661.89,0
T0004944,C0145,high_business,2026-01-13 09:52:00.000000000,3.4973589502145574,11.397005404254864,0,0,0,2,-0.008,9,42919.09,0
T0004943,C0145,high_business,2026-01-13 10:03:00.000000000,0.9216384085820787,-0.34026094540698376,0,1,0,1,-0.054,10,11422.1,0
T0005623,C0163,high_business,2026-01-13 10:11:00.000000000,1.1537925274051823,0.4821223504660029,0,0,0,1,-0.06,10,11624.3,0
T0001697,C0049,high_business,2026-01-13 10:12:00.000000000,4.127764790110957,12.145989399707117,0,0,0,1,-0.183,10,47251.67,0
T0004945,C0145,high_business,2026-01-13 10:15:00.000000000,0.7543869124966777,-0.3866127653061804,0,0,0,3,0.016,10,11826.6,0
T0005077,C0149,mid_weekend,2026-01-13 10:19:00.000000000,0.8996043487895159,-0.4249306502259348,0,0,0,0,0.837,10,2284.58,0
T0004647,C0136,high_business,2026-01-13 10:22:00.000000000,1.0224580132202146,0.10044850805852618,0,0,0,0,0.704,10,12219.28,0
T0001604,C0046,high_business,2026-01-13 10:25:00.000000000,0.8123729181760347,-0.8811044230383442,0,1,1,0,0.533,10,10735.71,0
T0004456,C0130,high_business,2026-01-13 10:28:00.000000000,0.8853319996441351,-0.5226090911829853,0,0,0,2,0.106,10,10703.0,0
T0006394,C0103,high_business,2026-01-13 10:35:00.133896186,1.6391007180083408,1.6814851279597887,0,0,1,8,0.882,10,23978.6,1
T0002710,C0080,mid_weekend,2026-01-13 10:36:00.000000000,1.1129073678898251,0.5789063755215255,0,0,0,0,0.501,10,2474.95,0
T0001115,C0031,high_business,2026-01-13 10:38:00.000000000,0.7596847912752299,-0.4831383546017703,0,0,0,1,-0.028,10,11567.57,0
T0000495,C0014,mid_weekend,2026-01-13 10:43:00.000000000,0.8588175561508621,-0.8077809518521923,0,0,0,0,0.471,10,2045.43,0
T0001022,C0028,high_business,2026-01-13 10:46:00.000000000,0.7836231352827469,-0.5549080240815786,0,0,0,0,2.868,10,11456.23,0
T0005859,C0169,high_business,2026-01-13 10:53:00.000000000,0.9244148437138493,-0.25843885014872825,0,0,0,0,0.931,10,10491.45,0
T0005051,C0148,high_business,2026-01-13 10:54:00.000000000,0.9958820018305208,-0.00614764245983921,0,0,0,1,-0.106,10,13006.87,0
T0003544,C0103,high_business,2026-01-13 11:06:00.000000000,1.0306488719332043,0.08063771088286664,0,0,0,0,0.903,11,15077.48,0
T0004093,C0118,high_business,2026-01-13 11:11:00.000000000,0.7551174957086813,-0.756408233149031,0,0,0,1,-0.042,11,9037.25,0
T0006135,C0176,mid_weekend,2026-01-13 11:15:00.000000000,0.9272971010238087,-0.46818690846236805,0,0,0,0,1.067,11,2355.72,0
T0001114,C0031,high_business,2026-01-13 11:19:00.000000000,0.7823753410084205,-0.43055004152231335,0,0,0,0,0.901,11,12115.9,0
T0002908,C0085,high_business,2026-01-13 11:20:00.000000000,0.5781967437240951,-0.5850047689909896,0,0,1,0,0.897,11,11914.41,0
T0004942,C0145,high_business,2026-01-13 11:21:00.000000000,0.9740440067728258,-0.10481586244085088,0,0,0,0,0.996,11,12116.5,0
T0002185,C0064,high_business,2026-01-13 11:28:00.000000000,0.616534583119737,-0.5946930123344655,0,0,0,1,0.072,11,10949.38,0
T0004183,C0121,high_business,2026-01-13 11:29:00.000000000,0.42169096387527816,-0.9834122092968925,0,0,0,1,0.132,11,6516.53,0
T0006108,C0175,high_business,2026-01-13 11:30:00.000000000,0.8972655939858067,-0.30485800614194203,0,0,0,1,-0.114,11,12341.12,0
T0005622,C0163,high_business,2026-01-13 11:37:00.000000000,0.8961130526055385,-0.3081262418205414,0,1,0,0,0.969,11,9164.22,0
T0001116,C0031,high_business,2026-01-13 11:38:00.000000000,1.025093296361513,0.05103053376537455,0,0,0,2,0.042,11,15340.96,0
T0004454,C0130,high_business,2026-01-13 11:41:00.000000000,0.7673414930657559,-1.0745391924370569,0,0,0,1,0.119,11,9554.56,0
T0003113,C0091,high_business,2026-01-13 11:52:00.000000000,0.9129336825704328,-0.7905637584522236,0,0,0,0,1.095,11,11312.99,0
T0000694,C0019,high_business,2026-01-13 11:57:00.000000000,1.7782338089576708,3.365550867606134,0,0,0,0,0.965,11,20103.15,0
T0005903,C0170,mid_weekend,2026-01-13 12:03:00.000000000,0.9499919945048,-0.18196922446705913,0,1,0,0,1.785,12,2074.1,0
T0001025,C0028,high_business,2026-01-13 12:04:00.000000000,0.644893258215022,-0.9704661841647109,0,0,0,1,-0.03,12,8753.97,0
T0004092,C0118,high_business,2026-01-13 12:12:00.000000000,0.8931942047845586,-0.31795248911836776,0,0,0,0,1.92,12,10805.15,0
T0002497,C0073,high_business,2026-01-13 12:13:00.000000000,0.41544456922149625,-0.6990537937597521,0,0,0,0,0.128,12,9860.28,0
T0001312,C0037,high_business,2026-01-13 12:22:00.000000000,0.5940859005296432,-0.7071124122107804,0,0,0,0,2.968,12,12587.78,0
T0004181,C0121,high_business,2026-01-13 12:25:00.000000000,0.8717436615554122,-0.21164581986998499,0,0,0,0,1.048,12,13625.48,0
T0000126,C0004,high_business,2026-01-13 12:31:00.000000000,0.9755282480324813,-0.18596165389565028,0,1,0,0,1.044,12,12839.6,0
T0000023,C0001,high_business,2026-01-13 12:31:00.000000000,0.9171997546810463,-0.3226785856802213,0,0,0,0,0.965,12,8935.99,0
T0004963,C0146,mid_weekend,2026-01-13 12:40:00.000000000,1.1552258775021698,0.5298379713818904,0,0,0,0,1.764,12,2723.37,0
T0001313,C0037,high_business,2026-01-13 12:44:00.000000000,0.4320176564944364,-0.9741054611396912,0,0,0,1,0.015,12,8689.35,0
T0001024,C0028,high_business,2026-01-13 12:47:00.000000000,0.9872105181857935,-0.03300213588952168,0,0,0,0,0.156,12,13419.76,0
T0003422,C0100,high_business,2026-01-13 12:47:00.000000000,1.9564715245613824,9.086728929102208,0,1,0,0,1.016,12,46467.47,0
T0000128,C0004,high_business,2026-01-13 12:49:00.000000000,0.9834854361763639,-0.10188244817634116,0,1,0,2,-0.007,12,12327.57,0
T0002075,C0061,high_business,2026-01-13 12:56:00.000000000,0.9082000574988751,-0.424939882128827,0,0,0,1,0.145,12,11269.15,0
T0000127,C0004,high_business,2026-01-13 12:59:00.000000000,0.6937687116174156,-2.531486489555252,0,0,0,1,0.019,12,9093.93,0
T0004249,C0124,high_business,2026-01-13 12:59:00.000000000,0.9596089678115448,-0.14213996677691298,0,1,0,1,-0.047,12,9608.91,0
T0006227,C0178,high_business,2026-01-13 13:02:00.000000000,1.2171888554265429,0.8719615724162141,0,0,0,0,1.048,13,12216.81,0
T0005771,C0167,mid_weekend,2026-01-13 13:05:00.000000000,1.3290434373455324,1.4708517396131353,0,0,0,0,0.702,13,2428.06,0
T0005666,C0164,mid_weekend,2026-01-13 13:09:00.000000000,1.40367769975409,4.106186303752521,0,0,0,0,0.906,13,3224.78,0
T0001503,C0044,mid_weekend,2026-01-13 13:12:00.000000000,0.62357058068955,-0.9056607587221128,0,0,0,0,1.083,13,2043.18,0
T0001698,C0049,high_business,2026-01-13 13:21:00.000000000,0.6081075451246081,-0.5087638156820914,0,0,0,1,0.131,13,12404.41,0
T0005050,C0148,high_business,2026-01-13 13:27:00.000000000,0.949824520811686,-0.07289556236153373,0,0,0,0,0.963,13,12442.06,0
T0001800,C0052,high_business,2026-01-13 13:33:00.000000000,1.0256880099503456,0.2054215397091278,0,1,0,0,1.108,13,11532.4,0
T0000618,C0017,mid_weekend,2026-01-13 13:39:00.000000000,0.7752078403786778,-0.32367003114953236,0,0,0,0,1.06,13,3031.41,0
T0001997,C0059,mid_weekend,2026-01-13 13:40:00.000000000,0.9008808515250505,-0.4683121777790052,0,0,0,0,4.044,13,2553.86,0
T0002073,C0061,high_business,2026-01-13 13:43:00.000000000,1.064147203947754,0.2923504657632041,0,0,0,0,0.191,13,13429.73,0
T0004648,C0136,high_business,2026-01-13 13:43:00.000000000,0.6855045052508634,-1.4713309925590186,0,0,0,0,0.14,13,8207.72,0
T0003308,C0097,high_business,2026-01-13 13:46:00.000000000,0.5416786407742138,-2.9457281786190697,0,0,0,0,1.216,13,6542.01,0
T0004452,C0130,high_business,2026-01-13 13:48:00.000000000,1.4126332955191303,1.9380677348308724,0,0,0,0,1.074,13,16869.86,0
T0002211,C0065,mid_weekend,2026-01-13 13:56:00.000000000,0.3285558462912939,-7.722233855874201,0,0,1,2,-0.279,13,2267.22,0
T0000844,C0023,mid_weekend,2026-01-13 14:00:00.000000000,0.42651234250693004,-4.898666484355306,0,1,0,0,0.994,14,2185.93,0
T0002209,C0065,mid_weekend,2026-01-13 14:03:00.000000000,4.403085666895356,14.179523612063983,0,1,1,0,0.0,14,11007.71,0
T0004248,C0124,high_business,2026-01-13 14:07:00.000000000,1.6982342063611096,4.2770390697680405,0,0,0,0,3.056,14,14477.81,0
T0006107,C0175,high_business,2026-01-13 14:14:00.000000000,0.76029117550718,-0.7108056283383738,0,0,0,0,2.159,14,10554.46,0
T0002076,C0061,high_business,2026-01-13 14:17:00.000000000,1.2120806653579046,1.0099550966997957,0,0,0,1,0.056,14,14924.71,0
T0001696,C0049,high_business,2026-01-13 14:35:00.000000000,0.5421469976603708,-2.4740522322779492,0,0,1,0,1.133,14,7323.86,0
T0000695,C0019,high_business,2026-01-13 14:35:00.000000000,1.1256044008914936,0.4099468737971436,0,0,0,0,0.11,14,13962.98,0
T0005150,C0151,high_business,2026-01-13 14:41:00.000000000,1.091796183545146,0.4406216810167003,0,1,1,0,0.0,14,13101.55,0
T0003025,C0089,mid_weekend,2026-01-13 15:09:00.000000000,0.573134696732053,-2.8463429203139565,0,1,0,0,0.992,15,2293.0,0
T0000921,C0025,high_business,2026-01-13 15:26:00.000000000,1.066794165119191,0.1322837079106506,0,0,0,0,1.193,15,13765.95,0
T0002183,C0064,high_business,2026-01-13 15:28:00.000000000,0.5921288692296534,-0.6320356631997248,0,0,0,0,1.165,15,11277.78,0
T0005904,C0170,mid_weekend,2026-01-13 15:36:00.000000000,1.1096382130416873,0.3223004312600938,0,1,0,0,0.148,15,2382.27,0
T0005953,C0172,high_business,2026-01-13 15:43:00.000000000,0.6631743391232126,-1.61676317220858,0,1,1,0,0.0,15,7958.09,0
T0003027,C0089,mid_weekend,2026-01-13 16:39:00.000000000,0.9829922992854336,-0.06531820917028122,0,0,1,0,0.634,16,2878.73,0
T0004761,C0140,mid_weekend,2026-01-13 16:57:00.000000000,1.329720900427959,2.7969940491522784,0,0,0,0,1.024,16,3089.13,0
T0001243,C0035,mid_weekend,2026-01-13 17:00:00.000000000,0.7375826781797528,-1.5167721039136997,0,0,0,0,0.738,17,1702.49,0
T0004868,C0143,mid_weekend,2026-01-13 17:37:00.000000000,0.610170988989905,-3.5826606730215236,0,0,1,0,1.115,17,1839.15,0
T0004472,C0131,mid_weekend,2026-01-13 17:57:00.000000000,1.2402572256224678,0.5922497669331861,0,0,0,0,0.483,17,3908.38,0
T0002471,C0072,low_evening_shopper,2026-01-13 18:15:00.000000000,1.306783646387446,1.1930475137289571,0,1,1,0,0.0,18,914.75,0
T0004225,C0123,low_evening_shopper,2026-01-13 18:27:00.000000000,1.3032658300544735,1.302014663645586,0,1,0,1,-0.009,18,589.64,0
T0004224,C0123,low_evening_shopper,2026-01-13 18:40:00.000000000,1.461972791763083,1.0062316954674067,0,0,0,0,1.0,18,573.18,0
T0000660,C0018,low_evening_shopper,2026-01-13 18:51:00.000000000,0.9614200858934997,-0.17170186360498796,0,1,0,0,0.885,18,770.19,0
T0002212,C0065,mid_weekend,2026-01-13 18:52:00.000000000,1.1442550570447583,0.193062396473001,0,0,0,1,0.206,18,6128.76,0
T0001411,C0041,mid_weekend,2026-01-13 18:55:00.000000000,0.9613871840844314,-0.24350365867536464,0,0,0,0,1.221,18,2455.99,0
T0003336,C0098,mid_weekend,2026-01-13 19:03:00.000000000,0.711559446937093,-0.6400472063007816,0,0,0,0,3.155,19,2154.46,0
T0004715,C0138,low_evening_shopper,2026-01-13 19:27:00.000000000,2.952458120551309,7.378353844051236,0,1,0,0,0.933,19,2300.5,0
T0005813,C0168,low_evening_shopper,2026-01-13 19:35:00.000000000,0.5283459137828028,-0.6636642924321324,0,0,0,0,1.932,19,544.91,0
T0000717,C0020,mid_weekend,2026-01-13 19:42:00.000000000,1.1889468546953381,1.3088969685632892,0,0,0,0,1.161,19,2867.41,0
T0004913,C0144,low_evening_shopper,2026-01-13 20:18:00.000000000,1.079418335190043,0.23217066739492223,0,1,0,0,0.892,20,928.92,0
T0001290,C0036,low_evening_shopper,2026-01-13 20:23:00.000000000,1.1612501223671234,0.8365696094952527,0,1,0,0,1.891,20,866.41,0
T0002366,C0069,low_evening_shopper,2026-01-13 20:26:00.000000000,1.1234988609774672,0.48027334824570606,0,1,1,0,0.0,20,786.45,0
T0002210,C0065,mid_weekend,2026-01-13 20:38:00.000000000,0.2537679240704853,-13.690515657095053,0,1,0,0,0.274,20,2793.4,0
T0002809,C0083,mid_weekend,2026-01-13 20:44:00.000000000,0.8849934663002547,-0.4791938904156056,0,1,1,0,0.0,20,2212.48,0
T0003380,C0099,low_evening_shopper,2026-01-13 20:51:00.000000000,1.10880124554409,0.7114107104848331,0,0,0,0,1.051,20,867.06,0
T0000095,C0003,low_evening_shopper,2026-01-13 21:03:00.000000000,1.0113017983840211,0.04330774941823216,0,1,1,0,1.008,21,697.54,0
T0001171,C0033,low_evening_shopper,2026-01-13 21:28:00.000000000,0.5744720535140772,-0.885734489112308,0,0,0,0,0.94,21,622.39,0
T0004316,C0126,low_evening_shopper,2026-01-13 21:47:00.000000000,0.3242730741339953,-0.9085848258336496,0,0,1,0,1.017,21,383.17,0
T0001801,C0052,high_business,2026-01-13 21:56:00.000000000,2.558856138517734,13.666135407493858,1,0,0,0,0.349,21,28893.86,0
T0001552,C0045,low_evening_shopper,2026-01-13 22:56:00.000000000,1.1481024361892724,1.88677463273633,0,1,0,0,6.154,22,744.8,0
T0003463,C0101,mid_weekend,2026-01-13 23:50:00.000000000,0.680496935226052,-3.4709597321136743,0,0,0,0,2.309,23,4435.6,0
T0006349,C0020,mid_weekend,2026-01-14 01:07:00.239122445,2.5726334398375434,10.81318038846892,1,1,0,0,0.226,1,6334.73,1
T0003000,C0088,high_business,2026-01-14 05:49:00.000000000,1.1521099392191072,0.7518532325954475,0,1,1,1,-0.175,5,14236.7,0
T0003424,C0100,high_business,2026-01-14 06:29:00.000000000,0.601779242092331,-0.657477432929207,0,1,1,1,-0.058,6,15880.99,0
T0003117,C0091,high_business,2026-01-14 06:52:00.000000000,1.0579748585658588,0.47808649737317294,0,0,0,3,-0.18,6,12550.1,0
T0002500,C0073,high_business,2026-01-14 07:00:00.000000000,0.5226867684389144,-0.5579823202438229,0,0,0,2,-0.613,7,9830.72,0
T0001026,C0028,high_business,2026-01-14 07:08:00.000000000,0.9760398323848323,-0.06364188500327629,0,0,0,0,0.794,7,12778.57,0
T0003423,C0100,high_business,2026-01-14 07:53:00.000000000,0.3700627047680934,-1.26495569668942,0,1,0,0,0.796,7,11591.45,0
T0005860,C0169,high_business,2026-01-14 08:19:00.000000000,3.362494941578579,8.689066624355164,0,1,0,0,0.893,8,37681.18,0
T0001482,C0043,high_business,2026-01-14 08:28:00.000000000,1.1161848368455836,0.2052268406267259,0,0,0,0,2.797,8,16421.97,0
T0002498,C0073,high_business,2026-01-14 08:33:00.000000000,0.6008651158968829,-0.44979561743322966,0,0,1,0,0.847,8,12593.82,0
T0002187,C0064,high_business,2026-01-14 08:35:00.000000000,0.8921688072286209,-0.16984823461001114,0,0,0,1,-0.105,8,15083.73,0
T0003892,C0113,mid_weekend,2026-01-14 08:44:00.000000000,0.9307851389703148,-1.0206065147201648,0,0,0,0,2.774,8,2664.74,0
T0004094,C0118,high_business,2026-01-14 08:45:00.000000000,4.4573849413742055,10.677124170883294,0,0,0,0,0.899,8,52158.4,0
T0003118,C0091,high_business,2026-01-14 08:52:00.000000000,0.8954542272074337,-0.8911355444480008,0,0,0,3,0.083,8,10666.2,0
T0004351,C0127,high_business,2026-01-14 09:07:00.000000000,0.8576014252611779,-0.3799852508189837,0,0,0,2,-0.098,9,11339.21,0
T0000130,C0004,high_business,2026-01-14 09:09:00.000000000,1.1845569780516452,1.279200506381581,0,0,0,1,-0.051,9,14761.7,0
T0002999,C0088,high_business,2026-01-14 10:01:00.000000000,1.2753058161741906,1.19613743826317,0,1,1,0,1.021,10,13852.24,0
T0005389,C0157,high_business,2026-01-14 10:01:00.000000000,0.6305197426751133,-1.818962006283406,0,1,1,1,-0.035,10,7760.17,0
T0004252,C0124,high_business,2026-01-14 10:02:00.000000000,2.151667000948255,4.880816701093129,0,0,0,2,-0.019,10,20691.42,0
T0003002,C0088,high_business,2026-01-14 10:05:00.000000000,1.0303183487270033,0.2216194593119764,0,1,0,2,-0.09,10,12738.22,0
T0001802,C0052,high_business,2026-01-14 10:11:00.000000000,0.9046060085118909,-0.20992544932891485,0,0,0,0,0.51,10,12489.27,0
T0003115,C0091,high_business,2026-01-14 10:12:00.000000000,0.7814087319700732,-2.0194157375996307,0,0,0,1,0.0,10,9514.02,0
T0003114,C0091,high_business,2026-01-14 10:12:00.000000000,0.9028027817818262,-0.894658351713177,0,0,0,0,0.931,10,11090.05,0
T0002077,C0061,high_business,2026-01-14 10:12:00.000000000,0.8987625598289801,-0.4910758601378644,0,0,0,0,0.83,10,11247.27,0
T0001118,C0031,high_business,2026-01-14 10:22:00.000000000,0.9494664768589893,-0.10459832030839147,0,0,0,1,-0.087,10,13858.52,0
T0000129,C0004,high_business,2026-01-14 10:23:00.000000000,0.9662502211761883,-0.2219832229686577,0,0,0,0,0.899,10,12086.53,0
T0004352,C0127,high_business,2026-01-14 10:23:00.000000000,0.5554671466734415,-1.2122418066486338,0,0,0,2,0.053,10,7269.69,0
T0001974,C0058,high_business,2026-01-14 10:27:00.000000000,0.5921888665080813,-1.6465458408840699,0,0,0,1,-0.114,10,8720.18,0
T0004251,C0124,high_business,2026-01-14 10:30:00.000000000,0.795938556314583,-0.8679551800835573,0,0,0,1,-0.006,10,7883.94,0
T0004250,C0124,high_business,2026-01-14 10:39:00.000000000,0.983533822445823,-0.06413289138345249,0,0,1,0,0.903,10,9768.92,0
T0004649,C0136,high_business,2026-01-14 10:48:00.000000000,0.9735679252766225,-0.11628555561891825,0,0,0,0,0.878,10,11374.77,0
T0003425,C0100,high_business,2026-01-14 10:50:00.000000000,0.5125518250918127,-0.7944933260222273,0,0,0,0,0.181,10,12448.98,0
T0005388,C0157,high_business,2026-01-14 10:51:00.000000000,1.0256310329525828,0.12302895817239769,0,1,1,0,0.0,10,12307.57,0
T0003732,C0109,high_business,2026-01-14 11:01:00.000000000,0.8500190165574036,-1.1347608482174494,0,1,0,0,1.945,11,10466.58,0
T0005152,C0151,high_business,2026-01-14 11:03:00.000000000,0.968840218467122,-0.15039793603900178,0,0,1,1,-0.022,11,11690.68,0
T0000131,C0004,high_business,2026-01-14 11:05:00.000000000,1.0192397807054197,0.1327152092573568,0,0,0,1,0.081,11,12935.97,0
T0002186,C0064,high_business,2026-01-14 11:06:00.000000000,0.7843227018524658,-0.3333139542131893,0,0,0,0,0.985,11,13484.11,0
T0003116,C0091,high_business,2026-01-14 11:11:00.000000000,0.9006987342193781,-0.8127033328942808,0,0,0,2,0.041,11,10766.67,0
T0001504,C0044,mid_weekend,2026-01-14 11:20:00.000000000,0.6239600761649794,-0.8748285900568202,0,0,0,0,0.922,11,1934.52,0
T0004457,C0130,high_business,2026-01-14 11:25:00.000000000,0.8787395350701587,-0.5625803672597404,0,0,0,0,1.04,11,10542.09,0
T0004350,C0127,high_business,2026-01-14 11:28:00.000000000,1.140203271096575,0.3573568984372916,0,0,0,1,-0.133,11,14914.92,0
T0002910,C0085,high_business,2026-01-14 11:29:00.000000000,0.7582510312422139,-0.3496070449172255,0,1,0,1,-0.063,11,13295.49,0
T0000237,C0007,high_business,2026-01-14 11:29:00.000000000,0.42016496593060704,-2.2447208391391453,0,0,0,1,-0.108,11,5909.06,0
T0000590,C0016,high_business,2026-01-14 11:33:00.000000000,0.8289110024531051,-0.30816718946203486,0,1,0,0,1.12,11,11866.56,0
T0005151,C0151,high_business,2026-01-14 11:35:00.000000000,0.8420213460568232,-0.8279063589924466,0,1,0,0,0.871,11,11031.79,0
T0001699,C0049,high_business,2026-01-14 11:39:00.000000000,0.7058180282909511,-0.38371870871406033,0,0,0,0,0.929,11,13269.08,0
T0001700,C0049,high_business,2026-01-14 11:44:00.000000000,0.5240858941882864,-0.6388785770779489,0,0,0,1,0.003,11,9369.52,0
T0001803,C0052,high_business,2026-01-14 11:50:00.000000000,0.9320720566287332,-0.15746566045195612,0,0,0,0,0.069,11,12715.02,0
T0004964,C0146,mid_weekend,2026-01-14 11:50:00.000000000,1.4317077355011865,1.5784160688390487,0,1,0,0,0.965,11,3440.64,0
T0005731,C0166,high_business,2026-01-14 11:50:00.000000000,0.6640928331536262,-0.6708345384698217,0,0,0,0,1.151,11,10381.33,0
T0001505,C0044,mid_weekend,2026-01-14 11:53:00.000000000,0.668374518562767,-0.7509041166050647,0,0,0,1,0.023,11,1974.82,0
T0003001,C0088,high_business,2026-01-14 12:14:00.000000000,0.8089174580794624,-1.6446768631871793,0,0,0,0,0.267,12,10502.67,0
T0001244,C0035,mid_weekend,2026-01-14 12:26:00.000000000,0.953419849743976,-0.25066844234925445,0,0,0,0,0.81,12,2148.18,0
T0000620,C0017,mid_weekend,2026-01-14 12:26:00.000000000,0.8600639094273492,-0.22298503502438324,0,0,0,1,-0.131,12,3468.47,0
T0001117,C0031,high_business,2026-01-14 12:27:00.000000000,0.5790867133838241,-0.8874315505150853,0,0,0,0,1.034,12,8680.78,0
T0005772,C0167,mid_weekend,2026-01-14 12:29:00.000000000,1.6226004499576925,2.8018576307872634,0,1,0,0,0.975,12,3208.22,0
T0005390,C0157,high_business,2026-01-14 12:35:00.000000000,1.3657332664681823,1.4678880037200688,0,0,0,0,0.107,12,13703.59,0
T0005861,C0169,high_business,2026-01-14 12:43:00.000000000,0.6735049705168292,-0.5053219106436956,0,0,0,0,0.183,12,10094.79,0
T0003338,C0098,mid_weekend,2026-01-14 12:44:00.000000000,1.0074420655653835,0.01709026615229459,0,0,0,1,-0.012,12,2925.56,0
T0004376,C0128,mid_weekend,2026-01-14 12:45:00.000000000,1.020457123493769,0.03576411828520006,0,1,0,1,-0.14,12,3010.37,0
T0004586,C0134,mid_weekend,2026-01-14 12:56:00.000000000,1.186282967046866,0.7761790293619416,0,1,1,0,0.0,12,2965.71,0
T0005443,C0158,mid_weekend,2026-01-14 12:57:00.000000000,1.2483662647726794,1.0060128762322256,0,0,0,0,1.926,12,3033.92,0
T0000024,C0001,high_business,2026-01-14 12:59:00.000000000,1.6344853545328264,2.370268212633962,0,0,0,0,1.019,12,15265.0,0
T0002909,C0085,high_business,2026-01-14 13:00:00.000000000,0.7562004428360745,-0.33521970445081095,0,0,0,0,1.069,13,13939.2,0
T0003337,C0098,mid_weekend,2026-01-14 13:01:00.000000000,0.8633854567151671,-0.30415997103559966,0,0,0,0,0.749,13,2538.75,0
T0001973,C0058,high_business,2026-01-14 13:11:00.000000000,0.7928687447527709,-1.3105133115423189,0,0,1,0,2.134,13,12541.14,0
T0004377,C0128,mid_weekend,2026-01-14 13:33:00.000000000,0.689483981184367,-0.5966360890783318,0,0,0,2,0.033,13,2040.93,0
T0001041,C0029,mid_weekend,2026-01-14 13:34:00.000000000,1.4619841003509642,1.6695602764167716,0,1,0,0,2.783,13,3024.26,0
T0001998,C0059,mid_weekend,2026-01-14 13:35:00.000000000,0.8597507388166704,-1.8900343076807515,0,1,0,0,0.997,13,2356.73,0
T0003125,C0092,mid_weekend,2026-01-14 13:52:00.000000000,0.9507780662666736,-0.41847323507851697,0,0,0,0,2.794,13,2562.03,0
T0003003,C0088,high_business,2026-01-14 13:53:00.000000000,0.988812198645216,-0.0915387398532019,0,0,0,0,0.158,13,12299.19,0
T0000236,C0007,high_business,2026-01-14 14:04:00.000000000,0.8653884680139154,-0.7928273591842495,0,0,1,0,1.208,14,12742.29,0
T0003893,C0113,mid_weekend,2026-01-14 14:14:00.000000000,0.9496891987808067,-0.7440959893340954,0,0,0,0,0.229,14,2681.22,0
T0005773,C0167,mid_weekend,2026-01-14 14:17:00.000000000,1.1434274193290834,0.506194728031064,0,0,0,0,0.075,14,2542.31,0
T0005559,C0161,mid_weekend,2026-01-14 14:19:00.000000000,1.105123760188451,0.8654329797570656,0,1,0,0,2.135,14,2506.57,0
T0000718,C0020,mid_weekend,2026-01-14 14:27:00.000000000,1.0055124732700687,0.037902966622689674,0,0,0,0,0.781,14,2475.93,0
T0004349,C0127,high_business,2026-01-14 14:40:00.000000000,0.7694970060697495,-0.581547087039468,0,0,0,0,2.174,14,10262.87,0
T0004965,C0146,mid_weekend,2026-01-14 14:57:00.000000000,0.8329994056571994,-0.6006321861545254,0,0,0,0,0.13,14,2097.87,0
T0006136,C0176,mid_weekend,2026-01-14 15:01:00.000000000,0.986671858374844,-0.0903401524519639,0,1,0,0,1.157,15,2480.52,0
T0003663,C0107,mid_weekend,2026-01-14 15:02:00.000000000,1.1030086823550969,0.42920284314623663,0,1,1,0,0.0,15,2757.52,0
T0001975,C0058,high_business,2026-01-14 15:05:00.000000000,1.201784765799146,0.6522354144119035,0,0,0,0,0.193,15,15892.45,0
T0003464,C0101,mid_weekend,2026-01-14 15:14:00.000000000,0.5630662203730429,-3.988392561239548,0,1,0,0,0.642,15,3083.85,0
T0000619,C0017,mid_weekend,2026-01-14 15:35:00.000000000,1.5770702421626102,0.8543348486096393,0,0,0,0,1.081,15,6013.02,0
T0003309,C0097,high_business,2026-01-14 15:42:00.000000000,1.4582365314669465,2.1154480825361808,0,1,1,0,1.081,15,16714.68,0
T0005079,C0149,mid_weekend,2026-01-14 16:01:00.000000000,0.8664539369362572,-0.6630783819198761,0,1,0,1,-0.14,16,2137.4,0
T0004375,C0128,mid_weekend,2026-01-14 16:06:00.000000000,0.5644024987590068,-0.7915032160389213,0,1,0,0,3.906,16,1823.9,0
T0006109,C0175,high_business,2026-01-14 16:43:00.000000000,0.8901809760597269,-0.3302574875217762,0,0,0,0,1.217,16,12197.09,0
T0003227,C0095,mid_weekend,2026-01-14 16:54:00.000000000,0.8063315499615934,-0.8069518751600276,0,1,1,0,0.0,16,2015.83,0
T0000845,C0023,mid_weekend,2026-01-14 17:16:00.000000000,0.9099781482809706,-0.1464256133159577,0,1,1,0,1.136,17,3772.22,0
T0003894,C0113,mid_weekend,2026-01-14 17:32:00.000000000,1.8599562389766195,13.219370702695771,0,1,0,0,0.138,17,5207.11,0
T0001245,C0035,mid_weekend,2026-01-14 17:58:00.000000000,1.2374922533746255,1.3262315918716974,0,0,0,0,0.231,17,2777.41,0
T0000496,C0014,mid_weekend,2026-01-14 18:04:00.000000000,1.3949150810582038,2.272947605072326,0,0,0,0,1.306,18,3279.61,0
T0002611,C0077,mid_weekend,2026-01-14 18:23:00.000000000,0.8845277924769129,-0.4714973657416918,0,0,0,0,1.952,18,2408.63,0
T0002213,C0065,mid_weekend,2026-01-14 18:52:00.000000000,0.6391546190802011,-0.5750817446197842,0,1,0,0,1.0,18,3546.84,0
T0001671,C0048,low_evening_shopper,2026-01-14 19:03:00.000000000,0.5387261306481366,-2.409840195582865,0,1,0,0,3.999,19,506.61,0
T0000423,C0012,low_evening_shopper,2026-01-14 19:08:00.000000000,0.6525244653720992,-0.4005829172445553,0,0,0,0,2.965,19,596.74,0
T0005078,C0149,mid_weekend,2026-01-14 19:23:00.000000000,1.0200221914045453,0.08574450895970022,0,1,0,0,1.378,19,2503.7,0
T0002711,C0080,mid_weekend,2026-01-14 19:25:00.000000000,1.072271461612946,0.42261022025382694,0,1,0,0,1.367,19,2451.89,0
T0005444,C0158,mid_weekend,2026-01-14 19:42:00.000000000,0.863779790390598,-1.2597882939118223,0,0,0,0,0.281,19,2273.05,0
T0004473,C0131,mid_weekend,2026-01-14 19:46:00.000000000,0.65409259991121,-0.9046733354797156,0,0,0,0,1.076,19,2110.74,0
T0002633,C0078,low_evening_shopper,2026-01-14 20:01:00.000000000,0.844303346658502,-0.6054869852169367,0,1,1,0,0.0,20,591.01,0
T0004914,C0144,low_evening_shopper,2026-01-14 20:10:00.000000000,0.5191990752614697,-1.6441929934898398,0,0,0,0,0.994,20,455.68,0
T0001553,C0045,low_evening_shopper,2026-01-14 20:13:00.000000000,0.6056606187504143,-4.375808069948699,0,0,0,0,0.887,20,407.45,0
T0003694,C0108,low_evening_shopper,2026-01-14 20:15:00.000000000,0.8968587201059722,-0.4011049773656636,0,1,1,0,0.0,20,627.8,0
T0002247,C0066,low_evening_shopper,2026-01-14 20:19:00.000000000,1.2011345528640274,0.750648267320471,0,0,0,0,5.011,20,883.41,0
T0005814,C0168,low_evening_shopper,2026-01-14 20:29:00.000000000,0.686889222073469,-0.4276761610324522,0,0,0,0,1.038,20,641.59,0
T0002535,C0075,low_evening_shopper,2026-01-14 20:49:00.000000000,0.970231551818995,-0.11576618737057502,0,1,1,0,0.0,20,679.16,0
T0003589,C0105,low_evening_shopper,2026-01-14 20:54:00.000000000,0.951357164117897,-0.3805904455587865,0,0,0,0,6.09,20,766.59,0
T0005689,C0165,low_evening_shopper,2026-01-14 21:01:00.000000000,0.908413222134114,-0.38012293767071254,0,0,1,0,2.07,21,678.65,0
T0005667,C0164,mid_weekend,2026-01-14 21:03:00.000000000,0.9449613720122693,-0.3116457897060427,0,1,0,0,1.329,21,2390.03,0
T0000285,C0009,low_evening_shopper,2026-01-14 21:15:00.000000000,1.1876768677661798,1.764219527761988,0,0,1,0,3.01,21,759.86,0
T0005348,C0156,low_evening_shopper,2026-01-14 21:18:00.000000000,0.9234324471714739,-0.46779001259224845,0,1,0,0,1.98,21,558.93,0
T0000096,C0003,low_evening_shopper,2026-01-14 21:30:00.000000000,0.9180888830103776,-0.3156517157135656,0,1,0,0,1.019,21,636.83,0
T0002499,C0073,high_business,2026-01-14 21:42:00.000000000,0.7291106370168192,-0.30702988409301163,1,0,0,0,0.548,21,14265.19,0
T0005235,C0153,low_evening_shopper,2026-01-14 21:43:00.000000000,0.948833907691188,-0.2192675427097634,0,1,0,0,6.013,21,628.34,0
T0003277,C0096,low_evening_shopper,2026-01-14 22:06:00.000000000,1.1830380553557598,0.629433076755848,0,0,0,0,3.074,22,732.28,0
T0001085,C0030,low_evening_shopper,2026-01-14 22:30:00.000000000,1.2385890777943638,0.6813167985122441,0,1,1,0,3.068,22,636.65,0
T0001172,C0033,low_evening_shopper,2026-01-14 23:33:00.000000000,2.6917931396214416,3.348881941700516,0,0,0,0,1.087,23,2668.13,0
T0006379,C0130,high_business,2026-01-15 01:42:00.813951723,1.8326622689531036,3.920946821412414,1,1,0,0,0.595,1,21819.51,1
T0005155,C0151,high_business,2026-01-15 06:10:00.000000000,0.7857748827103981,-1.646857974465924,0,0,0,2,-0.213,6,8873.51,0
T0005538,C0160,high_business,2026-01-15 06:11:00.000000000,0.671888301074089,-0.906760645243453,0,1,0,6,-0.185,6,8573.06,0
T0005863,C0169,high_business,2026-01-15 06:19:00.000000000,0.9948935601359509,-0.008272002512541178,0,0,0,1,-0.551,6,14036.02,0
T0005587,C0162,low_evening_shopper,2026-01-15 06:25:00.000000000,1.2585634376299382,0.7013149240451232,1,1,1,0,2.284,6,614.46,0
T0001483,C0043,high_business,2026-01-15 07:41:00.000000000,2.64422325383472,3.0253050508555104,0,0,0,0,0.967,7,39204.7,0
T0004356,C0127,high_business,2026-01-15 08:20:00.000000000,0.8781891823267651,-0.3297930121982086,0,0,0,3,-0.083,8,10929.7,0
T0006228,C0178,high_business,2026-01-15 08:32:00.000000000,0.8032947696252162,-0.8754843930937845,0,0,0,0,1.812,8,8938.15,0
T0003311,C0097,high_business,2026-01-15 08:36:00.000000000,0.8284216368225468,-0.7628962029029361,0,1,0,1,-0.035,8,9998.78,0
T0004948,C0145,high_business,2026-01-15 08:49:00.000000000,0.758791508919073,-0.4003836579482999,0,0,0,2,-0.082,8,11110.52,0
T0001119,C0031,high_business,2026-01-15 08:55:00.000000000,0.7812657365957426,-0.4651508564635628,0,0,0,0,0.94,8,11369.54,0
T0000026,C0001,high_business,2026-01-15 09:07:00.000000000,0.9183848310703533,-0.3203353543109677,0,0,0,1,-0.078,9,9763.18,0
T0000171,C0005,mid_weekend,2026-01-15 09:12:00.000000000,0.7040218740910138,-0.49633904284241065,0,1,0,0,2.019,9,2536.28,0
T0005535,C0160,high_business,2026-01-15 09:18:00.000000000,0.7537898035288406,-1.9455415022661038,0,0,0,3,-0.186,9,8568.81,0
T0005774,C0167,mid_weekend,2026-01-15 09:23:00.000000000,0.7875955624180059,-0.8234140780054581,0,0,0,0,0.796,9,1793.01,0
T0003310,C0097,high_business,2026-01-15 09:26:00.000000000,1.075404509205658,0.31895990247318695,0,1,0,0,0.739,9,12891.41,0
T0002288,C0067,high_business,2026-01-15 09:37:00.000000000,1.38654447973472,1.8554135027266558,0,1,1,0,0.0,9,16638.53,0
T0003879,C0112,high_business,2026-01-15 09:37:00.000000000,0.9739512678383422,-0.06898726813306998,0,0,0,0,2.942,9,13485.37,0
T0005153,C0151,high_business,2026-01-15 09:42:00.000000000,1.001772856540846,0.02452057433832074,0,1,0,0,0.944,9,11962.51,0
T0005624,C0163,high_business,2026-01-15 09:42:00.000000000,0.9167452616892265,-0.2803349779888485,0,0,0,0,1.98,9,9413.63,0
T0004946,C0145,high_business,2026-01-15 09:52:00.000000000,0.674093533477975,-0.5235699545140544,0,0,0,0,1.984,9,10308.28,0
T0006372,C0091,high_business,2026-01-15 09:56:00.271000781,1.2590743409648457,2.4394468212612375,0,0,1,5,0.989,9,15219.93,1
T0000239,C0007,high_business,2026-01-15 10:00:00.000000000,1.0392261188630838,0.09653872890868605,0,0,0,1,-0.101,10,11629.82,0
T0000132,C0004,high_business,2026-01-15 10:02:00.000000000,0.848910127384655,-1.0941170954583666,0,0,0,0,0.956,10,10793.02,0
T0000591,C0016,high_business,2026-01-15 10:02:00.000000000,1.293622747275409,0.5535471905436264,0,0,0,0,0.937,10,18066.67,0
T0000028,C0001,high_business,2026-01-15 10:07:00.000000000,1.3011130164060605,1.3101454554753675,0,0,0,3,-0.173,10,14289.76,0
T0006113,C0175,high_business,2026-01-15 10:08:00.000000000,1.0525622490089959,0.1652828153204378,0,0,0,3,-0.075,10,14303.35,0
T0004458,C0130,high_business,2026-01-15 10:09:00.000000000,0.8109461368045958,-0.890241501617255,0,0,0,0,0.947,10,9655.05,0
T0002912,C0085,high_business,2026-01-15 10:12:00.000000000,0.6592599967017971,-0.5447871020669681,0,0,0,1,-0.232,10,10929.63,0
T0001805,C0052,high_business,2026-01-15 10:13:00.000000000,0.8126227083911205,-0.48423633006602207,0,0,0,1,-0.231,10,11089.83,0
T0003426,C0100,high_business,2026-01-15 10:13:00.000000000,0.30778450088339776,-1.0801252048756025,0,1,0,0,0.974,10,6868.22,0
T0005156,C0151,high_business,2026-01-15 10:14:00.000000000,0.9170450509907012,-0.5590390376193642,0,0,0,2,0.169,10,9986.16,0
T0004355,C0127,high_business,2026-01-15 10:19:00.000000000,0.6075003761576553,-1.0900296414535853,0,0,0,2,-0.127,10,7729.32,0
T0005537,C0160,high_business,2026-01-15 10:38:00.000000000,2.090244831730174,7.469212101374298,0,0,0,4,-0.001,10,22569.7,0
T0005536,C0160,high_business,2026-01-15 10:40:00.000000000,1.0607897999718072,0.373113977881949,0,1,0,3,0.057,10,11316.44,0
T0003312,C0097,high_business,2026-01-15 10:43:00.000000000,0.8859860387679106,-0.5097020713432482,0,1,0,0,0.088,10,10540.66,0
T0004947,C0145,high_business,2026-01-15 10:47:00.000000000,0.8410184111891242,-0.2567545467696807,0,0,0,1,0.038,10,12479.86,0
T0003880,C0112,high_business,2026-01-15 10:49:00.000000000,0.894551004929084,-0.28691301046924594,0,0,0,0,0.05,10,12368.07,0
T0006111,C0175,high_business,2026-01-15 10:50:00.000000000,0.7919000711824735,-0.6413736766168812,0,0,0,1,-0.084,10,10769.24,0
T0003881,C0112,high_business,2026-01-15 10:57:00.000000000,0.8707145906239132,-0.35862623673975946,0,0,0,1,0.006,10,11971.7,0
T0000025,C0001,high_business,2026-01-15 11:00:00.000000000,0.7582799529154368,-0.9723474698076235,0,1,1,0,0.917,11,8579.6,0
T0005533,C0160,high_business,2026-01-15 11:07:00.000000000,1.0067227345263146,0.027740504116081866,0,0,1,1,-0.032,11,10385.28,0
T0004353,C0127,high_business,2026-01-15 11:08:00.000000000,0.9243219363961882,-0.19782306688431597,0,0,0,0,1.031,11,11738.58,0
T0005154,C0151,high_business,2026-01-15 11:17:00.000000000,0.7263077312254417,-4.37269058235278,0,0,0,0,0.066,11,8676.93,0
T0005391,C0157,high_business,2026-01-15 11:18:00.000000000,1.6019205748448981,2.670256789796121,0,0,0,0,0.947,11,18033.0,0
T0005954,C0172,high_business,2026-01-15 11:23:00.000000000,1.6093894517245844,1.9398309451973186,0,1,0,0,1.819,11,12807.67,0
T0002214,C0065,mid_weekend,2026-01-15 11:28:00.000000000,0.49288718435080364,-0.8119494154927661,0,0,0,0,0.692,11,2537.77,0
T0005864,C0169,high_business,2026-01-15 11:32:00.000000000,0.7401842393426568,-0.4434180431181971,0,0,0,1,0.217,11,10437.23,0
T0000922,C0025,high_business,2026-01-15 11:39:00.000000000,0.4705133374407548,-1.1117653627353061,0,0,0,0,1.842,11,6112.08,0
T0000621,C0017,mid_weekend,2026-01-15 11:45:00.000000000,0.4017952535335262,-0.9848101913055587,0,0,0,0,0.972,11,1599.75,0
T0002562,C0076,high_business,2026-01-15 11:46:00.000000000,0.7913120699223417,-1.0017020643727599,0,1,1,0,0.0,11,9495.74,0
T0005625,C0163,high_business,2026-01-15 11:48:00.000000000,1.0299207320060406,0.10541265762317471,0,0,0,0,0.087,11,10477.95,0
T0005532,C0160,high_business,2026-01-15 11:53:00.000000000,0.8596608520281097,-0.6736279102650733,0,1,1,0,0.0,11,10315.93,0
T0006112,C0175,high_business,2026-01-15 11:56:00.000000000,1.1931983107386042,0.5973430371792883,0,0,0,1,0.046,11,16114.04,0
T0001120,C0031,high_business,2026-01-15 12:02:00.000000000,0.745665742166555,-0.546498805427025,0,0,0,0,0.13,12,10719.6,0
T0003882,C0112,high_business,2026-01-15 12:19:00.000000000,0.9248676848639367,-0.21176251090914938,0,0,0,0,0.057,12,12634.06,0
T0000238,C0007,high_business,2026-01-15 12:25:00.000000000,0.6531517837763607,-0.8819197550343679,0,1,0,0,1.039,12,7854.16,0
T0001701,C0049,high_business,2026-01-15 12:28:00.000000000,0.7127205208026226,-0.3773836236753281,0,0,0,0,1.031,12,11875.6,0
T0003545,C0103,high_business,2026-01-15 12:30:00.000000000,0.7361426207663537,-0.726737202850111,0,0,0,0,2.058,12,10796.62,0
T0004357,C0127,high_business,2026-01-15 12:34:00.000000000,1.364771056323127,1.0052723818309792,0,0,0,1,0.176,12,16876.67,0
T0000696,C0019,high_business,2026-01-15 12:41:00.000000000,1.1336020175266268,0.46463695056990645,0,0,0,0,1.921,12,14258.44,0
T0006110,C0175,high_business,2026-01-15 12:51:00.000000000,0.8962580044708351,-0.3158463791358154,0,0,0,0,0.839,12,12232.19,0
T0005732,C0166,high_business,2026-01-15 12:55:00.000000000,1.0392906326221536,0.0782276141689546,0,0,0,0,1.045,12,15856.75,0
T0006331,C0146,mid_weekend,2026-01-15 12:55:00.984813868,2.467219490943778,5.373469104724819,0,1,1,0,0.915,12,6109.8,1
T0003004,C0088,high_business,2026-01-15 12:58:00.000000000,1.0273677870666431,0.24466783846905896,0,0,0,0,0.962,12,12754.93,0
T0004354,C0127,high_business,2026-01-15 13:22:00.000000000,1.1123930309336345,0.3016276597601499,0,0,0,0,0.093,13,14060.2,0
T0001314,C0037,high_business,2026-01-15 13:43:00.000000000,0.5769329296583715,-0.685772004507721,0,0,0,0,2.041,13,10871.76,0
T0005197,C0152,mid_weekend,2026-01-15 13:43:00.000000000,0.7168462565710223,-1.179807264287407,0,1,1,0,0.0,13,1792.12,0
T0005534,C0160,high_business,2026-01-15 13:46:00.000000000,1.294776137865783,1.2204446473421158,0,0,1,0,0.11,13,13401.72,0
T0005905,C0170,mid_weekend,2026-01-15 13:48:00.000000000,1.150514036018863,0.5182289915335074,0,0,0,0,1.925,13,2537.73,0
T0005668,C0164,mid_weekend,2026-01-15 13:51:00.000000000,0.5530553736829643,-2.7715181788100964,0,0,0,0,0.7,13,1383.41,0
T0000622,C0017,mid_weekend,2026-01-15 13:51:00.000000000,1.8853611477102843,1.3913376569176843,0,0,0,0,0.087,13,7132.36,0
T0000027,C0001,high_business,2026-01-15 14:16:00.000000000,1.30146962580381,1.2881714573147205,0,0,0,0,0.215,14,13609.85,0
T0003029,C0089,mid_weekend,2026-01-15 14:27:00.000000000,1.0552292287611535,0.2018812927835792,0,0,0,1,-0.003,14,2844.42,0
T0002810,C0083,mid_weekend,2026-01-15 14:30:00.000000000,1.3044958506020548,1.1228201595764873,0,1,0,0,1.74,14,2886.18,0
T0003028,C0089,mid_weekend,2026-01-15 14:32:00.000000000,0.6218586842797317,-1.6688993649122743,0,1,0,0,1.912,14,1813.39,0
T0003895,C0113,mid_weekend,2026-01-15 14:39:00.000000000,0.38954995417229815,-2.233519500951822,0,0,0,0,0.88,14,1224.56,0
T0004192,C0122,mid_weekend,2026-01-15 14:45:00.000000000,1.1528560464709046,0.3105162124923923,0,0,0,0,2.322,14,3148.58,0
T0003465,C0101,mid_weekend,2026-01-15 14:51:00.000000000,0.42983373041657125,-1.888664209345137,0,0,0,0,0.984,14,2011.28,0
T0004650,C0136,high_business,2026-01-15 15:08:00.000000000,3.5489156494651932,11.60945845940359,0,0,0,0,1.181,15,41385.81,0
T0001843,C0053,mid_weekend,2026-01-15 15:12:00.000000000,1.0310047209674358,0.1988661432486055,0,0,0,0,3.8,15,2680.14,0
T0004378,C0128,mid_weekend,2026-01-15 15:12:00.000000000,0.7200172269177039,-0.5416935972697868,0,0,0,0,1.069,15,2036.77,0
T0001976,C0058,high_business,2026-01-15 15:14:00.000000000,0.7239695979399153,-0.9962744172149746,0,1,1,0,1.006,15,9960.17,0
T0001042,C0029,mid_weekend,2026-01-15 15:15:00.000000000,0.9764616049582068,-0.08411366993127435,0,0,0,0,1.07,15,2253.2,0
T0004762,C0140,mid_weekend,2026-01-15 15:17:00.000000000,4.400258962925853,23.52512001364951,0,0,0,0,1.931,15,10559.48,0
T0004869,C0143,mid_weekend,2026-01-15 15:18:00.000000000,0.41037003548888956,-2.7527435233905964,0,1,0,0,1.903,15,1116.37,0
T0006276,C0179,mid_weekend,2026-01-15 15:19:00.000000000,0.7861987459959351,-0.8908385583502707,0,1,1,0,0.0,15,1965.5,0
T0004253,C0124,high_business,2026-01-15 15:25:00.000000000,1.1683267944085258,0.4374251457011279,0,0,0,0,1.224,15,12852.56,0
T0003005,C0088,high_business,2026-01-15 15:37:00.000000000,1.3909847096183727,3.7741218557681004,0,0,0,0,0.11,15,17336.81,0
T0001804,C0052,high_business,2026-01-15 15:45:00.000000000,1.0799506333320796,0.19482641664650732,0,0,0,0,1.163,15,14621.14,0
T0002911,C0085,high_business,2026-01-15 15:46:00.000000000,0.896301106700538,-0.15607761227125175,0,0,0,0,1.178,15,15082.89,0
T0003228,C0095,mid_weekend,2026-01-15 15:47:00.000000000,1.214318126194807,0.7200477786646797,0,1,0,0,0.953,15,2447.86,0
T0006277,C0179,mid_weekend,2026-01-15 16:21:00.000000000,1.1326981374469252,0.43469628856987014,0,1,1,0,0.043,16,2226.31,0
T0003774,C0110,mid_weekend,2026-01-15 16:24:00.000000000,1.1262416573058833,0.5260069054411808,0,1,1,0,0.0,16,2815.6,0
T0003126,C0092,mid_weekend,2026-01-15 16:29:00.000000000,0.3957290993005353,-5.734931424533416,0,0,0,0,1.109,16,1053.24,0
T0004029,C0116,mid_weekend,2026-01-15 17:08:00.000000000,0.8703010231956825,-0.5404124033513229,0,1,1,0,0.0,17,2175.75,0
T0004587,C0134,mid_weekend,2026-01-15 17:14:00.000000000,0.7877585039591415,-1.0490769652242307,0,1,0,0,1.179,17,2336.26,0
T0004666,C0137,mid_weekend,2026-01-15 17:20:00.000000000,1.0727415891606928,0.3030899548362201,0,1,1,0,0.0,17,2681.85,0
T0003030,C0089,mid_weekend,2026-01-15 17:37:00.000000000,0.7130849253160867,-1.1555278121218238,0,0,0,0,0.132,17,1939.85,0
T0000846,C0023,mid_weekend,2026-01-15 17:43:00.000000000,1.9513419492338322,1.741921736191349,0,0,0,0,1.019,17,7907.04,0
T0004808,C0141,low_evening_shopper,2026-01-15 18:13:00.000000000,0.9067928879233015,-0.3913918891861095,0,0,0,0,7.944,18,685.4,0
T0003896,C0113,mid_weekend,2026-01-15 18:24:00.000000000,0.7422421207380411,-0.7308684412323255,0,0,0,0,0.156,18,2155.21,0
T0003278,C0096,low_evening_shopper,2026-01-15 19:07:00.000000000,0.783172998056513,-0.7493655775363727,0,1,0,0,0.876,19,514.35,0
T0004949,C0145,high_business,2026-01-15 19:08:00.000000000,0.8760598410627102,-0.20887271221052817,1,0,0,0,0.43,19,12589.6,0
T0005114,C0150,low_evening_shopper,2026-01-15 19:25:00.000000000,0.7730237315358751,-0.3564952904073718,0,0,0,0,2.945,19,655.38,0
T0000661,C0018,low_evening_shopper,2026-01-15 19:30:00.000000000,0.7358102778699227,-1.153108818067273,0,0,0,0,2.027,19,578.09,0
T0001554,C0045,low_evening_shopper,2026-01-15 19:30:00.000000000,1.3906543155810183,2.031443861524268,0,0,0,0,0.97,19,861.76,0
T0005862,C0169,high_business,2026-01-15 19:32:00.000000000,0.8318092360971509,-0.2627669293001889,1,0,0,0,1.284,19,11958.7,0
T0005236,C0153,low_evening_shopper,2026-01-15 19:39:00.000000000,1.0276444837368088,0.1342407511338826,0,1,0,0,0.914,19,671.83,0
T0000769,C0021,low_evening_shopper,2026-01-15 19:50:00.000000000,0.7913913353271101,-1.3173780137142546,0,1,0,0,3.011,19,673.01,0
T0003155,C0093,low_evening_shopper,2026-01-15 19:53:00.000000000,1.1574287645695278,1.15118511789306,0,1,0,0,3.992,19,802.82,0
T0005115,C0150,low_evening_shopper,2026-01-15 19:53:00.000000000,1.900398239271241,1.457409012033865,0,0,0,1,0.019,19,1565.47,0
T0004608,C0135,low_evening_shopper,2026-01-15 19:55:00.000000000,0.8322837118581146,-0.6699192097815316,0,0,0,0,2.935,19,598.4,0
T0000531,C0015,low_evening_shopper,2026-01-15 20:29:00.000000000,1.387956474568663,1.5087196233225781,0,1,1,0,0.0,20,971.57,0
T0001999,C0059,mid_weekend,2026-01-15 20:31:00.000000000,0.7594658599073661,-2.6250197431117486,0,0,0,0,1.289,20,2008.84,0
T0001424,C0042,low_evening_shopper,2026-01-15 20:38:00.000000000,0.30651378151230785,-7.689095703814562,0,1,0,0,2.979,20,611.73,0
T0001672,C0048,low_evening_shopper,2026-01-15 20:49:00.000000000,0.721078556013068,-0.9459709388607439,0,1,0,0,1.074,20,573.82,0
T0002969,C0087,low_evening_shopper,2026-01-15 20:54:00.000000000,0.7147272954251278,-2.1914247195823187,0,1,0,0,2.65,20,988.28,0
T0002248,C0066,low_evening_shopper,2026-01-15 21:08:00.000000000,3.575743510018835,10.598576145959749,0,0,0,0,1.034,21,2735.67,0
T0001246,C0035,mid_weekend,2026-01-15 21:30:00.000000000,1.0916087065826805,0.5088560198807601,0,0,0,0,1.147,21,2494.75,0
T0001555,C0045,low_evening_shopper,2026-01-15 21:33:00.000000000,0.9117781820673027,-0.41201514255374405,0,1,0,0,0.085,21,601.8,0
T0001173,C0033,low_evening_shopper,2026-01-15 21:41:00.000000000,0.5337082067537388,-0.7652428859123912,0,0,0,0,0.922,21,678.18,0
T0005815,C0168,low_evening_shopper,2026-01-15 21:47:00.000000000,1.1038644258409858,0.14510329127828234,0,0,0,0,1.054,21,977.26,0
T0001357,C0039,low_evening_shopper,2026-01-15 22:03:00.000000000,1.4586103951909068,1.7834848701868597,0,1,1,0,0.0,22,1021.03,0
T0004915,C0144,low_evening_shopper,2026-01-15 22:07:00.000000000,0.6639389730427521,-0.9356140402829388,0,0,0,0,1.081,22,526.68,0
T0000286,C0009,low_evening_shopper,2026-01-15 22:15:00.000000000,1.2076695863693276,1.7697709879270676,0,1,0,0,1.042,22,808.9,0
T0002249,C0066,low_evening_shopper,2026-01-15 22:18:00.000000000,0.7009804516575363,-0.4337946357474292,0,0,0,0,0.049,22,766.52,0
T0004966,C0146,mid_weekend,2026-01-15 22:25:00.000000000,1.0434682533496704,0.15919585133106506,0,0,0,0,1.311,22,2584.04,0
T0004399,C0129,low_evening_shopper,2026-01-15 22:31:00.000000000,0.5629439331883356,-1.0726805721620551,0,0,0,0,3.03,22,503.97,0
T0000719,C0020,mid_weekend,2026-01-15 22:37:00.000000000,1.0915270041357736,0.6636862845697307,0,0,0,0,1.34,22,2689.21,0
T0002536,C0075,low_evening_shopper,2026-01-15 23:10:00.000000000,0.8597773880838141,-0.5290771202871535,0,1,1,0,1.098,23,583.93,0
T0001121,C0031,high_business,2026-01-16 02:49:00.000000000,0.6191390106140282,-0.8230986218064458,1,0,0,0,0.616,2,8781.52,0
T0003229,C0095,mid_weekend,2026-01-16 03:49:00.000000000,0.7762969864517494,-0.8321167525156739,1,1,0,0,0.501,3,1732.57,0
T0002289,C0067,high_business,2026-01-16 06:24:00.000000000,1.1956817079156614,1.3023426810985068,0,0,0,0,0.866,6,19894.39,0
T0003740,C0109,high_business,2026-01-16 07:17:00.000000000,0.7021742874545471,-0.5380535613419476,0,0,0,7,-0.183,7,11750.97,0
T0002000,C0059,mid_weekend,2026-01-16 07:21:00.000000000,4.089581971220926,23.26909838443721,0,0,0,0,0.451,7,10296.84,0
T0001487,C0043,high_business,2026-01-16 07:25:00.000000000,0.6530514969930254,-0.5484057501279778,0,0,0,3,-0.177,7,11206.19,0
T0001605,C0046,high_business,2026-01-16 07:35:00.000000000,0.9765861020445527,-0.11073693081885169,0,1,0,0,2.882,7,12300.46,0
T0003546,C0103,high_business,2026-01-16 07:52:00.000000000,1.2039724624038222,0.5615750723652941,0,0,0,0,0.807,7,17299.64,0
T0003735,C0109,high_business,2026-01-16 08:33:00.000000000,0.9539533293584662,-0.07937240451045682,0,0,0,2,-0.092,8,14003.32,0
T0001028,C0028,high_business,2026-01-16 08:42:00.000000000,0.9274991410001077,-0.20136744030782905,0,0,0,1,-0.113,8,11850.24,0
T0004952,C0145,high_business,2026-01-16 08:46:00.000000000,0.9102892005691232,-0.1603553727846483,0,0,0,2,-0.268,8,13606.95,0
T0002291,C0067,high_business,2026-01-16 08:55:00.000000000,0.6220763305058122,-1.8085717148082217,0,1,1,1,-0.121,8,10005.29,0
T0005868,C0169,high_business,2026-01-16 09:01:00.000000000,0.764010939403634,-0.458848905105034,0,0,0,3,-0.123,9,10510.58,0
T0004095,C0118,high_business,2026-01-16 09:09:00.000000000,0.763447196486406,-0.3033104506097714,0,0,0,0,2.017,9,11507.42,0
T0004561,C0133,high_business,2026-01-16 09:14:00.000000000,0.9787064011470905,-0.1022092744939655,0,1,1,0,0.0,9,11744.48,0
T0003985,C0115,high_business,2026-01-16 09:15:00.000000000,0.6966569018512394,-1.4560468711140508,0,1,1,0,0.0,9,8359.88,0
T0001978,C0058,high_business,2026-01-16 09:19:00.000000000,0.8043836017641813,-0.5357510163313465,0,0,0,1,-0.003,9,9676.38,0
T0001977,C0058,high_business,2026-01-16 09:23:00.000000000,0.4158635565710477,-2.040941204381131,0,0,0,0,0.756,9,5458.13,0
T0003006,C0088,high_business,2026-01-16 09:25:00.000000000,0.7702409950204754,-1.4913727174168485,0,1,0,0,0.742,9,10069.23,0
T0004562,C0133,high_business,2026-01-16 09:26:00.000000000,1.1647459454951068,0.7739419748116357,0,1,1,1,0.008,9,13679.33,0
T0001029,C0028,high_business,2026-01-16 09:41:00.000000000,1.4465692387415594,1.2817722377716836,0,0,0,2,0.041,9,18379.08,0
T0000135,C0004,high_business,2026-01-16 09:48:00.000000000,0.8600613501906589,-1.0670248202397274,0,0,0,2,-0.129,9,10748.14,0
T0002188,C0064,high_business,2026-01-16 09:54:00.000000000,0.9722992119283986,-0.04488447161897518,0,0,0,0,2.055,9,16311.87,0
T0005733,C0166,high_business,2026-01-16 10:04:00.000000000,0.33683339185012773,-1.3700071923443389,0,0,0,0,0.881,10,5152.62,0
T0004096,C0118,high_business,2026-01-16 10:04:00.000000000,1.0277203307889855,0.03619362595487695,0,1,0,1,0.038,10,15208.92,0
T0003741,C0109,high_business,2026-01-16 10:14:00.000000000,0.7619875371966922,-0.4322871130163483,0,0,0,6,0.123,10,12480.68,0
T0000240,C0007,high_business,2026-01-16 10:17:00.000000000,0.6390008173940259,-0.9788498704774031,0,0,0,0,1.012,10,7197.71,0
T0004193,C0122,mid_weekend,2026-01-16 10:17:00.000000000,0.9861459675765382,-0.03019633508101548,0,0,0,0,0.814,10,2739.01,0
T0002079,C0061,high_business,2026-01-16 10:18:00.000000000,1.2277214873247053,1.1287483414247865,0,0,0,1,-0.025,10,15081.07,0
T0005866,C0169,high_business,2026-01-16 10:25:00.000000000,1.0457502576212487,0.0832811801983826,0,0,0,1,-0.094,10,14498.3,0
T0002913,C0085,high_business,2026-01-16 10:27:00.000000000,0.7008894165270121,-0.4806380386582073,0,0,0,0,1.01,10,11124.87,0
T0000592,C0016,high_business,2026-01-16 10:40:00.000000000,0.8733090549233661,-0.2597759766551871,0,0,0,0,1.026,10,12644.24,0
T0004097,C0118,high_business,2026-01-16 10:40:00.000000000,0.8967560368063577,-0.14016172700969828,0,0,0,1,0.025,10,13297.1,0
T0003734,C0109,high_business,2026-01-16 10:46:00.000000000,0.5594625791080513,-0.7797658524646518,0,0,0,1,-0.196,10,8691.08,0
T0000136,C0004,high_business,2026-01-16 10:51:00.000000000,1.094415568044528,0.7117129849009758,0,0,0,2,0.044,10,13549.25,0
T0002078,C0061,high_business,2026-01-16 10:54:00.000000000,0.8310976799186126,-0.8369025499883255,0,0,0,0,2.029,10,10325.29,0
T0003313,C0097,high_business,2026-01-16 10:56:00.000000000,1.0267442257266892,0.12213693062021846,0,0,0,0,1.009,10,12108.14,0
T0003549,C0103,high_business,2026-01-16 11:01:00.000000000,0.7965770789592521,-0.4570931038355996,0,0,0,2,-0.006,11,12603.32,0
T0004285,C0125,mid_weekend,2026-01-16 11:04:00.000000000,1.151696123081734,0.632067179507225,0,1,1,0,0.0,11,2879.24,0
T0003738,C0109,high_business,2026-01-16 11:06:00.000000000,0.7922714862768462,-0.3486092635593099,0,0,0,4,-0.117,11,13192.9,0
T0004194,C0122,mid_weekend,2026-01-16 11:08:00.000000000,0.5455437919639382,-1.0426221158418316,0,0,0,1,0.035,11,1513.15,0
T0003548,C0103,high_business,2026-01-16 11:09:00.000000000,0.82322829675809,-0.3907422317204364,0,0,0,1,-0.11,11,13170.5,0
T0005159,C0151,high_business,2026-01-16 11:14:00.000000000,0.7134302575000067,-1.7180698390112772,0,0,0,2,-0.099,11,8122.77,0
T0001485,C0043,high_business,2026-01-16 11:23:00.000000000,2.626828715242972,2.7294512914334383,0,0,0,1,-0.003,11,42160.08,0
T0001027,C0028,high_business,2026-01-16 11:24:00.000000000,0.7361831384228239,-0.7332045027565839,0,1,0,0,2.178,11,9617.31,0
T0001484,C0043,high_business,2026-01-16 11:28:00.000000000,0.6876807960262996,-0.5220038003563251,0,0,0,0,1.158,11,11243.71,0
T0001486,C0043,high_business,2026-01-16 11:40:00.000000000,0.6301685411199892,-0.5854906500739268,0,0,0,2,0.012,11,11028.18,0
T0001030,C0028,high_business,2026-01-16 11:40:00.000000000,0.702499665584125,-0.8650543046092398,0,0,0,1,0.083,11,9210.17,0
T0003739,C0109,high_business,2026-01-16 11:41:00.000000000,1.2950432680653392,0.5056510973102335,0,0,0,5,0.024,11,21191.74,0
T0002563,C0076,high_business,2026-01-16 11:45:00.000000000,1.0579480729124422,0.22010404571690598,0,1,1,0,0.999,11,10046.0,0
T0003736,C0109,high_business,2026-01-16 11:47:00.000000000,0.9398114167495948,-0.10944150386860128,0,0,0,1,0.135,11,13725.14,0
T0002290,C0067,high_business,2026-01-16 11:49:00.000000000,0.6415145374092232,-2.6193044475005225,0,1,0,0,0.226,11,11718.2,0
T0003986,C0115,high_business,2026-01-16 11:50:00.000000000,1.342452817097474,1.1451461692289064,0,0,1,0,0.108,11,11222.75,0
T0005393,C0157,high_business,2026-01-16 11:52:00.000000000,0.8766461521616312,-0.49096505606965496,0,0,0,1,-0.047,11,11497.38,0
T0000241,C0007,high_business,2026-01-16 11:54:00.000000000,1.1630924449835822,0.4248785723590485,0,0,0,0,0.067,11,12425.44,0
T0005867,C0169,high_business,2026-01-16 11:58:00.000000000,0.84332850410875,-0.29780655784087595,0,1,0,1,0.065,11,11733.07,0
T0000133,C0004,high_business,2026-01-16 12:08:00.000000000,0.9800099076015562,-0.1423594126370381,0,0,0,0,1.087,12,12302.94,0
T0001247,C0035,mid_weekend,2026-01-16 12:12:00.000000000,1.2682157177020008,1.5420119966460575,0,0,0,0,0.613,12,2917.33,0
T0004950,C0145,high_business,2026-01-16 12:19:00.000000000,1.928337261396908,1.6066832723900173,0,0,0,0,0.716,12,27466.25,0
T0005560,C0161,mid_weekend,2026-01-16 12:23:00.000000000,0.770070345213519,-1.989381735232882,0,0,0,0,1.919,12,1777.23,0
T0006445,C0037,high_business,2026-01-16 12:37:00.841965536,1.5939941566578788,0.9499016140427767,0,0,1,8,0.954,12,28766.55,1
T0005865,C0169,high_business,2026-01-16 12:40:00.000000000,1.0838601003660528,0.14526852170117374,0,0,0,0,1.047,12,14922.37,0
T0004379,C0128,mid_weekend,2026-01-16 12:41:00.000000000,0.9144202589506273,-0.1677627228596295,0,0,0,0,0.895,12,2496.16,0
T0003664,C0107,mid_weekend,2026-01-16 12:42:00.000000000,0.7937296690579423,-0.9479915247556202,0,1,1,0,1.903,12,2188.73,0
T0003339,C0098,mid_weekend,2026-01-16 12:43:00.000000000,2.4792971316274652,3.5503322585904757,0,0,0,0,1.999,12,7204.2,0
T0005157,C0151,high_business,2026-01-16 12:46:00.000000000,1.389253320244105,2.739324415212682,0,1,1,0,1.106,12,14948.99,0
T0003119,C0091,high_business,2026-01-16 12:47:00.000000000,1.45999634232567,3.927657861357297,0,0,0,0,2.163,12,17269.54,0
T0000134,C0004,high_business,2026-01-16 12:54:00.000000000,0.9579474932477969,-0.3109837844593545,0,0,0,1,0.032,12,12007.48,0
T0004953,C0145,high_business,2026-01-16 12:57:00.000000000,0.7972606586457909,-0.37129166411074227,0,0,0,2,0.174,12,11854.51,0
T0005392,C0157,high_business,2026-01-16 12:59:00.000000000,1.0633577100008038,0.22384063387784298,0,1,0,0,1.07,12,13771.63,0
T0001488,C0043,high_business,2026-01-16 13:31:00.000000000,0.7775623257057043,-0.35183779460147396,0,0,0,0,0.254,13,13111.3,0
T0005670,C0164,mid_weekend,2026-01-16 13:32:00.000000000,1.3246076865993066,1.4470068665406646,0,0,0,1,-0.276,13,3047.14,0
T0005158,C0151,high_business,2026-01-16 13:37:00.000000000,1.0809525948935506,0.4587707817535292,0,0,0,1,0.035,13,12197.49,0
T0003742,C0109,high_business,2026-01-16 13:38:00.000000000,0.5893496955414186,-0.7550772543918736,0,0,1,1,0.142,13,9499.85,0
T0005052,C0148,high_business,2026-01-16 13:43:00.000000000,1.1226195584097332,0.18831901229242465,0,0,0,0,3.117,13,14658.79,0
T0003547,C0103,high_business,2026-01-16 13:47:00.000000000,2.461555595067653,4.189754071547748,0,0,0,0,0.247,13,35884.92,0
T0003427,C0100,high_business,2026-01-16 13:54:00.000000000,0.5403624254935959,-0.6462893693938548,0,0,0,0,1.153,13,10865.79,0
T0003737,C0109,high_business,2026-01-16 13:54:00.000000000,2.618409923255327,3.0814379216080385,0,0,0,1,0.088,13,38009.47,0
T0001316,C0037,high_business,2026-01-16 13:59:00.000000000,0.6312518925164953,-0.6188061035231125,0,0,0,1,-0.005,13,11398.23,0
T0002501,C0073,high_business,2026-01-16 14:02:00.000000000,0.4415916156259182,-0.6438092591956983,0,0,0,0,2.293,14,7809.94,0
T0000497,C0014,mid_weekend,2026-01-16 14:02:00.000000000,0.9803211291976119,-0.10216328771786436,0,0,0,0,1.832,14,2380.7,0
T0001315,C0037,high_business,2026-01-16 14:06:00.000000000,1.0059211334080502,0.009468939700779944,0,1,0,0,1.016,14,18153.69,0
T0005539,C0160,high_business,2026-01-16 14:10:00.000000000,1.4675164670772758,1.2582766303438446,0,1,0,0,1.333,14,17847.29,0
T0004870,C0143,mid_weekend,2026-01-16 14:16:00.000000000,0.9992202570494876,-0.002263517506822008,0,1,0,0,0.957,14,2397.72,0
T0000923,C0025,high_business,2026-01-16 14:47:00.000000000,1.4551983378686215,0.9047042444375297,0,0,0,0,1.131,14,17993.44,0
T0003897,C0113,mid_weekend,2026-01-16 14:59:00.000000000,1.0212879533771542,0.0604223470849692,0,0,0,0,0.858,14,2880.53,0
T0004951,C0145,high_business,2026-01-16 15:12:00.000000000,0.8126912413424188,-0.3291257701226996,0,0,0,0,0.12,15,12291.96,0
T0003733,C0109,high_business,2026-01-16 15:28:00.000000000,3.0577140873721094,15.087967517139754,0,0,0,0,2.185,15,36709.55,0
T0002215,C0065,mid_weekend,2026-01-16 15:32:00.000000000,0.5892638629465413,-0.626022485766298,0,1,0,0,1.169,15,2777.57,0
T0005906,C0170,mid_weekend,2026-01-16 15:42:00.000000000,1.0517904246820549,0.2000639030500835,0,0,0,0,1.079,15,2389.81,0
T0000720,C0020,mid_weekend,2026-01-16 15:55:00.000000000,1.084417073825849,0.6347652115554362,0,0,0,0,0.721,15,2693.92,0
T0004474,C0131,mid_weekend,2026-01-16 15:56:00.000000000,0.7912465009790416,-0.5350596528740272,0,0,0,0,1.84,15,2473.04,0
T0005080,C0149,mid_weekend,2026-01-16 15:59:00.000000000,1.0199835230164263,0.10351470802681505,0,1,0,0,1.999,15,2448.93,0
T0003466,C0101,mid_weekend,2026-01-16 16:04:00.000000000,0.5632414512752574,-1.0414626742881028,0,0,0,0,1.051,16,2259.85,0
T0004667,C0137,mid_weekend,2026-01-16 16:11:00.000000000,0.9042092211367277,-0.4281614681030298,0,0,0,0,0.952,16,2424.96,0
T0002440,C0071,mid_weekend,2026-01-16 16:22:00.000000000,1.3400122341257934,1.4167176421908054,0,1,1,0,0.0,16,3350.03,0
T0004651,C0136,high_business,2026-01-16 16:31:00.000000000,0.6374846450960383,-0.6327657266168998,0,0,0,0,1.058,16,8697.3,0
T0000498,C0014,mid_weekend,2026-01-16 16:56:00.000000000,1.0149115502123185,0.08042042197181808,0,0,0,0,0.121,16,2460.97,0
T0002811,C0083,mid_weekend,2026-01-16 17:37:00.000000000,1.035088541590953,0.14908710280922227,0,1,1,0,1.13,17,2638.78,0
T0001921,C0056,mid_weekend,2026-01-16 18:00:00.000000000,1.0137155269569214,0.039496409082651465,0,0,0,0,5.138,18,2962.07,0
T0005816,C0168,low_evening_shopper,2026-01-16 18:08:00.000000000,0.6837395566786707,-0.48358538480997215,0,0,0,0,0.848,18,614.3,0
T0006175,C0177,low_evening_shopper,2026-01-16 18:08:00.000000000,0.906066094992151,-0.36529851947496844,0,1,1,0,0.0,18,634.25,0
T0003156,C0093,low_evening_shopper,2026-01-16 18:23:00.000000000,0.8403985515929839,-1.187412872245302,0,1,0,0,0.938,18,598.21,0
T0002250,C0066,low_evening_shopper,2026-01-16 18:28:00.000000000,0.8880014521687468,-0.16578693729122543,0,0,0,0,0.84,18,929.55,0
T0002941,C0086,mid_weekend,2026-01-16 18:31:00.000000000,0.8779931499175515,-0.5083618753435356,0,1,1,0,0.0,18,2194.98,0
T0000721,C0020,mid_weekend,2026-01-16 18:35:00.000000000,0.615039598862871,-2.994788474020519,0,0,0,0,0.111,18,1538.64,0
T0001844,C0053,mid_weekend,2026-01-16 18:48:00.000000000,1.1098195309331524,0.7730633161048448,0,0,0,0,1.15,18,2899.93,0
T0000532,C0015,low_evening_shopper,2026-01-16 18:49:00.000000000,0.43471183131915914,-3.051204231124138,0,1,1,0,0.931,18,422.35,0
T0001556,C0045,low_evening_shopper,2026-01-16 19:07:00.000000000,1.049072209499396,0.24150979648608256,0,0,0,0,0.899,19,683.69,0
T0003590,C0105,low_evening_shopper,2026-01-16 19:15:00.000000000,1.1372988019799135,1.2037520550074312,0,0,0,0,1.931,19,905.28,0
T0004916,C0144,low_evening_shopper,2026-01-16 19:26:00.000000000,0.5976259064553956,-1.0821662931543743,0,0,0,0,0.888,19,447.52,0
T0001358,C0039,low_evening_shopper,2026-01-16 19:28:00.000000000,0.612455246265176,-2.198298691552889,0,1,1,0,0.892,19,625.33,0
T0004459,C0130,high_business,2026-01-16 19:30:00.000000000,1.1692702063065874,0.7941748259366604,1,1,0,0,1.39,19,13766.41,0
T0000662,C0018,low_evening_shopper,2026-01-16 19:33:00.000000000,0.9017852426390833,-0.7132643609754963,0,1,1,0,1.002,19,646.09,0
T0003941,C0114,low_evening_shopper,2026-01-16 19:48:00.000000000,1.0088817737722333,0.03454023133646286,0,1,1,0,0.0,19,706.22,0
T0003695,C0108,low_evening_shopper,2026-01-16 19:57:00.000000000,5.930322624165547,17.195899927183564,0,1,1,0,1.988,19,3723.06,0
T0004871,C0143,mid_weekend,2026-01-16 20:03:00.000000000,1.0003819098797135,0.0012143036162788582,0,0,0,0,0.241,20,2400.2,0
T0005669,C0164,mid_weekend,2026-01-16 20:10:00.000000000,0.9557106676381308,-0.1843937758220731,0,0,0,0,1.263,20,2212.53,0
T0004809,C0141,low_evening_shopper,2026-01-16 20:18:00.000000000,0.8150772417051936,-1.4733628875302782,0,0,0,0,1.087,20,596.93,0
T0004053,C0117,low_evening_shopper,2026-01-16 20:45:00.000000000,0.9603666540843141,-0.17902321499947332,0,1,0,0,5.036,20,713.08,0
T0004400,C0129,low_evening_shopper,2026-01-16 20:52:00.000000000,0.8522017893361364,-0.33748117478437983,0,0,0,0,0.931,20,707.35,0
T0000770,C0021,low_evening_shopper,2026-01-16 21:30:00.000000000,0.7582853793344109,-1.4319261242878665,0,0,0,0,1.069,21,625.64,0
T0004967,C0146,mid_weekend,2026-01-16 22:20:00.000000000,0.47666984362208487,-2.0157874800247457,0,1,0,0,0.997,22,1185.09,0
T0003157,C0093,low_evening_shopper,2026-01-16 22:20:00.000000000,0.7806269732937541,-1.5716550892300893,0,0,0,0,0.165,22,543.0,0
T0005817,C0168,low_evening_shopper,2026-01-16 22:25:00.000000000,0.8485627480076928,-0.2343597493696116,0,1,0,0,0.178,22,732.25,0
T0000029,C0001,high_business,2026-01-16 22:35:00.000000000,1.1650032485506825,0.7248119234077822,1,1,0,0,1.519,22,13345.29,0
T0002634,C0078,low_evening_shopper,2026-01-16 23:27:00.000000000,2.55195045951311,5.095677093169906,0,1,0,0,2.143,23,1508.23,0
T0005671,C0164,mid_weekend,2026-01-16 23:47:00.000000000,1.0927133912411873,0.4092993417537438,0,0,0,0,0.427,23,2615.69,0
T0001704,C0049,high_business,2026-01-17 00:31:00.000000000,1.1152678573706356,0.15904808584078167,1,0,0,2,-0.361,0,16785.92,0
T0006438,C0004,high_business,2026-01-17 02:32:00.773575379,2.315097931449168,9.273054163378772,1,1,0,0,0.697,2,28741.93,1
T0002292,C0067,high_business,2026-01-17 07:02:00.000000000,0.8339189423318677,-0.616387302131671,0,0,0,0,0.922,7,12145.28,0
T0000595,C0016,high_business,2026-01-17 07:10:00.000000000,0.9192523076278858,-0.17875508798203907,0,0,0,2,-0.123,7,12601.05,0
T0000242,C0007,high_business,2026-01-17 07:24:00.000000000,1.3810164104576825,1.0707543773650083,0,0,0,0,0.812,7,15054.32,0
T0003430,C0100,high_business,2026-01-17 07:37:00.000000000,0.8403628290758061,-0.2100686214174693,0,0,0,2,-0.258,7,14273.47,0
T0003987,C0115,high_business,2026-01-17 07:45:00.000000000,0.8858228421074106,-0.447177831869301,0,1,0,0,0.83,7,8673.37,0
T0003431,C0100,high_business,2026-01-17 08:13:00.000000000,0.7790480570328842,-0.2999183748165393,0,0,0,3,0.025,8,13040.01,0
T0005053,C0148,high_business,2026-01-17 08:25:00.000000000,0.8527768535235334,-0.23358229075567288,0,0,0,0,0.779,8,11207.14,0
T0006229,C0178,high_business,2026-01-17 08:28:00.000000000,1.4571953016659414,3.4887457658303913,0,0,1,0,1.997,8,15150.88,0
T0005082,C0149,mid_weekend,2026-01-17 08:30:00.000000000,0.7747406140331872,-0.42075825217564067,0,0,0,1,-0.347,8,2369.01,0
T0001702,C0049,high_business,2026-01-17 09:09:00.000000000,0.6143246709513644,-0.5175855834970908,0,0,1,0,1.862,9,9868.52,0
T0002400,C0070,high_business,2026-01-17 09:09:00.000000000,0.9181283827915246,-0.811748153482799,0,1,0,4,-0.062,9,10380.19,0
T0002396,C0070,high_business,2026-01-17 09:09:00.000000000,0.993799454247826,-0.029762619610434922,0,1,1,0,0.0,9,11925.59,0
T0001318,C0037,high_business,2026-01-17 09:10:00.000000000,2.037753304319159,1.7381198094136523,0,0,0,1,-0.094,9,34735.81,0
T0001703,C0049,high_business,2026-01-17 09:11:00.000000000,0.7888822311378371,-0.2834463012259761,0,0,0,1,0.001,9,12129.56,0
T0003314,C0097,high_business,2026-01-17 09:23:00.000000000,1.0758564922932845,0.35999764435971887,0,0,0,0,0.935,9,12711.55,0
T0003120,C0091,high_business,2026-01-17 09:24:00.000000000,0.8407023986953969,-1.0311566094186309,0,0,0,0,0.859,9,10230.13,0
T0000926,C0025,high_business,2026-01-17 09:26:00.000000000,2.728025429403539,3.5387201843656513,0,0,0,2,-0.028,9,33181.58,0
T0003340,C0098,mid_weekend,2026-01-17 09:30:00.000000000,0.6620658292783947,-0.6699483988768734,0,0,0,0,0.866,9,2142.71,0
T0000030,C0001,high_business,2026-01-17 09:33:00.000000000,1.0457434573614153,0.21237969582133884,0,1,1,0,0.457,9,12226.22,0
T0001981,C0058,high_business,2026-01-17 09:37:00.000000000,0.9346676471276263,-0.20243414180954547,0,0,0,2,-0.017,9,10875.04,0
T0003743,C0109,high_business,2026-01-17 09:46:00.000000000,0.5349228364284135,-0.8455971545424986,0,0,0,0,0.839,9,8401.23,0
T0004100,C0118,high_business,2026-01-17 09:49:00.000000000,1.0356404277561666,0.05066831310572493,0,0,0,2,-0.044,9,14765.82,0
T0001980,C0058,high_business,2026-01-17 10:01:00.000000000,1.0187546598102593,0.05503486761261052,0,0,0,1,-0.024,10,11831.22,0
T0001489,C0043,high_business,2026-01-17 10:03:00.000000000,0.8202242877766066,-0.28744770068235154,0,1,0,0,0.856,10,13684.17,0
T0000594,C0016,high_business,2026-01-17 10:07:00.000000000,0.6906464689259048,-0.6860795264099959,0,0,0,1,-0.113,10,9741.29,0
T0000925,C0025,high_business,2026-01-17 10:07:00.000000000,0.7207434963447041,-0.568744951712681,0,1,0,1,-0.176,10,8944.99,0
T0000596,C0016,high_business,2026-01-17 10:09:00.000000000,1.0189618627889663,0.04349044907884966,0,0,0,2,0.124,10,13873.88,0
T0005869,C0169,high_business,2026-01-17 10:14:00.000000000,0.8307775866975717,-0.3328922646631427,0,0,0,0,1.051,10,11249.29,0
T0005626,C0163,high_business,2026-01-17 10:16:00.000000000,1.5551901561516397,2.0667949673855657,0,0,0,0,1.936,10,15869.14,0
T0004668,C0137,mid_weekend,2026-01-17 10:19:00.000000000,0.6946916938683955,-1.2992931966428913,0,1,0,0,0.756,10,1773.83,0
T0002773,C0082,high_business,2026-01-17 10:22:00.000000000,0.7053754563781305,-1.4141978093849734,0,1,1,0,0.0,10,8464.51,0
T0000623,C0017,mid_weekend,2026-01-17 10:25:00.000000000,0.6585592572877342,-0.5565182829841226,0,0,0,0,1.857,10,2661.02,0
T0004833,C0142,high_business,2026-01-17 10:28:00.000000000,2.0497541309044145,5.03881982834119,0,1,1,0,0.0,10,24597.05,0
T0002293,C0067,high_business,2026-01-17 10:30:00.000000000,0.7416765678812988,-0.9990294843453185,0,0,0,0,0.144,10,10443.06,0
T0000137,C0004,high_business,2026-01-17 10:34:00.000000000,0.9708302565345189,-0.22490313366027417,0,0,0,0,0.988,10,12090.15,0
T0001979,C0058,high_business,2026-01-17 10:36:00.000000000,0.9064395894891093,-0.26256692524268005,0,0,0,0,1.053,10,10637.44,0
T0004588,C0134,mid_weekend,2026-01-17 10:36:00.000000000,0.9610300658420382,-0.17218114119648817,0,0,0,0,1.724,10,2547.68,0
T0004460,C0130,high_business,2026-01-17 10:38:00.000000000,0.9575332903770262,-0.2034147695539651,0,0,0,0,0.631,10,11379.54,0
T0002399,C0070,high_business,2026-01-17 10:38:00.000000000,0.785371098435122,-8.54864326206363,0,1,0,2,-0.099,10,9382.71,0
T0005398,C0157,high_business,2026-01-17 10:46:00.000000000,0.5269447535502059,-0.5725586584870208,0,0,0,4,-0.032,10,10751.42,0
T0002774,C0082,high_business,2026-01-17 10:46:00.000000000,1.1771638599244632,0.5998417850300611,0,1,1,1,0.017,10,9964.11,0
T0004099,C0118,high_business,2026-01-17 10:53:00.000000000,0.585954723944673,-0.5912974830117074,0,0,0,1,-0.096,10,8562.91,0
T0001031,C0028,high_business,2026-01-17 10:57:00.000000000,0.6322993738599599,-1.0586693556063838,0,0,0,0,0.97,10,8125.39,0
T0004358,C0127,high_business,2026-01-17 11:06:00.000000000,0.6906189019738825,-0.8690423574420774,0,0,0,0,1.939,11,8695.91,0
T0005541,C0160,high_business,2026-01-17 11:15:00.000000000,1.0959447597005125,0.25318882431119183,0,0,0,1,-0.013,11,13473.13,0
T0002402,C0070,high_business,2026-01-17 11:16:00.000000000,0.9337623121335702,-0.5984397275188812,0,0,0,4,-0.043,11,10103.0,0
T0002564,C0076,high_business,2026-01-17 11:17:00.000000000,0.8949384441468252,-0.4106173274571978,0,1,0,0,0.981,11,8744.33,0
T0002502,C0073,high_business,2026-01-17 11:17:00.000000000,0.6069952463222004,-0.440741584329208,0,0,0,0,0.885,11,10069.18,0
T0001125,C0031,high_business,2026-01-17 11:21:00.000000000,2.619783850437802,3.5490405720748934,0,1,0,3,-0.008,11,35364.26,0
T0001317,C0037,high_business,2026-01-17 11:25:00.000000000,0.6616176575519792,-0.5659147957377689,0,0,0,0,0.893,11,11579.43,0
T0004834,C0142,high_business,2026-01-17 11:30:00.000000000,0.6744371211823857,-3.203154507482583,0,1,0,0,0.043,11,16589.16,0
T0005397,C0157,high_business,2026-01-17 11:32:00.000000000,0.634538514688498,-0.4397431220858543,0,0,0,3,-0.123,11,13437.78,0
T0005540,C0160,high_business,2026-01-17 11:33:00.000000000,0.5954144023373006,-1.125745007638523,0,0,0,0,0.891,11,7664.34,0
T0001124,C0031,high_business,2026-01-17 11:33:00.000000000,0.7409702406821043,-0.5652830292193146,0,0,0,2,-0.051,11,10116.23,0
T0002397,C0070,high_business,2026-01-17 11:36:00.000000000,1.033439474534995,0.15951423140741827,0,0,1,0,0.102,11,12324.38,0
T0004652,C0136,high_business,2026-01-17 11:38:00.000000000,0.9704224296756703,-0.05147225358682924,0,0,0,0,0.797,11,12939.65,0
T0003988,C0115,high_business,2026-01-17 11:39:00.000000000,1.346351330292725,2.544430947844928,0,1,0,0,0.163,11,12680.84,0
T0003007,C0088,high_business,2026-01-17 11:50:00.000000000,0.7424013493599676,-1.547555435932939,0,1,0,0,1.101,11,9457.52,0
T0004563,C0133,high_business,2026-01-17 11:52:00.000000000,0.8881133120757303,-0.5689171469418434,0,1,0,0,1.101,11,11289.61,0
T0003744,C0109,high_business,2026-01-17 11:55:00.000000000,0.8512153059552743,-0.26568554914376086,0,0,0,0,0.09,11,13003.03,0
T0002189,C0064,high_business,2026-01-17 12:00:00.000000000,0.653678648297148,-0.579739575124648,0,0,0,0,1.087,12,10946.25,0
T0002812,C0083,mid_weekend,2026-01-17 12:07:00.000000000,0.9708458211443871,-0.2702375420229783,0,0,0,0,0.771,12,2503.95,0
T0003315,C0097,high_business,2026-01-17 12:09:00.000000000,1.1712902207984046,0.8420613806704264,0,0,0,0,0.115,12,13909.11,0
T0002401,C0070,high_business,2026-01-17 12:18:00.000000000,0.8375856663083906,-1.6646188395810555,0,0,0,2,0.131,12,9314.53,0
T0003468,C0101,mid_weekend,2026-01-17 12:25:00.000000000,0.842630859276623,-0.3685396724782306,0,1,1,1,-0.289,12,3014.03,0
T0002775,C0082,high_business,2026-01-17 12:27:00.000000000,1.3337932808390944,1.2302696001823643,0,1,0,0,0.07,12,12289.98,0
T0002517,C0074,mid_weekend,2026-01-17 12:28:00.000000000,0.9843942268700047,-0.08788951126071803,0,0,0,0,4.717,12,3326.38,0
T0004195,C0122,mid_weekend,2026-01-17 12:30:00.000000000,0.9298732798398767,-0.15432171624262653,0,0,0,0,1.057,12,2472.58,0
T0001705,C0049,high_business,2026-01-17 12:32:00.000000000,0.722395112842506,-0.40548251526749457,0,0,0,0,0.501,12,10986.72,0
T0005395,C0157,high_business,2026-01-17 12:46:00.000000000,0.4747547360176714,-0.5850561959821653,0,0,1,1,-0.042,12,9558.15,0
T0001123,C0031,high_business,2026-01-17 12:47:00.000000000,0.79586226598775,-0.4412654820423141,0,0,0,1,-0.058,12,10967.42,0
T0002080,C0061,high_business,2026-01-17 12:47:00.000000000,1.14903361642398,0.7447180780133976,0,0,0,0,1.103,12,14315.37,0
T0000593,C0016,high_business,2026-01-17 12:50:00.000000000,0.8808202257205983,-0.2545969491861967,0,1,0,0,1.09,12,12573.47,0
T0002398,C0070,high_business,2026-01-17 13:00:00.000000000,0.9559256397160012,-0.21376040479622607,0,1,1,0,0.058,13,11590.59,0
T0005399,C0157,high_business,2026-01-17 13:05:00.000000000,0.5603706516021237,-0.5262885344312113,0,0,0,3,0.097,13,10941.72,0
T0006114,C0175,high_business,2026-01-17 13:10:00.000000000,1.076015834057046,0.24315289464194692,0,0,0,0,2.126,13,14646.08,0
T0004098,C0118,high_business,2026-01-17 13:11:00.000000000,0.8779390269827231,-0.17023131323703125,0,0,0,0,1.105,13,12928.48,0
T0003230,C0095,mid_weekend,2026-01-17 13:23:00.000000000,1.2733342905941079,1.9195101731794435,0,1,0,0,1.399,13,2629.97,0
T0001490,C0043,high_business,2026-01-17 13:25:00.000000000,0.7752136512270924,-0.36418491832597316,0,0,0,0,0.14,13,12827.55,0
T0005054,C0148,high_business,2026-01-17 13:28:00.000000000,0.9277491712713892,-0.11658549878849389,0,0,0,0,0.21,13,12102.67,0
T0004669,C0137,mid_weekend,2026-01-17 13:33:00.000000000,0.9161078946104732,-0.5034709640003837,0,1,0,0,0.135,13,2101.14,0
T0003428,C0100,high_business,2026-01-17 13:36:00.000000000,0.4001197769720011,-0.8285577243716981,0,0,0,0,0.988,13,7583.48,0
T0005394,C0157,high_business,2026-01-17 13:47:00.000000000,4.971081428323694,16.62732929191856,0,1,0,0,1.08,13,63856.31,0
T0003429,C0100,high_business,2026-01-17 13:49:00.000000000,0.6015443339374185,-0.5251641840222196,0,0,0,1,0.009,13,10641.17,0
T0005955,C0172,high_business,2026-01-17 13:50:00.000000000,1.2278073204783038,0.9461184970901675,0,1,1,0,2.102,13,12748.18,0
T0003121,C0091,high_business,2026-01-17 13:58:00.000000000,0.6064592707659247,-2.523521068886767,0,0,0,0,0.19,13,7310.58,0
T0001806,C0052,high_business,2026-01-17 14:09:00.000000000,0.7959907910522067,-0.53782954041567,0,0,0,0,2.164,14,10677.81,0
T0001122,C0031,high_business,2026-01-17 14:11:00.000000000,0.7995673465451274,-0.4287538958809671,0,0,0,0,1.474,14,11124.66,0
T0004286,C0125,mid_weekend,2026-01-17 14:16:00.000000000,0.6367273146263827,-1.7432489306928567,0,1,1,0,1.133,14,1833.29,0
T0000924,C0025,high_business,2026-01-17 14:20:00.000000000,0.5713230068764777,-0.8936593643409467,0,0,0,0,0.981,14,7332.35,0
T0005396,C0157,high_business,2026-01-17 14:29:00.000000000,2.1321335904768692,1.2334978020558658,0,0,0,1,0.072,14,40107.51,0
T0000499,C0014,mid_weekend,2026-01-17 14:36:00.000000000,0.6977269367966721,-1.6931575689782725,0,0,0,0,0.903,14,1693.66,0
T0002565,C0076,high_business,2026-01-17 14:38:00.000000000,1.6266555474422018,11.07470876188235,0,0,0,0,0.14,14,15337.24,0
T0000597,C0016,high_business,2026-01-17 14:40:00.000000000,0.7427842959077603,-0.6148834975327495,0,0,0,0,0.188,14,10128.28,0
T0002294,C0067,high_business,2026-01-17 14:52:00.000000000,0.9114198529097007,-0.3325184866145455,0,0,0,0,0.182,14,12280.59,0
T0003989,C0115,high_business,2026-01-17 15:07:00.000000000,1.506465911225095,2.884890105981932,0,1,0,0,0.144,15,15417.49,0
T0004764,C0140,mid_weekend,2026-01-17 15:09:00.000000000,0.7694115366015805,-0.3105002327741515,0,0,0,1,-0.247,15,2362.51,0
T0001922,C0056,mid_weekend,2026-01-17 15:15:00.000000000,0.8316422110365362,-0.5246303891673445,0,0,0,0,0.885,15,2434.81,0
T0001043,C0029,mid_weekend,2026-01-17 15:32:00.000000000,1.485890249760993,1.930752153308688,0,0,0,0,2.012,15,3412.57,0
T0005775,C0167,mid_weekend,2026-01-17 16:29:00.000000000,0.48801417708142136,-1.98485420429272,0,0,0,0,2.296,16,1077.28,0
T0002537,C0075,low_evening_shopper,2026-01-17 16:40:00.000000000,1.0884339700569292,0.31027802490055034,0,0,0,0,1.729,16,687.4,0
T0003550,C0103,high_business,2026-01-17 16:44:00.000000000,0.7882344415857935,-0.48166370366701117,0,0,0,0,1.238,16,12322.09,0
T0000172,C0005,mid_weekend,2026-01-17 16:47:00.000000000,0.6598899046130811,-0.5856645694187147,0,0,0,0,2.316,16,2236.57,0
T0005081,C0149,mid_weekend,2026-01-17 16:50:00.000000000,2.8855125657933374,10.72523110746068,0,0,0,0,1.035,16,6951.04,0
T0004102,C0119,mid_weekend,2026-01-17 16:53:00.000000000,1.1330959463698236,0.5545664432075985,0,1,1,0,0.0,16,2832.74,0
T0001412,C0041,mid_weekend,2026-01-17 17:06:00.000000000,1.1455682773080096,0.9663263661252258,0,0,0,0,3.924,17,2913.95,0
T0005198,C0152,mid_weekend,2026-01-17 17:10:00.000000000,0.9296725468555945,-0.21005821466975438,0,1,1,0,2.144,17,1666.08,0
T0001632,C0047,mid_weekend,2026-01-17 17:20:00.000000000,0.6591054744270666,-1.4203938565538894,0,1,1,0,0.0,17,1647.76,0
T0002216,C0065,mid_weekend,2026-01-17 17:35:00.000000000,0.3914639697375285,-0.9176909012226749,0,0,0,0,1.085,17,1736.94,0
T0000624,C0017,mid_weekend,2026-01-17 17:50:00.000000000,0.5488069419304396,-0.736451689025989,0,0,0,0,0.309,17,2163.46,0
T0005956,C0172,high_business,2026-01-17 17:55:00.000000000,0.9658182187082847,-0.16805387333140687,0,1,0,0,0.17,17,10789.46,0
T0003775,C0110,mid_weekend,2026-01-17 18:07:00.000000000,1.2390944115748688,1.121992026436063,0,1,1,0,2.072,18,3488.8,0
T0003665,C0107,mid_weekend,2026-01-17 18:34:00.000000000,0.9312158648024497,-0.2835195211108089,0,0,0,0,1.244,18,2303.01,0
T0006176,C0177,low_evening_shopper,2026-01-17 18:38:00.000000000,0.88815529344329,-0.39409493089314906,0,1,0,0,1.021,18,563.31,0
T0001174,C0033,low_evening_shopper,2026-01-17 19:02:00.000000000,0.6174725547732335,-0.6079857005522253,0,1,0,0,1.89,19,732.35,0
T0003696,C0108,low_evening_shopper,2026-01-17 19:11:00.000000000,0.25725846108819866,-8.97657657728141,0,0,0,0,0.968,19,559.65,0
T0001359,C0039,low_evening_shopper,2026-01-17 19:14:00.000000000,1.0297580202988799,0.13609010492229331,0,0,0,0,0.99,19,847.68,0
T0004716,C0138,low_evening_shopper,2026-01-17 19:20:00.000000000,0.7754524095548752,-0.3826086206736039,0,0,0,0,3.995,19,840.16,0
T0003467,C0101,mid_weekend,2026-01-17 19:21:00.000000000,0.8610058088473916,-0.30656656970982177,0,1,0,0,1.137,19,3152.79,0
T0002970,C0087,low_evening_shopper,2026-01-17 19:42:00.000000000,2.1276690085606393,2.3415744480765257,0,1,0,0,1.95,19,2662.24,0
T0005083,C0149,mid_weekend,2026-01-17 19:47:00.000000000,0.579682312781421,-0.8068007737226057,0,0,0,0,0.47,19,1722.65,0
T0000847,C0023,mid_weekend,2026-01-17 19:50:00.000000000,0.3310994835842239,-1.285774011089555,0,0,0,0,2.088,19,1596.92,0
T0004054,C0117,low_evening_shopper,2026-01-17 20:06:00.000000000,0.8076523428805007,-0.9893440939453153,0,1,0,0,0.973,20,593.75,0
T0002081,C0061,high_business,2026-01-17 20:11:00.000000000,0.8705498522205009,-0.6619029797511441,1,0,0,0,0.308,20,10940.93,0
T0006278,C0179,mid_weekend,2026-01-17 20:13:00.000000000,1.0146646004609112,0.05122603408394146,0,1,0,0,2.161,20,2126.64,0
T0002914,C0085,high_business,2026-01-17 20:18:00.000000000,0.7742758450539048,-0.3672470962636537,1,0,0,0,1.41,20,11881.26,0
T0006002,C0173,mid_weekend,2026-01-17 20:20:00.000000000,0.9503407338255054,-0.2069136090603941,0,1,1,0,0.0,20,2375.85,0
T0001868,C0054,low_evening_shopper,2026-01-17 20:36:00.000000000,1.1034225783991083,0.402198915996532,0,1,1,0,0.0,20,772.4,0
T0005349,C0156,low_evening_shopper,2026-01-17 20:38:00.000000000,1.5059128313107886,3.2833414972890527,0,0,0,0,2.972,20,899.86,0
T0005237,C0153,low_evening_shopper,2026-01-17 20:43:00.000000000,0.8174454510144751,-0.9948025607474796,0,1,0,0,2.044,20,537.36,0
T0004917,C0144,low_evening_shopper,2026-01-17 20:45:00.000000000,0.7091542954381895,-0.7370532619639656,0,0,0,0,1.055,20,500.51,0
T0000424,C0012,low_evening_shopper,2026-01-17 21:02:00.000000000,1.0168512096462177,0.01971693779017534,0,1,0,0,3.079,21,883.76,0
T0004763,C0140,mid_weekend,2026-01-17 21:04:00.000000000,0.7288215066024144,-0.3596167117863157,0,0,0,0,2.241,21,2289.62,0
T0005005,C0147,low_evening_shopper,2026-01-17 21:07:00.000000000,3.454508772216241,9.545311891952046,0,1,1,0,0.0,21,2418.16,0
T0001673,C0048,low_evening_shopper,2026-01-17 21:07:00.000000000,1.1101224625081767,0.3626684972070636,0,0,0,0,2.013,21,821.82,0
T0002251,C0066,low_evening_shopper,2026-01-17 21:08:00.000000000,0.5235664986303241,-0.742110217790046,0,0,0,0,1.111,21,540.39,0
T0004125,C0120,low_evening_shopper,2026-01-17 21:10:00.000000000,1.1050518919605017,0.3362458751803531,0,0,0,0,5.112,21,889.17,0
T0004226,C0123,low_evening_shopper,2026-01-17 21:21:00.000000000,1.0346235817783085,0.15475540930480697,0,1,0,0,4.121,21,503.59,0
T0000983,C0027,low_evening_shopper,2026-01-17 21:22:00.000000000,0.9571604351758125,-0.166598307649618,0,1,1,0,0.0,21,670.01,0
T0000663,C0018,low_evening_shopper,2026-01-17 21:30:00.000000000,1.079413744620755,0.6118490619184668,0,0,0,0,1.081,21,754.37,0
T0003591,C0105,low_evening_shopper,2026-01-17 21:32:00.000000000,1.1296514798531052,1.149756237194496,0,1,1,0,1.095,21,923.88,0
T0004475,C0131,mid_weekend,2026-01-17 21:41:00.000000000,0.9010938268082009,-0.25712532534590404,0,0,0,0,1.24,21,2767.38,0
T0005116,C0150,low_evening_shopper,2026-01-17 21:41:00.000000000,0.5118130134745773,-0.8292956584572142,0,0,0,0,2.075,21,463.79,0
T0005690,C0165,low_evening_shopper,2026-01-17 22:01:00.000000000,1.2980031899686428,3.286222237691792,0,0,0,0,3.042,22,940.1,0
T0000425,C0012,low_evening_shopper,2026-01-17 22:11:00.000000000,0.9001028541023142,-0.12521625849082046,0,0,0,0,0.048,22,783.94,0
T0002367,C0069,low_evening_shopper,2026-01-17 22:15:00.000000000,0.8777871439723272,-0.5339677954484753,0,1,0,0,4.076,22,690.33,0
T0003432,C0100,high_business,2026-01-17 22:47:00.000000000,0.6423638748169356,-0.4958475939135458,1,0,0,0,0.607,22,10554.16,0
T0001425,C0042,low_evening_shopper,2026-01-17 22:51:00.000000000,0.2650160238037206,-0.9601935460585702,0,1,0,0,2.092,22,406.65,0
T0005818,C0168,low_evening_shopper,2026-01-17 22:53:00.000000000,0.5442274488012239,-0.7333035642136031,0,0,0,0,1.019,22,461.73,0
T0004835,C0142,high_business,2026-01-17 23:38:00.000000000,0.7143631171271101,-2.352860292476573,1,1,1,0,0.506,23,14710.96,0
T0000892,C0024,low_evening_shopper,2026-01-17 23:55:00.000000000,0.555923160851766,-1.7269654855764656,0,1,1,0,0.0,23,389.15,0
T0006404,C0122,mid_weekend,2026-01-18 03:13:00.751244083,2.9293723485141925,4.404309055202045,1,1,0,2,0.613,3,7743.84,1
T0001709,C0049,high_business,2026-01-18 06:44:00.000000000,0.5534621832038384,-0.7052389741519978,0,0,0,3,-0.214,6,7922.91,0
T0001606,C0046,high_business,2026-01-18 06:51:00.000000000,0.9927761523696631,-0.037972741591168375,0,1,0,0,1.969,6,12445.82,0
T0000697,C0019,high_business,2026-01-18 07:07:00.000000000,0.7937514541158878,-0.7580470495972909,0,0,0,0,2.768,7,10117.19,0
T0001607,C0046,high_business,2026-01-18 07:07:00.000000000,0.9095791707112455,-0.5199805658353621,0,0,0,1,0.011,7,11389.11,0
T0000698,C0019,high_business,2026-01-18 07:18:00.000000000,0.9841064545838575,-0.05860636811223479,0,0,0,1,0.008,7,12308.27,0
T0005275,C0154,high_business,2026-01-18 07:34:00.000000000,1.1066118910030625,0.517744220025454,0,0,0,2,-0.18,7,13435.23,0
T0002403,C0070,high_business,2026-01-18 07:35:00.000000000,1.0399081408779114,0.3762585195143132,0,0,0,0,0.847,7,11144.99,0
T0001706,C0049,high_business,2026-01-18 07:44:00.000000000,0.8305111814230048,-0.25087677406765546,0,1,0,0,0.8,7,12338.82,0
T0002915,C0085,high_business,2026-01-18 07:50:00.000000000,0.6028590430946419,-0.6612706524565168,0,0,0,0,0.481,7,9042.05,0
T0002405,C0070,high_business,2026-01-18 08:00:00.000000000,0.9727172270587885,-0.2547135394939119,0,0,0,2,-0.133,8,10300.3,0
T0000600,C0016,high_business,2026-01-18 08:07:00.000000000,0.8852341037120869,-0.24273571888006426,0,0,0,2,-0.05,8,12915.84,0
T0006119,C0175,high_business,2026-01-18 08:16:00.000000000,1.2023987038699817,0.689447137104499,0,0,0,4,-0.13,8,16321.17,0
T0005161,C0151,high_business,2026-01-18 08:22:00.000000000,0.8705388364879927,-0.6541198965417108,0,0,0,1,-0.267,8,9391.19,0
T0000598,C0016,high_business,2026-01-18 08:38:00.000000000,1.0432064967607486,0.10382381704125035,0,0,0,0,0.749,8,13963.36,0
T0001807,C0052,high_business,2026-01-18 08:42:00.000000000,0.9078136616207404,-0.24656796497014138,0,0,0,0,0.773,8,11970.82,0
T0001982,C0058,high_business,2026-01-18 08:42:00.000000000,1.1008134006514685,0.325068966520776,0,0,0,0,0.962,8,12732.11,0
T0003745,C0109,high_business,2026-01-18 09:06:00.000000000,0.49198897793831053,-0.9239319547990131,0,0,0,0,0.883,9,7453.42,0
T0001032,C0028,high_business,2026-01-18 09:16:00.000000000,0.7826612277219547,-0.6104057734747624,0,0,0,0,0.93,9,9826.48,0
T0000599,C0016,high_business,2026-01-18 09:19:00.000000000,2.390650981589449,3.4676947565936604,0,0,0,1,0.028,9,32091.12,0
T0003883,C0112,high_business,2026-01-18 09:25:00.000000000,0.9473270301669825,-0.1514206080746879,0,0,0,0,2.879,9,12894.56,0
T0000699,C0019,high_business,2026-01-18 09:30:00.000000000,1.0204626285430904,0.07869406693248386,0,0,0,0,0.092,9,12746.08,0
T0001609,C0046,high_business,2026-01-18 09:36:00.000000000,1.1704240755766508,1.0354667712177452,0,0,0,1,-0.044,9,14221.14,0
T0002918,C0085,high_business,2026-01-18 09:49:00.000000000,2.772479887727207,3.125914570368162,0,0,0,2,-0.182,9,39479.62,0
T0001710,C0049,high_business,2026-01-18 09:58:00.000000000,0.8337354524283075,-0.2596282290906487,0,0,0,2,0.135,9,11601.97,0
T0002408,C0070,high_business,2026-01-18 10:00:00.000000000,1.2590206577997105,2.116021429968738,0,0,0,3,-0.117,10,13800.19,0
T0001808,C0052,high_business,2026-01-18 10:02:00.000000000,1.2270926245790332,0.6262537800462027,0,0,0,0,0.056,10,16066.23,0
T0006120,C0175,high_business,2026-01-18 10:08:00.000000000,0.8549245129031556,-0.5003637463221006,0,0,0,4,0.078,10,11666.42,0
T0006117,C0175,high_business,2026-01-18 10:10:00.000000000,0.9611774100938676,-0.128703648195705,0,0,0,2,-0.132,10,13050.55,0
T0002296,C0067,high_business,2026-01-18 10:11:00.000000000,1.0844004523093742,0.34764438708197837,0,0,0,1,-0.058,10,14203.38,0
T0005542,C0160,high_business,2026-01-18 10:17:00.000000000,1.0755807685633516,0.21157907634930112,0,0,0,0,0.96,10,13349.65,0
T0001610,C0046,high_business,2026-01-18 10:21:00.000000000,0.7235569570107018,-1.7159053366559944,0,0,0,2,0.031,10,8957.99,0
T0005734,C0166,high_business,2026-01-18 10:26:00.000000000,1.0093597023898162,0.018109479241104533,0,0,0,0,2.015,10,14800.45,0
T0005273,C0154,high_business,2026-01-18 10:35:00.000000000,1.0054661686866513,0.02623760969592622,0,1,1,0,0.0,10,12065.59,0
T0001611,C0046,high_business,2026-01-18 10:35:00.000000000,1.1248186806114675,0.697961308926258,0,0,0,3,0.01,10,13540.84,0
T0001608,C0046,high_business,2026-01-18 10:40:00.000000000,0.8646310191238199,-0.8143952068910457,0,0,0,0,0.148,10,10686.45,0
T0002916,C0085,high_business,2026-01-18 10:45:00.000000000,0.937352212441768,-0.10341938283743293,0,0,0,0,0.122,10,13551.41,0
T0003884,C0112,high_business,2026-01-18 11:11:00.000000000,0.8945547567165602,-0.30935606120358655,0,0,0,0,0.074,11,12147.1,0
T0002404,C0070,high_business,2026-01-18 11:11:00.000000000,0.8483031829594708,-1.5231731923494194,0,0,0,0,0.15,11,9136.86,0
T0000257,C0008,mid_weekend,2026-01-18 11:14:00.000000000,1.0227584463352901,0.09482685973037557,0,1,1,0,0.0,11,2556.9,0
T0004101,C0118,high_business,2026-01-18 11:16:00.000000000,2.383119678582843,2.027184068629788,0,0,0,0,1.06,11,34045.02,0
T0006115,C0175,high_business,2026-01-18 11:17:00.000000000,1.022384787520981,0.07281500624081845,0,0,0,0,0.922,11,13948.14,0
T0006118,C0175,high_business,2026-01-18 11:23:00.000000000,1.029499566122983,0.09905370372253783,0,0,0,2,0.051,11,13963.13,0
T0000501,C0014,mid_weekend,2026-01-18 11:28:00.000000000,0.9943872655324965,-0.02571021798642524,0,1,0,1,-0.189,11,2302.37,0
T0003746,C0109,high_business,2026-01-18 11:33:00.000000000,0.48853122612488836,-0.9099408596514208,0,0,0,0,0.102,11,7203.15,0
T0002295,C0067,high_business,2026-01-18 11:34:00.000000000,0.8762962898175698,-0.4913620498371227,0,0,1,0,0.863,11,11657.91,0
T0006137,C0176,mid_weekend,2026-01-18 11:36:00.000000000,0.9406379739598526,-0.4292105114513887,0,0,0,0,3.858,11,2360.85,0
T0004955,C0145,high_business,2026-01-18 11:37:00.000000000,0.9140352628843904,-0.16012829183059507,0,0,0,1,-0.016,11,13228.97,0
T0002406,C0070,high_business,2026-01-18 11:40:00.000000000,1.1901515856614329,1.860164898434074,0,0,0,1,0.153,11,12568.37,0
T0002190,C0064,high_business,2026-01-18 11:41:00.000000000,0.7739082068337281,-0.37847317032721606,0,0,0,0,0.987,11,12679.06,0
T0002001,C0059,mid_weekend,2026-01-18 11:42:00.000000000,0.6329253566833731,-0.4803087790811229,0,0,0,0,2.181,11,2414.18,0
T0004103,C0119,mid_weekend,2026-01-18 11:42:00.000000000,0.6656832276314653,-1.578387414892624,0,1,0,0,0.784,11,1885.71,0
T0003031,C0089,mid_weekend,2026-01-18 11:44:00.000000000,1.0668756692115156,0.25567161843984826,0,0,0,0,2.755,11,2783.33,0
T0001707,C0049,high_business,2026-01-18 11:49:00.000000000,0.9375857826443017,-0.0946751098397244,0,0,0,0,0.17,11,13748.01,0
T0001613,C0046,high_business,2026-01-18 11:50:00.000000000,1.0008544109929378,0.004874581285091113,0,0,0,1,-0.034,11,11998.68,0
T0001708,C0049,high_business,2026-01-18 11:52:00.000000000,0.7095499561716946,-0.45502641852457615,0,1,0,1,0.002,11,10357.89,0
T0005274,C0154,high_business,2026-01-18 11:53:00.000000000,1.0124769210269577,0.060216585513509197,0,0,1,0,0.054,11,12216.14,0
T0001491,C0043,high_business,2026-01-18 11:54:00.000000000,0.888750005933715,-0.18196615885210812,0,0,0,0,0.937,11,14562.52,0
T0003316,C0097,high_business,2026-01-18 11:59:00.000000000,4.90099063997463,19.588853834485928,0,0,0,0,0.993,11,58822.49,0
T0004954,C0145,high_business,2026-01-18 12:00:00.000000000,0.7047851621545514,-0.5479627761404755,0,0,0,0,1.96,12,10361.46,0
T0000601,C0016,high_business,2026-01-18 12:02:00.000000000,0.508425323058847,-1.0626289863791336,0,0,0,0,0.163,12,7368.01,0
T0003667,C0107,mid_weekend,2026-01-18 12:10:00.000000000,0.8743398431138613,-1.2678498160536804,0,0,0,1,-0.184,12,2063.67,0
T0005870,C0169,high_business,2026-01-18 12:33:00.000000000,1.1578863680552576,0.31629205720456455,0,0,0,0,1.097,12,15512.74,0
T0000138,C0004,high_business,2026-01-18 12:37:00.000000000,0.8590868627508743,-1.1163178850483075,0,0,0,0,1.085,12,10680.21,0
T0001612,C0046,high_business,2026-01-18 12:39:00.000000000,0.8162670722471728,-1.0664132974212077,0,0,0,0,0.086,12,9937.92,0
T0001319,C0037,high_business,2026-01-18 12:41:00.000000000,0.8428723153342362,-0.26604571463265503,0,0,0,0,1.147,12,15432.72,0
T0000700,C0019,high_business,2026-01-18 12:46:00.000000000,0.7798825617882706,-0.8822582309818026,0,0,0,0,0.136,12,9756.45,0
T0002407,C0070,high_business,2026-01-18 12:48:00.000000000,1.2437193724710582,2.218656981157239,0,0,0,0,0.047,12,13361.11,0
T0002002,C0059,mid_weekend,2026-01-18 12:50:00.000000000,0.7601607264792148,-0.31602821412755655,0,0,0,0,0.047,12,2747.45,0
T0002942,C0086,mid_weekend,2026-01-18 12:53:00.000000000,5.036700990202023,14.767482573594888,0,0,1,0,1.765,12,11055.47,0
T0005672,C0164,mid_weekend,2026-01-18 12:56:00.000000000,0.9599185850001826,-0.18787286529961578,0,0,0,0,1.548,12,2321.48,0
T0002518,C0074,mid_weekend,2026-01-18 12:58:00.000000000,0.7972695669344403,-0.8461696631092583,0,1,0,0,1.021,12,2680.05,0
T0002520,C0074,mid_weekend,2026-01-18 13:13:00.000000000,1.0457246654082357,0.2024804106657704,0,0,0,2,-0.114,13,3243.78,0
T0002776,C0082,high_business,2026-01-18 13:15:00.000000000,1.0071021355864378,0.04620706706758926,0,0,0,0,1.033,13,10312.25,0
T0006116,C0175,high_business,2026-01-18 13:20:00.000000000,0.8101139570009137,-0.6273290845722893,0,0,0,0,0.085,13,11059.46,0
T0006279,C0179,mid_weekend,2026-01-18 13:23:00.000000000,1.7675779146534283,15.044108969499144,0,1,0,0,0.715,13,3722.79,0
T0006424,C0007,high_business,2026-01-18 13:25:00.930914916,2.574607013133655,4.607494327399379,0,1,1,0,1.251,13,29253.69,1
T0004359,C0127,high_business,2026-01-18 13:32:00.000000000,1.0483529683316308,0.1347246010735609,0,0,0,0,1.101,13,13005.83,0
T0002113,C0062,mid_weekend,2026-01-18 13:37:00.000000000,0.9492728821928533,-0.2113629908631113,0,1,1,0,0.0,13,2373.18,0
T0005627,C0163,high_business,2026-01-18 13:39:00.000000000,0.980060613642474,-0.06940674285846933,0,0,0,0,1.141,13,10505.27,0
T0001333,C0038,mid_weekend,2026-01-18 13:41:00.000000000,1.018912537713386,0.07880224047244155,0,1,1,0,0.0,13,2547.28,0
T0005400,C0157,high_business,2026-01-18 13:49:00.000000000,0.9302293859061462,-0.08308821440530632,0,0,0,0,1.031,13,17498.1,0
T0002082,C0061,high_business,2026-01-18 13:52:00.000000000,0.8748197834164019,-0.6460746079343112,0,1,0,0,0.737,13,10915.53,0
T0003898,C0113,mid_weekend,2026-01-18 13:57:00.000000000,1.100662923115008,0.30175622789275225,0,0,0,0,1.957,13,3111.02,0
T0005445,C0158,mid_weekend,2026-01-18 14:02:00.000000000,0.8677419474414476,-1.1543512168151402,0,0,0,0,3.764,14,2205.71,0
T0002917,C0085,high_business,2026-01-18 14:11:00.000000000,0.8718096723112088,-0.21977538372352867,0,0,0,0,0.143,14,12538.05,0
T0005907,C0170,mid_weekend,2026-01-18 14:12:00.000000000,0.9511396586635583,-0.20785249922565796,0,0,0,0,1.938,14,2179.77,0
T0003885,C0112,high_business,2026-01-18 14:14:00.000000000,0.8026776819101755,-0.5879807811823127,0,0,0,0,0.127,14,10849.54,0
T0004653,C0136,high_business,2026-01-18 14:22:00.000000000,1.009750923882096,0.017459460335917883,0,0,0,0,1.114,14,13440.63,0
T0001320,C0037,high_business,2026-01-18 14:27:00.000000000,0.6740922028946431,-0.5638769883057455,0,0,0,0,0.074,14,12213.12,0
T0002777,C0082,high_business,2026-01-18 14:32:00.000000000,1.5695655628048284,4.285357711969191,0,0,0,0,0.053,14,16100.15,0
T0000625,C0017,mid_weekend,2026-01-18 14:35:00.000000000,0.6989410971053683,-0.48466113381879855,0,0,0,0,0.865,14,2672.43,0
T0005160,C0151,high_business,2026-01-18 14:47:00.000000000,0.730009066855903,-1.4562856534880306,0,0,0,0,2.148,14,8073.34,0
T0002441,C0071,mid_weekend,2026-01-18 14:53:00.000000000,0.9859030678121403,-0.0787085899807236,0,1,1,0,1.938,14,3302.81,0
T0005561,C0161,mid_weekend,2026-01-18 15:07:00.000000000,0.7069498946307031,-2.117015652854353,0,0,0,0,2.114,15,1577.96,0
T0002919,C0085,high_business,2026-01-18 15:08:00.000000000,0.7047246662993879,-0.4672232163045582,0,0,0,1,0.222,15,11305.66,0
T0002712,C0080,mid_weekend,2026-01-18 15:08:00.000000000,1.1668849820961686,1.087568821364115,0,0,0,0,3.822,15,2706.8,0
T0001809,C0052,high_business,2026-01-18 15:34:00.000000000,1.1904374574201408,0.5462364648534277,0,0,0,0,0.231,15,15839.13,0
T0004254,C0124,high_business,2026-01-18 15:35:00.000000000,0.9340654378874399,-0.18319738755619963,0,0,0,0,3.007,15,10467.68,0
T0000848,C0023,mid_weekend,2026-01-18 15:39:00.000000000,0.5479218647565561,-0.7489045137635545,0,0,0,0,0.826,15,2348.06,0
T0004030,C0116,mid_weekend,2026-01-18 15:45:00.000000000,1.1217079341616072,0.4413439151328309,0,0,0,0,2.942,15,2440.56,0
T0002519,C0074,mid_weekend,2026-01-18 15:57:00.000000000,0.8602050350188517,-0.5890522142938937,0,0,1,0,0.124,15,2745.06,0
T0000500,C0014,mid_weekend,2026-01-18 16:00:00.000000000,0.5753851307700631,-2.2103248599165486,0,0,0,0,1.058,16,1368.54,0
T0004287,C0125,mid_weekend,2026-01-18 16:09:00.000000000,1.2724603933804657,1.069981766748368,0,0,0,0,1.078,16,2998.25,0
T0001506,C0044,mid_weekend,2026-01-18 16:18:00.000000000,0.6614158326967746,-0.7597651595717545,0,0,0,0,4.184,16,1882.25,0
T0003666,C0107,mid_weekend,2026-01-18 16:35:00.000000000,0.9070429370552276,-0.9143432317034121,0,1,0,0,0.917,16,2191.8,0
T0003942,C0114,low_evening_shopper,2026-01-18 17:05:00.000000000,0.6604642703729752,-1.3321443689756312,0,0,1,0,1.887,17,466.43,0
T0001044,C0029,mid_weekend,2026-01-18 17:46:00.000000000,0.8910646945165657,-0.4025633092012922,0,1,0,0,1.093,17,2212.19,0
T0001923,C0056,mid_weekend,2026-01-18 18:05:00.000000000,1.203948337680019,0.6539642336748812,0,0,0,0,1.118,18,3450.64,0
T0006046,C0174,low_evening_shopper,2026-01-18 18:13:00.000000000,1.126684430951542,0.4926616759226634,0,1,1,0,0.0,18,788.68,0
T0000771,C0021,low_evening_shopper,2026-01-18 18:25:00.000000000,0.9077408217530083,-0.5055359708091717,0,0,0,0,1.872,18,726.32,0
T0004609,C0135,low_evening_shopper,2026-01-18 18:35:00.000000000,1.2094645762415417,1.1155176515171228,0,1,1,0,2.944,18,820.97,0
T0001557,C0045,low_evening_shopper,2026-01-18 18:45:00.000000000,1.0304593557018855,0.16065498742431938,0,0,0,0,1.985,18,675.68,0
T0005674,C0164,mid_weekend,2026-01-18 18:48:00.000000000,5.431478573999438,20.697324060199314,0,0,0,1,-0.084,18,12763.54,0
T0000287,C0009,low_evening_shopper,2026-01-18 19:05:00.000000000,0.7253724987455571,-2.136980473868357,0,1,0,0,2.868,19,506.04,0
T0005350,C0156,low_evening_shopper,2026-01-18 19:07:00.000000000,1.4266620127294498,2.0122517083441123,0,0,0,0,0.937,19,914.12,0
T0001175,C0033,low_evening_shopper,2026-01-18 19:13:00.000000000,0.9000966645362795,-0.1580225518507977,0,0,0,0,1.008,19,1016.51,0
T0005006,C0147,low_evening_shopper,2026-01-18 19:13:00.000000000,0.37752009495539113,-8.362520026408076,0,1,0,0,0.921,19,912.9,0
T0004196,C0122,mid_weekend,2026-01-18 19:14:00.000000000,0.9982831440081583,-0.003919184668003852,0,0,0,0,1.281,19,2638.98,0
T0000097,C0003,low_evening_shopper,2026-01-18 19:20:00.000000000,3.3713332260450715,59.31834012477113,0,0,0,0,3.91,19,2274.66,0
T0002754,C0081,low_evening_shopper,2026-01-18 19:29:00.000000000,1.1398446217858462,0.5438401958338464,0,1,1,0,0.0,19,797.89,0
T0000984,C0027,low_evening_shopper,2026-01-18 19:48:00.000000000,0.4574053546069764,-2.019694937977314,0,0,1,0,0.935,19,306.47,0
T0005691,C0165,low_evening_shopper,2026-01-18 19:50:00.000000000,0.9748737431772938,-0.17872691854512207,0,1,0,0,0.909,19,758.67,0
T0002612,C0077,mid_weekend,2026-01-18 19:55:00.000000000,0.7740410541770171,-0.9860356500760478,0,0,0,0,4.064,19,2059.09,0
T0002003,C0059,mid_weekend,2026-01-18 19:55:00.000000000,0.9639736445965978,-0.04892247897603854,0,0,0,0,0.295,19,3379.64,0
T0003279,C0096,low_evening_shopper,2026-01-18 19:58:00.000000000,1.5978280258058608,2.1129832687380117,0,0,0,0,3.035,19,992.49,0
T0005673,C0164,mid_weekend,2026-01-18 20:49:00.000000000,0.7314767875953295,-1.3190834868356895,0,0,0,0,0.328,20,1761.92,0
T0002472,C0072,low_evening_shopper,2026-01-18 20:49:00.000000000,0.6271864032925553,-1.8946149884984524,0,1,0,0,5.107,20,573.72,0
T0003697,C0108,low_evening_shopper,2026-01-18 20:52:00.000000000,0.5487074512451102,-0.5006569246789961,0,1,0,0,1.07,20,898.14,0
T0000098,C0003,low_evening_shopper,2026-01-18 20:55:00.000000000,0.6979334350426154,-0.4683095897444911,0,1,0,0,0.066,20,750.07,0
T0000426,C0012,low_evening_shopper,2026-01-18 20:57:00.000000000,0.4273403396936696,-0.7522376092875336,0,0,0,0,0.949,20,368.06,0
T0002813,C0083,mid_weekend,2026-01-18 21:04:00.000000000,0.8460251658025931,-1.6212810083007532,0,1,0,0,1.373,21,2166.12,0
T0003158,C0093,low_evening_shopper,2026-01-18 21:05:00.000000000,0.8331270961433312,-1.0865507220581574,0,0,0,0,1.948,21,563.62,0
T0002252,C0066,low_evening_shopper,2026-01-18 21:06:00.000000000,0.6122088357825066,-0.5890093109844127,0,1,0,0,0.999,21,598.43,0
T0000893,C0024,low_evening_shopper,2026-01-18 21:16:00.000000000,2.2650844818306526,2.735015748437058,0,1,1,0,0.89,21,881.45,0
T0002144,C0063,low_evening_shopper,2026-01-18 21:37:00.000000000,0.8859536256636633,-0.44351367797464275,0,1,1,0,0.0,21,620.17,0
T0005819,C0168,low_evening_shopper,2026-01-18 21:49:00.000000000,1.0950256653634014,0.14983816860495056,0,0,0,0,0.956,21,886.69,0
T0004461,C0130,high_business,2026-01-18 21:53:00.000000000,1.3622981004207175,1.7770363837788894,1,1,0,0,1.469,21,16153.67,0
T0005238,C0153,low_evening_shopper,2026-01-18 22:05:00.000000000,1.2511380069249163,1.3467185314969805,0,0,0,0,1.057,22,797.43,0
T0000099,C0003,low_evening_shopper,2026-01-18 22:06:00.000000000,1.9102230507099303,1.4509364119262196,0,1,0,0,0.049,22,1928.89,0
T0005084,C0149,mid_weekend,2026-01-18 22:13:00.000000000,0.8255819056489356,-0.32690522707250025,0,0,0,0,1.101,22,2338.82,0
T0004401,C0129,low_evening_shopper,2026-01-18 22:45:00.000000000,0.7420606120628975,-0.6177302637866653,0,0,0,0,2.078,22,602.92,0
T0003341,C0098,mid_weekend,2026-01-18 22:50:00.000000000,1.0212940727259785,0.04208199516033241,0,0,0,0,1.556,22,3225.53,0
T0003200,C0094,high_business,2026-01-19 07:01:00.000000000,0.5747258351352723,-0.523695011939301,0,0,0,4,-0.129,7,11254.23,0
T0002298,C0067,high_business,2026-01-19 07:22:00.000000000,1.0512957783639683,0.20671525789761802,0,0,0,1,-0.069,7,13423.41,0
T0003319,C0097,high_business,2026-01-19 08:15:00.000000000,0.4819637338522473,-0.7149105633095852,0,0,0,2,-0.21,8,7532.87,0
T0004255,C0124,high_business,2026-01-19 08:24:00.000000000,1.2803029180896797,0.8141641531221607,0,0,0,0,0.701,8,14253.21,0
T0001712,C0049,high_business,2026-01-19 08:27:00.000000000,0.7961134515091651,-0.3305497942863339,0,0,0,1,-0.076,8,10881.74,0
T0003009,C0088,high_business,2026-01-19 08:35:00.000000000,0.7076697470121723,-1.6955836356374496,0,0,0,1,-0.178,8,8768.88,0
T0000031,C0001,high_business,2026-01-19 08:38:00.000000000,1.0883486590142128,0.4361907323149973,0,0,0,0,1.962,8,12789.01,0
T0002116,C0062,mid_weekend,2026-01-19 08:51:00.000000000,1.0742747491365268,0.31774406395501625,0,1,1,2,-0.144,8,2358.94,0
T0004564,C0133,high_business,2026-01-19 08:58:00.000000000,1.0377227263530782,0.4455633595561418,0,1,0,0,1.879,8,12699.45,0
T0002297,C0067,high_business,2026-01-19 09:02:00.000000000,0.6578912229520449,-1.4986082761110215,0,0,0,0,0.952,9,8697.81,0
T0000927,C0025,high_business,2026-01-19 09:08:00.000000000,0.9714088175278449,-0.049895871589352304,0,0,0,0,1.988,9,13176.62,0
T0001617,C0046,high_business,2026-01-19 09:13:00.000000000,0.921475742443668,-0.506335480921992,0,0,0,3,-0.187,9,10974.41,0
T0003198,C0094,high_business,2026-01-19 09:14:00.000000000,0.30550747722810284,-7.679631441019653,0,1,0,2,-0.371,9,8445.68,0
T0001492,C0043,high_business,2026-01-19 09:25:00.000000000,0.6406072305276601,-0.5972889383515818,0,0,0,0,0.897,9,10447.95,0
T0000243,C0007,high_business,2026-01-19 09:31:00.000000000,1.0062902535575968,0.018406057821119013,0,0,0,0,2.088,9,11433.86,0
T0001619,C0046,high_business,2026-01-19 09:40:00.000000000,1.2690372525900033,1.8181919287620472,0,0,0,5,-0.162,9,15079.82,0
T0005543,C0160,high_business,2026-01-19 09:42:00.000000000,0.9605206188800497,-0.11647158989046756,0,0,0,0,0.976,9,12003.48,0
T0003551,C0103,high_business,2026-01-19 09:49:00.000000000,0.9229485763691743,-0.17707632048344105,0,0,0,0,1.712,9,14258.27,0
T0000139,C0004,high_business,2026-01-19 09:51:00.000000000,1.1144489668140989,0.8951812039917147,0,0,0,0,0.885,9,13746.42,0
T0002569,C0076,high_business,2026-01-19 09:52:00.000000000,1.2019571261000572,0.92130032792612,0,0,0,3,-0.058,9,13188.6,0
T0005085,C0149,mid_weekend,2026-01-19 10:00:00.000000000,3.5052501656304678,4.837379688701421,0,0,0,0,0.491,10,9756.93,0
T0002191,C0064,high_business,2026-01-19 10:00:00.000000000,0.7033577856492327,-0.5029340595095161,0,0,0,0,0.93,10,11369.97,0
T0006121,C0175,high_business,2026-01-19 10:02:00.000000000,0.7423023689045399,-0.8941999720943987,0,0,0,0,0.996,10,10091.88,0
T0003199,C0094,high_business,2026-01-19 10:07:00.000000000,0.686862209749854,-0.36840395281164884,0,1,1,3,0.037,10,14592.43,0
T0001711,C0049,high_business,2026-01-19 10:17:00.000000000,0.8550311083413882,-0.2306023936802397,0,0,0,0,1.013,10,11781.95,0
T0000445,C0013,high_business,2026-01-19 10:21:00.000000000,1.063146226031319,0.3031018849503307,0,1,1,0,0.0,10,12757.75,0
T0001811,C0052,high_business,2026-01-19 10:24:00.000000000,0.8810529736341829,-0.36513082670716146,0,0,0,1,-0.097,10,11853.47,0
T0005086,C0149,mid_weekend,2026-01-19 10:26:00.000000000,0.7788740161574451,-0.3109000115967376,0,0,0,1,0.018,10,2661.78,0
T0003317,C0097,high_business,2026-01-19 10:27:00.000000000,2.1669737251782015,1.5296069009184845,0,0,0,0,0.936,10,31976.52,0
T0003886,C0112,high_business,2026-01-19 10:28:00.000000000,0.9624154739994567,-0.11265398874472425,0,0,0,0,0.843,10,12901.71,0
T0003196,C0094,high_business,2026-01-19 10:34:00.000000000,0.7088857273205461,-1.3973485088613786,0,1,1,0,0.0,10,8506.63,0
T0003435,C0100,high_business,2026-01-19 10:40:00.000000000,2.422254707651383,2.05684052438593,0,0,0,2,-0.008,10,37698.25,0
T0003010,C0088,high_business,2026-01-19 10:40:00.000000000,0.9960762308231035,-0.020830250003358627,0,0,0,1,0.087,10,12041.91,0
T0000943,C0026,mid_weekend,2026-01-19 10:45:00.000000000,0.9864378526263301,-0.05650894739029127,0,1,1,0,0.0,10,2466.09,0
T0003434,C0100,high_business,2026-01-19 10:52:00.000000000,0.9037700150783622,-0.13539804548789153,0,0,0,1,-0.097,10,14156.45,0
T0005056,C0148,high_business,2026-01-19 10:53:00.000000000,1.136472539640865,0.23140320345494303,0,0,0,1,-0.083,10,14882.0,0
T0001615,C0046,high_business,2026-01-19 11:07:00.000000000,0.903141267375888,-0.5945200307392032,0,0,0,1,-0.006,11,10801.02,0
T0001614,C0046,high_business,2026-01-19 11:15:00.000000000,0.965170804409187,-0.20683457219611553,0,0,0,0,0.976,11,11571.65,0
T0004654,C0136,high_business,2026-01-19 11:15:00.000000000,0.6658029882171367,-0.6160712294848889,0,0,0,0,0.87,11,8867.2,0
T0002568,C0076,high_business,2026-01-19 11:16:00.000000000,1.0426460190262856,0.17943444293023814,0,1,0,2,-0.009,11,11371.26,0
T0004732,C0139,high_business,2026-01-19 11:20:00.000000000,0.9601735369855299,-0.2054993124762259,0,0,1,1,-0.11,11,12385.92,0
T0002567,C0076,high_business,2026-01-19 11:29:00.000000000,0.7293768473672606,-1.2151212522036023,0,0,0,1,-0.004,11,8330.43,0
T0004257,C0124,high_business,2026-01-19 11:30:00.000000000,1.0392221991164963,0.12404750570361901,0,0,0,1,-0.171,11,11843.23,0
T0002326,C0068,mid_weekend,2026-01-19 11:32:00.000000000,1.2788991371177831,1.1620797379907633,0,1,1,0,0.0,11,3197.25,0
T0001983,C0058,high_business,2026-01-19 11:34:00.000000000,1.2699746524880553,0.9128597229770923,0,1,0,0,1.119,11,14812.05,0
T0000244,C0007,high_business,2026-01-19 11:34:00.000000000,0.99856606287671,-0.0044255497119075225,0,0,0,0,0.085,11,11353.24,0
T0002566,C0076,high_business,2026-01-19 11:35:00.000000000,1.2363286207926396,0.9913456498273812,0,1,0,0,1.873,11,13483.19,0
T0003320,C0097,high_business,2026-01-19 11:44:00.000000000,2.1197565014802415,1.5250238195075165,0,0,0,1,0.145,11,32272.67,0
T0002504,C0073,high_business,2026-01-19 11:44:00.000000000,0.7072446813338278,-0.33902782672595894,0,0,0,1,-0.042,11,13273.24,0
T0000335,C0010,high_business,2026-01-19 11:46:00.000000000,1.2178416917102637,1.045640120209266,0,1,1,0,0.0,11,14614.1,0
T0004565,C0133,high_business,2026-01-19 11:53:00.000000000,0.9559589800202694,-0.5918220883404708,0,0,1,0,0.122,11,11809.17,0
T0000701,C0019,high_business,2026-01-19 11:55:00.000000000,1.05521303186681,0.22001044346397308,0,0,0,0,0.965,11,12993.32,0
T0001334,C0038,mid_weekend,2026-01-19 12:11:00.000000000,3.6469041282148207,11.237349176514169,0,1,1,0,0.938,12,9289.69,0
T0002115,C0062,mid_weekend,2026-01-19 12:18:00.000000000,0.5884412734820753,-1.7456842895046714,0,1,0,1,-0.133,12,1497.57,0
T0000258,C0008,mid_weekend,2026-01-19 12:18:00.000000000,1.4472930042137964,1.906136241859778,0,0,0,0,1.044,12,3700.58,0
T0000849,C0023,mid_weekend,2026-01-19 12:21:00.000000000,0.6272575083433708,-0.600294234861989,0,0,0,0,0.863,12,2514.45,0
T0005676,C0164,mid_weekend,2026-01-19 12:27:00.000000000,0.6932637344702552,-0.3434494454270067,0,1,0,1,-0.09,12,2183.92,0
T0004258,C0124,high_business,2026-01-19 12:32:00.000000000,1.1749563035010708,0.5773221194418906,0,0,0,1,0.043,12,13430.49,0
T0000705,C0019,high_business,2026-01-19 12:34:00.000000000,1.1070080135187828,0.4477936131114342,0,0,0,4,-0.01,12,13396.99,0
T0006122,C0175,high_business,2026-01-19 12:35:00.000000000,0.8168586445726129,-0.633145392765204,0,0,0,0,0.106,12,11033.96,0
T0002083,C0061,high_business,2026-01-19 12:38:00.000000000,1.2800745778746718,1.4593906114764374,0,0,0,0,0.949,12,15866.84,0
T0005735,C0166,high_business,2026-01-19 12:40:00.000000000,0.9018012038825499,-0.19595186894400626,0,1,0,0,1.093,12,13230.57,0
T0001810,C0052,high_business,2026-01-19 12:43:00.000000000,0.9756915852004531,-0.07237166681012673,0,0,0,0,0.881,12,13146.69,0
T0000703,C0019,high_business,2026-01-19 12:45:00.000000000,0.9657316860385934,-0.14626380728760327,0,0,0,2,-0.133,12,11933.93,0
T0002503,C0073,high_business,2026-01-19 12:45:00.000000000,2.9539953404868027,2.197851587902331,0,0,0,0,2.061,12,47076.71,0
T0000704,C0019,high_business,2026-01-19 12:48:00.000000000,0.6635756833727553,-1.476204646329577,0,1,0,3,0.002,12,8183.54,0
T0005401,C0157,high_business,2026-01-19 12:51:00.000000000,0.46540056745195074,-0.6589068442367659,0,0,0,0,0.96,12,8707.44,0
T0003008,C0088,high_business,2026-01-19 12:51:00.000000000,0.9825125182867382,-0.09690644585935239,0,0,0,0,2.042,12,12193.9,0
T0005055,C0148,high_business,2026-01-19 12:53:00.000000000,1.160072266126362,0.2636787731699817,0,0,0,0,1.976,12,15081.31,0
T0003436,C0100,high_business,2026-01-19 12:56:00.000000000,0.7472069518735871,-0.3656308147230831,0,0,0,1,0.094,12,12662.71,0
T0003201,C0094,high_business,2026-01-19 12:59:00.000000000,0.6006357107467617,-0.48981617123079896,0,0,0,1,0.249,12,10761.21,0
T0001033,C0028,high_business,2026-01-19 13:03:00.000000000,0.7138950602064695,-0.8088635516140527,0,1,0,0,1.158,13,8848.51,0
T0001493,C0043,high_business,2026-01-19 13:09:00.000000000,0.9568362981394061,-0.07165273571553919,0,0,0,0,0.156,13,15381.13,0
T0003437,C0100,high_business,2026-01-19 13:10:00.000000000,0.8981558228791889,-0.14899471455205895,0,0,0,2,0.01,13,14994.46,0
T0003433,C0100,high_business,2026-01-19 13:11:00.000000000,0.724509876082089,-0.3830102241269937,0,0,0,0,1.6,13,11576.36,0
T0002299,C0067,high_business,2026-01-19 13:12:00.000000000,0.5747704291250108,-1.8021432926425953,0,0,0,0,0.243,13,7373.15,0
T0003318,C0097,high_business,2026-01-19 13:17:00.000000000,0.8991060745965139,-0.1363140496111557,0,0,0,0,0.118,13,14127.64,0
T0001321,C0037,high_business,2026-01-19 13:20:00.000000000,0.4687250959498171,-0.9209006813319324,0,1,0,0,0.953,13,8319.32,0
T0000602,C0016,high_business,2026-01-19 13:24:00.000000000,0.7060357499305356,-0.6169658418456605,0,0,0,0,1.057,13,9952.31,0
T0001413,C0041,mid_weekend,2026-01-19 13:28:00.000000000,1.1357221266949433,0.9214622940595106,0,0,0,0,1.849,13,2930.95,0
T0003011,C0088,high_business,2026-01-19 13:31:00.000000000,1.0520032294275963,0.287252653269786,0,0,0,1,0.119,13,12714.2,0
T0003012,C0088,high_business,2026-01-19 13:32:00.000000000,0.8200021534501343,-1.0325890407237304,0,0,0,2,0.001,13,9947.11,0
T0001618,C0046,high_business,2026-01-19 13:33:00.000000000,1.0429513570185058,0.28204270003027404,0,0,0,1,0.181,13,12363.77,0
T0005736,C0166,high_business,2026-01-19 13:36:00.000000000,1.1298601009220637,0.2649062957597115,0,0,0,1,0.039,13,16486.06,0
T0005162,C0151,high_business,2026-01-19 13:40:00.000000000,0.9773255595639373,-0.1163134993725997,0,0,0,0,1.221,13,10429.44,0
T0001616,C0046,high_business,2026-01-19 13:42:00.000000000,1.0369457749245654,0.2305171507450539,0,0,0,0,0.108,13,12321.17,0
T0003612,C0106,high_business,2026-01-19 13:42:00.000000000,0.7726516896010323,-1.091271889915045,0,1,1,0,0.0,13,9271.82,0
T0000365,C0011,mid_weekend,2026-01-19 13:57:00.000000000,1.2133905562064817,0.8891273175270075,0,1,1,0,0.0,13,3033.48,0
T0004731,C0139,high_business,2026-01-19 13:58:00.000000000,1.0749726067897465,0.35986851259078323,0,1,1,0,0.0,13,12899.67,0
T0002442,C0071,mid_weekend,2026-01-19 14:05:00.000000000,0.58655950088063,-2.2921265360659855,0,0,0,0,0.967,14,1951.14,0
T0001733,C0050,mid_weekend,2026-01-19 14:23:00.000000000,1.0068596246918666,0.02858176954944459,0,1,1,0,0.0,14,2517.15,0
T0000603,C0016,high_business,2026-01-19 14:34:00.000000000,0.9294797226794272,-0.1482320065024713,0,0,0,0,0.049,14,12899.28,0
T0005675,C0164,mid_weekend,2026-01-19 14:36:00.000000000,0.7272177217535418,-0.30077974694907866,0,1,0,0,0.825,14,2339.98,0
T0005402,C0157,high_business,2026-01-19 14:40:00.000000000,0.6080993127176916,-0.47481389599396545,0,0,0,0,0.076,14,10942.82,0
T0003202,C0094,high_business,2026-01-19 14:56:00.000000000,0.8049542110698112,-0.23986301353205913,0,0,1,1,0.081,14,13461.93,0
T0004360,C0127,high_business,2026-01-19 15:09:00.000000000,1.2285873751116794,0.6530585086453824,0,0,0,0,1.067,15,15275.31,0
T0003469,C0101,mid_weekend,2026-01-19 15:12:00.000000000,0.8648798694375425,-0.3309102549192509,0,0,0,0,2.116,15,3024.06,0
T0001248,C0035,mid_weekend,2026-01-19 15:24:00.000000000,0.7748851958774109,-1.266876977765519,0,0,0,0,3.133,15,1814.37,0
T0002114,C0062,mid_weekend,2026-01-19 15:30:00.000000000,1.1447864215722001,0.5726742654509667,0,1,0,0,1.078,15,2716.79,0
T0003554,C0104,mid_weekend,2026-01-19 15:30:00.000000000,0.828522610620769,-0.7144891224134623,0,1,1,0,0.0,15,2071.31,0
T0004256,C0124,high_business,2026-01-19 15:36:00.000000000,0.9788477220975712,-0.06417408301374218,0,0,0,0,0.3,15,11174.89,0
T0000060,C0002,mid_weekend,2026-01-19 15:41:00.000000000,1.4682430144303118,1.9510125601262993,0,1,1,0,0.0,15,3670.61,0
T0003231,C0095,mid_weekend,2026-01-19 15:50:00.000000000,0.8874269166906801,-0.7036047266114172,0,0,1,0,2.102,15,1958.16,0
T0004836,C0142,high_business,2026-01-19 15:52:00.000000000,0.5198672353136965,-2.0868832827320234,0,0,1,0,1.676,15,9686.37,0
T0005737,C0166,high_business,2026-01-19 15:52:00.000000000,0.8742817668349957,-0.2647969697907568,0,0,0,0,0.094,15,12844.04,0
T0004031,C0116,mid_weekend,2026-01-19 15:56:00.000000000,2.8993228252861347,7.306554778512457,0,0,1,0,1.008,15,6692.09,0
T0000702,C0019,high_business,2026-01-19 15:57:00.000000000,0.9982010296000029,-0.0074353835432241135,0,0,0,0,0.168,15,12336.55,0
T0001845,C0053,mid_weekend,2026-01-19 15:58:00.000000000,1.117097944904397,0.86801798763725,0,0,0,0,2.882,15,2964.74,0
T0002943,C0086,mid_weekend,2026-01-19 16:15:00.000000000,1.2554741384418453,2.8209572084430103,0,1,0,0,1.14,16,8317.8,0
T0006230,C0178,high_business,2026-01-19 16:17:00.000000000,1.4233102189864213,2.0670655773333255,0,1,0,0,2.326,16,16490.02,0
T0000626,C0017,mid_weekend,2026-01-19 16:41:00.000000000,0.6149594716305673,-0.6235813722589864,0,0,0,0,1.087,16,2307.08,0
T0004104,C0119,mid_weekend,2026-01-19 17:09:00.000000000,1.3465378755118045,1.3626005809460882,0,1,0,0,1.227,17,3176.78,0
T0000502,C0014,mid_weekend,2026-01-19 17:25:00.000000000,2.7723120857126293,8.36534923681519,0,0,0,0,1.248,17,6416.78,0
T0002217,C0065,mid_weekend,2026-01-19 17:43:00.000000000,0.6616127938527986,-0.47943132530257193,0,0,0,0,2.006,17,2712.3,0
T0004733,C0139,high_business,2026-01-19 17:47:00.000000000,0.8087744144775867,-0.9670505143624767,0,1,0,0,0.269,17,10225.17,0
T0001045,C0029,mid_weekend,2026-01-19 17:56:00.000000000,3.633549655215473,10.230546979579122,0,0,0,0,1.007,17,8880.41,0
T0002328,C0068,mid_weekend,2026-01-19 17:58:00.000000000,0.8650716401541992,-0.6564657284147506,0,1,0,1,-0.048,17,2525.3,0
T0000427,C0012,low_evening_shopper,2026-01-19 18:01:00.000000000,0.7626063851369825,-0.3014692088950324,0,0,0,0,0.878,18,619.2,0
T0003197,C0094,high_business,2026-01-19 18:08:00.000000000,5.4995805384852945,15.310504428775308,1,0,0,0,0.315,18,46782.89,0
T0004288,C0125,mid_weekend,2026-01-19 18:11:00.000000000,1.1676936387079013,0.8235292456251586,0,0,0,0,1.085,18,3001.28,0
T0005562,C0161,mid_weekend,2026-01-19 18:24:00.000000000,1.0776104513421476,0.46227252301084326,0,0,0,0,1.137,18,2317.19,0
T0004589,C0134,mid_weekend,2026-01-19 18:32:00.000000000,0.8837336216459939,-1.1631547405230107,0,1,1,0,2.331,18,2312.33,0
T0006280,C0179,mid_weekend,2026-01-19 18:40:00.000000000,0.8612935620808038,-0.49306826199226644,0,0,0,0,1.22,18,2162.11,0
T0002443,C0071,mid_weekend,2026-01-19 18:59:00.000000000,0.905894274642952,-0.4161199662678737,0,1,0,0,0.204,18,2598.1,0
T0002327,C0068,mid_weekend,2026-01-19 19:07:00.000000000,0.8260546039141929,-0.9269109039989568,0,1,0,0,0.316,19,2641.1,0
T0000772,C0021,low_evening_shopper,2026-01-19 19:08:00.000000000,0.6317443479645427,-2.0888775156723436,0,1,0,0,1.03,19,500.3,0
T0003080,C0090,low_evening_shopper,2026-01-19 19:29:00.000000000,1.2478041355786895,1.3584415927940434,0,0,0,0,6.925,19,740.96,0
T0004872,C0143,mid_weekend,2026-01-19 19:47:00.000000000,0.7505592551802857,-0.8567040747294645,0,0,0,0,2.989,19,1800.9,0
T0006047,C0174,low_evening_shopper,2026-01-19 19:56:00.000000000,0.706516282013418,-1.2859137503071028,0,1,0,0,1.072,19,557.21,0
T0002145,C0063,low_evening_shopper,2026-01-19 19:59:00.000000000,1.5117128742377597,1.7630428520044563,0,0,0,0,0.932,19,937.52,0
T0005692,C0165,low_evening_shopper,2026-01-19 20:09:00.000000000,0.5622637821586625,-3.452700058176964,0,1,0,0,1.013,20,435.37,0
T0005351,C0156,low_evening_shopper,2026-01-19 20:25:00.000000000,0.8256049344053783,-0.7546763567423097,0,0,0,0,1.054,20,557.21,0
T0004610,C0135,low_evening_shopper,2026-01-19 20:28:00.000000000,1.089603145750094,0.506417012770343,0,1,0,0,1.078,20,778.34,0
T0005588,C0162,low_evening_shopper,2026-01-19 20:30:00.000000000,1.4497456918245308,1.377575077983145,0,1,0,0,4.587,20,799.31,0
T0003555,C0104,mid_weekend,2026-01-19 20:32:00.000000000,1.2579591248866833,0.8905206982690159,0,0,0,0,0.21,20,2605.62,0
T0003943,C0114,low_evening_shopper,2026-01-19 20:36:00.000000000,1.4789533068970608,1.5601218761155697,0,0,0,0,1.147,20,867.15,0
T0005239,C0153,low_evening_shopper,2026-01-19 20:48:00.000000000,0.9114343600073265,-0.4735679297376633,0,0,0,0,0.947,20,601.76,0
T0003592,C0105,low_evening_shopper,2026-01-19 20:50:00.000000000,0.3973570430085843,-5.414097793845769,0,0,0,0,1.971,20,332.0,0
T0004197,C0122,mid_weekend,2026-01-19 20:54:00.000000000,1.3672778944130977,0.8725294336775333,0,0,0,0,1.069,20,3613.94,0
T0000664,C0018,low_evening_shopper,2026-01-19 21:10:00.000000000,0.8796692141194307,-1.015653625336948,0,0,0,0,1.986,21,624.54,0
T0002755,C0081,low_evening_shopper,2026-01-19 21:52:00.000000000,0.9065926952605149,-0.4140492764442753,0,1,0,0,1.099,21,723.36,0
T0004289,C0125,mid_weekend,2026-01-19 21:53:00.000000000,1.0680163633881963,0.3715964823909704,0,1,0,0,0.154,21,2860.17,0
T0002473,C0072,low_evening_shopper,2026-01-19 21:56:00.000000000,0.7046385266378995,-1.2212100861812891,0,1,1,0,1.047,21,524.42,0
T0004810,C0141,low_evening_shopper,2026-01-19 22:08:00.000000000,0.8587517301630869,-0.9978713098041679,0,1,0,0,3.076,22,599.85,0
T0002368,C0069,low_evening_shopper,2026-01-19 22:28:00.000000000,0.6554632575992745,-1.4133511618072623,0,0,1,0,2.009,22,483.99,0
T0000245,C0007,high_business,2026-01-19 23:18:00.000000000,0.7674362146810773,-0.7526941510472218,1,0,0,0,0.489,23,8724.26,0
T0006048,C0174,low_evening_shopper,2026-01-19 23:42:00.000000000,1.1629417030486215,0.6091728227997041,0,0,1,0,0.157,23,782.6,0
T0002971,C0087,low_evening_shopper,2026-01-19 23:50:00.000000000,0.4327247887735214,-1.1324193429691736,0,0,0,0,2.172,23,694.09,0
T0000247,C0007,high_business,2026-01-20 01:32:00.000000000,0.8189051477919986,-0.6086986169835792,1,1,0,1,-0.431,1,9288.47,0
T0004260,C0124,high_business,2026-01-20 06:05:00.000000000,0.9157867476076672,-0.28312689909138467,0,1,0,1,-0.114,6,10943.86,0
T0002676,C0079,high_business,2026-01-20 06:19:00.000000000,0.9594860731161254,-0.192574675098039,0,1,0,2,-0.313,6,11401.8,0
T0003321,C0097,high_business,2026-01-20 07:54:00.000000000,0.5591230289901009,-0.6149197920377518,0,0,0,0,0.84,7,8966.38,0
T0005739,C0166,high_business,2026-01-20 08:00:00.000000000,0.9809506685738452,-0.041486479915143,0,0,0,1,-0.09,8,14227.31,0
T0006123,C0175,high_business,2026-01-20 08:01:00.000000000,0.9449028239220161,-0.1910518287041969,0,0,0,0,0.81,8,12706.54,0
T0003342,C0098,mid_weekend,2026-01-20 08:15:00.000000000,0.7439947592070727,-0.5243949628500155,0,1,0,0,1.392,8,2353.08,0
T0001714,C0049,high_business,2026-01-20 08:39:00.000000000,0.753213545948182,-0.4124043402078486,0,0,0,1,-0.218,8,10110.72,0
T0004259,C0124,high_business,2026-01-20 08:49:00.000000000,1.4882892312422944,1.6731801132346373,0,1,0,0,0.845,8,17224.68,0
T0001495,C0043,high_business,2026-01-20 08:52:00.000000000,0.3595911284568233,-1.075350902163142,0,0,0,1,-0.081,8,5680.18,0
T0002410,C0070,high_business,2026-01-20 09:00:00.000000000,1.155559249608053,1.04822132808036,0,0,0,1,-0.242,9,12675.42,0
T0000032,C0001,high_business,2026-01-20 09:06:00.000000000,0.9006080942926142,-0.5169322595786864,0,0,0,0,1.019,9,10676.4,0
T0002570,C0076,high_business,2026-01-20 09:17:00.000000000,1.509571963027514,2.422556941195375,0,0,0,0,0.976,9,16982.08,0
T0001620,C0046,high_business,2026-01-20 09:17:00.000000000,1.1663915277367205,1.081367129837945,0,0,0,0,0.984,9,14056.35,0
T0003776,C0110,mid_weekend,2026-01-20 09:32:00.000000000,0.6557163611425517,-1.808752482190695,0,1,0,0,2.642,9,2066.95,0
T0000140,C0004,high_business,2026-01-20 09:37:00.000000000,1.0551825154483114,0.4369972546205415,0,0,0,0,0.99,9,13093.78,0
T0003326,C0097,high_business,2026-01-20 09:55:00.000000000,0.6784461985669529,-0.45704166513573796,0,0,0,4,-0.008,9,10196.41,0
T0003992,C0115,high_business,2026-01-20 09:59:00.000000000,0.6825892668652825,-1.5407390220854777,0,0,0,2,-0.015,9,8037.2,0
T0000811,C0022,high_business,2026-01-20 10:02:00.000000000,0.44039107021042917,-4.2547083189666965,0,1,1,2,-0.173,10,8370.74,0
T0005403,C0157,high_business,2026-01-20 10:05:00.000000000,0.7011167035070787,-0.3623211544322505,0,0,0,0,0.809,10,12287.05,0
T0003325,C0097,high_business,2026-01-20 10:07:00.000000000,0.5370432497942982,-0.662465591943608,0,0,0,3,-0.375,10,8217.58,0
T0005738,C0166,high_business,2026-01-20 10:09:00.000000000,0.8633055634002513,-0.29302539959006046,0,0,0,0,0.762,10,12603.07,0
T0000248,C0007,high_business,2026-01-20 10:10:00.000000000,1.1244296585171036,0.42284960336052635,0,0,0,1,0.36,10,12588.92,0
T0003014,C0088,high_business,2026-01-20 10:15:00.000000000,0.8772051237926174,-0.24158787922039027,0,0,0,1,-0.037,10,12021.31,0
T0005057,C0148,high_business,2026-01-20 10:15:00.000000000,1.0038040110893114,0.006626478470978491,0,0,0,0,0.974,10,13222.72,0
T0003990,C0115,high_business,2026-01-20 10:17:00.000000000,1.0603960701733515,0.25949939437142583,0,1,0,0,2.799,10,11951.58,0
T0005872,C0169,high_business,2026-01-20 10:17:00.000000000,0.9403569729949036,-0.12707336439042693,0,0,0,1,-0.04,10,12674.69,0
T0003991,C0115,high_business,2026-01-20 10:21:00.000000000,1.2399592113483946,1.134441055496805,0,0,1,1,0.003,10,14116.09,0
T0000929,C0025,high_business,2026-01-20 10:21:00.000000000,0.9368939611718063,-0.11241438667461066,0,0,0,1,-0.109,10,12379.7,0
T0005404,C0157,high_business,2026-01-20 10:21:00.000000000,2.7863650077842546,2.185811933499565,0,0,0,1,0.011,10,47918.8,0
T0001622,C0046,high_business,2026-01-20 10:22:00.000000000,0.7976907506888737,-1.3480715021149143,0,0,0,1,-0.221,10,9738.0,0
T0004262,C0124,high_business,2026-01-20 10:29:00.000000000,1.2079661164876423,0.6707338864300424,0,0,0,1,-0.099,10,13970.9,0
T0005874,C0169,high_business,2026-01-20 10:40:00.000000000,0.8240535134285285,-0.38355867067153393,0,0,0,3,-0.17,10,10903.93,0
T0003613,C0106,high_business,2026-01-20 10:41:00.000000000,1.1997199443112387,0.740706971611693,0,0,0,0,0.874,10,11123.59,0
T0003747,C0109,high_business,2026-01-20 10:46:00.000000000,0.9210347844385361,-0.13762853012739718,0,0,0,0,1.967,10,13232.91,0
T0001494,C0043,high_business,2026-01-20 10:49:00.000000000,0.5758825560768817,-0.716724800774918,0,0,0,0,0.903,10,9241.93,0
T0002674,C0079,high_business,2026-01-20 10:57:00.000000000,1.0916888525236081,0.4401064921133191,0,1,1,0,0.0,10,13100.27,0
T0003127,C0092,mid_weekend,2026-01-20 11:00:00.000000000,1.1487466544347533,0.5040638992377061,0,1,0,0,4.772,11,2687.9,0
T0001984,C0058,high_business,2026-01-20 11:01:00.000000000,0.9915301903156871,-0.029496540119189757,0,0,0,0,0.977,11,11804.64,0
T0001925,C0056,mid_weekend,2026-01-20 11:06:00.000000000,0.8843012326483279,-0.2530973262391086,0,0,0,1,-0.262,11,2975.94,0
T0001846,C0053,mid_weekend,2026-01-20 11:06:00.000000000,0.9616768515157242,-0.29457958278287777,0,0,0,0,0.797,11,2589.61,0
T0003013,C0088,high_business,2026-01-20 11:08:00.000000000,3.2949659358062426,13.009588739529805,0,0,0,0,0.9,11,39490.26,0
T0005871,C0169,high_business,2026-01-20 11:14:00.000000000,0.9423641832281165,-0.11976814628884808,0,0,0,0,1.945,11,12742.55,0
T0005446,C0158,mid_weekend,2026-01-20 11:19:00.000000000,0.8013705463163822,-1.6767508108027425,0,1,0,0,1.887,11,1983.12,0
T0003203,C0094,high_business,2026-01-20 11:30:00.000000000,0.8564455969128165,-0.18461471300135818,0,1,0,0,0.857,11,13923.97,0
T0001035,C0028,high_business,2026-01-20 11:35:00.000000000,1.0231334165759067,0.06603924056510094,0,0,0,1,-0.049,11,12384.49,0
T0003323,C0097,high_business,2026-01-20 11:36:00.000000000,0.83184564122098,-0.2364732911377999,0,0,0,1,-0.001,11,12977.24,0
T0003322,C0097,high_business,2026-01-20 11:38:00.000000000,0.8322679996260434,-0.23266259435045525,0,0,0,0,0.156,11,13079.21,0
T0002521,C0074,mid_weekend,2026-01-20 11:39:00.000000000,0.8015459752612493,-0.9667215344064638,0,1,0,0,1.935,11,2505.3,0
T0002778,C0082,high_business,2026-01-20 11:43:00.000000000,0.7274887428267798,-1.1812527380217657,0,0,0,0,1.883,11,8312.43,0
T0001633,C0047,mid_weekend,2026-01-20 11:47:00.000000000,1.4180957379377956,1.1482049571226052,0,1,0,0,2.769,11,2336.69,0
T0001126,C0031,high_business,2026-01-20 11:48:00.000000000,0.8494333821180262,-0.2913259517835612,0,0,0,0,3.019,11,12240.32,0
T0003343,C0098,mid_weekend,2026-01-20 11:50:00.000000000,0.8489814515243065,-0.31170867409271774,0,0,0,0,0.149,11,2642.16,0
T0000246,C0007,high_business,2026-01-20 11:53:00.000000000,1.227180218268862,0.7359096042185256,0,1,0,0,0.524,11,13680.29,0
T0002920,C0085,high_business,2026-01-20 11:55:00.000000000,0.8110674854752543,-0.30117144613238905,0,0,0,0,1.866,11,12755.55,0
T0001496,C0043,high_business,2026-01-20 11:58:00.000000000,1.0640519443109953,0.10487841243789929,0,0,0,0,0.129,11,16423.56,0
T0000605,C0016,high_business,2026-01-20 12:16:00.000000000,0.9517397093327741,-0.10577062733498696,0,0,0,1,-0.007,12,13114.82,0
T0000850,C0023,mid_weekend,2026-01-20 12:21:00.000000000,0.9301400796388111,-0.11217354160600536,0,1,0,0,1.0,12,3554.87,0
T0000604,C0016,high_business,2026-01-20 12:26:00.000000000,0.9253145298157283,-0.16040940329506614,0,0,0,0,0.911,12,12796.2,0
T0001128,C0031,high_business,2026-01-20 12:28:00.000000000,0.8774223417695649,-0.24281112123161164,0,0,0,2,-0.065,12,12484.6,0
T0002677,C0079,high_business,2026-01-20 12:32:00.000000000,0.742566265755944,-2.9607341592125613,0,0,1,1,0.259,12,8704.93,0
T0000259,C0008,mid_weekend,2026-01-20 12:45:00.000000000,0.973184296859553,-0.1398321371422791,0,1,0,0,1.019,12,3044.84,0
T0001034,C0028,high_business,2026-01-20 12:46:00.000000000,0.8548043836662897,-0.40832315230411625,0,0,0,0,0.988,12,10426.64,0
T0000336,C0010,high_business,2026-01-20 12:50:00.000000000,2.350866236103004,7.896677866799805,0,0,0,0,1.044,12,34355.79,0
T0004261,C0124,high_business,2026-01-20 12:52:00.000000000,0.5399544193447179,-1.5850349495583214,0,0,0,0,0.283,12,6418.62,0
T0002300,C0067,high_business,2026-01-20 12:53:00.000000000,0.9320205925502585,-0.257487896483534,0,0,0,0,0.987,12,11532.28,0
T0005875,C0169,high_business,2026-01-20 12:54:00.000000000,0.821411967984647,-0.39421055106264696,0,0,0,1,0.093,12,10777.92,0
T0000928,C0025,high_business,2026-01-20 12:58:00.000000000,0.5898850778914074,-0.7378054987705688,0,0,0,0,1.16,12,7987.17,0
T0000930,C0025,high_business,2026-01-20 12:58:00.000000000,1.14198653529042,0.25925806088068537,0,0,0,1,0.109,12,15036.8,0
T0006139,C0176,mid_weekend,2026-01-20 13:06:00.000000000,0.8219418243882194,-1.3060986587847239,0,1,0,1,-0.089,13,2089.76,0
T0004462,C0130,high_business,2026-01-20 13:18:00.000000000,1.0450244939070732,0.21437784316285988,0,0,0,0,1.642,13,12616.02,0
T0002505,C0073,high_business,2026-01-20 13:18:00.000000000,0.7220707680781228,-0.326409282027679,0,0,0,0,1.065,13,13220.89,0
T0001715,C0049,high_business,2026-01-20 13:37:00.000000000,0.6827257900415526,-0.5347438708372485,0,0,0,1,0.207,13,9056.83,0
T0002085,C0061,high_business,2026-01-20 13:38:00.000000000,1.068945529474022,0.3541848858731746,0,0,0,1,-0.01,13,13322.94,0
T0002921,C0085,high_business,2026-01-20 13:40:00.000000000,0.7929300437448842,-0.33593265169448916,0,0,0,0,0.073,13,12323.05,0
T0003015,C0088,high_business,2026-01-20 13:45:00.000000000,0.9965004818874801,-0.007033556512295272,0,0,0,0,0.146,13,13557.51,0
T0004837,C0142,high_business,2026-01-20 13:46:00.000000000,0.8276757134534094,-0.5265912118315963,0,0,0,0,0.912,13,13570.48,0
T0002675,C0079,high_business,2026-01-20 13:50:00.000000000,0.8141981363232587,-0.9736215520992461,0,1,1,0,0.12,13,10666.21,0
T0005276,C0154,high_business,2026-01-20 13:51:00.000000000,1.0893355901530817,1.8314663863217326,0,1,1,0,2.262,13,13695.47,0
T0002084,C0061,high_business,2026-01-20 13:52:00.000000000,0.8242380944282466,-0.9057876762155144,0,0,0,0,1.051,13,10359.71,0
T0001713,C0049,high_business,2026-01-20 13:53:00.000000000,0.8543766355212211,-0.2392705304984086,0,0,0,0,1.226,13,11552.8,0
T0001127,C0031,high_business,2026-01-20 14:01:00.000000000,0.8285189454759551,-0.33602497665197534,0,0,0,0,0.092,14,11867.04,0
T0000261,C0008,mid_weekend,2026-01-20 14:02:00.000000000,0.8153659759271181,-0.8644850545100208,0,1,0,1,-0.01,14,2315.98,0
T0000810,C0022,high_business,2026-01-20 14:11:00.000000000,2.7279326722702733,7.04813004000018,0,0,1,1,-0.019,14,27817.67,0
T0001143,C0032,mid_weekend,2026-01-20 14:15:00.000000000,1.133482661375443,0.556177755731012,0,1,1,0,0.0,14,2833.71,0
T0001336,C0038,mid_weekend,2026-01-20 14:15:00.000000000,0.8435805595740041,-0.21282204869354232,0,0,0,1,-0.142,14,3849.59,0
T0000260,C0008,mid_weekend,2026-01-20 14:16:00.000000000,0.6641469612387323,-2.2224745677194484,0,0,1,0,0.063,14,2059.37,0
T0004380,C0128,mid_weekend,2026-01-20 14:20:00.000000000,0.8542038994182647,-0.29979146965246783,0,0,0,0,4.069,14,2309.61,0
T0004198,C0122,mid_weekend,2026-01-20 14:23:00.000000000,1.0561244753657277,0.13828592887573116,0,0,0,0,0.728,14,2864.75,0
T0002613,C0077,mid_weekend,2026-01-20 14:24:00.000000000,0.8585657302751949,-0.6035671735675371,0,0,0,0,1.77,14,2197.92,0
T0000141,C0004,high_business,2026-01-20 14:36:00.000000000,1.0469870560147643,0.38100152423883676,0,0,0,0,0.208,14,13027.93,0
T0000367,C0011,mid_weekend,2026-01-20 14:38:00.000000000,0.94541964425138,-0.26742106536892457,0,1,0,1,-0.107,14,2779.3,0
T0000809,C0022,high_business,2026-01-20 14:39:00.000000000,0.8497787260835848,-0.7210621147987928,0,1,1,0,0.0,14,10197.34,0
T0005873,C0169,high_business,2026-01-20 14:45:00.000000000,0.6960251669513599,-0.6630146390561663,0,0,0,0,0.186,14,9351.99,0
T0002218,C0065,mid_weekend,2026-01-20 14:48:00.000000000,0.6874095715666326,-0.44642087518648443,0,0,0,0,0.878,14,2712.1,0
T0002409,C0070,high_business,2026-01-20 14:49:00.000000000,0.7365523588221844,-1.9704279663854558,0,0,0,0,2.201,14,8234.25,0
T0000503,C0014,mid_weekend,2026-01-20 14:50:00.000000000,0.9312136234722412,-0.16599294424022742,0,0,0,0,0.892,14,2367.61,0
T0004105,C0119,mid_weekend,2026-01-20 15:10:00.000000000,0.7047014419031425,-1.4235982375830485,0,1,1,0,0.917,15,1854.59,0
T0006138,C0176,mid_weekend,2026-01-20 15:14:00.000000000,1.1972564628701718,1.4876309774823484,0,0,0,0,2.151,15,2985.1,0
T0002944,C0086,mid_weekend,2026-01-20 15:20:00.000000000,0.18727584678801645,-1.577388826702709,0,1,0,0,0.962,15,1346.4,0
T0000944,C0026,mid_weekend,2026-01-20 15:28:00.000000000,1.0497468532305085,0.20446741281508365,0,1,1,0,1.197,15,2588.78,0
T0001507,C0044,mid_weekend,2026-01-20 15:30:00.000000000,0.6776465744074365,-0.7162725291100571,0,0,0,0,1.967,15,1863.14,0
T0001621,C0046,high_business,2026-01-20 15:40:00.000000000,1.0973581145929912,0.6362264094456839,0,0,0,0,0.266,15,13334.44,0
T0003556,C0104,mid_weekend,2026-01-20 15:42:00.000000000,1.2019143497314202,0.7869486378619763,0,0,1,0,0.799,15,2810.63,0
T0003032,C0089,mid_weekend,2026-01-20 15:43:00.000000000,0.7558586164371673,-1.0020745473571362,0,0,0,0,2.166,15,1988.41,0
T0004873,C0143,mid_weekend,2026-01-20 15:47:00.000000000,0.689336051520498,-1.057628555293249,0,1,0,0,0.833,15,1602.43,0
T0000368,C0011,mid_weekend,2026-01-20 16:04:00.000000000,0.8684164331449,-3.529648582818425,0,0,1,1,0.06,16,2506.48,0
T0000061,C0002,mid_weekend,2026-01-20 16:07:00.000000000,0.6768586035988551,-1.9768754080801554,0,1,0,0,1.018,16,2484.48,0
T0000262,C0008,mid_weekend,2026-01-20 16:27:00.000000000,1.0210814498828393,0.09913164228230881,0,0,0,0,0.101,16,2793.2,0
T0004055,C0117,low_evening_shopper,2026-01-20 16:27:00.000000000,1.1998133028358,1.0103709397256013,0,0,0,0,2.848,16,848.12,0
T0004968,C0146,mid_weekend,2026-01-20 16:31:00.000000000,1.4927494112527224,1.6386866521831154,0,0,0,0,3.758,16,3549.39,0
T0005876,C0169,high_business,2026-01-20 16:32:00.000000000,1.1428723575218727,0.319049073484711,0,0,0,0,0.151,16,14874.13,0
T0002329,C0068,mid_weekend,2026-01-20 16:32:00.000000000,1.0916853216505071,0.8714856328590355,0,0,1,0,0.94,16,3043.49,0
T0005405,C0157,high_business,2026-01-20 17:07:00.000000000,0.34627256690350494,-0.8050360398451328,0,0,0,0,0.282,17,6580.82,0
T0001734,C0050,mid_weekend,2026-01-20 17:08:00.000000000,1.1998106239371997,0.8382552076119024,0,1,1,0,1.115,17,3020.1,0
T0000366,C0011,mid_weekend,2026-01-20 17:12:00.000000000,0.9382057581934024,-0.3124189559836054,0,1,0,0,1.135,17,2846.03,0
T0002522,C0074,mid_weekend,2026-01-20 17:21:00.000000000,0.9418559468088717,-0.2792014263861736,0,0,0,0,0.237,17,2860.39,0
T0001924,C0056,mid_weekend,2026-01-20 17:23:00.000000000,2.4815213105831955,5.034643690945602,0,0,0,0,1.971,17,7273.47,0
T0005199,C0152,mid_weekend,2026-01-20 17:25:00.000000000,1.410191373388495,1.1821019265968267,0,1,0,0,3.01,17,2438.36,0
T0004476,C0131,mid_weekend,2026-01-20 17:30:00.000000000,0.8708361009121668,-0.345959531857406,0,0,0,0,2.826,17,2654.1,0
T0005298,C0155,mid_weekend,2026-01-20 17:32:00.000000000,1.0103486372047659,0.04311932168652447,0,1,1,0,0.0,17,2525.87,0
T0001335,C0038,mid_weekend,2026-01-20 17:39:00.000000000,0.3131205610833882,-6.775477349510682,0,0,0,0,1.228,17,1853.2,0
T0001046,C0029,mid_weekend,2026-01-20 17:45:00.000000000,0.5090369965907982,-0.722175238709142,0,0,0,0,0.992,17,1653.63,0
T0000986,C0027,low_evening_shopper,2026-01-20 17:54:00.000000000,0.5678469155999778,-1.4316902279635355,0,1,0,1,-0.085,17,279.39,0
T0003204,C0094,high_business,2026-01-20 17:58:00.000000000,0.6745478401330642,-0.43847606475477685,0,0,0,0,0.269,17,10769.91,0
T0002945,C0086,mid_weekend,2026-01-20 18:06:00.000000000,0.5515198343589722,-0.6288357637293566,0,1,0,0,0.115,18,3159.47,0
T0003497,C0102,low_evening_shopper,2026-01-20 18:19:00.000000000,1.4422983724818583,2.945619629625545,0,0,0,1,-0.028,18,1728.98,0
T0002444,C0071,mid_weekend,2026-01-20 18:21:00.000000000,1.0026276298194163,0.012826088883833641,0,0,0,0,0.974,18,2807.88,0
T0006049,C0174,low_evening_shopper,2026-01-20 18:31:00.000000000,0.7701958724803548,-1.5137628109404255,0,1,0,0,0.784,18,546.45,0
T0002146,C0063,low_evening_shopper,2026-01-20 18:37:00.000000000,2.6767682160110153,7.255202754746498,0,0,1,0,0.943,18,2084.78,0
T0006377,C0029,mid_weekend,2026-01-20 18:45:00.018146562,6.444522674673524,8.008541492622552,0,0,0,1,1.034,18,20935.38,1
T0003496,C0102,low_evening_shopper,2026-01-20 19:00:00.000000000,1.7125205398513312,2.770913210532955,0,1,1,0,0.0,19,1198.76,0
T0003324,C0097,high_business,2026-01-20 19:07:00.000000000,0.6938299367991012,-0.43623395605754917,1,0,0,0,0.313,19,10748.28,0
T0002117,C0062,mid_weekend,2026-01-20 19:14:00.000000000,1.0984895698772363,0.489410568103961,0,0,0,0,1.433,19,2456.91,0
T0002713,C0080,mid_weekend,2026-01-20 19:18:00.000000000,1.1172866118359466,0.786541627608796,0,0,1,0,2.174,19,2663.84,0
T0004765,C0140,mid_weekend,2026-01-20 19:20:00.000000000,0.7996846518372798,-0.2747531649498074,0,0,0,0,3.174,19,2411.91,0
T0005563,C0161,mid_weekend,2026-01-20 19:29:00.000000000,1.4194196818135874,2.6414128677801654,0,0,0,0,1.045,19,3078.51,0
T0003033,C0089,mid_weekend,2026-01-20 19:38:00.000000000,1.2044681497052463,0.8213870894412213,0,0,0,0,0.163,19,3082.6,0
T0004918,C0144,low_evening_shopper,2026-01-20 19:43:00.000000000,0.681362843228636,-0.8049684523240034,0,0,0,0,2.957,19,463.41,0
T0005240,C0153,low_evening_shopper,2026-01-20 19:46:00.000000000,1.359398360786319,2.003783196233944,0,0,0,0,0.957,19,887.58,0
T0002814,C0083,mid_weekend,2026-01-20 19:48:00.000000000,1.275732804754262,2.5470155693054615,0,1,0,0,1.947,19,3165.73,0
T0000985,C0027,low_evening_shopper,2026-01-20 19:57:00.000000000,1.0231683918971684,0.06284294502339725,0,1,0,0,2.006,19,499.55,0
T0000212,C0006,low_evening_shopper,2026-01-20 20:14:00.000000000,1.4057118241253421,1.5777682049318862,0,1,1,0,0.0,20,984.0,0
T0005492,C0159,low_evening_shopper,2026-01-20 20:24:00.000000000,0.9876349775980126,-0.048086198229951076,0,1,1,0,0.0,20,691.34,0
T0002635,C0078,low_evening_shopper,2026-01-20 20:33:00.000000000,3.3601665975050006,13.762698932716368,0,1,0,0,3.879,20,3526.91,0
T0001426,C0042,low_evening_shopper,2026-01-20 20:39:00.000000000,0.3122089231155887,-0.7634710693012009,0,0,0,0,2.908,20,391.03,0
T0000722,C0020,mid_weekend,2026-01-20 20:45:00.000000000,0.7753482274574032,-1.3578606003498472,0,0,0,0,4.09,20,1882.24,0
T0005087,C0149,mid_weekend,2026-01-20 20:51:00.000000000,0.6759062549734486,-0.4652927950187037,0,0,0,0,1.434,20,2267.32,0
T0002474,C0072,low_evening_shopper,2026-01-20 20:59:00.000000000,0.9653289285809961,-0.13403760635879444,0,0,0,0,0.96,20,647.7,0
T0005117,C0150,low_evening_shopper,2026-01-20 20:59:00.000000000,0.9059812685401464,-0.15489481024515375,0,0,0,0,2.971,20,780.9,0
T0000001,C0000,low_evening_shopper,2026-01-20 21:05:00.000000000,0.49830523720329917,-1.9510351886538366,0,1,1,0,0.0,21,348.81,0
T0005352,C0156,low_evening_shopper,2026-01-20 21:14:00.000000000,0.7174688511572721,-1.2332380816045991,0,0,0,0,1.034,21,474.85,0
T0001176,C0033,low_evening_shopper,2026-01-20 21:20:00.000000000,0.7702411376738821,-0.3806608159452865,0,0,0,0,2.088,21,860.21,0
T0004227,C0123,low_evening_shopper,2026-01-20 21:24:00.000000000,1.7967099795536365,3.9993415110464805,0,0,0,0,3.002,21,880.58,0
T0000288,C0009,low_evening_shopper,2026-01-20 21:35:00.000000000,0.9505722905829036,-0.3029537740013768,0,0,0,0,2.104,21,632.79,0
T0004317,C0126,low_evening_shopper,2026-01-20 21:43:00.000000000,0.5788538335234331,-0.507274037532744,0,0,0,0,6.997,21,591.55,0
T0000429,C0012,low_evening_shopper,2026-01-20 21:44:00.000000000,0.9505775835465942,-0.06744304596343707,0,0,0,1,-0.029,21,760.65,0
T0004811,C0141,low_evening_shopper,2026-01-20 21:59:00.000000000,1.174749934928568,1.2248459763648856,0,0,0,0,0.994,21,797.39,0
T0005820,C0168,low_evening_shopper,2026-01-20 22:05:00.000000000,2.8437889300120798,3.072429692783099,0,0,0,0,2.011,22,2322.63,0
T0000665,C0018,low_evening_shopper,2026-01-20 22:15:00.000000000,0.7362016742987592,-2.2079192757601103,0,1,0,0,1.045,22,512.2,0
T0000627,C0017,mid_weekend,2026-01-20 22:18:00.000000000,0.3151612457907185,-1.104787711889243,0,0,0,0,1.234,22,1155.58,0
T0000428,C0012,low_evening_shopper,2026-01-20 22:26:00.000000000,1.0871273768692062,0.11307405026285497,0,0,0,0,1.184,22,863.65,0
T0004511,C0132,low_evening_shopper,2026-01-20 22:32:00.000000000,1.3386295213401154,1.3168925829893372,0,1,1,0,0.0,22,937.04,0
T0003280,C0096,low_evening_shopper,2026-01-20 23:28:00.000000000,0.8040325831705135,-0.6301440279640357,0,1,0,0,2.146,23,559.14,0
T0002369,C0069,low_evening_shopper,2026-01-20 23:38:00.000000000,1.213204263122791,1.1043374533718195,0,1,0,0,1.049,23,792.94,0
T0006370,C0007,high_business,2026-01-21 02:42:00.268207012,2.5377823824475163,4.981370878429392,1,1,0,0,1.142,2,28290.54,1
T0006375,C0046,high_business,2026-01-21 03:13:00.892487691,3.16016161270336,13.785986577711293,1,1,0,2,0.702,3,38037.22,1
T0006353,C0028,high_business,2026-01-21 04:09:00.313019580,2.0349548452593247,3.034426437700779,1,1,0,0,0.641,4,24660.55,1
T0006441,C0176,mid_weekend,2026-01-21 04:20:00.765856461,3.155083902988112,15.176824058200122,1,1,0,2,0.546,4,7891.85,1
T0003557,C0104,mid_weekend,2026-01-21 04:37:00.000000000,0.7380642263413676,-2.0977267964821364,1,1,0,0,0.538,4,1842.1,0
T0000707,C0019,high_business,2026-01-21 07:03:00.000000000,0.9613646197715477,-0.16969255508879186,0,0,0,1,-0.083,7,11799.0,0
T0003887,C0112,high_business,2026-01-21 07:04:00.000000000,1.1664420485703302,0.5082780165681489,0,0,0,0,1.858,7,15613.29,0
T0004839,C0142,high_business,2026-01-21 07:11:00.000000000,0.6299745978183902,-0.7737995098726286,0,0,0,1,-0.176,7,12270.38,0
T0005065,C0148,high_business,2026-01-21 07:15:00.000000000,1.1130701356077215,0.19276317737909,0,0,0,7,-0.115,7,14686.95,0
T0000249,C0007,high_business,2026-01-21 07:33:00.000000000,1.4636123139109791,1.6346065116229145,0,1,0,0,0.891,7,16522.29,0
T0005062,C0148,high_business,2026-01-21 08:04:00.000000000,0.8506301549771308,-0.2506358091102658,0,0,0,4,-0.175,8,11497.56,0
T0005059,C0148,high_business,2026-01-21 08:31:00.000000000,2.606836800452833,2.912514868589774,0,0,0,1,-0.031,8,34276.89,0
T0006233,C0178,high_business,2026-01-21 08:35:00.000000000,2.4125757159929497,7.214162352414231,0,1,0,2,-0.06,8,30379.21,0
T0000337,C0010,high_business,2026-01-21 08:45:00.000000000,0.4790460175579065,-5.1022123919321425,0,1,0,0,0.83,8,11729.42,0
T0000608,C0016,high_business,2026-01-21 08:52:00.000000000,0.8457302186110546,-0.357624736230612,0,0,0,2,-0.192,8,11550.2,0
T0004106,C0119,mid_weekend,2026-01-21 08:56:00.000000000,0.5819643891090446,-1.7558792517896704,0,0,0,0,0.74,8,1418.51,0
T0001201,C0034,high_business,2026-01-21 08:56:00.000000000,0.630462028600979,-2.3686810430677983,0,0,0,4,-0.066,8,8982.5,0
T0000706,C0019,high_business,2026-01-21 09:02:00.000000000,1.1693315937722224,0.7282819339816855,0,0,0,0,1.853,9,14230.93,0
T0002779,C0082,high_business,2026-01-21 09:07:00.000000000,1.121087658552343,0.4943765952951377,0,0,0,0,0.892,9,12227.97,0
T0004264,C0124,high_business,2026-01-21 09:07:00.000000000,0.7728776672293717,-0.7651039917837066,0,0,0,1,-0.228,9,9191.05,0
T0005058,C0148,high_business,2026-01-21 09:15:00.000000000,0.9509474201324619,-0.08729975131250133,0,0,0,0,0.958,9,12528.44,0
T0001203,C0034,high_business,2026-01-21 09:15:00.000000000,1.0188920508944033,0.0870274087129046,0,0,0,6,-0.062,9,13051.21,0
T0005060,C0148,high_business,2026-01-21 09:23:00.000000000,0.5570720697292372,-0.754875256779866,0,0,0,2,0.036,9,7777.54,0
T0005299,C0155,mid_weekend,2026-01-21 09:29:00.000000000,1.0905737571283982,0.38129613367163606,0,1,1,0,0.665,9,2754.65,0
T0000251,C0007,high_business,2026-01-21 09:36:00.000000000,2.040872790736972,3.7304059922195933,0,0,0,1,-0.072,9,23832.55,0
T0002678,C0079,high_business,2026-01-21 09:40:00.000000000,1.1296234628663804,0.9015710008446203,0,1,0,0,0.881,9,12390.05,0
T0005957,C0172,high_business,2026-01-21 09:47:00.000000000,1.2728626614466703,1.5304260180572271,0,1,1,0,3.661,9,14098.03,0
T0001985,C0058,high_business,2026-01-21 09:48:00.000000000,0.8006094014799692,-0.7201419788419152,0,0,0,0,0.949,9,9525.87,0
T0005877,C0169,high_business,2026-01-21 09:48:00.000000000,0.8064676600630557,-0.44365553729509105,0,0,0,0,0.719,9,10561.13,0
T0000339,C0010,high_business,2026-01-21 09:54:00.000000000,0.6544153796799576,-0.7398622695282839,0,0,1,1,-0.144,9,12503.36,0
T0001989,C0058,high_business,2026-01-21 09:57:00.000000000,0.9562966554325324,-0.15725102633028498,0,0,0,4,-0.047,9,11020.46,0
T0001735,C0050,mid_weekend,2026-01-21 09:58:00.000000000,0.7179767303613864,-1.3013614181491,0,1,0,0,0.701,9,1987.81,0
T0005064,C0148,high_business,2026-01-21 10:00:00.000000000,0.8683781942224086,-0.22185855432230364,0,0,0,4,-0.133,10,11507.1,0
T0006232,C0178,high_business,2026-01-21 10:01:00.000000000,1.0644805264130206,0.30408629709577656,0,0,0,1,-0.14,10,13281.62,0
T0003615,C0106,high_business,2026-01-21 10:02:00.000000000,1.1370453931222284,1.4971928477641507,0,1,1,1,-0.172,10,12087.89,0
T0000708,C0019,high_business,2026-01-21 10:05:00.000000000,2.6007774758050966,7.186309513888232,0,0,0,0,0.126,10,31861.09,0
T0001716,C0049,high_business,2026-01-21 10:11:00.000000000,0.7105011098716603,-0.4890424873039291,0,0,0,0,0.857,10,9289.37,0
T0003206,C0094,high_business,2026-01-21 10:12:00.000000000,2.6151974134436355,2.219298518578352,0,0,0,1,-0.063,10,38893.08,0
T0004970,C0146,mid_weekend,2026-01-21 10:21:00.000000000,0.6964590972390402,-0.9960319047143595,0,0,0,1,-0.392,10,1770.41,0
T0001200,C0034,high_business,2026-01-21 10:31:00.000000000,1.2419408504108158,1.636275018662645,0,1,1,3,-0.019,10,16685.33,0
T0004361,C0127,high_business,2026-01-21 10:43:00.000000000,4.196142798548535,9.342947667334098,0,0,0,0,1.815,10,52690.13,0
T0001197,C0034,high_business,2026-01-21 10:43:00.000000000,1.1331588887270454,0.6391626658898174,0,1,1,0,0.0,10,13597.91,0
T0001202,C0034,high_business,2026-01-21 10:45:00.000000000,0.8247979763510532,-0.7981967797673623,0,0,0,4,0.076,10,10882.79,0
T0001199,C0034,high_business,2026-01-21 10:59:00.000000000,0.7436677422337759,-1.506214670433588,0,1,0,2,-0.124,10,10924.52,0
T0001988,C0058,high_business,2026-01-21 11:05:00.000000000,1.0194726976471546,0.06802669776522587,0,0,0,2,-0.156,11,11735.81,0
T0004363,C0127,high_business,2026-01-21 11:13:00.000000000,2.7287432715612088,2.715677128845841,0,0,0,2,-0.006,11,38271.68,0
T0003439,C0100,high_business,2026-01-21 11:15:00.000000000,0.5531597309023814,-0.6632715047475447,0,0,0,1,-0.142,11,8969.47,0
T0003128,C0092,mid_weekend,2026-01-21 11:16:00.000000000,0.9490601681148119,-0.18980854587277404,0,1,0,0,1.011,11,2275.71,0
T0000250,C0007,high_business,2026-01-21 11:19:00.000000000,1.0904834053577632,0.3138426749003916,0,0,0,0,0.157,11,12666.84,0
T0004362,C0127,high_business,2026-01-21 11:21:00.000000000,0.6422127598552997,-0.5622074598654507,0,0,0,1,0.026,11,9138.06,0
T0004838,C0142,high_business,2026-01-21 11:24:00.000000000,2.382155446178287,4.437989592947568,0,1,0,0,0.901,11,37711.43,0
T0002507,C0073,high_business,2026-01-21 11:32:00.000000000,0.8264241089485165,-0.20742487704499313,0,0,0,1,-0.022,11,14413.47,0
T0001144,C0032,mid_weekend,2026-01-21 11:32:00.000000000,0.6290252059620781,-1.752056236872127,0,1,0,0,0.887,11,1782.47,0
T0004670,C0137,mid_weekend,2026-01-21 11:34:00.000000000,2.5291170899215176,10.060411561451621,0,0,1,0,3.917,11,5678.99,0
T0000931,C0025,high_business,2026-01-21 11:36:00.000000000,1.0000665310196941,0.00012552100600849648,0,0,0,0,0.943,11,13266.51,0
T0003205,C0094,high_business,2026-01-21 11:43:00.000000000,0.6641582797714383,-0.4577033092388575,0,0,0,0,0.74,11,10220.58,0
T0000812,C0022,high_business,2026-01-21 11:45:00.000000000,0.9203091661497571,-0.1405210240284024,0,1,0,0,1.072,11,14229.74,0
T0000813,C0022,high_business,2026-01-21 11:50:00.000000000,1.0307121950339388,0.06113700621332586,0,1,0,1,0.003,11,15619.28,0
T0002301,C0067,high_business,2026-01-21 11:50:00.000000000,0.9011183435657247,-0.3868072710398606,0,1,0,0,0.956,11,11091.61,0
T0002411,C0070,high_business,2026-01-21 11:52:00.000000000,3.443296258698645,16.62053162822349,0,0,0,0,1.119,11,38161.48,0
T0001717,C0049,high_business,2026-01-21 11:59:00.000000000,0.940896313933452,-0.10028117069401998,0,0,0,0,0.075,11,12146.8,0
T0006434,C0085,high_business,2026-01-21 11:59:00.711842825,5.12962100094718,6.699545968876756,0,0,0,0,1.003,11,79720.25,1
T0002192,C0064,high_business,2026-01-21 12:02:00.000000000,0.8206972264112438,-0.3055131035524788,0,0,0,0,2.085,12,13048.15,0
T0002508,C0073,high_business,2026-01-21 12:02:00.000000000,0.7883625044877519,-0.258385930966046,0,0,0,2,0.021,12,13590.54,0
T0002506,C0073,high_business,2026-01-21 12:03:00.000000000,0.6269395389669973,-0.44445787031885037,0,1,0,0,0.948,12,11233.65,0
T0001986,C0058,high_business,2026-01-21 12:06:00.000000000,1.10893260289341,0.3950577439279081,0,0,0,0,0.096,12,13018.99,0
T0005061,C0148,high_business,2026-01-21 12:16:00.000000000,0.5597790418673052,-0.7441993043195455,0,0,0,0,0.12,12,7687.13,0
T0000606,C0016,high_business,2026-01-21 12:25:00.000000000,0.9386797733275143,-0.1372196981479652,0,0,0,0,1.006,12,12906.48,0
T0002445,C0071,mid_weekend,2026-01-21 12:36:00.000000000,0.8823773004917012,-0.6422398377843342,0,0,0,0,0.76,12,2472.41,0
T0006124,C0175,high_business,2026-01-21 12:41:00.000000000,0.8595340781380192,-0.49211524381464294,0,0,0,0,1.194,12,11543.38,0
T0001129,C0031,high_business,2026-01-21 12:41:00.000000000,0.6937991340053995,-0.6146233882139762,0,0,0,0,1.009,12,9827.06,0
T0004735,C0139,high_business,2026-01-21 12:49:00.000000000,0.9438195921667076,-0.5548059199140629,0,0,1,1,-0.085,12,11570.03,0
T0006140,C0176,mid_weekend,2026-01-21 12:52:00.000000000,1.2165806645828947,1.5252334887267052,0,0,0,0,0.99,12,3043.05,0
T0006234,C0178,high_business,2026-01-21 12:52:00.000000000,0.6238679445987022,-0.8819392622362717,0,0,0,1,0.178,12,9242.87,0
T0002714,C0080,mid_weekend,2026-01-21 12:56:00.000000000,1.0507435999312833,0.358223794290942,0,0,0,0,0.735,12,2547.16,0
T0005406,C0157,high_business,2026-01-21 12:56:00.000000000,0.7943243040541125,-0.24675513390942871,0,0,0,0,0.826,12,14547.66,0
T0003552,C0103,high_business,2026-01-21 13:03:00.000000000,0.8654633058281272,-0.3161100209184625,0,0,0,0,2.135,13,13315.98,0
T0005063,C0148,high_business,2026-01-21 13:11:00.000000000,0.5635096978057608,-0.7407338870218816,0,0,0,1,0.213,13,7577.46,0
T0001322,C0037,high_business,2026-01-21 13:14:00.000000000,3.1923552019012944,3.7034707224206977,0,1,0,0,1.996,13,54889.85,0
T0002571,C0076,high_business,2026-01-21 13:18:00.000000000,0.7600581197288233,-0.9946099591248198,0,0,0,0,1.167,13,9034.46,0
T0006231,C0178,high_business,2026-01-21 13:22:00.000000000,0.9572856383920466,-0.1857373998252386,0,0,1,0,1.878,13,12029.78,0
T0004107,C0119,mid_weekend,2026-01-21 13:22:00.000000000,1.631384807577957,2.137016682763072,0,1,0,0,0.185,13,3643.97,0
T0000338,C0010,high_business,2026-01-21 13:22:00.000000000,0.7772070402982681,-0.44829346726485186,0,0,0,0,0.192,13,15725.31,0
T0000607,C0016,high_business,2026-01-21 13:28:00.000000000,0.9021995133475414,-0.22308439217453616,0,0,0,0,0.044,13,12371.82,0
T0001036,C0028,high_business,2026-01-21 13:42:00.000000000,0.9010951597468801,-0.28998313102379253,0,0,0,0,1.088,13,10919.9,0
T0001204,C0034,high_business,2026-01-21 13:44:00.000000000,2.8727859621859646,9.33843692152477,0,1,0,1,0.187,13,36897.44,0
T0001249,C0035,mid_weekend,2026-01-21 13:44:00.000000000,0.8684418967208031,-0.7187052785975525,0,0,0,0,1.931,13,2004.83,0
T0001337,C0038,mid_weekend,2026-01-21 13:46:00.000000000,0.3458957817470721,-0.9819134268681965,0,0,0,0,0.98,13,1516.73,0
T0003993,C0115,high_business,2026-01-21 13:48:00.000000000,1.6391980896847271,2.7972481529963735,0,0,0,0,1.159,13,18535.07,0
T0005740,C0166,high_business,2026-01-21 13:57:00.000000000,0.859881712439747,-0.3120542964623267,0,0,0,0,1.248,13,12460.58,0
T0001198,C0034,high_business,2026-01-21 13:58:00.000000000,1.1606357563716623,0.8737240088637184,0,1,0,0,0.135,13,15782.22,0
T0003614,C0106,high_business,2026-01-21 14:09:00.000000000,1.1274573863659474,0.519909078985679,0,0,1,0,1.144,14,11497.48,0
T0000062,C0002,mid_weekend,2026-01-21 14:17:00.000000000,1.1900195773624231,0.9746563063432958,0,0,0,0,0.924,14,3662.34,0
T0000263,C0008,mid_weekend,2026-01-21 14:23:00.000000000,0.9540588948687929,-0.2372858138206726,0,0,0,0,0.914,14,2619.03,0
T0004971,C0146,mid_weekend,2026-01-21 14:23:00.000000000,0.8706169295625739,-0.4169939014340849,0,0,0,1,0.168,14,2168.33,0
T0003470,C0101,mid_weekend,2026-01-21 14:35:00.000000000,0.7817846349865027,-0.5578552036662067,0,0,0,0,1.974,14,2687.35,0
T0004263,C0124,high_business,2026-01-21 14:36:00.000000000,1.312989083128004,1.0378318926431738,0,0,0,0,1.172,14,15361.01,0
T0001623,C0046,high_business,2026-01-21 14:39:00.000000000,1.0358277763332502,0.2326867474721999,0,0,0,0,1.178,14,12528.83,0
T0003438,C0100,high_business,2026-01-21 14:39:00.000000000,0.5590182807030915,-0.6596828198390903,0,0,0,0,2.062,14,9279.85,0
T0003668,C0107,mid_weekend,2026-01-21 14:40:00.000000000,1.0216689519040307,0.20728945601478502,0,0,0,0,3.104,14,2350.81,0
T0000340,C0010,high_business,2026-01-21 14:49:00.000000000,0.6644114449385472,-0.7098950806767949,0,0,0,0,0.205,14,11816.95,0
T0001987,C0058,high_business,2026-01-21 14:49:00.000000000,0.5564599793501407,-1.6645190661957272,0,0,0,0,0.113,14,6577.38,0
T0004734,C0139,high_business,2026-01-21 14:51:00.000000000,1.1425402894234045,1.4559989065367938,0,1,0,0,1.878,14,13524.16,0
T0003471,C0101,mid_weekend,2026-01-21 15:09:00.000000000,0.7858824431217286,-0.5569591529765267,0,0,0,1,0.024,15,2635.93,0
T0005564,C0161,mid_weekend,2026-01-21 15:20:00.000000000,1.1731294186364465,0.9190716362413284,0,0,0,0,0.827,15,2651.06,0
T0005565,C0161,mid_weekend,2026-01-21 15:22:00.000000000,1.230748037455488,1.2575620978954156,0,0,0,1,0.001,15,2825.04,0
T0000504,C0014,mid_weekend,2026-01-21 15:31:00.000000000,1.0823967927451112,0.2033987261984582,0,0,0,0,1.028,15,2742.03,0
T0005201,C0152,mid_weekend,2026-01-21 15:31:00.000000000,1.2173013425763342,1.3611198440387662,0,0,0,1,-0.047,15,2495.08,0
T0000628,C0017,mid_weekend,2026-01-21 15:36:00.000000000,0.6897484735742073,-0.4794281616923158,0,0,0,0,0.721,15,2432.83,0
T0002679,C0079,high_business,2026-01-21 15:40:00.000000000,1.177927526793264,1.3165007997472518,0,0,0,0,0.25,15,13254.81,0
T0003129,C0092,mid_weekend,2026-01-21 15:57:00.000000000,1.2304784345062756,0.9184917070877138,0,0,0,0,0.195,15,2929.04,0
T0001634,C0047,mid_weekend,2026-01-21 16:02:00.000000000,1.1513054228921096,0.5023907872133418,0,1,0,0,1.177,16,2293.66,0
T0004766,C0140,mid_weekend,2026-01-21 16:21:00.000000000,0.4241063436951585,-0.8058171529350744,0,0,0,0,0.876,16,1260.84,0
T0003899,C0113,mid_weekend,2026-01-21 16:36:00.000000000,0.8532248170856979,-0.46376907433582854,0,0,0,0,3.11,16,2433.7,0
T0005200,C0152,mid_weekend,2026-01-21 16:38:00.000000000,1.171286139986166,0.99521468767347,0,1,0,0,0.967,16,2302.18,0
T0006050,C0174,low_evening_shopper,2026-01-21 17:13:00.000000000,4.439495797060951,19.66173055682885,0,1,0,0,0.946,17,2968.85,0
T0003777,C0110,mid_weekend,2026-01-21 17:20:00.000000000,0.9382269844682403,-0.29681892743483856,0,1,0,0,1.325,17,2618.08,0
T0001847,C0053,mid_weekend,2026-01-21 17:20:00.000000000,0.8786352714509226,-0.9805580236259268,0,0,0,0,1.26,17,2355.92,0
T0004655,C0136,high_business,2026-01-21 17:29:00.000000000,1.130749285358259,0.24088310468079213,0,0,0,0,2.26,17,14794.49,0
T0003232,C0095,mid_weekend,2026-01-21 17:40:00.000000000,0.947975931454452,-0.3389710251137446,0,0,0,0,2.076,17,2044.67,0
T0000446,C0013,high_business,2026-01-21 18:04:00.000000000,1.0631204418197249,0.32211004562913514,1,1,1,0,2.322,18,13563.03,0
T0003344,C0098,mid_weekend,2026-01-21 18:11:00.000000000,1.0138298501686758,0.02907955222338289,0,0,0,0,1.265,18,3127.16,0
T0005931,C0171,low_evening_shopper,2026-01-21 18:15:00.000000000,0.9478008942762014,-0.3733006437734896,0,0,1,0,9.0,18,760.29,0
T0000723,C0020,mid_weekend,2026-01-21 18:16:00.000000000,1.0061443052744532,0.03564671851726091,0,0,0,0,0.897,18,2403.33,0
T0002614,C0077,mid_weekend,2026-01-21 18:17:00.000000000,0.6170319320805361,-1.686264369315782,0,0,0,0,1.162,18,1547.68,0
T0001177,C0033,low_evening_shopper,2026-01-21 18:48:00.000000000,0.7347545996028033,-0.4493387257678383,0,0,0,0,0.894,18,801.72,0
T0005447,C0158,mid_weekend,2026-01-21 18:50:00.000000000,1.280505930583008,2.069606458413694,0,1,0,0,1.313,18,3063.92,0
T0006458,C0140,mid_weekend,2026-01-21 18:52:00.495088122,1.3680038758210284,0.5149280495133091,0,0,1,5,0.981,18,4066.97,1
T0002538,C0075,low_evening_shopper,2026-01-21 19:11:00.000000000,1.0881346814674504,1.2203636176026023,0,0,0,0,4.105,19,707.46,0
T0006281,C0179,mid_weekend,2026-01-21 19:14:00.000000000,1.3156563451698307,1.1911105179902495,0,0,0,0,2.024,19,3211.08,0
T0003081,C0090,low_evening_shopper,2026-01-21 19:18:00.000000000,1.2303185610657719,1.2662245262157688,0,1,0,0,1.992,19,766.79,0
T0002147,C0063,low_evening_shopper,2026-01-21 19:42:00.000000000,0.5234820985760533,-0.9196590599220292,0,1,0,0,1.045,19,635.59,0
T0005821,C0168,low_evening_shopper,2026-01-21 19:44:00.000000000,0.5942493220202991,-0.6095060503324968,0,0,0,0,0.902,19,559.92,0
T0000987,C0027,low_evening_shopper,2026-01-21 19:44:00.000000000,1.5735509923015638,1.5913320859192683,0,1,0,0,1.076,19,690.56,0
T0004969,C0146,mid_weekend,2026-01-21 19:45:00.000000000,1.4205423591018183,1.3754444318236714,0,0,0,0,1.135,19,3505.73,0
T0000851,C0023,mid_weekend,2026-01-21 19:45:00.000000000,0.6367052064778158,-0.6134937760198091,0,1,0,0,1.308,19,2414.51,0
T0004919,C0144,low_evening_shopper,2026-01-21 19:55:00.000000000,1.3444217773271683,0.8598008959213745,0,0,0,0,1.008,19,882.01,0
T0004056,C0117,low_evening_shopper,2026-01-21 19:57:00.000000000,1.1992916241168277,1.054494391195111,0,0,0,0,1.146,19,875.98,0
T0002636,C0078,low_evening_shopper,2026-01-21 19:59:00.000000000,0.35571790801825426,-0.9852473941446411,0,1,1,0,0.976,19,667.11,0
T0002253,C0066,low_evening_shopper,2026-01-21 20:03:00.000000000,0.37407997636897833,-0.9469765877938405,0,1,0,0,2.956,20,351.48,0
T0002219,C0065,mid_weekend,2026-01-21 20:06:00.000000000,0.5751716096848745,-0.6134564730411579,0,0,0,0,1.221,20,2198.34,0
T0004812,C0141,low_evening_shopper,2026-01-21 20:10:00.000000000,0.8494101538037188,-1.0642819991305368,0,1,0,0,0.924,20,593.35,0
T0003159,C0093,low_evening_shopper,2026-01-21 20:20:00.000000000,0.6563534450020856,-2.190075743912615,0,0,0,0,2.969,20,435.8,0
T0000773,C0021,low_evening_shopper,2026-01-21 20:21:00.000000000,0.7802754166167062,-1.0558376101066376,0,0,0,0,2.051,20,595.18,0
T0002370,C0069,low_evening_shopper,2026-01-21 20:24:00.000000000,1.1215373883286897,0.670271427938079,0,0,0,0,0.865,20,772.1,0
T0003082,C0090,low_evening_shopper,2026-01-21 20:28:00.000000000,0.7473521376761134,-1.403527405579162,0,1,0,0,0.049,20,483.66,0
T0005493,C0159,low_evening_shopper,2026-01-21 20:34:00.000000000,3.4308707295886194,9.336494838848024,0,1,0,0,1.007,20,2371.91,0
T0000430,C0012,low_evening_shopper,2026-01-21 20:34:00.000000000,2.8906694562453454,2.6747283638492725,0,0,0,0,0.951,20,2304.32,0
T0000213,C0006,low_evening_shopper,2026-01-21 20:43:00.000000000,0.9598205804214603,-0.21964710906462542,0,1,1,0,1.02,20,944.46,0
T0001674,C0048,low_evening_shopper,2026-01-21 20:58:00.000000000,1.2925510779483622,1.086709749391242,0,0,0,0,3.994,20,977.94,0
T0005693,C0165,low_evening_shopper,2026-01-21 21:07:00.000000000,0.5650598320823276,-2.0158568049293817,0,0,0,0,2.04,21,405.61,0
T0006177,C0177,low_evening_shopper,2026-01-21 21:21:00.000000000,1.3443427689926017,1.1454709947248065,0,0,1,0,4.113,21,804.96,0
T0001946,C0057,low_evening_shopper,2026-01-21 21:28:00.000000000,0.7628669933602636,-0.922183914710086,0,1,1,0,0.0,21,534.01,0
T0002475,C0072,low_evening_shopper,2026-01-21 21:40:00.000000000,1.1631427247074078,0.720348357628887,0,0,0,0,1.028,21,773.66,0
T0004611,C0135,low_evening_shopper,2026-01-21 21:52:00.000000000,1.046359801526307,0.2908264589703126,0,1,0,0,2.058,21,760.85,0
T0004402,C0129,low_evening_shopper,2026-01-21 21:54:00.000000000,0.5799677537931329,-1.0167359265576157,0,1,0,0,2.965,21,456.03,0
T0003593,C0105,low_evening_shopper,2026-01-21 21:58:00.000000000,0.633167406776252,-1.4283383141041808,0,1,0,0,2.047,21,483.48,0
T0004512,C0132,low_evening_shopper,2026-01-21 22:09:00.000000000,0.9042476282225478,-0.49846592288745656,0,1,1,0,0.984,22,847.32,0
T0001291,C0036,low_evening_shopper,2026-01-21 22:18:00.000000000,1.1761324598634366,1.0126577383664794,0,0,0,0,8.08,22,912.89,0
T0000252,C0007,high_business,2026-01-21 22:52:00.000000000,4.592482539080054,10.52474922980254,1,0,0,0,0.553,22,56730.49,0
T0004717,C0138,low_evening_shopper,2026-01-21 23:58:00.000000000,0.7356337480869839,-0.4692922033151294,0,0,0,0,4.193,23,767.19,0
T0006451,C0073,high_business,2026-01-22 02:30:00.316285667,7.245241606192571,7.598745906166579,1,1,1,6,0.624,2,128008.17,1
T0004566,C0133,high_business,2026-01-22 07:33:00.000000000,0.8402188065841887,-2.300223279381609,0,0,0,0,2.819,7,10287.98,0
T0004367,C0127,high_business,2026-01-22 08:08:00.000000000,0.6315030116966839,-0.573763855069352,0,0,0,3,-0.036,8,9285.64,0
T0006236,C0178,high_business,2026-01-22 08:12:00.000000000,0.8763203061769522,-0.2985870788874057,0,0,0,1,-0.074,8,12463.33,0
T0005958,C0172,high_business,2026-01-22 08:28:00.000000000,1.0671121934951961,0.3662460163409694,0,0,0,0,0.945,8,12464.18,0
T0000035,C0001,high_business,2026-01-22 08:32:00.000000000,3.2492512763741144,11.668836792708836,0,0,0,2,-0.261,8,36994.95,0
T0005546,C0160,high_business,2026-01-22 08:32:00.000000000,1.0438892285537305,0.13927860081941873,0,0,0,2,-0.217,8,13349.03,0
T0003016,C0088,high_business,2026-01-22 08:46:00.000000000,0.9056440963100764,-0.19510237958106308,0,0,0,0,1.792,8,12319.0,0
T0004657,C0136,high_business,2026-01-22 08:58:00.000000000,0.8093074270606025,-0.3716924784571613,0,0,0,1,-0.103,8,10672.24,0
T0002926,C0085,high_business,2026-01-22 08:59:00.000000000,0.7411601287608774,-0.4299207130890017,0,0,0,4,-0.097,8,11681.68,0
T0001037,C0028,high_business,2026-01-22 09:00:00.000000000,1.255330606886019,0.7619643950849375,0,1,0,0,0.804,9,15141.05,0
T0004366,C0127,high_business,2026-01-22 09:00:00.000000000,0.8850349462111625,-0.17668669136551496,0,0,0,2,-0.168,9,13065.37,0
T0001205,C0034,high_business,2026-01-22 09:03:00.000000000,0.8198097394127044,-0.343617266048264,0,0,0,0,0.805,9,12994.39,0
T0001207,C0034,high_business,2026-01-22 09:12:00.000000000,0.7538078009512797,-0.5026295054935663,0,0,0,2,-0.068,9,11554.83,0
T0005548,C0160,high_business,2026-01-22 09:17:00.000000000,1.1985853389652794,0.6770860450373636,0,0,0,4,-0.085,9,15480.67,0
T0002194,C0064,high_business,2026-01-22 09:19:00.000000000,0.7709003985469397,-0.39599139748492634,0,0,0,1,-0.002,9,11930.13,0
T0003017,C0088,high_business,2026-01-22 09:20:00.000000000,1.0446816415472813,0.094355328619307,0,0,0,1,0.024,9,14139.68,0
T0002193,C0064,high_business,2026-01-22 09:22:00.000000000,0.6530015995961029,-0.6002453847703962,0,0,0,0,0.889,9,10284.01,0
T0000341,C0010,high_business,2026-01-22 09:31:00.000000000,0.8588022667969404,-0.2966852177789861,0,0,0,0,0.779,9,14420.0,0
T0000448,C0013,high_business,2026-01-22 09:47:00.000000000,0.7874856302125313,-3.7846507433445846,0,1,0,1,-0.042,9,10010.8,0
T0005741,C0166,high_business,2026-01-22 09:48:00.000000000,2.716071904595527,3.8757176004118326,0,0,0,0,0.827,9,39118.91,0
T0006235,C0178,high_business,2026-01-22 09:58:00.000000000,1.0183856230710362,0.042035172776284976,0,1,0,0,0.879,9,14457.26,0
T0006127,C0175,high_business,2026-01-22 10:02:00.000000000,0.9843181933395349,-0.055468931796631524,0,0,0,2,-0.068,10,13110.75,0
T0003669,C0107,mid_weekend,2026-01-22 10:13:00.000000000,1.1548006304813612,1.6222535191869314,0,0,0,0,0.815,10,2666.73,0
T0004841,C0142,high_business,2026-01-22 10:18:00.000000000,0.6193402960907644,-0.7226239507431106,0,0,0,1,-0.058,10,10639.84,0
T0005628,C0163,high_business,2026-01-22 10:18:00.000000000,1.2296724486531405,0.8334579080490435,0,0,0,0,3.86,10,13158.96,0
T0006004,C0173,mid_weekend,2026-01-22 10:19:00.000000000,2.938214014795264,7.633895172368196,0,0,0,1,-0.144,10,6943.51,0
T0003345,C0098,mid_weekend,2026-01-22 10:19:00.000000000,1.1809620813949726,0.39182574186773184,0,0,0,0,0.672,10,3645.48,0
T0005549,C0160,high_business,2026-01-22 10:20:00.000000000,1.320773862743385,1.1254484381421144,0,0,0,3,0.044,10,17258.11,0
T0004658,C0136,high_business,2026-01-22 10:27:00.000000000,1.111166200327412,0.21917159499335725,0,0,0,1,0.062,10,14525.81,0
T0004567,C0133,high_business,2026-01-22 10:27:00.000000000,0.7372234063581871,-2.9404134670330015,0,0,0,0,0.121,10,8786.48,0
T0005879,C0169,high_business,2026-01-22 10:43:00.000000000,0.633954499934692,-0.5143313320390906,0,0,0,1,-0.148,10,9400.39,0
T0000447,C0013,high_business,2026-01-22 10:47:00.000000000,0.8978686276310915,-0.5376355693552985,0,1,1,0,0.697,10,11816.3,0
T0002196,C0064,high_business,2026-01-22 10:47:00.000000000,0.9468797630739891,-0.09242382104522696,0,1,0,1,-0.209,10,14249.73,0
T0001206,C0034,high_business,2026-01-22 10:50:00.000000000,0.8683299353826883,-0.2592945617592134,0,0,1,0,0.074,10,13487.9,0
T0002924,C0085,high_business,2026-01-22 10:50:00.000000000,0.6833928392055193,-0.5281845859634289,0,0,0,2,-0.074,10,11166.39,0
T0002781,C0082,high_business,2026-01-22 10:53:00.000000000,1.2740728701292796,1.2961165640060957,0,1,0,1,-0.057,10,14213.1,0
T0000814,C0022,high_business,2026-01-22 10:56:00.000000000,0.6759531253872918,-0.7253595871748064,0,0,0,0,0.963,10,10306.23,0
T0004364,C0127,high_business,2026-01-22 10:58:00.000000000,0.6570852514118563,-0.5171112395680447,0,0,0,0,0.99,10,9828.64,0
T0002681,C0079,high_business,2026-01-22 10:58:00.000000000,0.466410549187825,-0.744445668419792,0,0,0,1,-0.124,10,7614.82,0
T0003018,C0088,high_business,2026-01-22 11:00:00.000000000,1.0018130747000298,0.00393607833377346,0,0,0,0,0.069,11,13589.75,0
T0004265,C0124,high_business,2026-01-22 11:04:00.000000000,1.053748822508017,0.18102692461762276,0,0,0,0,1.081,11,12388.86,0
T0001812,C0052,high_business,2026-01-22 11:05:00.000000000,0.9520734045176379,-0.1499996557315053,0,0,0,0,3.028,11,12719.34,0
T0005880,C0169,high_business,2026-01-22 11:08:00.000000000,0.9238135945609257,-0.10708931120120976,0,1,0,2,0.017,11,13505.61,0
T0000036,C0001,high_business,2026-01-22 11:10:00.000000000,2.294445042275692,2.4697626664109,0,0,0,2,0.11,11,30320.9,0
T0002922,C0085,high_business,2026-01-22 11:14:00.000000000,0.9813180591390505,-0.03075830686751784,0,1,0,0,1.899,11,15065.06,0
T0006125,C0175,high_business,2026-01-22 11:17:00.000000000,1.0805224389818096,0.2837146674116921,0,0,0,0,0.942,11,14463.81,0
T0002925,C0085,high_business,2026-01-22 11:18:00.000000000,0.582610777234394,-0.6982425945985901,0,0,0,3,0.019,11,9368.95,0
T0005547,C0160,high_business,2026-01-22 11:19:00.000000000,1.1130147421716141,0.3720757665118661,0,1,0,2,0.116,11,14274.63,0
T0005277,C0154,high_business,2026-01-22 11:19:00.000000000,1.0908684567223401,1.6218472898474863,0,0,0,0,1.894,11,14021.05,0
T0003900,C0113,mid_weekend,2026-01-22 11:21:00.000000000,1.0877275497621366,0.2834504458756165,0,0,0,0,0.781,11,3064.64,0
T0000945,C0026,mid_weekend,2026-01-22 11:23:00.000000000,1.0890915647475403,0.3752885434433021,0,1,0,0,1.83,11,2752.61,0
T0005544,C0160,high_business,2026-01-22 11:24:00.000000000,1.443478498237487,1.3612566514228637,0,0,0,0,3.071,11,17979.59,0
T0004656,C0136,high_business,2026-01-22 11:27:00.000000000,1.0279920907344051,0.053179152576237766,0,0,0,0,0.749,11,13537.97,0
T0005677,C0164,mid_weekend,2026-01-22 11:30:00.000000000,1.0459792526784841,0.05203660604978772,0,0,0,0,2.96,11,3222.85,0
T0000143,C0004,high_business,2026-01-22 11:36:00.000000000,0.9232661356329975,-0.6203452593170565,0,0,0,1,-0.069,11,11426.77,0
T0006126,C0175,high_business,2026-01-22 11:40:00.000000000,0.6952633911065474,-1.0871232317069297,0,0,0,1,0.016,11,9323.79,0
T0004840,C0142,high_business,2026-01-22 11:41:00.000000000,0.4498384844071135,-1.1296706139757624,0,0,0,0,1.188,11,8298.61,0
T0005407,C0157,high_business,2026-01-22 11:57:00.000000000,0.675536412006151,-0.3949736162480376,0,0,0,0,0.959,11,12238.19,0
T0002780,C0082,high_business,2026-01-22 12:15:00.000000000,1.0430585985023797,0.18988347029803124,0,0,0,0,1.131,12,11573.69,0
T0000037,C0001,high_business,2026-01-22 12:16:00.000000000,2.4819169930262595,2.68060371060405,0,0,0,2,0.046,12,35628.7,0
T0000609,C0016,high_business,2026-01-22 12:17:00.000000000,1.0235763774695894,0.05529576219181525,0,0,0,0,1.142,12,13892.8,0
T0002509,C0073,high_business,2026-01-22 12:20:00.000000000,0.9219356776579073,-0.0969295296818925,0,0,0,0,1.012,12,15682.97,0
T0002715,C0080,mid_weekend,2026-01-22 12:24:00.000000000,0.4878232576773219,-3.859041715576033,0,0,0,0,0.978,12,1190.06,0
T0001624,C0046,high_business,2026-01-22 12:25:00.000000000,1.0023244687215422,0.015441642420498876,0,0,0,0,0.907,12,12142.48,0
T0002004,C0059,mid_weekend,2026-01-22 12:33:00.000000000,0.8616218708129496,-0.19848704427543148,0,0,0,0,3.693,12,3008.71,0
T0002302,C0067,high_business,2026-01-22 12:33:00.000000000,1.259877622482966,1.0419657874816193,0,0,0,0,1.03,12,15397.94,0
T0005742,C0166,high_business,2026-01-22 12:35:00.000000000,0.7305803889475292,-0.522319601951786,0,0,0,0,0.116,12,11274.75,0
T0002923,C0085,high_business,2026-01-22 12:36:00.000000000,2.2435127507715804,2.1044570771661704,0,0,0,0,0.057,12,34406.34,0
T0004368,C0127,high_business,2026-01-22 12:39:00.000000000,2.538236818457442,2.393021575900022,0,1,0,1,0.188,12,36863.86,0
T0003130,C0092,mid_weekend,2026-01-22 12:43:00.000000000,0.8594315603519765,-0.5859946089417631,0,1,0,0,0.865,12,2104.74,0
T0005589,C0162,low_evening_shopper,2026-01-22 12:44:00.000000000,1.277304632914738,1.3762283649855966,1,0,0,0,2.676,12,809.81,0
T0000253,C0007,high_business,2026-01-22 12:45:00.000000000,0.684131940389918,-0.4325763524328175,0,0,0,0,0.578,12,10048.92,0
T0001508,C0044,mid_weekend,2026-01-22 12:56:00.000000000,0.6793452089891118,-0.7090292539726931,0,0,0,0,1.893,12,1813.08,0
T0004365,C0127,high_business,2026-01-22 13:02:00.000000000,0.9897388847529666,-0.015491606917842687,0,0,0,0,0.086,13,14616.43,0
T0005300,C0155,mid_weekend,2026-01-22 13:11:00.000000000,1.0137703528629822,0.06059552969023647,0,0,0,0,1.154,13,2676.62,0
T0000142,C0004,high_business,2026-01-22 13:15:00.000000000,0.8330526421538457,-1.3854710464939366,0,0,0,0,1.944,13,10389.08,0
T0005630,C0163,high_business,2026-01-22 13:17:00.000000000,1.1576736577049582,0.611910986461634,0,0,0,1,-0.026,13,12591.34,0
T0003558,C0104,mid_weekend,2026-01-22 13:18:00.000000000,1.3275258047562124,1.9531441139810568,0,0,0,0,1.362,13,3096.34,0
T0003233,C0095,mid_weekend,2026-01-22 13:35:00.000000000,1.2515678330412796,1.7632051470830075,0,0,0,0,0.83,13,2676.07,0
T0001990,C0058,high_business,2026-01-22 13:40:00.000000000,1.1965892206847566,0.7245970015322958,0,0,0,0,1.155,13,13757.9,0
T0005545,C0160,high_business,2026-01-22 13:44:00.000000000,0.8990627950552121,-0.3119840394866867,0,0,0,0,0.097,13,11580.51,0
T0001208,C0034,high_business,2026-01-22 13:46:00.000000000,0.8623184676957312,-0.2849603982688149,0,0,0,0,0.19,13,12922.32,0
T0006003,C0173,mid_weekend,2026-01-22 13:47:00.000000000,0.989327816169672,-0.04225921255347733,0,1,0,0,4.727,13,2350.5,0
T0002412,C0070,high_business,2026-01-22 13:50:00.000000000,0.964086846142123,-0.06805246663782777,0,0,0,0,1.082,13,12316.45,0
T0005629,C0163,high_business,2026-01-22 13:54:00.000000000,0.9822120931273048,-0.06661661867724467,0,0,0,0,0.15,13,10696.54,0
T0002680,C0079,high_business,2026-01-22 13:57:00.000000000,3.863774362958465,21.05211279030129,0,0,0,0,0.928,13,44767.02,0
T0001131,C0031,high_business,2026-01-22 14:00:00.000000000,0.7971519950128316,-0.41231535339620035,0,0,0,1,-0.074,14,11118.87,0
T0003346,C0098,mid_weekend,2026-01-22 14:04:00.000000000,0.8667833431636284,-0.29797076965734215,0,0,0,0,0.156,14,2701.14,0
T0000505,C0014,mid_weekend,2026-01-22 14:05:00.000000000,0.9679951952730756,-0.08130703652008367,0,0,0,0,0.94,14,2462.32,0
T0005878,C0169,high_business,2026-01-22 14:16:00.000000000,4.537811791322686,8.184250014495785,0,0,0,0,1.186,14,58945.89,0
T0000853,C0023,mid_weekend,2026-01-22 14:24:00.000000000,0.7211778619681628,-0.48890130536961707,0,0,0,1,-0.065,14,2618.26,0
T0003616,C0106,high_business,2026-01-22 14:28:00.000000000,0.985655518538942,-0.14982363200283733,0,1,0,0,1.185,14,10837.47,0
T0003440,C0100,high_business,2026-01-22 14:28:00.000000000,0.6876359671889072,-0.4600452081074444,0,0,0,0,1.134,14,10900.89,0
T0005881,C0169,high_business,2026-01-22 14:35:00.000000000,0.8535370542064766,-0.20915690792228783,0,0,0,1,0.144,14,12443.0,0
T0003472,C0101,mid_weekend,2026-01-22 14:45:00.000000000,0.7165649241901692,-0.7489792419623406,0,0,0,0,0.983,14,2351.97,0
T0001146,C0032,mid_weekend,2026-01-22 14:46:00.000000000,1.0464946404819457,0.24755496245191158,0,0,1,1,-0.011,14,2521.72,0
T0002523,C0074,mid_weekend,2026-01-22 14:48:00.000000000,0.8078169917417775,-0.9746521149646906,0,0,0,0,1.894,14,2435.49,0
T0000034,C0001,high_business,2026-01-22 14:48:00.000000000,0.8260647221251632,-0.9060297651263917,0,0,0,1,-0.019,14,9532.86,0
T0004736,C0139,high_business,2026-01-22 14:52:00.000000000,0.7928463265887401,-2.194945737564423,0,1,0,0,1.085,14,9610.08,0
T0004972,C0146,mid_weekend,2026-01-22 14:56:00.000000000,0.8795511208169177,-0.39554512107623213,0,0,0,0,1.023,14,2172.87,0
T0001145,C0032,mid_weekend,2026-01-22 15:02:00.000000000,1.1320499776340818,0.5079720069005521,0,1,0,0,1.146,15,2612.87,0
T0002572,C0076,high_business,2026-01-22 15:12:00.000000000,1.405317596631599,1.6488811274399493,0,0,1,0,1.079,15,16303.56,0
T0002682,C0079,high_business,2026-01-22 15:14:00.000000000,0.9569837462210579,-0.057907060664161625,0,0,0,0,0.178,15,14582.03,0
T0002220,C0065,mid_weekend,2026-01-22 15:15:00.000000000,0.7300629876614645,-0.3864728708564179,0,0,0,0,0.798,15,2682.58,0
T0000033,C0001,high_business,2026-01-22 15:16:00.000000000,0.7880826711241381,-1.1318567047655275,0,0,0,0,2.257,15,9258.04,0
T0004199,C0122,mid_weekend,2026-01-22 15:27:00.000000000,0.7412281397516004,-0.6620177539965157,0,1,0,0,2.044,15,2018.11,0
T0001926,C0056,mid_weekend,2026-01-22 15:29:00.000000000,2.993702683481268,4.512971017356313,0,0,0,0,2.183,15,9968.73,0
T0003035,C0089,mid_weekend,2026-01-22 15:36:00.000000000,1.0263686182879794,0.11531938767084354,0,0,0,1,-0.028,15,2715.16,0
T0001130,C0031,high_business,2026-01-22 15:46:00.000000000,0.8737560988901594,-0.25352725815341215,0,0,0,0,1.128,15,12240.65,0
T0002195,C0064,high_business,2026-01-22 15:48:00.000000000,0.6297453311096107,-0.6462152492088886,0,0,0,0,0.27,15,9639.36,0
T0000852,C0023,mid_weekend,2026-01-22 15:58:00.000000000,0.9280862439648516,-0.12110092418149804,0,0,0,0,0.842,15,3391.62,0
T0002330,C0068,mid_weekend,2026-01-22 16:05:00.000000000,0.5306154711085791,-4.831152055524019,0,0,0,0,1.981,16,1513.2,0
T0002221,C0065,mid_weekend,2026-01-22 16:09:00.000000000,0.5488892731744722,-0.6553405011186346,0,0,0,1,0.037,16,1971.5,0
T0005007,C0147,low_evening_shopper,2026-01-22 16:11:00.000000000,0.9202779380939188,-0.7376635166908513,0,0,0,0,3.874,16,1532.75,0
T0003034,C0089,mid_weekend,2026-01-22 16:17:00.000000000,1.1422244026842931,0.5948234441823389,0,0,0,0,1.86,16,2983.07,0
T0002815,C0083,mid_weekend,2026-01-22 16:44:00.000000000,1.0992278014547745,0.7279841158449339,0,0,0,0,1.872,16,2853.09,0
T0004612,C0135,low_evening_shopper,2026-01-22 17:05:00.000000000,0.8648310524704539,-0.9295290368851198,0,0,0,0,0.801,17,633.71,0
T0001635,C0047,mid_weekend,2026-01-22 17:08:00.000000000,0.825675487503207,-1.1577217420696175,0,0,1,0,1.046,17,1727.89,0
T0003347,C0098,mid_weekend,2026-01-22 17:31:00.000000000,0.7378603939349728,-0.5962407813296431,0,0,0,0,0.144,17,2284.06,0
T0004920,C0144,low_evening_shopper,2026-01-22 17:44:00.000000000,1.09125158073019,0.23968757518113543,0,0,0,0,0.909,17,740.57,0
T0005908,C0170,mid_weekend,2026-01-22 17:48:00.000000000,0.8031811123644563,-0.895284001304872,0,0,0,0,4.15,17,1827.84,0
T0001414,C0041,mid_weekend,2026-01-22 17:52:00.000000000,0.8105676891763615,-1.3156997897803737,0,0,0,0,3.183,17,2117.64,0
T0003382,C0099,low_evening_shopper,2026-01-22 19:14:00.000000000,0.8284272935173409,-1.294900445832159,0,1,0,1,-0.036,19,674.38,0
T0001427,C0042,low_evening_shopper,2026-01-22 19:15:00.000000000,0.47566282947873545,-0.5311131218450348,0,1,0,0,1.942,19,513.81,0
T0001250,C0035,mid_weekend,2026-01-22 19:27:00.000000000,3.8483324311689473,15.678869858278555,0,0,0,0,1.238,19,8815.25,0
T0002254,C0066,low_evening_shopper,2026-01-22 19:33:00.000000000,1.1875751357965152,0.26991736335216043,0,0,0,0,0.979,19,1052.34,0
T0000724,C0020,mid_weekend,2026-01-22 19:34:00.000000000,1.1395333844547684,0.8382353595202581,0,1,0,0,1.054,19,2723.06,0
T0004513,C0132,low_evening_shopper,2026-01-22 19:34:00.000000000,0.45758078143016806,-2.688527169833345,0,1,0,0,0.892,19,408.24,0
T0004318,C0126,low_evening_shopper,2026-01-22 19:35:00.000000000,1.0401818886244474,0.04827315524377116,0,1,0,0,1.911,19,988.38,0
T0002615,C0077,mid_weekend,2026-01-22 19:42:00.000000000,0.9474716636198885,-0.20221297116460274,0,0,0,0,1.059,19,2262.75,0
T0002946,C0086,mid_weekend,2026-01-22 19:44:00.000000000,0.4326200899986301,-0.7794372935505507,0,0,0,0,2.068,19,2256.04,0
T0006141,C0176,mid_weekend,2026-01-22 19:56:00.000000000,3.504611936388905,17.16496159979391,0,0,0,0,1.294,19,8924.35,0
T0002046,C0060,low_evening_shopper,2026-01-22 19:56:00.000000000,0.6784657041556096,-1.250411150505963,0,1,1,0,0.0,19,474.93,0
T0003381,C0099,low_evening_shopper,2026-01-22 20:06:00.000000000,1.113078031488137,0.8048807315698849,0,0,0,0,8.969,20,889.34,0
T0004403,C0129,low_evening_shopper,2026-01-22 20:07:00.000000000,0.569699682489284,-0.9974845680725493,0,0,0,0,0.926,20,427.05,0
T0003944,C0114,low_evening_shopper,2026-01-22 20:09:00.000000000,1.05493533795968,0.22686730487851683,0,1,0,0,2.981,20,717.28,0
T0000431,C0012,low_evening_shopper,2026-01-22 20:16:00.000000000,0.5563664130863734,-0.6013966402319204,0,0,0,0,0.988,20,503.41,0
T0002756,C0081,low_evening_shopper,2026-01-22 20:22:00.000000000,0.9086862368572445,-0.38586497493904454,0,0,1,0,2.938,20,691.17,0
T0001251,C0035,mid_weekend,2026-01-22 20:34:00.000000000,0.6180403421555778,-0.6545289377369111,0,0,0,0,0.047,20,1639.75,0
T0001086,C0030,low_evening_shopper,2026-01-22 20:38:00.000000000,0.9022845391535763,-0.3123246111196623,0,0,0,0,7.922,20,519.11,0
T0004813,C0141,low_evening_shopper,2026-01-22 20:44:00.000000000,0.8983463530069364,-0.7044404167765845,0,1,0,0,1.024,20,614.04,0
T0005822,C0168,low_evening_shopper,2026-01-22 20:50:00.000000000,0.459576060406666,-0.8071327764443293,0,0,0,0,1.046,20,419.51,0
T0003083,C0090,low_evening_shopper,2026-01-22 20:53:00.000000000,1.027930753079611,0.1427092510432957,0,0,0,0,1.017,20,641.23,0
T0004126,C0120,low_evening_shopper,2026-01-22 21:01:00.000000000,0.9409683942591752,-0.22080714246078376,0,0,0,0,4.994,21,777.02,0
T0002972,C0087,low_evening_shopper,2026-01-22 21:14:00.000000000,0.38393884098827835,-1.0874672720689784,0,1,0,0,2.892,21,545.97,0
T0004228,C0123,low_evening_shopper,2026-01-22 21:28:00.000000000,1.459044722188635,1.4934738623707884,0,0,0,0,2.003,21,810.04,0
T0000774,C0021,low_evening_shopper,2026-01-22 21:39:00.000000000,1.2846104325090935,1.3394951639491033,0,0,0,0,1.054,21,960.3,0
T0003594,C0105,low_evening_shopper,2026-01-22 21:52:00.000000000,1.23015032023493,0.8159441119379621,0,0,0,0,0.996,21,896.25,0
T0001869,C0054,low_evening_shopper,2026-01-22 21:55:00.000000000,0.8588918539922484,-0.6055074445038542,0,1,1,0,5.055,21,663.4,0
T0000002,C0000,low_evening_shopper,2026-01-22 21:58:00.000000000,2.4081698343645814,2.728827124082785,0,1,0,0,2.037,21,840.0,0
T0004290,C0125,mid_weekend,2026-01-22 22:20:00.000000000,1.013960318706009,0.08526306382596348,0,1,0,0,3.019,22,2752.34,0
T0002197,C0064,high_business,2026-01-23 00:54:00.000000000,1.7424819568783687,1.317581744077492,1,0,0,0,0.588,0,26162.3,0
T0001147,C0032,mid_weekend,2026-01-23 01:17:00.000000000,0.32399705949836693,-4.1725737225621025,1,0,0,0,0.438,1,789.81,0
T0000933,C0025,high_business,2026-01-23 03:14:00.000000000,0.824070574550896,-0.3491061329696724,1,0,0,1,-0.247,3,10936.79,0
T0006128,C0175,high_business,2026-01-23 06:03:00.000000000,0.6930580130553572,-1.0972865666330465,0,0,0,0,0.834,6,9228.12,0
T0006238,C0178,high_business,2026-01-23 07:04:00.000000000,1.0316102493362482,0.08205492579714545,0,0,0,1,-0.131,7,14464.19,0
T0000449,C0013,high_business,2026-01-23 07:26:00.000000000,0.8942572519803348,-0.9619960445429621,0,0,0,0,0.902,7,10764.15,0
T0004842,C0142,high_business,2026-01-23 07:42:00.000000000,0.5162082517121986,-0.9069735474500507,0,0,0,0,0.892,7,8493.02,0
T0002782,C0082,high_business,2026-01-23 07:45:00.000000000,1.1027624300448788,0.4875890309798407,0,0,1,0,0.869,7,12676.65,0
T0002783,C0082,high_business,2026-01-23 08:01:00.000000000,0.9789143606783652,-0.10529872382267791,0,1,0,1,0.011,8,11368.61,0
T0000816,C0022,high_business,2026-01-23 09:02:00.000000000,0.9312102276527197,-0.1493133657222031,0,0,0,1,-0.038,9,12716.48,0
T0002573,C0076,high_business,2026-01-23 09:04:00.000000000,0.88234624491454,-0.4660675435699042,0,0,0,0,0.744,9,10613.57,0
T0000932,C0025,high_business,2026-01-23 09:10:00.000000000,1.0094772019285825,0.018344758868968584,0,0,0,0,1.899,9,13391.4,0
T0005408,C0157,high_business,2026-01-23 09:21:00.000000000,0.9642783207091025,-0.04372014041764738,0,0,0,0,0.892,9,17185.71,0
T0003617,C0106,high_business,2026-01-23 09:23:00.000000000,1.443787264132197,5.1559047754455545,0,0,0,0,0.788,9,15829.18,0
T0002371,C0069,low_evening_shopper,2026-01-23 09:23:00.000000000,0.9314093873229029,-0.4149606595842934,1,1,0,0,1.541,9,656.79,0
T0001415,C0041,mid_weekend,2026-01-23 09:33:00.000000000,0.8148209535464551,-1.235995517508785,0,0,0,0,0.653,9,2095.15,0
T0000038,C0001,high_business,2026-01-23 09:50:00.000000000,0.6899111205253551,-0.5258100022164536,0,0,0,0,0.899,9,10821.19,0
T0003208,C0094,high_business,2026-01-23 09:55:00.000000000,0.6078464107332949,-0.5444061903273635,0,0,0,1,-0.053,9,10104.72,0
T0000815,C0022,high_business,2026-01-23 09:57:00.000000000,0.627453136569016,-0.8286131427706704,0,0,0,0,0.959,9,9050.07,0
T0005743,C0166,high_business,2026-01-23 09:58:00.000000000,0.8339673776712404,-0.3232231079945727,0,0,0,0,0.891,9,12731.58,0
T0001625,C0046,high_business,2026-01-23 10:04:00.000000000,0.8550933759129178,-0.9834213432253516,0,0,0,0,0.902,10,10359.88,0
T0005410,C0157,high_business,2026-01-23 10:06:00.000000000,1.4455540259670177,0.5625693644808741,0,0,0,2,-0.094,10,25406.88,0
T0001626,C0046,high_business,2026-01-23 10:10:00.000000000,1.184491675801222,1.2465969869473184,0,0,0,1,0.004,10,14267.52,0
T0006237,C0178,high_business,2026-01-23 10:12:00.000000000,0.9646243302003487,-0.08820842283579093,0,0,0,0,1.083,10,13564.97,0
T0006369,C0127,high_business,2026-01-23 10:13:00.028529790,4.459143632020325,5.196839406918051,0,0,0,1,0.899,10,68068.8,1
T0003618,C0106,high_business,2026-01-23 10:27:00.000000000,1.0204780536111604,0.12010940815725872,0,0,0,0,0.044,10,12015.69,0
T0006359,C0085,high_business,2026-01-23 10:33:00.347848413,4.837850531816882,6.420817245448259,0,0,0,2,0.915,10,75353.92,1
T0003995,C0115,high_business,2026-01-23 10:39:00.000000000,0.876492078592143,-0.4706615346197454,0,0,0,1,-0.157,10,10567.82,0
T0006366,C0142,high_business,2026-01-23 10:39:00.330059466,5.600419386304312,8.315925132152524,0,0,0,2,0.123,10,87684.25,1
T0005163,C0151,high_business,2026-01-23 10:52:00.000000000,1.63435900367311,3.3792917617987808,0,0,0,0,3.883,10,17410.49,0
T0004268,C0124,high_business,2026-01-23 10:56:00.000000000,3.6467901754047682,9.223149773365309,0,0,0,2,-0.155,10,42423.12,0
T0000144,C0004,high_business,2026-01-23 10:59:00.000000000,1.2637238888676314,2.1547353305819263,0,0,0,0,0.974,10,15588.25,0
T0003160,C0093,low_evening_shopper,2026-01-23 11:04:00.000000000,0.7233135401153878,-1.4755313744995242,1,1,0,0,1.614,11,463.76,0
T0003441,C0100,high_business,2026-01-23 11:06:00.000000000,0.7138684471931491,-0.42326657054653877,0,0,0,0,0.86,11,11148.41,0
T0002086,C0061,high_business,2026-01-23 11:07:00.000000000,0.9292994322628966,-0.3718542281720992,0,0,0,0,2.895,11,11618.74,0
T0003207,C0094,high_business,2026-01-23 11:11:00.000000000,0.6961430085276906,-0.41735899538966514,0,0,0,0,2.041,11,11873.2,0
T0004269,C0124,high_business,2026-01-23 11:13:00.000000000,0.9300159326917593,-0.12974607794515272,0,0,0,3,0.012,11,12012.02,0
T0006241,C0178,high_business,2026-01-23 11:22:00.000000000,0.7494781347317742,-0.7287907598067513,0,0,0,2,-0.133,11,10539.7,0
T0003131,C0092,mid_weekend,2026-01-23 11:24:00.000000000,0.8560531141772095,-0.6149172880718691,0,0,0,0,0.945,11,2063.72,0
T0002303,C0067,high_business,2026-01-23 11:29:00.000000000,1.0855071282359419,0.3486214013703242,0,0,0,0,0.956,11,13496.68,0
T0000629,C0017,mid_weekend,2026-01-23 11:30:00.000000000,0.538863722390377,-0.7158435959999662,0,0,0,0,1.829,11,1869.6,0
T0001209,C0034,high_business,2026-01-23 11:36:00.000000000,0.8262345659053165,-0.3700755251735124,0,0,0,0,0.91,11,12239.52,0
T0001719,C0049,high_business,2026-01-23 11:37:00.000000000,3.7427759543294137,4.830607665645444,0,0,0,1,-0.053,11,48122.38,0
T0000817,C0022,high_business,2026-01-23 11:41:00.000000000,1.2710490396151584,0.6226784381191052,0,0,0,0,0.11,11,17208.03,0
T0004266,C0124,high_business,2026-01-23 11:47:00.000000000,0.6966879588571743,-1.0486488045540179,0,0,0,0,1.03,11,8211.88,0
T0002222,C0065,mid_weekend,2026-01-23 11:56:00.000000000,1.001256252955089,0.0018040399874490794,0,0,0,0,0.824,11,3471.51,0
T0001149,C0032,mid_weekend,2026-01-23 12:05:00.000000000,1.0007929533975315,0.002011354447820435,0,0,0,1,-0.154,12,2403.38,0
T0005678,C0164,mid_weekend,2026-01-23 12:09:00.000000000,1.2028870135806975,0.2383817039000077,0,0,0,0,1.027,12,3717.68,0
T0004369,C0127,high_business,2026-01-23 12:10:00.000000000,0.676615197844659,-0.49315827644122634,0,0,0,0,0.98,12,10314.37,0
T0005301,C0155,mid_weekend,2026-01-23 12:11:00.000000000,1.2178760542516527,6.085767282117309,0,0,0,0,0.958,12,3230.27,0
T0005632,C0163,high_business,2026-01-23 12:13:00.000000000,1.1889565215031672,0.7497249744087571,0,0,0,1,-0.001,12,13373.32,0
T0002927,C0085,high_business,2026-01-23 12:13:00.000000000,0.6070718851739867,-0.657378197012981,0,0,0,0,1.135,12,9455.7,0
T0005631,C0163,high_business,2026-01-23 12:14:00.000000000,1.374434500914151,1.5013222403886997,0,0,0,0,0.956,12,15106.06,0
T0001047,C0029,mid_weekend,2026-01-23 12:15:00.000000000,0.7206054909707298,-0.40067623135599334,0,0,0,0,2.771,12,2213.22,0
T0004660,C0136,high_business,2026-01-23 12:17:00.000000000,0.8260020833399001,-0.3596598607396572,0,0,0,1,-0.108,12,10850.2,0
T0005448,C0158,mid_weekend,2026-01-23 12:21:00.000000000,1.0419226168963593,0.2736922720696118,0,0,0,0,1.73,12,2592.95,0
T0005409,C0157,high_business,2026-01-23 12:21:00.000000000,0.7327130061880598,-0.3346285680191666,0,0,0,0,0.125,12,13036.46,0
T0001720,C0049,high_business,2026-01-23 12:25:00.000000000,3.4918906437175243,3.59188614314767,0,0,0,2,0.033,12,49632.85,0
T0006239,C0178,high_business,2026-01-23 12:40:00.000000000,1.0287851016342842,0.07794133667176986,0,0,0,0,0.233,12,14459.65,0
T0006423,C0148,high_business,2026-01-23 12:44:00.577944115,4.871613722383727,6.771773941753715,0,0,0,0,2.019,12,65398.16,1
T0001718,C0049,high_business,2026-01-23 12:53:00.000000000,0.9599625547636619,-0.06920716901913247,0,0,0,0,2.038,12,12362.42,0
T0004370,C0127,high_business,2026-01-23 12:56:00.000000000,0.7223769425062567,-0.4241906310744071,0,0,0,1,0.032,12,10900.68,0
T0003619,C0106,high_business,2026-01-23 13:01:00.000000000,1.0210423006534128,0.13356004491207155,0,0,0,0,0.107,13,12057.5,0
T0002947,C0086,mid_weekend,2026-01-23 13:14:00.000000000,0.462301243529978,-0.6981540594104496,0,1,0,0,0.729,13,2182.85,0
T0003234,C0095,mid_weekend,2026-01-23 13:19:00.000000000,4.0531147711831785,19.924864121107507,0,0,0,0,0.989,13,8977.72,0
T0004032,C0116,mid_weekend,2026-01-23 13:24:00.000000000,0.9112160847667019,-0.16171978661630976,0,1,0,0,3.894,13,3434.8,0
T0001323,C0037,high_business,2026-01-23 13:24:00.000000000,0.5964804726082763,-0.5927723671846961,0,0,0,0,2.007,13,11505.13,0
T0005164,C0151,high_business,2026-01-23 13:30:00.000000000,1.0425426184525322,0.18244516602805658,0,0,0,0,0.11,13,11609.22,0
T0006410,C0065,mid_weekend,2026-01-23 13:48:00.122781309,2.16479034339598,1.6921218791743013,0,0,1,6,0.94,13,7775.48,1
T0003209,C0094,high_business,2026-01-23 13:52:00.000000000,0.5265180914755956,-0.6560755578651539,0,0,0,0,0.165,13,8488.71,0
T0005302,C0155,mid_weekend,2026-01-23 14:12:00.000000000,1.1449677321341514,1.5393057036158473,0,1,0,0,0.084,14,3202.31,0
T0005882,C0169,high_business,2026-01-23 14:18:00.000000000,0.8091345199505178,-0.2759003749507164,0,0,0,0,0.988,14,11733.99,0
T0003994,C0115,high_business,2026-01-23 14:25:00.000000000,0.9557999760774547,-0.16070952055419072,0,0,0,0,2.026,14,11575.19,0
T0002198,C0064,high_business,2026-01-23 14:31:00.000000000,0.8580333650891373,-0.2562044037369946,0,0,0,0,0.567,14,13281.4,0
T0006425,C0170,mid_weekend,2026-01-23 14:31:00.635341876,3.9262223088145154,13.232611290011606,0,1,1,0,0.863,14,8715.28,1
T0002118,C0062,mid_weekend,2026-01-23 14:32:00.000000000,1.264740592279736,1.465106903133752,0,0,0,0,2.804,14,2884.47,0
T0006240,C0178,high_business,2026-01-23 14:33:00.000000000,0.9773643008197905,-0.06372123156279356,0,0,0,0,0.078,14,13765.17,0
T0004267,C0124,high_business,2026-01-23 14:39:00.000000000,1.016773204311025,0.05712647317390857,0,1,0,0,0.119,14,11819.51,0
T0005278,C0154,high_business,2026-01-23 14:47:00.000000000,0.892521893379033,-1.767686987974266,0,0,0,0,1.144,14,11680.16,0
T0004659,C0136,high_business,2026-01-23 14:52:00.000000000,1.0000639667970133,0.00012943736647070086,0,0,0,0,1.184,14,13136.61,0
T0000342,C0010,high_business,2026-01-23 14:55:00.000000000,0.8242372025070003,-0.38842329272720205,0,0,1,0,1.225,14,13560.46,0
T0002510,C0073,high_business,2026-01-23 15:06:00.000000000,0.831775895663398,-0.2142581482309098,0,0,0,0,1.115,15,14084.3,0
T0006051,C0174,low_evening_shopper,2026-01-23 15:06:00.000000000,0.6634405870183241,-0.410263546566278,1,0,0,0,1.912,15,748.86,0
T0000934,C0025,high_business,2026-01-23 15:19:00.000000000,1.0106555905775267,0.02140975321383065,0,0,0,0,0.503,15,13305.82,0
T0004671,C0137,mid_weekend,2026-01-23 15:21:00.000000000,2.2842222361202627,2.6764128271345706,0,1,0,0,2.158,15,6697.69,0
T0001148,C0032,mid_weekend,2026-01-23 15:47:00.000000000,1.8349321895157795,2.353626282814581,0,0,0,0,0.604,15,3868.25,0
T0003473,C0101,mid_weekend,2026-01-23 16:07:00.000000000,0.8298394866679437,-0.4481603577817938,0,0,0,0,1.057,16,2653.59,0
T0000063,C0002,mid_weekend,2026-01-23 16:13:00.000000000,0.87747091703581,-0.719614420412484,0,1,1,0,2.081,16,2871.5,0
T0003559,C0104,mid_weekend,2026-01-23 16:18:00.000000000,1.1798883729113658,0.962458221478918,0,1,0,0,1.125,16,2932.26,0
T0000725,C0020,mid_weekend,2026-01-23 16:28:00.000000000,2.8452444616002737,11.303021739294744,0,0,0,0,0.871,16,6858.37,0
T0005910,C0170,mid_weekend,2026-01-23 16:36:00.000000000,1.12801656241694,0.5948687866263439,0,0,0,1,-0.067,16,2568.04,0
T0000264,C0008,mid_weekend,2026-01-23 16:58:00.000000000,0.9360474910418515,-0.35302218969137367,0,1,0,0,2.108,16,2552.72,0
T0003036,C0089,mid_weekend,2026-01-23 16:58:00.000000000,0.600040130034906,-1.8299465555088095,0,1,0,0,1.057,16,1590.84,0
T0001636,C0047,mid_weekend,2026-01-23 17:06:00.000000000,0.9707542719436763,-0.1856402064022669,0,0,0,0,0.999,17,1942.97,0
T0006381,C0035,mid_weekend,2026-01-23 17:26:00.426567341,1.6405594737765983,1.0976680531988554,0,0,1,6,0.916,17,4352.64,1
T0005566,C0161,mid_weekend,2026-01-23 17:27:00.000000000,0.979375156755558,-0.1124774569426217,0,0,0,0,2.087,17,2291.27,0
T0006282,C0179,mid_weekend,2026-01-23 17:34:00.000000000,0.8773245193462575,-0.48002470826811605,0,0,0,0,1.931,17,2253.91,0
T0001761,C0051,low_evening_shopper,2026-01-23 18:05:00.000000000,0.9802551891635114,-0.07678537547523345,0,1,1,0,0.0,18,686.18,0
T0005909,C0170,mid_weekend,2026-01-23 18:13:00.000000000,1.23045638113378,1.0421405239730261,0,0,0,0,1.017,18,2731.32,0
T0001048,C0029,mid_weekend,2026-01-23 18:13:00.000000000,0.5007596187582753,-0.7277782243390543,0,0,0,0,0.249,18,1495.03,0
T0004514,C0132,low_evening_shopper,2026-01-23 18:18:00.000000000,0.6612090183501927,-1.071672795821517,0,0,0,0,0.947,18,483.26,0
T0002047,C0060,low_evening_shopper,2026-01-23 18:25:00.000000000,1.0084195233637028,0.022214724962924808,0,1,1,0,0.937,18,478.92,0
T0000775,C0021,low_evening_shopper,2026-01-23 18:40:00.000000000,0.8500603830603262,-0.7037570753684148,0,1,0,0,0.876,18,650.53,0
T0001360,C0039,low_evening_shopper,2026-01-23 18:41:00.000000000,0.6674373137310752,-1.7071231624639212,0,1,0,0,5.977,18,554.87,0
T0005932,C0171,low_evening_shopper,2026-01-23 19:15:00.000000000,1.1095871148082541,0.8779777932319938,0,0,0,0,2.042,19,878.45,0
T0004291,C0125,mid_weekend,2026-01-23 19:36:00.000000000,1.0215689482930717,0.14455448084494296,0,0,0,0,0.886,19,2779.45,0
T0003498,C0102,low_evening_shopper,2026-01-23 19:39:00.000000000,0.3700099980690143,-5.123464195552623,0,1,1,0,3.056,19,541.65,0
T0001150,C0032,mid_weekend,2026-01-23 19:47:00.000000000,0.7001587260911053,-0.8215893922154737,0,1,0,0,0.321,19,1681.6,0
T0004718,C0138,low_evening_shopper,2026-01-23 19:49:00.000000000,0.8600690013239338,-0.25420168576108737,0,0,0,0,1.827,19,863.09,0
T0000003,C0000,low_evening_shopper,2026-01-23 19:51:00.000000000,1.1625234037708432,0.5366957156261916,0,0,1,0,0.912,19,691.01,0
T0000214,C0006,low_evening_shopper,2026-01-23 20:07:00.000000000,0.7406404484860882,-1.3893459442845364,0,1,0,0,1.975,20,714.15,0
T0001675,C0048,low_evening_shopper,2026-01-23 20:19:00.000000000,1.6251723641691809,2.438724766547613,0,0,0,0,1.973,20,1289.56,0
T0004319,C0126,low_evening_shopper,2026-01-23 20:24:00.000000000,2.545511809417863,2.01666902030483,0,0,0,0,1.034,20,2432.63,0
T0004814,C0141,low_evening_shopper,2026-01-23 20:25:00.000000000,0.7115817778656116,-2.0470000787592495,0,1,0,0,0.987,20,480.2,0
T0005353,C0156,low_evening_shopper,2026-01-23 20:26:00.000000000,1.206050307719793,0.8583076971358873,0,0,0,0,2.967,20,775.65,0
T0003811,C0111,low_evening_shopper,2026-01-23 20:29:00.000000000,1.3042216452547573,1.183084175990723,0,1,1,0,0.0,20,912.96,0
T0001558,C0045,low_evening_shopper,2026-01-23 20:30:00.000000000,0.9376630275423898,-0.3494145298448033,0,0,0,0,5.073,20,616.91,0
T0004320,C0126,low_evening_shopper,2026-01-23 20:40:00.000000000,0.49817677510952363,-0.6800869286402464,0,1,0,1,0.011,20,568.06,0
T0004404,C0129,low_evening_shopper,2026-01-23 20:45:00.000000000,1.299756093025716,0.6684708296099061,0,0,0,0,1.026,20,932.38,0
T0001848,C0053,mid_weekend,2026-01-23 20:55:00.000000000,1.096571635077444,0.7760169617901906,0,0,0,0,2.149,20,2904.6,0
T0003383,C0099,low_evening_shopper,2026-01-23 20:56:00.000000000,0.8477340361173857,-1.0875697184543494,0,0,0,0,1.071,20,673.18,0
T0005118,C0150,low_evening_shopper,2026-01-23 21:18:00.000000000,0.6798617373656748,-0.5478420430742992,0,0,0,0,3.013,21,580.99,0
T0005694,C0165,low_evening_shopper,2026-01-23 21:25:00.000000000,0.8032975810413753,-0.7346037628407451,0,1,0,0,2.013,21,540.8,0
T0001292,C0036,low_evening_shopper,2026-01-23 21:32:00.000000000,1.1489559668675549,0.9029441873375841,0,0,0,0,1.968,21,923.21,0
T0005008,C0147,low_evening_shopper,2026-01-23 21:32:00.000000000,0.3773642442183883,-1.6342329656780206,0,1,1,0,1.223,21,611.81,0
T0002476,C0072,low_evening_shopper,2026-01-23 21:34:00.000000000,0.8683142799409708,-0.6389565772137364,0,0,0,0,1.996,21,596.4,0
T0001087,C0030,low_evening_shopper,2026-01-23 21:49:00.000000000,0.8521749109231548,-1.4524429517161022,0,1,0,0,1.049,21,474.31,0
T0002973,C0087,low_evening_shopper,2026-01-23 21:58:00.000000000,0.49987592154604554,-0.7931308771574236,0,1,0,0,1.031,21,637.85,0
T0004613,C0135,low_evening_shopper,2026-01-23 21:58:00.000000000,3.928874718435892,20.128834577406984,0,0,0,0,1.203,21,2823.31,0
T0004229,C0123,low_evening_shopper,2026-01-23 22:24:00.000000000,1.2032362653335262,0.662734606118048,0,0,0,0,1.039,22,711.83,0
T0005241,C0153,low_evening_shopper,2026-01-23 22:56:00.000000000,1.2861743157793506,1.4634695475886261,0,0,0,0,3.132,22,873.31,0
T0006343,C0164,mid_weekend,2026-01-24 01:00:00.225857798,2.8346179481172524,2.250511177929972,1,1,0,2,0.535,1,8871.84,1
T0000265,C0008,mid_weekend,2026-01-24 01:27:00.000000000,1.0203596554262269,0.11826831935795086,1,0,0,0,0.353,1,2760.41,0
T0006380,C0008,mid_weekend,2026-01-24 03:31:00.656969612,2.4294694182430168,8.30372135948842,1,1,0,0,0.44,3,6572.51,1
T0006390,C0124,high_business,2026-01-24 03:55:00.288388552,2.8767292527268764,3.4977701678890987,1,1,0,0,0.696,3,37768.06,1
T0006362,C0092,mid_weekend,2026-01-24 04:00:00.729937519,5.297646375192249,18.722704782702696,1,1,1,6,0.692,4,12587.41,1
T0005411,C0157,high_business,2026-01-24 06:05:00.000000000,0.6268664757232018,-0.48770544230828977,0,0,0,0,0.833,6,11231.16,0
T0002446,C0071,mid_weekend,2026-01-24 07:17:00.000000000,1.039410651567832,0.22355008912329838,0,0,0,0,2.778,7,2855.32,0
T0001849,C0053,mid_weekend,2026-01-24 07:20:00.000000000,1.2953782483225897,2.4452245296294435,0,0,0,0,0.434,7,3461.33,0
T0000936,C0025,high_business,2026-01-24 07:50:00.000000000,0.8906341666505386,-0.2304380509879492,0,0,0,1,-0.278,7,11786.07,0
T0004739,C0139,high_business,2026-01-24 08:13:00.000000000,0.8293906596673578,-1.6336422864773505,0,0,0,2,-0.195,8,9773.29,0
T0001213,C0034,high_business,2026-01-24 08:14:00.000000000,0.6971387835655468,-0.5859219170215695,0,0,0,3,-0.151,8,10865.86,0
T0005633,C0163,high_business,2026-01-24 08:21:00.000000000,1.3555883429251034,1.446735242015336,0,0,0,0,0.839,8,15417.07,0
T0000345,C0010,high_business,2026-01-24 08:29:00.000000000,0.885527767666996,-0.2884048048513409,0,0,0,2,-0.142,8,14059.3,0
T0001722,C0049,high_business,2026-01-24 09:08:00.000000000,0.7612898815448614,-0.31782553895332133,0,0,0,1,-0.044,9,11726.3,0
T0002928,C0085,high_business,2026-01-24 09:24:00.000000000,2.2887533795068586,2.14683639951382,0,0,0,0,0.883,9,35040.39,0
T0005635,C0163,high_business,2026-01-24 09:33:00.000000000,2.5386949331300457,4.704108316507008,0,0,0,1,-0.069,9,31169.25,0
T0001179,C0033,low_evening_shopper,2026-01-24 09:41:00.000000000,0.4973716304604642,-0.8205499993269474,1,0,0,1,-0.315,9,502.95,0
T0000343,C0010,high_business,2026-01-24 09:50:00.000000000,0.9381029444561275,-0.14169001081525723,0,1,0,0,0.788,9,15094.71,0
T0001723,C0049,high_business,2026-01-24 10:06:00.000000000,0.5623434005674001,-0.5871198112056845,0,0,0,2,0.04,10,8590.59,0
T0001721,C0049,high_business,2026-01-24 10:11:00.000000000,0.7793211554066141,-0.29125595834307116,0,0,0,0,0.907,10,12099.4,0
T0003901,C0113,mid_weekend,2026-01-24 10:12:00.000000000,0.9553859835332628,-0.1505831942074648,0,0,0,0,1.952,10,2709.94,0
T0005066,C0148,high_business,2026-01-24 10:15:00.000000000,1.0501612607259136,0.08714020922236046,0,0,0,0,3.125,10,13905.83,0
T0003021,C0088,high_business,2026-01-24 10:20:00.000000000,2.962773586763876,3.9132614687508074,0,0,0,2,-0.081,10,41802.72,0
T0005883,C0169,high_business,2026-01-24 10:20:00.000000000,0.7495857214981648,-0.36548280734958744,0,0,0,0,0.835,10,10798.88,0
T0002929,C0085,high_business,2026-01-24 10:26:00.000000000,0.5726872553119171,-0.7017587762245118,0,0,0,0,0.043,10,9238.54,0
T0002784,C0082,high_business,2026-01-24 10:34:00.000000000,0.5953945191463996,-2.114036006574233,0,0,0,0,1.106,10,6901.35,0
T0002087,C0061,high_business,2026-01-24 10:38:00.000000000,0.7899512332145019,-1.122752186949823,0,0,0,0,0.98,10,9846.16,0
T0001132,C0031,high_business,2026-01-24 10:39:00.000000000,0.9045022919104169,-0.19554188111477713,0,0,0,0,1.86,10,12530.92,0
T0005744,C0166,high_business,2026-01-24 10:39:00.000000000,0.725161339904123,-0.5410662356093876,0,0,0,0,1.028,10,10999.82,0
T0000041,C0001,high_business,2026-01-24 10:47:00.000000000,0.9012793103170028,-0.16676522392053453,0,0,0,2,-0.067,10,13456.64,0
T0001324,C0037,high_business,2026-01-24 10:53:00.000000000,0.5969557509438957,-0.5899492703290977,0,0,0,0,0.895,10,11269.76,0
T0002512,C0073,high_business,2026-01-24 10:59:00.000000000,0.7252611984304972,-0.35616371671064384,0,0,0,1,-0.127,10,11917.38,0
T0004661,C0136,high_business,2026-01-24 11:00:00.000000000,0.8768014112604824,-0.25743296003141164,0,0,0,0,0.947,11,11437.33,0
T0004874,C0143,mid_weekend,2026-01-24 11:00:00.000000000,1.664323213696405,2.1842562810432042,0,0,0,0,3.801,11,3735.34,0
T0000818,C0022,high_business,2026-01-24 11:04:00.000000000,0.9214494135661411,-0.19304964708455646,0,0,0,0,0.974,11,12850.7,0
T0005634,C0163,high_business,2026-01-24 11:12:00.000000000,2.114057573998722,4.501633918573629,0,0,0,0,0.119,11,24518.09,0
T0001992,C0058,high_business,2026-01-24 11:24:00.000000000,1.0916993108006048,0.3546873561343602,0,0,0,1,-0.004,11,12699.27,0
T0001927,C0056,mid_weekend,2026-01-24 11:24:00.000000000,0.365689151602724,-1.0648538054877337,0,0,0,0,1.83,11,1420.02,0
T0001991,C0058,high_business,2026-01-24 11:30:00.000000000,1.0397166142094973,0.149716017805125,0,0,0,0,1.91,11,12071.75,0
T0002948,C0086,mid_weekend,2026-01-24 11:38:00.000000000,0.6786463544607944,-0.4022916043591549,0,0,0,0,0.933,11,2958.22,0
T0002931,C0085,high_business,2026-01-24 11:40:00.000000000,0.754935677282274,-0.40680223853123054,0,0,0,1,-0.083,11,11944.85,0
T0002933,C0085,high_business,2026-01-24 11:44:00.000000000,0.6782802153662079,-0.5396086476201223,0,0,0,3,-0.018,11,10524.8,0
T0001212,C0034,high_business,2026-01-24 11:52:00.000000000,2.5115884816045795,3.3920666646366713,0,0,0,2,-0.129,11,35767.45,0
T0002934,C0085,high_business,2026-01-24 11:52:00.000000000,1.1200063588282183,0.2015631159435612,0,0,0,4,0.006,11,17186.22,0
T0000344,C0010,high_business,2026-01-24 11:54:00.000000000,0.9353801895109569,-0.15564321118785057,0,1,0,0,0.086,11,14947.39,0
T0005165,C0151,high_business,2026-01-24 11:55:00.000000000,0.8587524501526971,-0.6280863234551759,0,0,0,0,0.934,11,9589.75,0
T0000039,C0001,high_business,2026-01-24 11:58:00.000000000,0.3625836841898556,-1.0850063436537716,0,0,0,0,1.089,11,5583.35,0
T0001210,C0034,high_business,2026-01-24 11:58:00.000000000,0.714240208571995,-0.6217120412167004,0,0,0,0,1.015,11,10439.05,0
T0005088,C0149,mid_weekend,2026-01-24 12:07:00.000000000,2.6786698293504507,2.425778663292155,0,0,0,0,3.636,12,8761.57,0
T0002932,C0085,high_business,2026-01-24 12:10:00.000000000,0.7109827828500265,-0.4829869988599796,0,0,0,2,0.021,12,11147.3,0
T0003553,C0103,high_business,2026-01-24 12:15:00.000000000,0.8187745637503462,-0.43285390387281625,0,0,0,0,2.967,12,12512.89,0
T0003020,C0088,high_business,2026-01-24 12:17:00.000000000,0.5252898685295033,-0.9640601414975104,0,0,0,1,-0.153,12,7567.68,0
T0000040,C0001,high_business,2026-01-24 12:23:00.000000000,1.0986217121032886,0.1614278612395763,0,0,0,1,0.017,12,16318.38,0
T0003442,C0100,high_business,2026-01-24 12:35:00.000000000,0.7868982788541139,-0.31716863710656756,0,0,0,0,1.062,12,12129.08,0
T0001325,C0037,high_business,2026-01-24 12:35:00.000000000,0.5476378637247123,-0.6599312659206831,0,0,0,0,0.071,12,10130.35,0
T0004740,C0139,high_business,2026-01-24 12:42:00.000000000,1.2066627469642943,1.8083781098825331,0,0,0,2,0.187,12,13949.4,0
T0001928,C0056,mid_weekend,2026-01-24 12:45:00.000000000,0.9028266345328162,-0.15489292387531492,0,0,0,0,0.056,12,3334.74,0
T0004738,C0139,high_business,2026-01-24 12:54:00.000000000,0.9961570805327513,-0.03443977734117997,0,0,0,1,-0.068,12,11744.05,0
T0003474,C0101,mid_weekend,2026-01-24 13:00:00.000000000,0.8861654066973292,-0.30615151836897164,0,0,0,0,0.87,13,2793.52,0
T0002683,C0079,high_business,2026-01-24 13:06:00.000000000,0.6925841250466601,-0.4367569997945592,0,0,0,0,1.911,13,10502.8,0
T0003560,C0104,mid_weekend,2026-01-24 13:09:00.000000000,1.2311363463461336,1.298647268735956,0,1,0,0,0.869,13,3151.35,0
T0002935,C0085,high_business,2026-01-24 13:15:00.000000000,0.5809844554559623,-0.7181885849909415,0,0,0,1,0.058,13,8950.72,0
T0002936,C0085,high_business,2026-01-24 13:15:00.000000000,0.5866027300563414,-0.7046974013573749,0,0,0,2,0.0,13,8915.12,0
T0003902,C0113,mid_weekend,2026-01-24 13:20:00.000000000,0.6220728610493537,-1.3184631604260777,0,0,0,0,0.131,13,1758.88,0
T0000369,C0011,mid_weekend,2026-01-24 13:22:00.000000000,0.7846543212835317,-3.180127325169385,0,0,0,0,3.888,13,2190.22,0
T0002930,C0085,high_business,2026-01-24 13:40:00.000000000,0.9444979948545004,-0.09055069612931385,0,0,0,0,0.135,13,14976.13,0
T0000173,C0005,mid_weekend,2026-01-24 13:51:00.000000000,0.6007758070650423,-0.6909105166312434,0,1,0,0,6.878,13,1920.79,0
T0004662,C0136,high_business,2026-01-24 13:51:00.000000000,0.8572434983972249,-0.3023816575844336,0,0,0,0,0.119,13,11129.22,0
T0002511,C0073,high_business,2026-01-24 14:02:00.000000000,0.6118295705281434,-0.5033294653966961,0,0,0,0,0.956,14,10263.17,0
T0006242,C0178,high_business,2026-01-24 14:28:00.000000000,0.8790546070430558,-0.3518971425000465,0,0,0,0,1.129,14,12168.34,0
T0003210,C0094,high_business,2026-01-24 14:28:00.000000000,0.6569465609449758,-0.46944733106584263,0,0,0,0,1.025,14,10233.31,0
T0000935,C0025,high_business,2026-01-24 14:31:00.000000000,1.1124457412257391,0.23111415953767472,0,0,0,0,0.967,14,14652.73,0
T0000432,C0012,low_evening_shopper,2026-01-24 14:31:00.000000000,0.6294279266748938,-0.498630569206178,1,0,0,0,1.76,14,552.67,0
T0004737,C0139,high_business,2026-01-24 14:32:00.000000000,1.0519506254049247,0.43357050085805254,0,0,0,0,1.986,14,12310.46,0
T0003996,C0115,high_business,2026-01-24 14:36:00.000000000,1.0264828327158748,0.10361945192066095,0,0,0,0,1.165,14,12237.29,0
T0004767,C0140,mid_weekend,2026-01-24 14:37:00.000000000,0.7166737286032002,-0.3863295482471501,0,0,0,0,2.928,14,2048.82,0
T0003748,C0109,high_business,2026-01-24 14:38:00.000000000,0.8604860940809635,-0.24811492297347607,0,0,0,0,4.161,14,12316.5,0
T0005202,C0152,mid_weekend,2026-01-24 14:39:00.000000000,1.1225107572797226,0.7647067414486042,0,0,0,0,2.964,14,2400.79,0
T0002304,C0067,high_business,2026-01-24 14:42:00.000000000,0.640153994761937,-1.5175895124437904,0,0,0,0,1.134,14,8001.91,0
T0005568,C0161,mid_weekend,2026-01-24 14:50:00.000000000,1.1982176300374412,1.127732843492389,0,0,0,1,-0.176,14,2840.47,0
T0001326,C0037,high_business,2026-01-24 14:51:00.000000000,0.8756533138029449,-0.18002245350032942,0,0,0,0,0.094,14,15849.15,0
T0001627,C0046,high_business,2026-01-24 14:52:00.000000000,1.3383766518543685,2.2810324837460088,0,0,0,0,1.196,14,16235.5,0
T0001211,C0034,high_business,2026-01-24 14:58:00.000000000,0.9200483273970382,-0.1744366841860736,0,0,0,0,0.125,14,13172.59,0
T0001151,C0032,mid_weekend,2026-01-24 14:58:00.000000000,1.2301185442530373,0.6230612100626596,0,0,0,0,0.799,14,2843.7,0
T0003670,C0107,mid_weekend,2026-01-24 15:03:00.000000000,0.533347170640495,-4.602673780293484,0,1,0,0,2.201,15,1258.87,0
T0003620,C0106,high_business,2026-01-24 15:23:00.000000000,0.6909095464592124,-2.100497007204159,0,1,0,0,1.099,15,8180.42,0
T0004200,C0122,mid_weekend,2026-01-24 15:27:00.000000000,0.7497351234592545,-0.64182621751285,0,0,0,0,2.0,15,2008.26,0
T0000267,C0008,mid_weekend,2026-01-24 15:28:00.000000000,0.752188265708476,-1.416125657392731,0,0,0,1,-0.064,15,2103.82,0
T0000506,C0014,mid_weekend,2026-01-24 15:32:00.000000000,0.9345307523805971,-0.17014305092126777,0,0,0,0,2.06,15,2373.57,0
T0002223,C0065,mid_weekend,2026-01-24 15:46:00.000000000,0.8023844522296434,-0.2945245041851557,0,0,0,0,1.16,15,2782.24,0
T0004973,C0146,mid_weekend,2026-01-24 15:53:00.000000000,0.6192276697262248,-1.273930580572058,0,0,0,0,2.04,15,1518.92,0
T0006005,C0173,mid_weekend,2026-01-24 15:55:00.000000000,2.038674978424161,1.8712329630058786,0,0,1,0,2.233,15,7930.35,0
T0005550,C0160,high_business,2026-01-24 15:55:00.000000000,1.280531399874097,0.9963789307658016,0,0,0,0,2.233,15,17030.45,0
T0003019,C0088,high_business,2026-01-24 15:57:00.000000000,2.362745855015303,3.031760485758599,0,0,0,0,2.206,15,32053.79,0
T0001416,C0041,mid_weekend,2026-01-24 16:01:00.000000000,1.023975604481989,0.15531676325544697,0,0,0,0,1.269,16,2595.44,0
T0001929,C0056,mid_weekend,2026-01-24 16:24:00.000000000,2.105558065926382,1.814518905178796,0,0,0,0,0.152,16,7723.25,0
T0003903,C0113,mid_weekend,2026-01-24 16:33:00.000000000,0.37951220105841876,-2.0676728864390492,0,0,0,0,0.134,16,1046.01,0
T0004719,C0138,low_evening_shopper,2026-01-24 16:41:00.000000000,0.7254310530885173,-0.5217967087502547,0,0,0,0,0.869,16,715.25,0
T0002716,C0080,mid_weekend,2026-01-24 16:42:00.000000000,0.5493560864150134,-2.0845694370224153,0,0,0,0,2.179,16,1263.9,0
T0002331,C0068,mid_weekend,2026-01-24 16:50:00.000000000,0.6013923519225409,-1.7458005128290806,0,0,0,0,2.031,16,1554.04,0
T0004108,C0119,mid_weekend,2026-01-24 16:53:00.000000000,1.5486787043038277,1.694254099292439,0,0,0,0,3.147,16,3823.25,0
T0001724,C0049,high_business,2026-01-24 16:55:00.000000000,0.6613139636706984,-0.4527817463528473,0,0,0,0,0.284,16,9955.12,0
T0003904,C0113,mid_weekend,2026-01-24 16:58:00.000000000,0.9078517711457571,-0.2708003209829782,0,0,0,1,0.017,16,2405.19,0
T0000266,C0008,mid_weekend,2026-01-24 17:00:00.000000000,1.3152794759831796,1.9454231920867828,0,0,0,0,0.648,17,3566.31,0
T0004590,C0134,mid_weekend,2026-01-24 17:07:00.000000000,0.9135355924650819,-0.8383276459031513,0,1,0,0,4.941,17,2320.83,0
T0001178,C0033,low_evening_shopper,2026-01-24 17:14:00.000000000,0.39583518919800453,-1.0380722626218006,0,0,0,0,2.935,17,421.5,0
T0002005,C0059,mid_weekend,2026-01-24 17:37:00.000000000,0.7892068064320962,-0.3136855896865564,0,0,0,0,2.211,17,2717.71,0
T0002616,C0077,mid_weekend,2026-01-24 17:37:00.000000000,0.87528412465293,-0.5051110235396926,0,0,0,0,1.913,17,2078.15,0
T0001509,C0044,mid_weekend,2026-01-24 17:40:00.000000000,1.315709275807516,0.6952381893347619,0,0,0,0,2.197,17,3417.61,0
T0000854,C0023,mid_weekend,2026-01-24 18:01:00.000000000,0.837567031248126,-0.2877197255618041,0,1,0,0,2.151,18,2970.16,0
T0005494,C0159,low_evening_shopper,2026-01-24 18:12:00.000000000,0.4698122257827155,-4.511394338568219,0,1,0,0,2.901,18,719.58,0
T0005933,C0171,low_evening_shopper,2026-01-24 18:16:00.000000000,0.729659079727498,-2.3034136357827233,0,0,0,0,0.959,18,590.32,0
T0002717,C0080,mid_weekend,2026-01-24 18:33:00.000000000,1.1354926327024488,0.5267379263328282,0,0,0,0,0.077,18,2494.7,0
T0003945,C0114,low_evening_shopper,2026-01-24 18:48:00.000000000,1.2144161285846273,1.0298989590952727,0,1,0,0,1.944,18,837.06,0
T0004230,C0123,low_evening_shopper,2026-01-24 18:48:00.000000000,0.5323255571441542,-1.6276731502637907,0,0,0,0,0.85,18,322.92,0
T0002006,C0059,mid_weekend,2026-01-24 18:53:00.000000000,2.1612239633094346,1.7697557482399278,0,0,0,0,0.053,18,7299.76,0
T0003132,C0092,mid_weekend,2026-01-24 18:57:00.000000000,1.4040877334760877,1.7604044782627464,0,0,0,0,1.315,18,3336.17,0
T0001870,C0054,low_evening_shopper,2026-01-24 19:01:00.000000000,0.8263692379725603,-0.6924974859876633,0,0,0,0,1.879,19,593.25,0
T0005567,C0161,mid_weekend,2026-01-24 19:03:00.000000000,1.208374838801791,1.1803216614725596,0,0,0,0,1.067,19,2822.53,0
T0005590,C0162,low_evening_shopper,2026-01-24 19:16:00.000000000,1.1109911189516524,0.560306849864128,0,0,0,0,2.272,19,753.19,0
T0002637,C0078,low_evening_shopper,2026-01-24 19:17:00.000000000,0.45859947566430564,-0.7194546199158799,0,0,0,0,2.971,19,721.52,0
T0006178,C0177,low_evening_shopper,2026-01-24 19:22:00.000000000,0.9249055982209229,-0.4942459767407145,0,1,0,0,2.917,19,617.38,0
T0000726,C0020,mid_weekend,2026-01-24 19:42:00.000000000,1.1169053514119607,0.28041102861784384,0,0,0,0,1.135,19,2984.49,0
T0004815,C0141,low_evening_shopper,2026-01-24 19:44:00.000000000,1.3031666702713183,1.8247475880013067,0,0,0,0,0.972,19,851.24,0
T0000004,C0000,low_evening_shopper,2026-01-24 19:45:00.000000000,1.2700337430260422,0.8228527662423719,0,1,0,0,0.996,19,795.82,0
T0001676,C0048,low_evening_shopper,2026-01-24 19:50:00.000000000,1.0234188521845449,0.07903359562828959,0,0,0,0,0.98,19,884.6,0
T0003499,C0102,low_evening_shopper,2026-01-24 19:54:00.000000000,0.6164840624503647,-0.9132590586681927,0,0,0,0,1.01,19,712.94,0
T0000215,C0006,low_evening_shopper,2026-01-24 19:56:00.000000000,0.9126580774559965,-0.646583720110799,0,0,0,0,0.992,19,803.93,0
T0001947,C0057,low_evening_shopper,2026-01-24 20:01:00.000000000,0.720987176110261,-0.8277487324933632,0,1,0,0,2.94,20,385.01,0
T0006283,C0179,mid_weekend,2026-01-24 20:13:00.000000000,1.2692387486016758,1.1000322195177983,0,0,0,0,1.11,20,3203.62,0
T0000630,C0017,mid_weekend,2026-01-24 20:14:00.000000000,0.7673405156113215,-0.35745678210980736,0,0,0,0,1.364,20,2600.92,0
T0000289,C0009,low_evening_shopper,2026-01-24 20:20:00.000000000,1.0258485900031287,0.1688146070390458,0,0,0,0,3.948,20,678.08,0
T0004057,C0117,low_evening_shopper,2026-01-24 20:24:00.000000000,0.846177830761778,-0.839895863009588,0,0,0,0,3.019,20,635.66,0
T0000533,C0015,low_evening_shopper,2026-01-24 20:25:00.000000000,0.8851345620021902,-0.44475971068145426,0,0,0,0,8.067,20,616.9,0
T0001762,C0051,low_evening_shopper,2026-01-24 20:26:00.000000000,1.5264494791148877,2.0068799089686524,0,0,0,0,1.098,20,1047.42,0
T0002617,C0077,mid_weekend,2026-01-24 20:36:00.000000000,1.3068963137835894,1.2776573216268978,0,0,0,0,0.124,20,3064.21,0
T0006346,C0048,low_evening_shopper,2026-01-24 20:38:00.387126718,1.319388876579568,1.1552141845373756,0,0,1,6,0.033,20,1143.76,1
T0001180,C0033,low_evening_shopper,2026-01-24 20:45:00.000000000,0.6655174063477202,-0.5327493490141012,0,0,0,0,0.461,20,646.97,0
T0000433,C0012,low_evening_shopper,2026-01-24 21:06:00.000000000,0.37332756258382405,-0.844181541121066,0,0,0,0,0.274,21,320.21,0
T0004033,C0116,mid_weekend,2026-01-24 21:27:00.000000000,0.5288239908718682,-0.965868641282327,0,0,0,0,1.335,21,1949.14,0
T0002974,C0087,low_evening_shopper,2026-01-24 21:36:00.000000000,0.6188005161801519,-0.580782364281452,0,0,0,0,0.985,21,733.18,0
T0003235,C0095,mid_weekend,2026-01-24 21:38:00.000000000,0.973931949555626,-0.035315781890887285,0,1,0,0,1.347,21,2980.58,0
T0003475,C0101,mid_weekend,2026-01-24 21:48:00.000000000,0.6013093555533825,-1.1022995010425567,0,0,0,0,0.367,21,1878.95,0
T0004405,C0129,low_evening_shopper,2026-01-24 22:12:00.000000000,0.9842558044772906,-0.03708181023531839,0,0,0,0,1.06,22,725.3,0
T0003595,C0105,low_evening_shopper,2026-01-24 22:21:00.000000000,0.9568167654893797,-0.16069770225050495,0,0,0,0,2.02,22,714.94,0
T0002048,C0060,low_evening_shopper,2026-01-24 22:24:00.000000000,1.7585014491959812,2.0097141387737185,0,0,0,0,1.166,22,838.67,0
T0001181,C0033,low_evening_shopper,2026-01-24 22:26:00.000000000,0.9376877053633076,-0.09953030631027926,0,0,0,0,0.07,22,889.77,0
T0003281,C0096,low_evening_shopper,2026-01-24 23:08:00.000000000,1.0792482218206143,0.2615166720420235,0,0,0,0,3.986,23,726.02,0
T0001725,C0049,high_business,2026-01-25 01:18:00.000000000,0.6668373634448256,-0.44634006434308976,1,0,0,0,0.349,1,9928.6,0
T0006373,C0001,high_business,2026-01-25 02:56:00.776810135,2.0033443763006855,1.6779187658335366,1,1,0,0,0.624,2,29609.39,1
T0006427,C0012,low_evening_shopper,2026-01-25 03:36:00.307347410,3.1756933430686387,2.930845794761227,1,1,0,2,0.545,3,2723.84,1
T0003621,C0106,high_business,2026-01-25 04:22:00.000000000,1.1708726889750993,0.9742741362264051,1,0,0,0,0.541,4,13387.11,0
T0001327,C0037,high_business,2026-01-25 07:36:00.000000000,0.7390073112362457,-0.384274178784185,0,0,0,0,0.698,7,13300.28,0
T0005636,C0163,high_business,2026-01-25 08:35:00.000000000,1.0345473639907388,0.08040695128584559,0,0,0,0,0.96,8,13679.04,0
T0005067,C0148,high_business,2026-01-25 09:31:00.000000000,0.8869451576929763,-0.1997243363677734,0,0,0,0,0.969,9,11762.44,0
T0003561,C0104,mid_weekend,2026-01-25 09:32:00.000000000,0.5948474971677169,-2.2800815671078363,0,1,0,0,0.849,9,1572.91,0
T0005886,C0169,high_business,2026-01-25 09:35:00.000000000,0.9009624436037386,-0.14828686345238412,0,0,0,2,-0.008,9,12730.5,0
T0005885,C0169,high_business,2026-01-25 09:46:00.000000000,0.8386902728204816,-0.23913970162256368,0,0,0,1,-0.301,9,11910.65,0
T0001993,C0058,high_business,2026-01-25 09:47:00.000000000,1.0486307253670348,0.19277927257180574,0,0,0,0,0.933,9,12249.11,0
T0003750,C0109,high_business,2026-01-25 10:12:00.000000000,0.9194135492555996,-0.14847818029926133,0,0,0,1,-0.09,10,13048.14,0
T0002200,C0064,high_business,2026-01-25 10:24:00.000000000,0.5479988266959821,-0.835625244934761,0,1,0,1,-0.006,10,8376.5,0
T0003997,C0115,high_business,2026-01-25 10:25:00.000000000,1.4341766621135426,1.7774639192233692,0,0,0,0,0.826,10,17135.37,0
T0001214,C0034,high_business,2026-01-25 10:25:00.000000000,0.9269903067021747,-0.14157701334655604,0,0,0,0,1.091,10,14191.01,0
T0005280,C0154,high_business,2026-01-25 10:26:00.000000000,0.8146023096610101,-2.1816622716157474,0,1,0,1,-0.06,10,10718.94,0
T0000145,C0004,high_business,2026-01-25 10:27:00.000000000,0.6528042935178717,-2.6816615802473125,0,0,0,0,1.978,10,8140.94,0
T0001133,C0031,high_business,2026-01-25 10:30:00.000000000,0.9512276323773172,-0.10114240708812951,0,0,0,0,0.994,10,13137.65,0
T0002199,C0064,high_business,2026-01-25 10:33:00.000000000,0.8220073749360005,-0.3255547610132331,0,0,0,0,1.835,10,12651.5,0
T0000256,C0007,high_business,2026-01-25 10:35:00.000000000,1.0833521407476046,0.11608132178895124,0,0,0,2,-0.048,10,15233.77,0
T0003211,C0094,high_business,2026-01-25 10:36:00.000000000,0.7370953188830704,-0.36123526698014624,0,0,0,0,0.839,10,11219.2,0
T0000254,C0007,high_business,2026-01-25 10:38:00.000000000,0.7752028015031858,-0.3094213069437955,0,0,0,0,2.912,10,11206.78,0
T0001215,C0034,high_business,2026-01-25 10:42:00.000000000,0.5587972047360795,-0.8763053768079867,0,0,0,1,0.012,10,8519.76,0
T0005959,C0172,high_business,2026-01-25 10:52:00.000000000,0.6930577958184342,-1.835052112532719,0,0,0,0,3.1,10,8185.66,0
T0002307,C0067,high_business,2026-01-25 10:54:00.000000000,1.04158436662159,0.16764174738225332,0,0,0,2,-0.09,10,12536.19,0
T0003023,C0088,high_business,2026-01-25 11:01:00.000000000,0.761890610672603,-0.4134171208460741,0,1,0,1,-0.069,11,11525.66,0
T0005960,C0172,high_business,2026-01-25 11:08:00.000000000,1.0766399131676017,0.3888306403846341,0,0,0,1,0.011,11,12158.54,0
T0005068,C0148,high_business,2026-01-25 11:08:00.000000000,0.9975077535065241,-0.004451580065358245,0,0,0,0,0.067,11,13184.71,0
T0005070,C0148,high_business,2026-01-25 11:14:00.000000000,0.5935085865824741,-0.7256871415764922,0,0,0,2,-0.171,11,7724.33,0
T0002305,C0067,high_business,2026-01-25 11:17:00.000000000,0.7398132026720755,-1.0389794410298647,0,0,0,0,0.858,11,9051.89,0
T0000347,C0010,high_business,2026-01-25 11:20:00.000000000,0.9768321833858545,-0.06316842632222486,0,0,0,1,-0.102,11,15382.68,0
T0002413,C0070,high_business,2026-01-25 11:30:00.000000000,0.764619408082005,-0.4587201987626707,0,0,0,0,2.903,11,9747.57,0
T0004034,C0116,mid_weekend,2026-01-25 11:33:00.000000000,0.8125629518282701,-0.35720060348920596,0,0,0,0,0.588,11,2712.72,0
T0005281,C0154,high_business,2026-01-25 11:34:00.000000000,0.9136088212537491,-0.8406032745126912,0,1,0,1,0.047,11,11743.12,0
T0005569,C0161,mid_weekend,2026-01-25 11:40:00.000000000,1.2569235734523474,1.4719023356570855,0,0,0,0,0.868,11,3019.01,0
T0005551,C0160,high_business,2026-01-25 11:40:00.000000000,0.8952636349213112,-0.3780826998095886,0,0,0,0,0.823,11,12082.38,0
T0005205,C0152,mid_weekend,2026-01-25 11:41:00.000000000,0.8372493035002563,-1.0172337373676248,0,0,0,2,-0.099,11,1788.61,0
T0000255,C0007,high_business,2026-01-25 11:44:00.000000000,0.6306194123639604,-0.5142404859975976,0,0,0,0,0.046,11,9019.01,0
T0005279,C0154,high_business,2026-01-25 11:52:00.000000000,1.1667859146142605,2.3930469688332683,0,0,0,0,1.878,11,14995.85,0
T0002937,C0085,high_business,2026-01-25 11:57:00.000000000,0.47350197794832594,-0.8931716488585005,0,0,0,0,0.946,11,7103.27,0
T0000043,C0001,high_business,2026-01-25 11:57:00.000000000,0.944954214382189,-0.0956910696353024,0,0,0,1,-0.063,11,13877.17,0
T0002574,C0076,high_business,2026-01-25 12:02:00.000000000,0.953040879441638,-0.19067014830337953,0,0,0,0,2.124,12,11351.55,0
T0002201,C0064,high_business,2026-01-25 12:08:00.000000000,0.5363044524105731,-0.8480544017869407,0,0,0,0,0.072,12,8060.51,0
T0003444,C0100,high_business,2026-01-25 12:09:00.000000000,0.7464486846614101,-0.3862832560661614,0,0,0,1,-0.034,12,11316.58,0
T0004663,C0136,high_business,2026-01-25 12:17:00.000000000,0.7711507316233019,-0.49053255538721025,0,0,0,0,0.935,12,9958.58,0
T0003749,C0109,high_business,2026-01-25 12:21:00.000000000,0.9501240165831466,-0.0900863327943996,0,0,0,0,0.905,12,13513.28,0
T0003022,C0088,high_business,2026-01-25 12:40:00.000000000,0.7780616363102172,-0.38204693294163566,0,0,0,0,1.097,12,11875.72,0
T0004664,C0136,high_business,2026-01-25 12:43:00.000000000,0.500657538449039,-1.0764445626290062,0,0,0,1,0.018,12,6412.61,0
T0004381,C0128,mid_weekend,2026-01-25 12:45:00.000000000,1.3152938607663756,0.6704189402539648,0,0,0,0,4.934,12,3504.46,0
T0000507,C0014,mid_weekend,2026-01-25 12:51:00.000000000,1.4951148685985254,1.3122139487338538,0,0,0,0,0.888,12,3786.07,0
T0003445,C0100,high_business,2026-01-25 12:53:00.000000000,0.8387607452448553,-0.2474319884232981,0,0,0,2,0.031,12,12587.12,0
T0001628,C0046,high_business,2026-01-25 12:57:00.000000000,1.2253718544650574,1.4353833551655424,0,0,0,0,0.92,12,15050.96,0
T0003443,C0100,high_business,2026-01-25 12:58:00.000000000,0.8264717556211613,-0.26105723441957784,0,0,0,0,1.016,12,12621.03,0
T0002685,C0079,high_business,2026-01-25 12:59:00.000000000,0.5213281340589049,-0.7118860701914151,0,0,0,1,-0.006,12,7569.41,0
T0002306,C0067,high_business,2026-01-25 13:03:00.000000000,0.964033606605274,-0.14146855682702264,0,0,0,0,0.074,13,11624.82,0
T0003348,C0098,mid_weekend,2026-01-25 13:06:00.000000000,0.9238162334701447,-0.17387835414561534,0,0,0,0,2.816,13,2823.99,0
T0002684,C0079,high_business,2026-01-25 13:08:00.000000000,0.8660428880929344,-0.19261693472067326,0,0,0,0,1.001,13,12729.51,0
T0002620,C0077,mid_weekend,2026-01-25 13:12:00.000000000,0.8463151618756735,-0.6984324518692796,0,0,0,2,-0.097,13,2069.63,0
T0002816,C0083,mid_weekend,2026-01-25 13:26:00.000000000,0.8958165427415081,-0.8072841517077918,0,0,0,0,2.862,13,2358.09,0
T0000042,C0001,high_business,2026-01-25 13:28:00.000000000,0.7578009801149662,-0.4174045200783356,0,0,0,0,1.112,13,11258.57,0
T0002007,C0059,mid_weekend,2026-01-25 13:31:00.000000000,0.587926381049525,-0.6406538147139066,0,0,0,0,0.776,13,2177.95,0
T0000346,C0010,high_business,2026-01-25 13:47:00.000000000,1.0274902311010783,0.07161402427945696,0,0,0,0,1.221,13,16143.44,0
T0004741,C0139,high_business,2026-01-25 13:47:00.000000000,1.1434713151430527,1.1725068409521406,0,0,0,0,1.045,13,13492.07,0
T0000819,C0022,high_business,2026-01-25 13:57:00.000000000,0.5165069526201189,-1.2403833205213168,0,0,0,0,1.12,13,7146.71,0
T0005637,C0163,high_business,2026-01-25 13:58:00.000000000,3.7864914806572743,6.655460073882209,0,0,0,0,0.224,13,50148.29,0
T0005204,C0152,mid_weekend,2026-01-25 14:03:00.000000000,1.1125361442212955,0.6666004088567943,0,0,0,1,-0.162,14,2343.73,0
T0000727,C0020,mid_weekend,2026-01-25 14:09:00.000000000,0.8832777680414552,-0.28932840620407496,0,0,0,0,0.769,14,2375.54,0
T0002202,C0064,high_business,2026-01-25 14:12:00.000000000,0.8542504829118108,-0.26359401377488173,0,0,0,0,0.086,14,12626.53,0
T0003672,C0107,mid_weekend,2026-01-25 14:14:00.000000000,1.511326214687779,2.296386517857418,0,0,0,1,-0.115,14,3535.4,0
T0000820,C0022,high_business,2026-01-25 14:24:00.000000000,0.8747052557781372,-0.30188836817536363,0,0,0,1,0.019,14,11571.0,0
T0006243,C0178,high_business,2026-01-25 14:37:00.000000000,1.0224884616005803,0.06672273043078349,0,0,0,0,1.006,14,14053.13,0
T0002203,C0064,high_business,2026-01-25 14:40:00.000000000,0.6565633263733273,-0.6281845121557027,0,1,0,1,0.019,14,9655.77,0
T0004035,C0116,mid_weekend,2026-01-25 15:12:00.000000000,0.9769940132399444,-0.04604000378959552,0,1,0,0,0.152,15,3159.77,0
T0005303,C0155,mid_weekend,2026-01-25 15:17:00.000000000,0.6952905406436564,-3.0660147273085747,0,0,0,0,2.045,15,2001.01,0
T0005069,C0148,high_business,2026-01-25 15:20:00.000000000,0.44972826637980107,-0.9971578547667462,0,0,0,0,0.175,15,5943.93,0
T0002619,C0077,mid_weekend,2026-01-25 15:32:00.000000000,1.0301495234938363,0.13142411379910351,0,0,0,1,-0.069,15,2513.36,0
T0003349,C0098,mid_weekend,2026-01-25 15:39:00.000000000,0.6523678344952468,-0.8087233600181472,0,0,0,0,0.106,15,1987.3,0
T0000268,C0008,mid_weekend,2026-01-25 15:43:00.000000000,0.5914259233004805,-2.201331950162416,0,0,0,0,1.01,15,1616.91,0
T0006007,C0173,mid_weekend,2026-01-25 16:04:00.000000000,0.766341716218817,-0.3604576423964213,0,0,0,1,-0.031,16,3201.5,0
T0004477,C0131,mid_weekend,2026-01-25 16:14:00.000000000,0.9213835846748492,-0.21558364242701095,0,1,0,0,4.947,16,2782.25,0
T0005449,C0158,mid_weekend,2026-01-25 16:15:00.000000000,1.1933626336452456,1.3502954243729441,0,0,0,0,2.163,16,2985.39,0
T0000631,C0017,mid_weekend,2026-01-25 16:33:00.000000000,1.033365278244016,0.05178888155496497,0,0,0,0,0.847,16,3463.82,0
T0001930,C0056,mid_weekend,2026-01-25 16:47:00.000000000,1.718046256211984,1.1860632276621073,0,0,0,0,1.016,16,6766.31,0
T0000064,C0002,mid_weekend,2026-01-25 16:48:00.000000000,0.8053986794164234,-1.2037289899477086,0,1,0,0,2.024,16,2554.91,0
T0006006,C0173,mid_weekend,2026-01-25 16:49:00.000000000,0.26285141973774073,-1.4105370992514712,0,1,0,0,1.038,16,1287.99,0
T0001738,C0050,mid_weekend,2026-01-25 16:58:00.000000000,1.4112375745743468,3.1751253738374645,0,0,0,2,-0.013,16,3574.48,0
T0004201,C0122,mid_weekend,2026-01-25 16:58:00.000000000,0.7329947701743237,-0.6871660246562927,0,0,0,0,1.063,16,1934.51,0
T0003671,C0107,mid_weekend,2026-01-25 16:59:00.000000000,1.4722609584037323,2.4550502237119667,0,0,0,0,1.081,16,3272.31,0
T0005884,C0169,high_business,2026-01-25 17:00:00.000000000,0.8161490098444271,-0.270041437693109,0,0,0,0,1.278,17,11659.68,0
T0002618,C0077,mid_weekend,2026-01-25 17:11:00.000000000,1.1480491549360312,0.6200532417665666,0,0,0,0,0.858,17,2766.87,0
T0001338,C0038,mid_weekend,2026-01-25 17:13:00.000000000,0.6428954279347401,-0.47697602229299807,0,0,0,0,4.144,17,2450.27,0
T0001736,C0050,mid_weekend,2026-01-25 17:15:00.000000000,1.0316569480216695,0.18840088397640753,0,0,0,0,4.303,17,2587.76,0
T0001737,C0050,mid_weekend,2026-01-25 17:17:00.000000000,1.0092206952707365,0.06358462367110253,0,1,0,1,0.001,17,2551.52,0
T0004058,C0117,low_evening_shopper,2026-01-25 17:28:00.000000000,3.4423304933637437,13.403711720415654,0,1,0,0,0.878,17,2536.19,0
T0000370,C0011,mid_weekend,2026-01-25 17:31:00.000000000,0.8776276445006278,-1.1120744992735863,0,0,0,0,1.173,17,2344.23,0
T0004292,C0125,mid_weekend,2026-01-25 17:45:00.000000000,1.1940129457475748,1.4066808279819967,0,0,0,0,1.923,17,3258.63,0
T0003476,C0101,mid_weekend,2026-01-25 17:52:00.000000000,1.0071905464917588,0.019226384027226342,0,0,0,0,0.836,17,3057.61,0
T0000666,C0018,low_evening_shopper,2026-01-25 17:53:00.000000000,1.357911875624776,2.3906258015405917,0,1,0,0,4.818,17,909.14,0
T0005304,C0155,mid_weekend,2026-01-25 17:54:00.000000000,0.6507843370946038,-2.280584891279411,0,0,0,0,0.109,17,1777.8,0
T0005203,C0152,mid_weekend,2026-01-25 17:56:00.000000000,0.7569537824492867,-1.6187642319899256,0,0,0,0,1.137,17,1652.0,0
T0000988,C0027,low_evening_shopper,2026-01-25 18:03:00.000000000,1.5947373670819747,1.6755257193938105,0,0,0,0,3.93,18,780.14,0
T0001417,C0041,mid_weekend,2026-01-25 18:54:00.000000000,1.0829671335233761,0.5582342288817311,0,0,0,0,1.12,18,2749.66,0
T0002049,C0060,low_evening_shopper,2026-01-25 19:23:00.000000000,1.0103739195160026,0.03634680873395794,0,1,0,0,0.874,19,603.71,0
T0002539,C0075,low_evening_shopper,2026-01-25 19:24:00.000000000,0.7488228867736645,-3.503717333247128,0,1,0,0,4.009,19,497.58,0
T0001871,C0054,low_evening_shopper,2026-01-25 19:24:00.000000000,0.8721976326018481,-1.1727499802312835,0,0,0,0,1.016,19,589.91,0
T0003133,C0092,mid_weekend,2026-01-25 19:26:00.000000000,1.1517226407519614,0.6348238235898804,0,0,0,0,1.02,19,2837.06,0
T0003946,C0114,low_evening_shopper,2026-01-25 19:31:00.000000000,1.0866564649513453,0.4408113071685258,0,0,0,0,1.03,19,781.12,0
T0001850,C0053,mid_weekend,2026-01-25 19:31:00.000000000,0.8865890571492007,-0.8208361854516275,0,0,0,0,1.508,19,2427.33,0
T0000290,C0009,low_evening_shopper,2026-01-25 19:32:00.000000000,1.1025691263589559,0.7171575932403232,0,0,0,0,0.967,19,731.14,0
T0004515,C0132,low_evening_shopper,2026-01-25 19:35:00.000000000,0.7493979100322266,-0.7384809998528826,0,0,0,0,2.053,19,501.32,0
T0003236,C0095,mid_weekend,2026-01-25 20:00:00.000000000,1.050788229445166,0.07276286319010705,0,0,0,0,0.932,20,3206.47,0
T0000371,C0011,mid_weekend,2026-01-25 20:07:00.000000000,0.5161848945375807,-4.296120735092063,0,0,0,0,0.108,20,1350.66,0
T0006179,C0177,low_evening_shopper,2026-01-25 20:12:00.000000000,1.0228917315837736,0.16572225998676887,0,0,0,0,1.035,20,669.97,0
T0005354,C0156,low_evening_shopper,2026-01-25 20:29:00.000000000,0.8603144069471093,-0.6018677427073139,0,0,0,0,2.002,20,563.66,0
T0000534,C0015,low_evening_shopper,2026-01-25 20:31:00.000000000,0.8581938183454144,-0.4180364350838949,0,1,0,0,1.004,20,575.23,0
T0005242,C0153,low_evening_shopper,2026-01-25 20:44:00.000000000,0.8733557716050153,-0.6372803742509027,0,0,0,0,1.908,20,609.98,0
T0000632,C0017,mid_weekend,2026-01-25 20:50:00.000000000,0.27103051231402775,-1.1598037450378735,0,0,0,0,0.178,20,909.87,0
T0005119,C0150,low_evening_shopper,2026-01-25 21:09:00.000000000,0.6208021137718392,-0.6515836449641956,0,0,0,0,1.994,21,516.36,0
T0003698,C0108,low_evening_shopper,2026-01-25 21:17:00.000000000,0.4861997954895161,-0.5664451454610059,0,0,0,0,7.017,21,706.04,0
T0002858,C0084,low_evening_shopper,2026-01-25 21:19:00.000000000,1.303092170628505,1.178691774666408,0,1,1,0,0.0,21,912.16,0
T0001948,C0057,low_evening_shopper,2026-01-25 21:23:00.000000000,1.8616734206282524,2.199706282221372,0,1,1,0,1.057,21,855.46,0
T0003812,C0111,low_evening_shopper,2026-01-25 21:32:00.000000000,0.9704951299082715,-0.1496479063880189,0,1,1,0,2.044,21,886.02,0
T0000434,C0012,low_evening_shopper,2026-01-25 22:10:00.000000000,1.0672322311949287,0.08808623805365676,0,0,0,0,1.044,22,881.64,0
T0002372,C0069,low_evening_shopper,2026-01-25 22:20:00.000000000,3.924663845142988,18.891714408128788,0,0,0,0,2.54,22,2735.89,0
T0004921,C0144,low_evening_shopper,2026-01-25 22:24:00.000000000,1.2503348428849186,0.6935527343646558,0,0,0,0,3.194,22,855.57,0
T0002477,C0072,low_evening_shopper,2026-01-25 22:43:00.000000000,1.0924315898832213,0.4649552964742972,0,0,0,0,2.048,22,733.87,0
T0003751,C0109,high_business,2026-01-25 22:58:00.000000000,0.7413544145802028,-0.48493920079881714,1,0,0,0,0.532,22,10485.83,0
T0000894,C0024,low_evening_shopper,2026-01-25 22:59:00.000000000,1.2506153492351846,0.8845296522200031,0,1,0,0,7.072,22,794.51,0
T0004568,C0133,high_business,2026-01-25 23:09:00.000000000,1.0108248924465228,0.08422645847242692,1,0,0,0,3.529,23,11595.1,0
T0004720,C0138,low_evening_shopper,2026-01-25 23:18:00.000000000,0.8398115320487928,-0.3084110897589271,0,0,0,0,1.276,23,802.76,0
T0005089,C0149,mid_weekend,2026-01-26 01:01:00.000000000,0.6572425776209161,-0.48300766721315475,1,0,0,0,1.538,1,2407.52,0
T0006244,C0178,high_business,2026-01-26 01:14:00.000000000,0.7409974898256302,-0.7916229548316235,1,0,0,0,0.442,1,10197.03,0
T0005282,C0154,high_business,2026-01-26 04:12:00.000000000,0.7638462567340265,-2.3242948096011737,1,0,0,0,0.693,4,9723.89,0
T0003627,C0106,high_business,2026-01-26 05:42:00.000000000,1.1179499590043567,0.765762999937214,0,0,0,5,-0.247,5,13075.02,0
T0000450,C0013,high_business,2026-01-26 05:57:00.000000000,1.373047243214413,3.41179678735678,0,0,0,0,2.938,5,16177.8,0
T0002575,C0076,high_business,2026-01-26 06:14:00.000000000,1.1663438944757272,0.6994757081469971,0,0,0,0,0.758,6,13841.99,0
T0005166,C0151,high_business,2026-01-26 06:23:00.000000000,0.9908392947787452,-0.041194736072724385,0,0,0,0,1.769,6,10967.09,0
T0005286,C0154,high_business,2026-01-26 06:29:00.000000000,0.9494724234619439,-0.096610347497876,0,0,0,3,-0.222,6,13756.73,0
T0005074,C0148,high_business,2026-01-26 07:39:00.000000000,0.6069469974466747,-0.7259206450737389,0,0,0,3,-0.101,7,7831.75,0
T0001726,C0049,high_business,2026-01-26 07:52:00.000000000,0.7644840090031318,-0.31625045143758723,0,0,0,0,1.274,7,11263.96,0
T0004202,C0122,mid_weekend,2026-01-26 08:02:00.000000000,0.6958415163089446,-0.7833217634890383,0,0,0,0,0.628,8,1809.22,0
T0005887,C0169,high_business,2026-01-26 08:06:00.000000000,0.9247038132311559,-0.11410580645854256,0,0,0,0,0.938,8,13026.75,0
T0006245,C0178,high_business,2026-01-26 08:35:00.000000000,1.2463215462286386,0.7506715937637599,0,0,0,0,0.306,8,16917.11,0
T0001218,C0034,high_business,2026-01-26 08:38:00.000000000,0.8114839137118832,-0.37713922794693855,0,0,0,2,-0.097,8,12374.57,0
T0005283,C0154,high_business,2026-01-26 08:39:00.000000000,3.220069451171863,18.120458157095918,0,0,0,0,0.185,8,40024.0,0
T0004570,C0133,high_business,2026-01-26 08:56:00.000000000,1.0133916247446704,0.1103016507138858,0,0,0,1,-0.186,8,11480.16,0
T0002576,C0076,high_business,2026-01-26 09:08:00.000000000,1.0105072890974622,0.04560572462522802,0,0,0,0,0.121,9,12135.04,0
T0003240,C0095,mid_weekend,2026-01-26 09:15:00.000000000,0.49228568183665694,-0.6675685370179225,0,0,0,3,-0.354,9,1722.51,0
T0001727,C0049,high_business,2026-01-26 09:30:00.000000000,0.9367722978707812,-0.08547368055480338,0,0,0,0,0.068,9,13703.96,0
T0001731,C0049,high_business,2026-01-26 09:36:00.000000000,0.9745900641539443,-0.03566092373285672,0,0,0,4,-0.101,9,14033.43,0
T0000823,C0022,high_business,2026-01-26 09:38:00.000000000,1.1413548467360477,0.3635444447774535,0,0,0,2,-0.092,9,14565.18,0
T0003623,C0106,high_business,2026-01-26 09:41:00.000000000,0.9017234313673105,-0.5869821351882697,0,1,0,1,-0.083,9,10642.88,0
T0001329,C0037,high_business,2026-01-26 09:52:00.000000000,0.7471933965438592,-0.3727451567775531,0,0,0,1,-0.084,9,13050.03,0
T0002513,C0073,high_business,2026-01-26 09:56:00.000000000,0.6494008610758065,-0.45845693826090744,0,0,0,0,1.956,9,10524.27,0
T0005552,C0160,high_business,2026-01-26 10:03:00.000000000,0.8305217742027812,-0.6221779490376608,0,0,0,0,0.933,10,11149.93,0
T0005284,C0154,high_business,2026-01-26 10:04:00.000000000,0.611483819229838,-0.7196492742815774,0,0,0,0,0.059,10,9134.43,0
T0005073,C0148,high_business,2026-01-26 10:04:00.000000000,1.0357012357537188,0.06505176876228967,0,1,0,2,-0.057,10,13352.27,0
T0003998,C0115,high_business,2026-01-26 10:10:00.000000000,1.156306494282309,0.6173329430333725,0,0,0,0,0.99,10,14276.82,0
T0002308,C0067,high_business,2026-01-26 10:18:00.000000000,0.9739665671664731,-0.10782484969760821,0,0,0,0,0.975,10,11746.73,0
T0003905,C0113,mid_weekend,2026-01-26 10:27:00.000000000,1.0746253369013328,0.22434571281527171,0,0,0,0,1.728,10,2831.6,0
T0002686,C0079,high_business,2026-01-26 10:27:00.000000000,0.6306211472414237,-0.539607575053901,0,0,0,0,0.894,10,8791.05,0
T0004743,C0139,high_business,2026-01-26 10:28:00.000000000,0.7039780600643054,-2.4955944447359033,0,0,0,1,-0.033,10,8374.06,0
T0005071,C0148,high_business,2026-01-26 10:33:00.000000000,0.844098032844411,-0.2770975671467884,0,0,0,0,0.972,10,10864.98,0
T0003213,C0094,high_business,2026-01-26 10:34:00.000000000,0.855855204818512,-0.2035420179793971,0,0,0,1,-0.094,10,12657.17,0
T0002224,C0065,mid_weekend,2026-01-26 10:39:00.000000000,0.6930688269388163,-0.46591985023587146,0,0,0,0,1.787,10,2371.53,0
T0003237,C0095,mid_weekend,2026-01-26 10:49:00.000000000,0.8306803969929377,-0.25693181195120146,0,0,0,0,0.617,10,2547.69,0
T0004665,C0136,high_business,2026-01-26 10:49:00.000000000,0.5729250961429317,-0.9029559018159291,0,0,0,0,0.921,10,7211.89,0
T0006246,C0178,high_business,2026-01-26 10:50:00.000000000,0.7336856056007889,-0.8313098945299646,0,0,0,0,0.094,10,10081.43,0
T0006247,C0178,high_business,2026-01-26 10:57:00.000000000,0.9521634419162163,-0.14864461973135773,0,1,0,1,0.005,10,12917.57,0
T0000821,C0022,high_business,2026-01-26 10:57:00.000000000,0.8901775440607288,-0.27245677399631935,0,0,0,0,0.856,10,11652.72,0
T0001217,C0034,high_business,2026-01-26 10:58:00.000000000,0.7708951902443061,-0.4544456967379887,0,0,0,1,-0.061,10,11885.28,0
T0005167,C0151,high_business,2026-01-26 10:58:00.000000000,0.8078840107973765,-0.8899898064903433,0,0,0,0,0.191,10,8937.24,0
T0005961,C0172,high_business,2026-01-26 10:59:00.000000000,0.9016530996041952,-0.5335036137512985,0,0,0,0,0.994,10,10279.95,0
T0002225,C0065,mid_weekend,2026-01-26 11:04:00.000000000,0.31819777516664366,-1.0413687271626804,0,0,0,1,0.017,11,1067.92,0
T0000146,C0004,high_business,2026-01-26 11:10:00.000000000,0.8424347774728588,-1.0793974335619878,0,0,0,0,1.03,11,10359.86,0
T0004742,C0139,high_business,2026-01-26 11:16:00.000000000,0.9419983300960357,-0.47483496875264347,0,0,0,0,0.895,11,11259.82,0
T0001728,C0049,high_business,2026-01-26 11:20:00.000000000,0.9791349584171934,-0.028574044244763463,0,0,0,0,0.076,11,14297.05,0
T0004744,C0139,high_business,2026-01-26 11:22:00.000000000,4.816765216813101,26.910867959864575,0,0,0,2,0.037,11,55992.37,0
T0003625,C0106,high_business,2026-01-26 11:26:00.000000000,0.976186837116856,-0.14703717900270935,0,0,0,2,-0.074,11,11325.32,0
T0005072,C0148,high_business,2026-01-26 11:26:00.000000000,1.2224402096896798,0.39862229524154247,0,0,0,1,0.037,11,15670.33,0
T0002309,C0067,high_business,2026-01-26 11:28:00.000000000,0.9212792105980249,-0.33358967746808327,0,0,0,0,0.049,11,11097.51,0
T0002787,C0082,high_business,2026-01-26 11:36:00.000000000,1.1625998412442349,0.7828050363549258,0,0,0,2,-0.067,11,13012.95,0
T0003628,C0106,high_business,2026-01-26 11:37:00.000000000,1.1953009319472412,1.2956541724724409,0,0,0,4,0.247,11,14082.73,0
T0003626,C0106,high_business,2026-01-26 11:38:00.000000000,1.1472189868162452,0.9410047810237804,0,0,0,3,0.008,11,13286.93,0
T0003622,C0106,high_business,2026-01-26 11:40:00.000000000,1.1645994368873926,0.9615733842149811,0,0,0,0,1.304,11,13542.91,0
T0004037,C0116,mid_weekend,2026-01-26 11:45:00.000000000,0.8459133631288075,-0.3592061208637897,0,1,0,1,-0.071,11,2821.66,0
T0005285,C0154,high_business,2026-01-26 11:49:00.000000000,1.0308708697654219,0.056583052367854714,0,0,0,0,0.073,11,14900.71,0
T0004974,C0146,mid_weekend,2026-01-26 11:49:00.000000000,1.0361013583202277,0.1165157794559889,0,0,0,0,1.831,11,2487.72,0
T0000822,C0022,high_business,2026-01-26 11:50:00.000000000,0.764389740531735,-0.6015348968789408,0,0,0,1,0.037,11,9921.59,0
T0001134,C0031,high_business,2026-01-26 11:51:00.000000000,1.1674088645952454,0.3521277113157802,0,0,0,0,1.056,11,16098.81,0
T0001328,C0037,high_business,2026-01-26 11:53:00.000000000,0.5577634756361725,-0.6561060175618336,0,0,0,0,1.178,11,9924.44,0
T0001730,C0049,high_business,2026-01-26 12:01:00.000000000,0.8750350590790904,-0.17364959586183734,0,0,0,2,-0.083,12,12642.61,0
T0005090,C0149,mid_weekend,2026-01-26 12:13:00.000000000,0.6467811817700869,-0.49957684518258927,0,0,0,0,0.467,12,2315.06,0
T0001732,C0049,high_business,2026-01-26 12:18:00.000000000,0.9275572223875643,-0.10296207371287595,0,0,0,3,0.113,12,13347.26,0
T0001216,C0034,high_business,2026-01-26 12:26:00.000000000,1.7049866998268808,1.3776259939056499,0,0,0,0,1.072,12,25391.61,0
T0006008,C0173,mid_weekend,2026-01-26 12:27:00.000000000,0.5543989444544124,-0.7159898934224292,0,0,0,0,0.849,12,2225.88,0
T0006142,C0176,mid_weekend,2026-01-26 12:28:00.000000000,0.9992511875986855,-0.0013095653761128478,0,0,0,0,3.689,12,3034.79,0
T0002577,C0076,high_business,2026-01-26 12:33:00.000000000,0.8140710201772631,-0.8358558385916436,0,0,0,0,0.142,12,9782.91,0
T0005962,C0172,high_business,2026-01-26 12:40:00.000000000,2.1694596404579283,6.552475256124063,0,0,0,0,0.07,12,24464.21,0
T0002414,C0070,high_business,2026-01-26 12:42:00.000000000,0.8937802864276191,-0.20900359409938327,0,0,0,0,1.05,12,11245.15,0
T0002785,C0082,high_business,2026-01-26 12:42:00.000000000,1.0693018661746627,0.3119458165247825,0,0,0,0,2.089,12,11976.61,0
T0006357,C0148,high_business,2026-01-26 12:44:00.196801575,2.209411699124924,2.149588105408054,0,1,1,1,0.892,12,28438.89,1
T0002008,C0059,mid_weekend,2026-01-26 12:47:00.000000000,0.6893220497717214,-0.47929305598850197,0,1,0,0,0.969,12,2472.62,0
T0003212,C0094,high_business,2026-01-26 12:50:00.000000000,0.7935379279843322,-0.2870035438058531,0,0,0,0,1.093,12,11879.84,0
T0001418,C0041,mid_weekend,2026-01-26 12:53:00.000000000,0.4860403105247107,-3.562472766382459,0,0,0,0,0.749,12,1240.89,0
T0000065,C0002,mid_weekend,2026-01-26 12:55:00.000000000,2.57252594197716,9.203122986803184,0,0,0,0,0.838,12,7843.04,0
T0002204,C0064,high_business,2026-01-26 12:56:00.000000000,0.8919959098572103,-0.19733506037273796,0,0,0,0,0.928,12,12968.0,0
T0004270,C0124,high_business,2026-01-26 12:59:00.000000000,0.7942749627375283,-0.3880457851394026,0,0,0,0,3.074,12,10230.08,0
T0005570,C0161,mid_weekend,2026-01-26 13:03:00.000000000,0.9947120846421871,-0.02983435687914521,0,0,0,0,1.058,13,2427.57,0
T0001994,C0058,high_business,2026-01-26 13:07:00.000000000,0.967344808964064,-0.1325321069775131,0,0,0,0,1.139,13,11323.5,0
T0003134,C0092,mid_weekend,2026-01-26 13:10:00.000000000,0.5629419968644039,-1.902479615091957,0,0,0,0,0.739,13,1404.24,0
T0001510,C0044,mid_weekend,2026-01-26 13:11:00.000000000,1.0963907709847547,0.22220632175971358,0,0,0,0,1.813,13,2917.09,0
T0002786,C0082,high_business,2026-01-26 13:12:00.000000000,0.9165288639554787,-0.39168890504915893,0,0,0,1,0.021,13,10320.21,0
T0003624,C0106,high_business,2026-01-26 13:13:00.000000000,0.8838729036250906,-0.7084095071316289,0,0,0,0,0.147,13,10346.76,0
T0003037,C0089,mid_weekend,2026-01-26 13:23:00.000000000,1.0568589306033593,0.23402395223210723,0,0,0,0,2.851,13,2715.76,0
T0004569,C0133,high_business,2026-01-26 13:24:00.000000000,0.8762022176630976,-1.0306911986919076,0,0,0,0,0.594,13,10064.45,0
T0004036,C0116,mid_weekend,2026-01-26 13:27:00.000000000,1.278192343864923,0.5992632139324431,0,0,0,0,0.927,13,4120.31,0
T0002227,C0065,mid_weekend,2026-01-26 13:38:00.000000000,1.1538434970658318,0.2324776781340151,0,0,0,1,-0.023,13,3726.0,0
T0003446,C0100,high_business,2026-01-26 13:45:00.000000000,0.8573745562827677,-0.22155744850113243,0,0,0,0,1.036,13,12786.66,0
T0005745,C0166,high_business,2026-01-26 13:59:00.000000000,0.6679009113681896,-0.6559191135022798,0,0,0,0,2.139,13,10028.12,0
T0003238,C0095,mid_weekend,2026-01-26 14:00:00.000000000,3.407778592977517,3.7617274016614086,0,0,0,0,0.133,14,10290.75,0
T0001729,C0049,high_business,2026-01-26 14:01:00.000000000,0.6425576105403229,-0.49635114927502605,0,0,0,0,0.112,14,9376.85,0
T0003778,C0110,mid_weekend,2026-01-26 14:04:00.000000000,1.22980162038353,1.2417242369831791,0,0,0,0,4.864,14,3378.7,0
T0004478,C0131,mid_weekend,2026-01-26 14:08:00.000000000,0.81821487460546,-0.5124937652547251,0,0,0,0,0.912,14,2457.77,0
T0002226,C0065,mid_weekend,2026-01-26 14:11:00.000000000,1.0428298781127727,0.06275560466631719,0,0,0,0,0.13,14,3359.52,0
T0002119,C0062,mid_weekend,2026-01-26 14:22:00.000000000,1.1232965811302968,0.6697787322090001,0,0,0,0,2.993,14,2674.92,0
T0004875,C0143,mid_weekend,2026-01-26 14:25:00.000000000,0.8943436956003202,-0.32131206733842566,0,0,0,0,2.142,14,2140.57,0
T0000508,C0014,mid_weekend,2026-01-26 14:29:00.000000000,0.8925282924775975,-0.286957838296788,0,0,0,0,1.068,14,2308.8,0
T0002088,C0061,high_business,2026-01-26 14:36:00.000000000,1.0757372129903557,0.39955919802467454,0,0,0,0,2.165,14,13290.92,0
T0002514,C0073,high_business,2026-01-26 14:49:00.000000000,0.5093104550327532,-0.6433017920213845,0,0,0,0,0.203,14,8116.15,0
T0000174,C0005,mid_weekend,2026-01-26 14:52:00.000000000,0.33553189637637004,-1.133246481268993,0,0,0,0,2.042,14,1011.57,0
T0005206,C0152,mid_weekend,2026-01-26 15:04:00.000000000,1.1966149318827743,1.2120845578442565,0,0,0,0,1.141,15,2510.09,0
T0001152,C0032,mid_weekend,2026-01-26 15:13:00.000000000,0.8672422847704999,-0.38283343723935453,0,0,0,0,2.01,15,2056.09,0
T0004294,C0125,mid_weekend,2026-01-26 15:24:00.000000000,0.6693275036881905,-2.4484248331624876,0,0,0,1,-0.09,15,1892.67,0
T0005679,C0164,mid_weekend,2026-01-26 15:34:00.000000000,0.910741010578533,-0.10949330409425366,0,0,0,0,3.142,15,2850.45,0
T0002449,C0071,mid_weekend,2026-01-26 16:00:00.000000000,0.7662461796401481,-1.3146565096880294,0,1,0,2,-0.003,16,2038.18,0
T0000216,C0006,low_evening_shopper,2026-01-26 16:04:00.000000000,0.8907613077184361,-0.8691074232432093,0,0,0,0,1.839,16,767.51,0
T0002448,C0071,mid_weekend,2026-01-26 16:04:00.000000000,0.7043971010254371,-1.9258503656201214,0,0,0,1,-0.093,16,1937.29,0
T0006009,C0173,mid_weekend,2026-01-26 16:31:00.000000000,0.6338972320876859,-0.5742812102124746,0,0,0,0,0.169,16,2383.05,0
T0005571,C0161,mid_weekend,2026-01-26 16:34:00.000000000,0.7185237481235639,-1.636409285493672,0,0,0,0,0.147,16,1752.99,0
T0005305,C0155,mid_weekend,2026-01-26 16:34:00.000000000,1.042945297705942,0.21800500906717876,0,0,0,0,0.944,16,2706.97,0
T0006443,C0094,high_business,2026-01-26 16:44:00.411738247,2.681504477030847,2.420883206867433,0,1,1,1,0.163,16,39338.97,1
T0003242,C0095,mid_weekend,2026-01-26 16:47:00.000000000,0.7593680581128559,-0.31784250937687547,0,0,0,2,-0.06,16,2528.97,0
T0005695,C0165,low_evening_shopper,2026-01-26 16:56:00.000000000,1.3815973654479348,1.438328596095318,0,0,0,0,2.813,16,907.25,0
T0004975,C0146,mid_weekend,2026-01-26 16:59:00.000000000,0.805435870324712,-0.646150719481896,0,0,0,0,0.215,16,1937.56,0
T0002718,C0080,mid_weekend,2026-01-26 17:11:00.000000000,1.149607065749111,0.6098667250401383,0,0,0,0,1.943,17,2556.82,0
T0000175,C0005,mid_weekend,2026-01-26 17:13:00.000000000,0.9920203421308722,-0.012383509599719107,0,1,0,0,0.098,17,2742.37,0
T0002478,C0072,low_evening_shopper,2026-01-26 17:20:00.000000000,0.994818859632367,-0.028091949738665724,0,0,0,0,0.776,17,677.12,0
T0004293,C0125,mid_weekend,2026-01-26 17:33:00.000000000,1.1042616168512571,0.7411376021909581,0,0,0,0,0.992,17,3086.78,0
T0000728,C0020,mid_weekend,2026-01-26 17:36:00.000000000,0.7627824389311719,-0.5990927195565509,0,0,0,0,1.144,17,2038.87,0
T0003239,C0095,mid_weekend,2026-01-26 17:45:00.000000000,0.5457358866768549,-0.602891433611013,0,0,0,0,0.156,17,1978.67,0
T0001739,C0050,mid_weekend,2026-01-26 18:03:00.000000000,0.6794602317771355,-1.7694759475162944,0,0,0,0,1.045,18,1838.94,0
T0003813,C0111,low_evening_shopper,2026-01-26 18:09:00.000000000,1.0324010319759045,0.1619127881560884,0,1,0,0,0.859,18,928.63,0
T0003241,C0095,mid_weekend,2026-01-26 18:14:00.000000000,0.8143115816478871,-0.24038458111651478,0,0,0,1,0.374,18,2745.95,0
T0002949,C0086,mid_weekend,2026-01-26 18:17:00.000000000,0.5454339527311924,-0.5780912273793759,0,1,0,0,2.277,18,2282.04,0
T0002447,C0071,mid_weekend,2026-01-26 18:18:00.000000000,0.9645534709894289,-0.21762152300211968,0,0,0,0,2.459,18,2664.61,0
T0004382,C0128,mid_weekend,2026-01-26 19:01:00.000000000,0.9715237379495196,-0.06403052270488073,0,1,0,0,1.261,19,2662.72,0
T0003161,C0093,low_evening_shopper,2026-01-26 19:05:00.000000000,1.2350487993618138,1.1709440189777922,0,0,0,0,3.334,19,771.94,0
T0001428,C0042,low_evening_shopper,2026-01-26 19:07:00.000000000,0.662846389638158,-0.3336599840596674,0,0,0,0,3.994,19,653.43,0
T0002228,C0065,mid_weekend,2026-01-26 19:11:00.000000000,2.870869088816456,2.9239611254631455,0,0,0,0,0.231,19,9345.7,0
T0000100,C0003,low_evening_shopper,2026-01-26 19:17:00.000000000,0.5555951126432737,-0.7689606765375097,0,0,0,0,7.883,19,646.13,0
T0001559,C0045,low_evening_shopper,2026-01-26 19:30:00.000000000,0.9841887888024782,-0.09227590168983987,0,0,0,0,2.958,19,643.49,0
T0001361,C0039,low_evening_shopper,2026-01-26 19:32:00.000000000,0.7936480636169889,-0.8529602739414072,0,1,0,0,3.035,19,604.94,0
T0002229,C0065,mid_weekend,2026-01-26 19:33:00.000000000,0.9367862241696145,-0.0927746968576627,0,0,0,1,0.015,19,3334.84,0
T0004127,C0120,low_evening_shopper,2026-01-26 19:43:00.000000000,1.0249419346354818,0.10257666033096749,0,0,0,0,3.946,19,836.38,0
T0001763,C0051,low_evening_shopper,2026-01-26 19:47:00.000000000,0.7378790748309897,-1.262254708997003,0,0,0,0,1.973,19,639.59,0
T0000536,C0015,low_evening_shopper,2026-01-26 19:47:00.000000000,0.8486474041686652,-0.25050476529942733,0,1,0,1,-0.03,19,767.63,0
T0006180,C0177,low_evening_shopper,2026-01-26 20:01:00.000000000,0.8225469352771689,-1.4389146985034738,0,1,0,0,0.992,20,541.21,0
T0001293,C0036,low_evening_shopper,2026-01-26 20:30:00.000000000,0.893173781896037,-0.6821101091610045,0,0,0,0,2.957,20,735.5,0
T0000535,C0015,low_evening_shopper,2026-01-26 20:30:00.000000000,2.99548837761654,6.4132197272348765,0,1,0,0,0.999,20,1936.62,0
T0003500,C0102,low_evening_shopper,2026-01-26 20:31:00.000000000,0.65219010772475,-0.7865443501374217,0,1,0,0,2.026,20,681.92,0
T0000946,C0026,mid_weekend,2026-01-26 20:32:00.000000000,1.184938510491822,4.100713882962758,0,1,0,0,4.381,20,3083.79,0
T0005355,C0156,low_evening_shopper,2026-01-26 20:36:00.000000000,1.4451464415011284,1.950758679313322,0,0,0,0,1.005,20,935.81,0
T0006347,C0138,low_evening_shopper,2026-01-26 20:50:00.324119291,2.3680703734098167,2.7190562313842235,0,0,1,5,0.897,20,2227.33,1
T0005696,C0165,low_evening_shopper,2026-01-26 20:51:00.000000000,1.2517109142090597,0.9458810693030434,0,0,0,0,0.163,20,856.81,0
T0005495,C0159,low_evening_shopper,2026-01-26 20:51:00.000000000,0.466432111497978,-0.8563525221485585,0,0,0,0,2.11,20,588.15,0
T0000217,C0006,low_evening_shopper,2026-01-26 20:52:00.000000000,1.0621758307325495,0.5042306627991765,0,0,0,0,0.2,20,895.21,0
T0000989,C0027,low_evening_shopper,2026-01-26 21:26:00.000000000,1.0907130991763856,0.25397142392125044,0,0,0,0,1.141,21,586.46,0
T0002757,C0081,low_evening_shopper,2026-01-26 21:57:00.000000000,1.149228461016023,2.462210186757823,0,0,0,0,4.066,21,847.53,0
T0002148,C0063,low_evening_shopper,2026-01-26 22:01:00.000000000,0.6896035963538741,-0.5535976431762824,0,0,0,0,5.097,22,737.54,0
T0002120,C0062,mid_weekend,2026-01-26 22:39:00.000000000,1.2301253255448028,1.3320260134907231,0,0,0,0,0.345,22,2980.91,0
T0004271,C0124,high_business,2026-01-26 22:50:00.000000000,0.6797916603847788,-0.6093139501621858,1,0,0,0,0.41,22,8686.28,0
T0001851,C0053,mid_weekend,2026-01-26 22:51:00.000000000,0.8674621650481391,-0.9650383963658729,0,0,0,0,1.139,22,2354.25,0
T0002859,C0084,low_evening_shopper,2026-01-26 23:31:00.000000000,0.9025404256963647,-0.4938842542194329,0,1,1,0,1.092,23,823.27,0
T0003754,C0109,high_business,2026-01-27 01:53:00.000000000,0.847037419999105,-0.2933274268775227,1,0,0,2,-0.465,1,11673.49,0
T0002526,C0074,mid_weekend,2026-01-27 05:17:00.000000000,3.7706152400834734,6.242317651174919,1,0,0,2,-0.428,5,12289.97,0
T0003906,C0113,mid_weekend,2026-01-27 06:56:00.000000000,0.8600346201613783,-0.4341645449399794,0,0,0,0,0.853,6,2275.55,0
T0004480,C0131,mid_weekend,2026-01-27 07:45:00.000000000,0.9434560214097414,-0.15924747979946516,0,0,0,1,-0.271,7,2748.19,0
T0005890,C0169,high_business,2026-01-27 07:58:00.000000000,0.8058919469741918,-0.30665672701144037,0,0,0,2,-0.098,7,11335.34,0
T0000509,C0014,mid_weekend,2026-01-27 08:17:00.000000000,1.6090669000818956,1.6509645465903606,0,0,0,0,0.742,8,4143.7,0
T0005888,C0169,high_business,2026-01-27 08:22:00.000000000,0.968317635016277,-0.048617077802060905,0,1,0,0,1.011,8,13610.95,0
T0001629,C0046,high_business,2026-01-27 09:12:00.000000000,0.8959164789074885,-0.6567667456908574,0,0,0,0,1.844,9,11092.91,0
T0005553,C0160,high_business,2026-01-27 09:15:00.000000000,0.9872412887299381,-0.04717551624268423,0,0,0,0,0.967,9,13146.96,0
T0005747,C0166,high_business,2026-01-27 09:31:00.000000000,1.0466644125316242,0.09302226050708215,0,0,0,1,-0.134,9,15446.09,0
T0005963,C0172,high_business,2026-01-27 09:33:00.000000000,0.5935244715227466,-1.1654517126948338,0,0,0,0,0.87,9,7475.68,0
T0002230,C0065,mid_weekend,2026-01-27 09:34:00.000000000,0.8294207551233165,-0.25570568897469087,0,1,0,0,0.584,9,2943.75,0
T0000939,C0025,high_business,2026-01-27 09:40:00.000000000,2.574803265902028,2.659602175216575,0,0,0,2,-0.057,9,37042.95,0
T0004747,C0139,high_business,2026-01-27 09:42:00.000000000,0.9103394055740875,-0.11874481204638365,0,0,0,2,-0.068,9,13080.88,0
T0002205,C0064,high_business,2026-01-27 09:49:00.000000000,0.7919933349086341,-0.3847451855979053,0,0,0,0,0.87,9,11474.03,0
T0005891,C0169,high_business,2026-01-27 10:03:00.000000000,0.7702326040911731,-0.3656043739851754,0,0,0,1,0.087,10,10776.93,0
T0004745,C0139,high_business,2026-01-27 10:06:00.000000000,0.7833564218037092,-0.2778112097130451,0,0,0,0,0.947,10,11588.67,0
T0003752,C0109,high_business,2026-01-27 10:07:00.000000000,0.780643815537779,-0.41347273029274184,0,0,0,0,1.465,10,10927.31,0
T0005892,C0169,high_business,2026-01-27 10:09:00.000000000,0.8985482974556982,-0.16232179454077061,0,0,0,2,0.004,10,12496.28,0
T0005748,C0166,high_business,2026-01-27 10:16:00.000000000,0.8636553029934328,-0.2768301276473775,0,1,0,2,0.031,10,12765.17,0
T0005889,C0169,high_business,2026-01-27 10:19:00.000000000,1.0564400921699924,0.08779010466007069,0,0,0,0,0.081,10,14836.19,0
T0005415,C0157,high_business,2026-01-27 10:21:00.000000000,0.9410981695271484,-0.07967277080744826,0,0,0,3,-0.109,10,16258.64,0
T0005413,C0157,high_business,2026-01-27 10:44:00.000000000,0.8486566018770446,-0.1985936172733551,0,0,0,1,-0.085,10,14769.37,0
T0000066,C0002,mid_weekend,2026-01-27 10:54:00.000000000,0.3392869411111197,-1.3750182821970993,0,0,0,0,0.916,10,1305.51,0
T0005638,C0163,high_business,2026-01-27 11:01:00.000000000,0.33479524274627454,-1.0554562694571419,0,0,0,0,1.877,11,4995.64,0
T0000938,C0025,high_business,2026-01-27 11:02:00.000000000,3.4565710713977085,5.362608901040582,0,0,0,1,-0.097,11,45581.5,0
T0002788,C0082,high_business,2026-01-27 11:10:00.000000000,1.3996737676530833,1.9733704577214535,0,0,0,0,0.982,11,15836.34,0
T0002938,C0085,high_business,2026-01-27 11:10:00.000000000,0.7886665390499396,-0.354010918533948,0,0,0,0,1.967,11,11642.46,0
T0003214,C0094,high_business,2026-01-27 11:13:00.000000000,1.0818337303553514,0.11781706052595915,0,0,0,0,1.027,11,15871.02,0
T0001135,C0031,high_business,2026-01-27 11:14:00.000000000,0.9739528637199102,-0.0558144876552598,0,0,0,0,0.974,11,13499.15,0
T0005306,C0155,mid_weekend,2026-01-27 11:17:00.000000000,0.8063432285235345,-1.0534609404842246,0,1,0,0,0.78,11,2104.1,0
T0004746,C0139,high_business,2026-01-27 11:20:00.000000000,0.7687663881390057,-0.3017198560460965,0,0,0,0,0.051,11,11208.57,0
T0003630,C0106,high_business,2026-01-27 11:26:00.000000000,1.0566760135364397,0.3665093134003935,0,0,0,1,-0.076,11,12755.44,0
T0001219,C0034,high_business,2026-01-27 11:33:00.000000000,0.6662846901737242,-0.6752961468981342,0,0,0,0,1.122,11,10073.32,0
T0003999,C0115,high_business,2026-01-27 11:43:00.000000000,0.9678916295889135,-0.13129340847156828,0,0,0,0,1.065,11,12083.9,0
T0005168,C0151,high_business,2026-01-27 11:46:00.000000000,1.2501303613497563,1.1544851247498367,0,0,0,0,1.033,11,13681.99,0
T0001153,C0032,mid_weekend,2026-01-27 11:52:00.000000000,1.1679975124890112,0.5002280456331641,0,0,0,0,0.86,11,2732.37,0
T0003447,C0100,high_business,2026-01-27 11:59:00.000000000,0.7782138086364394,-0.3489188404236802,0,0,0,0,0.926,11,11544.77,0
T0006143,C0176,mid_weekend,2026-01-27 12:10:00.000000000,1.1217151846531748,0.22088590489625803,0,0,0,0,0.988,12,3406.54,0
T0002939,C0085,high_business,2026-01-27 12:16:00.000000000,0.8610115554256894,-0.23442438162266882,0,0,0,0,0.046,12,12631.43,0
T0005966,C0172,high_business,2026-01-27 12:19:00.000000000,0.8948643588900104,-0.3046441369714092,0,0,0,2,-0.122,12,10898.66,0
T0003779,C0110,mid_weekend,2026-01-27 12:20:00.000000000,0.6486925746703492,-1.9407221567272401,0,0,0,0,0.928,12,1864.1,0
T0000729,C0020,mid_weekend,2026-01-27 12:29:00.000000000,0.6681722037337006,-0.8420812046691389,0,0,0,0,0.787,12,1764.8,0
T0005287,C0154,high_business,2026-01-27 12:34:00.000000000,0.7013655614328623,-0.5902179772360124,0,0,0,0,1.253,12,10125.28,0
T0004768,C0140,mid_weekend,2026-01-27 12:38:00.000000000,0.9655012574287188,-0.047502139204639256,0,0,0,0,2.917,12,2711.28,0
T0005746,C0166,high_business,2026-01-27 12:44:00.000000000,0.8458537122532533,-0.30403236428045244,0,0,0,0,0.948,12,12549.34,0
T0005412,C0157,high_business,2026-01-27 12:47:00.000000000,0.6675159538830047,-0.4348697972414082,0,0,0,0,3.279,12,11773.52,0
T0005639,C0163,high_business,2026-01-27 12:50:00.000000000,0.6101170644496955,-0.599867371649314,0,0,0,0,0.076,12,8840.54,0
T0000940,C0025,high_business,2026-01-27 12:55:00.000000000,0.9935533484478777,-0.010463454719673226,0,0,0,1,0.135,12,15097.9,0
T0005414,C0157,high_business,2026-01-27 12:58:00.000000000,0.9599173976828641,-0.053285601502885714,0,1,0,1,0.093,12,16608.42,0
T0005964,C0172,high_business,2026-01-27 12:59:00.000000000,1.233952637329021,0.6392184838241581,0,0,0,0,0.143,12,14967.81,0
T0001419,C0041,mid_weekend,2026-01-27 12:59:00.000000000,1.0481168663409475,0.24896605500298957,0,0,0,0,1.004,12,2589.94,0
T0003753,C0109,high_business,2026-01-27 13:02:00.000000000,0.8090323237921497,-0.3628029268894436,0,0,0,0,0.122,13,11229.15,0
T0004000,C0115,high_business,2026-01-27 13:12:00.000000000,1.010930234180971,0.046137675103107,0,0,0,0,0.062,13,12594.21,0
T0004672,C0137,mid_weekend,2026-01-27 13:15:00.000000000,0.7797923748931102,-0.4120623668802872,0,0,0,0,3.913,13,2775.86,0
T0003629,C0106,high_business,2026-01-27 13:16:00.000000000,1.2328868393857848,1.536759709403596,0,0,0,0,1.069,13,14692.44,0
T0000147,C0004,high_business,2026-01-27 13:17:00.000000000,1.1073589599579965,0.7293182639148883,0,0,0,0,1.088,13,13535.25,0
T0000937,C0025,high_business,2026-01-27 13:21:00.000000000,1.0226119958168476,0.04836275287256376,0,0,0,0,3.23,13,13473.38,0
T0002206,C0064,high_business,2026-01-27 13:26:00.000000000,0.8826491109081797,-0.21859592632471841,0,0,0,0,0.151,13,12704.28,0
T0004748,C0139,high_business,2026-01-27 13:30:00.000000000,0.4402487121722746,-0.7597941936591327,0,0,0,0,0.158,13,6292.67,0
T0004673,C0137,mid_weekend,2026-01-27 13:34:00.000000000,0.550457230895774,-0.869538876716462,0,0,0,1,0.013,13,1897.84,0
T0004749,C0139,high_business,2026-01-27 13:42:00.000000000,0.5924545204548805,-0.5428927160516656,0,0,0,1,0.008,13,8204.88,0
T0003755,C0109,high_business,2026-01-27 13:45:00.000000000,3.3362381267839756,4.530398797310487,0,0,0,1,0.494,13,45727.37,0
T0000824,C0022,high_business,2026-01-27 13:50:00.000000000,1.0792846888215397,0.21212229954945908,0,0,0,0,1.175,13,13902.88,0
T0001740,C0050,mid_weekend,2026-01-27 13:56:00.000000000,1.1550078933017072,0.7330864246282157,0,0,0,0,0.828,13,2982.85,0
T0004383,C0128,mid_weekend,2026-01-27 13:58:00.000000000,0.8930490569365717,-0.25053994196603213,0,0,0,0,0.79,13,2441.83,0
T0004109,C0119,mid_weekend,2026-01-27 14:02:00.000000000,0.4943609255176562,-1.5315348185105357,0,1,0,0,2.881,14,1316.1,0
T0001852,C0053,mid_weekend,2026-01-27 14:03:00.000000000,0.704514780386278,-2.1414946758094393,0,0,0,0,0.633,14,1893.91,0
T0002524,C0074,mid_weekend,2026-01-27 14:08:00.000000000,2.5093010127076494,7.556547497557766,0,0,0,0,4.972,14,7403.74,0
T0002687,C0079,high_business,2026-01-27 14:09:00.000000000,1.3040067373039916,0.4441621982212744,0,1,0,0,1.154,14,17661.74,0
T0003448,C0100,high_business,2026-01-27 14:13:00.000000000,0.7200142167018494,-0.4440452244179829,0,0,0,0,0.093,14,10596.77,0
T0004479,C0131,mid_weekend,2026-01-27 14:15:00.000000000,0.6748692668698497,-0.9283344152691737,0,0,0,0,1.005,14,2004.15,0
T0000269,C0008,mid_weekend,2026-01-27 14:16:00.000000000,1.0965043062751376,0.44274668669400685,0,0,0,0,1.94,14,2895.69,0
T0000372,C0011,mid_weekend,2026-01-27 14:19:00.000000000,1.0281445102156799,0.1317673672481583,0,0,0,0,1.758,14,2504.32,0
T0004038,C0116,mid_weekend,2026-01-27 14:20:00.000000000,0.7373397207824275,-0.6338092127650211,0,0,0,0,1.108,14,2417.39,0
T0003908,C0113,mid_weekend,2026-01-27 14:51:00.000000000,0.3970865751807111,-1.9517983404749086,0,0,0,1,-0.072,14,1046.83,0
T0002758,C0081,low_evening_shopper,2026-01-27 15:01:00.000000000,1.3154518360870964,3.9306172015553282,1,1,0,0,0.711,15,1006.3,0
T0001813,C0052,high_business,2026-01-27 15:14:00.000000000,0.7628582845230656,-0.7612096386955445,0,0,0,0,5.173,15,10164.36,0
T0005965,C0172,high_business,2026-01-27 15:15:00.000000000,0.8030650740017117,-0.5634471396996696,0,0,0,0,0.094,15,9931.07,0
T0005572,C0161,mid_weekend,2026-01-27 15:20:00.000000000,1.2813060754045127,1.545538491021754,0,0,0,0,0.949,15,3077.13,0
T0004481,C0131,mid_weekend,2026-01-27 15:21:00.000000000,0.6923789552164427,-0.8880591855676027,0,0,0,0,0.317,15,2010.49,0
T0002525,C0074,mid_weekend,2026-01-27 15:34:00.000000000,0.5580527395357484,-1.0362865700304078,0,0,0,0,0.06,15,1895.06,0
T0006284,C0179,mid_weekend,2026-01-27 15:54:00.000000000,0.8155051543486443,-0.7763134391245808,0,1,0,0,2.82,15,2127.65,0
T0001154,C0032,mid_weekend,2026-01-27 16:08:00.000000000,0.7530157306978427,-0.7743354173643404,0,0,0,0,0.178,16,1788.48,0
T0003907,C0113,mid_weekend,2026-01-27 16:35:00.000000000,1.0752018314340965,0.23672704555847718,0,0,0,0,0.402,16,2823.9,0
T0001330,C0037,high_business,2026-01-27 16:36:00.000000000,2.4708848227973563,2.1849883310764326,0,0,0,0,1.281,16,42718.6,0
T0005207,C0152,mid_weekend,2026-01-27 16:41:00.000000000,1.2412245467190341,1.4924750759378742,0,0,0,0,1.067,16,2654.86,0
T0002817,C0083,mid_weekend,2026-01-27 16:59:00.000000000,0.6368901656605493,-2.854715169292981,0,0,0,0,2.148,16,1654.67,0
T0002332,C0068,mid_weekend,2026-01-27 17:00:00.000000000,0.9911426409296166,-0.0323066755410183,0,0,0,0,3.007,17,2391.03,0
T0003673,C0107,mid_weekend,2026-01-27 17:19:00.000000000,2.4242306054336984,5.734502786316769,0,0,0,0,2.128,17,5960.9,0
T0003282,C0096,low_evening_shopper,2026-01-27 17:20:00.000000000,1.244706346399355,0.877821717183364,0,0,0,0,2.758,17,846.8,0
T0002719,C0080,mid_weekend,2026-01-27 17:44:00.000000000,2.6574154416931592,7.036573794526868,0,0,0,0,1.023,17,5983.99,0
T0003243,C0095,mid_weekend,2026-01-27 17:48:00.000000000,0.8632219526785824,-0.1832067736070644,0,0,0,0,1.042,17,2831.61,0
T0003477,C0101,mid_weekend,2026-01-27 17:51:00.000000000,1.1344468808109758,0.37228097548036576,0,0,0,0,1.999,17,3445.58,0
T0002578,C0076,high_business,2026-01-27 17:52:00.000000000,0.48256394651103457,-2.3243326853196318,0,0,0,0,1.222,17,5731.71,0
T0003038,C0089,mid_weekend,2026-01-27 17:54:00.000000000,2.8923125157370646,8.099519697670633,0,0,0,0,1.188,17,7462.41,0
T0001252,C0035,mid_weekend,2026-01-27 17:54:00.000000000,1.0005359946774441,0.000914430996643245,0,0,0,0,4.889,17,2601.2,0
T0006010,C0173,mid_weekend,2026-01-27 18:03:00.000000000,0.5908013815772649,-0.6417055329035765,0,0,0,0,1.064,18,2119.4,0
T0003350,C0098,mid_weekend,2026-01-27 18:15:00.000000000,0.8391083677360219,-0.3716748313668237,0,0,0,0,2.108,18,2517.54,0
T0006409,C0143,mid_weekend,2026-01-27 18:44:00.042090058,3.552526698275029,8.02560558150583,0,1,1,0,1.18,18,8421.15,1
T0005120,C0150,low_evening_shopper,2026-01-27 18:54:00.000000000,0.8513853799139651,-0.2539288738524858,0,1,0,0,1.906,18,687.5,0
T0004059,C0117,low_evening_shopper,2026-01-27 18:57:00.000000000,0.8958405411559517,-0.16836411435351303,0,0,0,0,2.062,18,839.14,0
T0001512,C0044,mid_weekend,2026-01-27 19:04:00.000000000,0.6560814112930984,-0.8490566184423538,0,0,0,1,-0.027,19,1746.43,0
T0002860,C0084,low_evening_shopper,2026-01-27 19:11:00.000000000,0.7048482583332597,-1.422819859977719,0,0,0,0,0.819,19,611.61,0
T0000291,C0009,low_evening_shopper,2026-01-27 19:11:00.000000000,0.9962469165900868,-0.02737892487205103,0,0,0,0,1.985,19,668.17,0
T0002149,C0063,low_evening_shopper,2026-01-27 19:22:00.000000000,0.48569866834244235,-0.9336808858720416,0,0,0,0,0.89,19,487.21,0
T0001511,C0044,mid_weekend,2026-01-27 19:43:00.000000000,0.9046455242685082,-0.22928190481517285,0,0,0,0,1.272,19,2423.49,0
T0002621,C0077,mid_weekend,2026-01-27 19:50:00.000000000,1.2016793845293345,0.9247324346113709,0,0,0,0,2.276,19,2906.4,0
T0000005,C0000,low_evening_shopper,2026-01-27 19:54:00.000000000,1.2122329147367692,0.7372245790489832,0,0,0,0,3.006,19,810.88,0
T0000990,C0027,low_evening_shopper,2026-01-27 19:59:00.000000000,1.6028254233045751,1.8381457184068672,0,0,0,0,0.94,19,872.98,0
T0000537,C0015,low_evening_shopper,2026-01-27 20:14:00.000000000,0.8439082953023216,-0.27443623632405584,0,0,0,0,1.019,20,744.09,0
T0001560,C0045,low_evening_shopper,2026-01-27 20:33:00.000000000,1.1920880853300964,1.1736192061280677,0,0,0,0,1.044,20,778.3,0
T0006383,C0156,low_evening_shopper,2026-01-27 20:55:00.120114290,5.064277985413083,16.863017931645164,0,0,0,0,1.013,20,3391.69,1
T0000348,C0010,high_business,2026-01-27 20:56:00.000000000,0.9447225368222838,-0.15656792739842434,1,0,0,0,2.4,20,14850.52,0
T0002121,C0062,mid_weekend,2026-01-27 21:05:00.000000000,1.0074579949153382,0.042952170856470566,0,0,0,0,0.935,21,2511.55,0
T0004060,C0117,low_evening_shopper,2026-01-27 21:23:00.000000000,1.1242420548003076,0.20918773109164832,0,0,0,0,0.101,21,1042.11,0
T0003084,C0090,low_evening_shopper,2026-01-27 21:45:00.000000000,1.237506537568595,1.3001772296509961,0,0,0,0,5.036,21,774.66,0
T0003384,C0099,low_evening_shopper,2026-01-27 22:49:00.000000000,1.0250396084072049,0.17506096183310443,0,0,0,0,4.078,22,798.49,0
T0001949,C0057,low_evening_shopper,2026-01-27 22:49:00.000000000,1.1521331820046832,0.4583790485780629,0,0,0,0,2.06,22,681.48,0
T0003501,C0102,low_evening_shopper,2026-01-27 22:51:00.000000000,0.7158820995550648,-0.6305089747535331,0,0,0,0,1.097,22,696.45,0
T0001253,C0035,mid_weekend,2026-01-27 23:27:00.000000000,1.1411155746455972,0.24701039925633728,0,0,0,0,0.231,23,2966.76,0
T0002255,C0066,low_evening_shopper,2026-01-27 23:46:00.000000000,0.7203130370730095,-0.4256412802261432,0,0,0,0,5.176,23,648.26,0
T0002540,C0075,low_evening_shopper,2026-01-27 23:53:00.000000000,0.910019617871048,-0.7170191703904352,0,0,0,0,2.187,23,574.32,0
T0005912,C0170,mid_weekend,2026-01-28 02:29:00.000000000,0.6158147234625009,-0.5833263497979546,1,1,0,1,-0.569,2,1780.11,0
T0006447,C0083,mid_weekend,2026-01-28 04:02:00.309188844,1.9308676434721666,5.396345449066999,1,1,0,2,0.46,4,4814.1,1
T0002579,C0076,high_business,2026-01-28 05:56:00.000000000,1.3343632064055335,1.3076044876871065,0,0,0,0,0.503,5,15366.66,0
T0000067,C0002,mid_weekend,2026-01-28 06:51:00.000000000,0.6238551146675284,-0.679435372957796,0,0,0,0,0.831,6,2173.9,0
T0005416,C0157,high_business,2026-01-28 07:21:00.000000000,0.7036546019125861,-0.4072983659321578,0,0,0,0,0.875,7,12130.94,0
T0002789,C0082,high_business,2026-01-28 07:48:00.000000000,0.8107487719100687,-0.887090896281107,0,0,0,0,0.86,7,9402.2,0
T0001332,C0037,high_business,2026-01-28 07:58:00.000000000,0.8561279671392474,-0.21221334609707598,0,0,0,1,-0.266,7,15450.76,0
T0002207,C0064,high_business,2026-01-28 08:05:00.000000000,1.0476709169191254,0.0897903824750736,0,0,0,0,0.777,8,15025.88,0
T0000942,C0025,high_business,2026-01-28 08:07:00.000000000,0.7739310953124786,-0.3780508973596398,0,0,0,1,-0.169,8,11713.14,0
T0002089,C0061,high_business,2026-01-28 08:08:00.000000000,1.0753202595648423,0.4054893326454924,0,1,0,0,1.731,8,13326.02,0
T0003631,C0106,high_business,2026-01-28 08:22:00.000000000,1.1056598747167568,0.7016169778506061,0,0,0,0,0.872,8,13386.55,0
T0000148,C0004,high_business,2026-01-28 09:03:00.000000000,1.2434328968662445,1.6754846823214922,0,0,0,0,0.824,9,15258.91,0
T0001223,C0034,high_business,2026-01-28 09:14:00.000000000,0.614214338241036,-0.7741721542307467,0,0,0,3,-0.081,9,8848.0,0
T0002315,C0067,high_business,2026-01-28 09:24:00.000000000,0.7704173524405458,-1.0777432831235572,0,0,0,5,-0.111,9,9239.8,0
T0003217,C0094,high_business,2026-01-28 09:29:00.000000000,0.5528682167112494,-0.693548862686731,0,0,0,2,-0.195,9,8110.3,0
T0004878,C0143,mid_weekend,2026-01-28 09:31:00.000000000,0.7290437413943511,-0.8178479224918672,0,0,0,2,-0.001,9,1821.38,0
T0004877,C0143,mid_weekend,2026-01-28 09:32:00.000000000,0.9316090818162062,-0.19968551391821568,0,0,0,1,-0.161,9,2339.76,0
T0006248,C0178,high_business,2026-01-28 09:40:00.000000000,0.7570927132195729,-0.7704920739625875,0,0,0,0,1.947,9,10248.8,0
T0002580,C0076,high_business,2026-01-28 09:41:00.000000000,0.7187221934968523,-1.1017760406749955,0,0,0,0,0.156,9,8430.62,0
T0002090,C0061,high_business,2026-01-28 09:45:00.000000000,4.262517973942772,17.90707349795261,0,0,0,0,0.067,9,52976.72,0
T0003756,C0109,high_business,2026-01-28 10:03:00.000000000,1.028378489551852,0.04630909967143402,0,0,0,0,0.846,10,15230.74,0
T0000373,C0011,mid_weekend,2026-01-28 10:09:00.000000000,1.09614498986825,0.48238214998507245,0,1,0,0,0.826,10,2679.35,0
T0002688,C0079,high_business,2026-01-28 10:10:00.000000000,0.8030744108664878,-0.3029311921505011,0,0,0,0,0.834,10,11113.2,0
T0002310,C0067,high_business,2026-01-28 10:10:00.000000000,0.9236523504109844,-0.329130491561426,0,0,0,0,1.946,10,11086.29,0
T0003215,C0094,high_business,2026-01-28 10:18:00.000000000,0.8261958030730592,-0.25809795547904,0,0,0,0,0.962,10,12172.9,0
T0004273,C0124,high_business,2026-01-28 10:23:00.000000000,1.0486832039088478,0.09383303827209216,0,1,0,1,-0.044,10,13181.98,0
T0000044,C0001,high_business,2026-01-28 10:43:00.000000000,1.0770892474985703,0.13679318792818812,0,0,0,0,2.949,10,15778.07,0
T0002940,C0085,high_business,2026-01-28 10:47:00.000000000,0.7128440965118671,-0.48906620548953794,0,0,0,0,0.938,10,10416.22,0
T0002312,C0067,high_business,2026-01-28 11:03:00.000000000,1.1356838228594206,0.6078429905794842,0,0,0,2,-0.018,11,13595.78,0
T0001222,C0034,high_business,2026-01-28 11:11:00.000000000,1.0606306257966471,0.11906212613236473,0,0,0,2,-0.031,11,15243.26,0
T0001220,C0034,high_business,2026-01-28 11:15:00.000000000,0.434508816915682,-1.1417887785293785,0,0,0,0,0.988,11,6473.87,0
T0000633,C0017,mid_weekend,2026-01-28 11:16:00.000000000,0.7558871383497374,-0.3737563760876628,0,0,0,0,2.601,11,2457.13,0
T0006414,C0139,high_business,2026-01-28 11:16:00.663702635,3.57114260847463,3.4250275210038774,0,0,0,1,0.907,11,49456.62,1
T0004272,C0124,high_business,2026-01-28 11:26:00.000000000,0.8751881856093636,-0.23752674453727718,0,0,0,0,1.525,11,11050.4,0
T0001931,C0056,mid_weekend,2026-01-28 11:26:00.000000000,0.6395934384555708,-0.6159269476600336,0,0,0,0,2.777,11,2632.0,0
T0002790,C0082,high_business,2026-01-28 11:27:00.000000000,1.239480132042816,1.118601687928821,0,0,0,0,0.152,11,14214.15,0
T0005421,C0157,high_business,2026-01-28 11:27:00.000000000,0.838309608601109,-0.22956025960910248,0,0,0,4,-0.054,11,13895.7,0
T0002311,C0067,high_business,2026-01-28 11:29:00.000000000,1.017303397173754,0.07583890351362761,0,0,0,0,0.055,11,12169.82,0
T0005169,C0151,high_business,2026-01-28 11:29:00.000000000,1.4037600858360901,1.8751834422060474,0,0,0,0,0.988,11,15565.64,0
T0005418,C0157,high_business,2026-01-28 11:30:00.000000000,0.632387261856388,-0.5119937380367391,0,0,0,1,-0.11,11,10717.76,0
T0005640,C0163,high_business,2026-01-28 11:31:00.000000000,0.8016304117482095,-0.3044339647549756,0,0,0,0,0.945,11,11426.86,0
T0002316,C0067,high_business,2026-01-28 11:33:00.000000000,0.8984511800258893,-0.4717875904105434,0,0,0,4,0.09,11,10686.99,0
T0001224,C0034,high_business,2026-01-28 11:38:00.000000000,0.5966083818788263,-0.8042590228208149,0,0,0,3,0.1,11,8471.58,0
T0002208,C0064,high_business,2026-01-28 11:44:00.000000000,0.8283464325639632,-0.32860082140595026,0,0,0,0,0.152,11,11896.94,0
T0001136,C0031,high_business,2026-01-28 11:44:00.000000000,0.8298416117605656,-0.3698027016536991,0,0,0,0,1.021,11,11492.93,0
T0003449,C0100,high_business,2026-01-28 11:46:00.000000000,0.9700545321474099,-0.047704300956260125,0,0,0,0,0.898,11,14138.89,0
T0005170,C0151,high_business,2026-01-28 11:47:00.000000000,1.145377486693918,0.651727916655541,0,0,0,1,0.013,11,12956.96,0
T0004571,C0133,high_business,2026-01-28 11:50:00.000000000,0.8439792869387314,-1.3555855026620016,0,0,0,0,2.121,11,9573.78,0
T0000451,C0013,high_business,2026-01-28 11:51:00.000000000,0.887324522570256,-0.6992897696866175,0,0,0,0,2.246,11,11104.84,0
T0004843,C0142,high_business,2026-01-28 11:53:00.000000000,0.49784910101240465,-0.9077103081056913,0,0,0,0,5.174,11,7794.69,0
T0001221,C0034,high_business,2026-01-28 11:56:00.000000000,0.6969806477721858,-0.5943337295143842,0,0,0,1,0.028,11,10139.83,0
T0005641,C0163,high_business,2026-01-28 12:00:00.000000000,0.7983448972073088,-0.3127723218529827,0,0,0,1,0.02,12,11289.72,0
T0005893,C0169,high_business,2026-01-28 12:03:00.000000000,0.7666216014810477,-0.377173166550012,0,0,0,0,1.079,12,10633.82,0
T0002314,C0067,high_business,2026-01-28 12:04:00.000000000,1.0327367538046952,0.15068601797447184,0,0,0,2,-0.098,12,12370.86,0
T0005967,C0172,high_business,2026-01-28 12:06:00.000000000,1.072351384858612,0.21521551284674093,0,1,0,0,0.991,12,12962.21,0
T0005968,C0172,high_business,2026-01-28 12:08:00.000000000,0.9624848569030605,-0.11588713063525635,0,0,0,1,0.001,12,11690.3,0
T0000941,C0025,high_business,2026-01-28 12:10:00.000000000,0.8856932911114711,-0.18877098111228666,0,0,0,0,0.969,12,13455.88,0
T0001630,C0046,high_business,2026-01-28 12:11:00.000000000,1.3634247079742237,2.308320189640197,0,0,0,0,1.124,12,16820.83,0
T0005969,C0172,high_business,2026-01-28 12:17:00.000000000,4.032563753837147,9.648309593744816,0,0,0,2,0.006,12,48864.51,0
T0002415,C0070,high_business,2026-01-28 12:22:00.000000000,1.2115204970544173,0.4247253949170102,0,0,0,0,1.986,12,15157.6,0
T0000270,C0008,mid_weekend,2026-01-28 12:22:00.000000000,1.147773004410909,0.7055810985544658,0,0,0,0,0.921,12,3053.58,0
T0005171,C0151,high_business,2026-01-28 12:26:00.000000000,0.6655766070216266,-1.5314696242719146,0,1,0,2,0.027,12,7581.38,0
T0004750,C0139,high_business,2026-01-28 12:26:00.000000000,0.8961675426418422,-0.13799144458025117,0,0,0,0,0.947,12,12144.78,0
T0004110,C0119,mid_weekend,2026-01-28 12:32:00.000000000,0.7647488155809299,-0.6275174857480471,0,0,0,0,0.938,12,1907.25,0
T0004572,C0133,high_business,2026-01-28 12:32:00.000000000,1.313297612469828,2.605243362717232,0,0,0,1,0.029,12,14686.25,0
T0002231,C0065,mid_weekend,2026-01-28 12:38:00.000000000,0.3721540709635897,-0.9544300208298228,0,0,0,0,1.128,12,1310.59,0
T0006249,C0178,high_business,2026-01-28 12:44:00.000000000,0.6562815882322927,-1.0890259461593135,0,0,0,0,0.128,12,8790.29,0
T0005420,C0157,high_business,2026-01-28 12:45:00.000000000,0.9147579924547354,-0.11950922177898941,0,0,0,2,-0.01,12,15202.16,0
T0004039,C0116,mid_weekend,2026-01-28 12:45:00.000000000,0.8130473759925351,-0.45400676259113487,0,0,0,0,0.934,12,2595.59,0
T0005749,C0166,high_business,2026-01-28 12:45:00.000000000,0.7789931644229778,-0.45357650243695813,0,0,0,0,1.103,12,11463.19,0
T0002622,C0077,mid_weekend,2026-01-28 12:47:00.000000000,1.2252927362487749,1.0540092424063807,0,0,0,0,0.706,12,3003.35,0
T0004573,C0133,high_business,2026-01-28 12:55:00.000000000,1.018965477912057,0.13508307359195007,0,1,0,1,0.016,12,11692.31,0
T0005750,C0166,high_business,2026-01-28 12:58:00.000000000,0.757428329516484,-0.5007000356020154,0,0,0,1,0.009,12,11068.88,0
T0005419,C0157,high_business,2026-01-28 12:59:00.000000000,0.7547793023120961,-0.3416190674161324,0,0,0,1,0.062,12,12640.38,0
T0003218,C0094,high_business,2026-01-28 13:17:00.000000000,0.7790544961451111,-0.33994934355886036,0,0,0,1,0.158,13,11196.07,0
T0000826,C0022,high_business,2026-01-28 13:23:00.000000000,0.9097639601672253,-0.2548579812903879,0,0,0,1,-0.037,13,11684.41,0
T0000452,C0013,high_business,2026-01-28 13:23:00.000000000,0.9511217008418557,-0.311678381598344,0,0,0,0,0.064,13,11711.66,0
T0004876,C0143,mid_weekend,2026-01-28 13:24:00.000000000,1.7140925002963254,2.2452374250591145,0,0,0,0,1.958,13,4063.2,0
T0003909,C0113,mid_weekend,2026-01-28 13:30:00.000000000,2.5131470412946784,4.485440623173055,0,0,0,0,0.944,13,6435.12,0
T0002623,C0077,mid_weekend,2026-01-28 13:30:00.000000000,0.3876479883931325,-2.9014053863030034,0,0,0,1,0.03,13,963.55,0
T0001741,C0050,mid_weekend,2026-01-28 13:35:00.000000000,1.0801304091130095,0.39977062105490896,0,0,0,0,0.985,13,2843.52,0
T0004001,C0115,high_business,2026-01-28 13:40:00.000000000,0.9835773344481631,-0.07163940076501862,0,0,0,0,1.019,13,12261.82,0
T0004384,C0128,mid_weekend,2026-01-28 14:06:00.000000000,0.6835534096852979,-0.7633788833268644,0,0,0,0,1.006,14,1853.64,0
T0005417,C0157,high_business,2026-01-28 14:08:00.000000000,0.7966957863145164,-0.28066057364434105,0,0,0,0,0.283,14,13594.6,0
T0003216,C0094,high_business,2026-01-28 14:10:00.000000000,1.0918434738665383,0.13848353566014182,0,0,0,0,0.161,14,15947.06,0
T0005307,C0155,mid_weekend,2026-01-28 14:15:00.000000000,0.9588955440823996,-0.21895477341460257,0,0,0,0,1.124,14,2448.34,0
T0000825,C0022,high_business,2026-01-28 14:17:00.000000000,0.8659768592245679,-0.37164481830936924,0,0,0,0,1.019,14,11210.41,0
T0004674,C0137,mid_weekend,2026-01-28 14:18:00.000000000,0.5565754764536109,-0.8271925685410322,0,0,0,0,1.031,14,1811.11,0
T0001331,C0037,high_business,2026-01-28 14:21:00.000000000,0.6754193565967783,-0.47753203702598856,0,0,0,0,0.906,14,12337.79,0
T0005894,C0169,high_business,2026-01-28 14:22:00.000000000,0.7604438951802669,-0.3891104201593368,0,0,0,0,0.097,14,10486.59,0
T0002313,C0067,high_business,2026-01-28 14:25:00.000000000,0.8753637233329583,-0.5687706381182712,0,0,0,0,0.14,14,10536.24,0
T0001637,C0047,mid_weekend,2026-01-28 14:26:00.000000000,1.0609899072886357,0.4288281942582579,0,1,0,0,4.889,14,2111.15,0
T0003674,C0107,mid_weekend,2026-01-28 14:44:00.000000000,1.1143383711552084,0.27303685418693585,0,0,0,0,0.892,14,3094.8,0
T0002527,C0074,mid_weekend,2026-01-28 15:03:00.000000000,0.40044396804515875,-0.8426731063034609,0,0,0,0,1.407,15,1606.56,0
T0001742,C0050,mid_weekend,2026-01-28 15:06:00.000000000,1.2965449051150408,1.5693061842710394,0,0,0,0,0.063,15,3443.64,0
T0000634,C0017,mid_weekend,2026-01-28 15:08:00.000000000,0.5310117376203095,-0.7239380080958941,0,0,0,0,0.161,15,1708.58,0
T0004295,C0125,mid_weekend,2026-01-28 15:14:00.000000000,0.9396297275391007,-0.36024475058853117,0,0,0,0,1.993,15,2569.14,0
T0001853,C0053,mid_weekend,2026-01-28 15:18:00.000000000,4.234675640173177,20.81736640865567,0,0,0,0,1.052,15,11159.63,0
T0005172,C0151,high_business,2026-01-28 15:18:00.000000000,0.8252695549343362,-0.7667123800784458,0,0,0,0,0.119,15,9257.5,0
T0002333,C0068,mid_weekend,2026-01-28 15:26:00.000000000,1.2378937001059822,0.9359703761100215,0,0,0,0,0.935,15,2982.51,0
T0002950,C0086,mid_weekend,2026-01-28 15:29:00.000000000,0.6921583121088938,-0.3871485516723177,0,1,0,0,1.883,15,2749.66,0
T0005680,C0164,mid_weekend,2026-01-28 15:49:00.000000000,0.4811152079471128,-0.652426572766186,0,1,0,0,2.01,15,1497.9,0
T0003910,C0113,mid_weekend,2026-01-28 16:02:00.000000000,0.8165022847632931,-0.43004688994698415,0,0,0,0,0.106,16,2234.52,0
T0005911,C0170,mid_weekend,2026-01-28 16:08:00.000000000,3.790419557865923,13.60430455181003,0,0,0,0,4.981,16,8739.73,0
T0001420,C0041,mid_weekend,2026-01-28 16:10:00.000000000,0.927294984744651,-0.3881582561114772,0,0,0,0,1.133,16,2297.87,0
T0005681,C0164,mid_weekend,2026-01-28 16:27:00.000000000,0.9740933216567214,-0.03217403831082314,0,0,0,1,0.026,16,2945.3,0
T0004591,C0134,mid_weekend,2026-01-28 16:31:00.000000000,1.2726531028638723,2.7196133245137224,0,0,0,0,3.975,16,3177.26,0
T0001638,C0047,mid_weekend,2026-01-28 16:49:00.000000000,1.033169093248161,0.2542064179861275,0,1,0,0,0.099,16,2076.69,0
T0004203,C0122,mid_weekend,2026-01-28 16:52:00.000000000,0.8780485861475547,-0.31250522585524,0,0,0,0,2.368,16,2246.42,0
T0002122,C0062,mid_weekend,2026-01-28 17:13:00.000000000,0.8471991874734257,-0.9340716447452442,0,0,0,0,0.839,17,2113.78,0
T0005913,C0170,mid_weekend,2026-01-28 17:23:00.000000000,1.1804124667354037,0.273104232889673,0,0,0,0,0.621,17,3302.92,0
T0003780,C0110,mid_weekend,2026-01-28 17:54:00.000000000,0.9520693211783888,-0.21403521958473792,0,0,0,0,1.232,17,2575.7,0
T0005573,C0161,mid_weekend,2026-01-28 18:24:00.000000000,0.9904358223017786,-0.051636460026660495,0,0,0,0,1.128,18,2413.81,0
T0003244,C0095,mid_weekend,2026-01-28 18:30:00.000000000,0.8210318980057458,-0.24486603665341036,0,0,0,0,1.029,18,2671.54,0
T0006457,C0041,mid_weekend,2026-01-28 18:34:00.371988964,6.084036158821932,27.14278443778459,0,0,0,1,1.233,18,15076.46,1
T0003351,C0098,mid_weekend,2026-01-28 18:37:00.000000000,0.7515925676447419,-0.580588528329872,0,0,0,0,1.015,18,2239.85,0
T0004614,C0135,low_evening_shopper,2026-01-28 18:43:00.000000000,0.8837318714913843,-0.16238300148226661,0,0,0,0,4.865,18,867.55,0
T0005009,C0147,low_evening_shopper,2026-01-28 18:47:00.000000000,0.3551418501453677,-1.2778359604993739,0,0,0,0,4.885,18,486.16,0
T0002450,C0071,mid_weekend,2026-01-28 18:51:00.000000000,0.875356441167364,-0.6663645674403778,0,0,0,0,2.119,18,2273.98,0
T0004516,C0132,low_evening_shopper,2026-01-28 18:55:00.000000000,0.7689167179685812,-0.6867000523891923,0,0,0,0,2.972,18,488.6,0
T0006285,C0179,mid_weekend,2026-01-28 19:10:00.000000000,1.2977630774064073,1.260172759951863,0,0,0,0,1.136,19,3316.45,0
T0000667,C0018,low_evening_shopper,2026-01-28 19:19:00.000000000,0.5757951381460777,-2.4169103694292535,0,0,0,0,3.06,19,402.75,0
T0005496,C0159,low_evening_shopper,2026-01-28 19:27:00.000000000,0.36983322592852264,-0.9303720071920422,0,0,0,0,1.942,19,404.13,0
T0000176,C0005,mid_weekend,2026-01-28 19:34:00.000000000,0.7833318945995034,-0.35632130662850614,0,1,0,0,2.098,19,2163.55,0
T0003085,C0090,low_evening_shopper,2026-01-28 19:37:00.000000000,1.3597231401292351,1.9670115735909106,0,0,0,0,0.911,19,873.63,0
T0006181,C0177,low_evening_shopper,2026-01-28 19:53:00.000000000,1.237758475136248,1.7671197685014206,0,1,0,0,1.994,19,790.33,0
T0002975,C0087,low_evening_shopper,2026-01-28 20:10:00.000000000,0.7487055584898334,-0.38182877528525533,0,0,0,0,3.94,20,844.83,0
T0002541,C0075,low_evening_shopper,2026-01-28 20:18:00.000000000,0.6869243407300146,-2.583499594890622,0,0,0,0,0.851,20,427.02,0
T0004406,C0129,low_evening_shopper,2026-01-28 20:19:00.000000000,1.2126721140972034,0.5224566057497321,0,0,0,0,3.922,20,892.44,0
T0003162,C0093,low_evening_shopper,2026-01-28 20:29:00.000000000,0.940972324121996,-0.2966602876903185,0,0,0,0,2.058,20,599.65,0
T0001561,C0045,low_evening_shopper,2026-01-28 20:42:00.000000000,0.6415007730096401,-2.201461972723429,0,0,0,0,1.006,20,425.53,0
T0005208,C0152,mid_weekend,2026-01-28 20:49:00.000000000,0.7154245738439233,-1.7209094482459162,0,0,0,0,1.172,20,1563.78,0
T0005823,C0168,low_evening_shopper,2026-01-28 21:00:00.000000000,0.9241173197684962,-0.11052798956016813,0,0,0,0,6.007,21,810.99,0
T0003135,C0092,mid_weekend,2026-01-28 21:01:00.000000000,1.5992742690373045,2.320594465772654,0,0,0,0,2.327,21,3855.22,0
T0002638,C0078,low_evening_shopper,2026-01-28 21:06:00.000000000,0.5766193220639881,-0.533959770550583,0,0,0,0,4.076,21,808.97,0
T0005591,C0162,low_evening_shopper,2026-01-28 21:07:00.000000000,0.7708122589593973,-1.2826133020185106,0,0,0,0,4.077,21,534.17,0
T0000218,C0006,low_evening_shopper,2026-01-28 21:09:00.000000000,0.7246189698372255,-2.421015854930408,0,1,0,0,2.012,21,617.04,0
T0000006,C0000,low_evening_shopper,2026-01-28 21:11:00.000000000,1.1440740696947227,0.5539552482059973,0,0,0,0,1.053,21,797.77,0
T0002373,C0069,low_evening_shopper,2026-01-28 21:38:00.000000000,0.7868137603686908,-0.2924863501283696,0,0,0,0,2.971,21,777.65,0
T0000776,C0021,low_evening_shopper,2026-01-28 22:34:00.000000000,0.6786239166522834,-1.5231533239310981,0,0,0,0,5.162,22,513.34,0
T0004128,C0120,low_evening_shopper,2026-01-28 22:52:00.000000000,0.9127808243373362,-0.3942231876722788,0,0,0,0,2.131,22,747.95,0
T0002232,C0065,mid_weekend,2026-01-29 03:15:00.000000000,0.914555961120661,-0.12669834565261026,1,0,0,0,0.609,3,3132.82,0
T0006386,C0087,low_evening_shopper,2026-01-29 04:03:00.392530750,5.41993127139524,6.8689536897683645,1,1,1,5,0.328,4,5945.01,1
T0005643,C0163,high_business,2026-01-29 07:15:00.000000000,1.0736994108330284,0.11715936441213201,0,0,0,1,-0.184,7,15009.72,0
T0000151,C0004,high_business,2026-01-29 07:16:00.000000000,0.9126500311589744,-0.5906773994448312,0,0,0,2,-0.12,7,11342.32,0
T0005644,C0163,high_business,2026-01-29 08:03:00.000000000,0.7781153353173355,-0.36005811305009294,0,1,0,2,0.033,8,10906.25,0
T0003225,C0094,high_business,2026-01-29 08:45:00.000000000,0.9180569698348355,-0.13507454322347662,0,0,0,6,-0.16,8,12537.11,0
T0005175,C0151,high_business,2026-01-29 09:10:00.000000000,0.9874653657768486,-0.0559256300221915,0,0,0,2,-0.053,9,11093.2,0
T0004002,C0115,high_business,2026-01-29 09:12:00.000000000,0.6684610517721962,-1.4890937019600623,0,0,0,0,0.814,9,8325.35,0
T0005645,C0163,high_business,2026-01-29 09:19:00.000000000,0.9207918320817098,-0.12951827229921334,0,0,0,1,0.053,9,12807.29,0
T0004575,C0133,high_business,2026-01-29 09:19:00.000000000,0.9250425236080211,-0.11613001160263489,0,0,0,1,-0.165,9,12909.08,0
T0002418,C0070,high_business,2026-01-29 09:39:00.000000000,0.6857417122606615,-0.6813489681033639,0,0,0,2,-0.162,9,8658.08,0
T0005424,C0157,high_business,2026-01-29 09:39:00.000000000,0.8597519585915426,-0.20492786591685624,0,0,0,2,-0.01,9,14077.11,0
T0001254,C0035,mid_weekend,2026-01-29 09:39:00.000000000,0.7354649916922776,-0.4769761964791526,0,0,0,0,1.425,9,1924.97,0
T0002317,C0067,high_business,2026-01-29 09:49:00.000000000,1.1718845897374268,0.8067608618974442,0,0,0,0,0.928,9,13890.64,0
T0005423,C0157,high_business,2026-01-29 09:54:00.000000000,0.7622729040377135,-0.3453514426852905,0,0,0,1,-0.024,9,12564.01,0
T0004208,C0122,mid_weekend,2026-01-29 09:56:00.000000000,1.135206640621323,0.3863136171441827,0,0,0,4,-0.28,9,2898.14,0
T0005751,C0166,high_business,2026-01-29 10:02:00.000000000,0.8912646415588318,-0.22539420417085415,0,0,0,0,0.878,10,12928.99,0
T0000150,C0004,high_business,2026-01-29 10:09:00.000000000,0.9155457920018055,-0.566081247532584,0,0,0,1,-0.059,10,11410.43,0
T0003219,C0094,high_business,2026-01-29 10:11:00.000000000,0.6821409756791551,-0.4940099269363013,0,0,0,0,0.871,10,9709.12,0
T0005971,C0172,high_business,2026-01-29 10:18:00.000000000,0.8436256147026056,-0.24312981079499585,0,0,0,1,-0.125,10,11991.0,0
T0000349,C0010,high_business,2026-01-29 10:23:00.000000000,0.8603989197028282,-0.4083549047065973,0,0,0,0,1.56,10,13471.6,0
T0000177,C0005,mid_weekend,2026-01-29 10:26:00.000000000,1.0899584361899763,0.15160536981909753,0,0,0,0,0.619,10,2945.22,0
T0005174,C0151,high_business,2026-01-29 10:27:00.000000000,1.298182058619985,1.3331543443369995,0,0,0,1,-0.174,10,14411.9,0
T0005422,C0157,high_business,2026-01-29 10:29:00.000000000,0.9687487772915402,-0.044787357119489765,0,0,0,0,0.96,10,15981.47,0
T0001255,C0035,mid_weekend,2026-01-29 10:29:00.000000000,1.127671110760975,0.2315901616854644,0,0,0,1,0.035,10,2916.02,0
T0005176,C0151,high_business,2026-01-29 10:43:00.000000000,1.0564969696847601,0.25692448778767635,0,0,0,2,0.065,10,11862.98,0
T0001137,C0031,high_business,2026-01-29 10:47:00.000000000,1.0205405403902201,0.04498417947028037,0,0,0,0,0.96,10,14065.31,0
T0002581,C0076,high_business,2026-01-29 10:58:00.000000000,1.239320317981015,0.9199245441466749,0,0,0,0,1.053,10,14322.04,0
T0004205,C0122,mid_weekend,2026-01-29 11:02:00.000000000,0.9212471051534769,-0.21084923018819424,0,0,0,1,-0.224,11,2349.53,0
T0005574,C0161,mid_weekend,2026-01-29 11:26:00.000000000,0.8863545951728433,-0.629161619471213,0,1,0,0,0.71,11,2159.12,0
T0004751,C0139,high_business,2026-01-29 11:29:00.000000000,1.2746540006293148,0.37237108104686,0,0,0,0,0.96,11,17184.31,0
T0003220,C0094,high_business,2026-01-29 11:33:00.000000000,0.7772034573066267,-0.3472674462927614,0,0,0,0,0.057,11,10915.67,0
T0000149,C0004,high_business,2026-01-29 11:34:00.000000000,1.1984046331549736,1.337279373101882,0,0,0,0,1.105,11,14834.2,0
T0002791,C0082,high_business,2026-01-29 11:39:00.000000000,1.3174947224401583,1.4952051957949992,0,0,0,0,1.008,11,15309.82,0
T0005642,C0163,high_business,2026-01-29 11:40:00.000000000,0.8993917237115638,-0.1576059018748644,0,0,0,0,0.986,11,12620.02,0
T0003223,C0094,high_business,2026-01-29 11:44:00.000000000,0.6628788603134668,-0.5512816622152737,0,0,0,3,-0.05,11,9234.9,0
T0005210,C0152,mid_weekend,2026-01-29 11:46:00.000000000,1.1296237181418975,0.7223327455128478,0,0,0,1,-0.141,11,2448.41,0
T0000152,C0004,high_business,2026-01-29 11:49:00.000000000,0.9503856004702442,-0.3381892490329294,0,0,0,1,0.19,11,11778.01,0
T0005646,C0163,high_business,2026-01-29 11:51:00.000000000,1.0878644409391407,0.14570226170921438,0,0,0,1,0.106,11,15091.16,0
T0006403,C0094,high_business,2026-01-29 11:52:00.652797770,2.0145772788268856,1.6016068877769096,0,0,1,6,0.13,11,28531.72,1
T0000153,C0004,high_business,2026-01-29 11:57:00.000000000,1.0653855603302418,0.45131466733067865,0,0,0,2,0.006,11,13182.72,0
T0005177,C0151,high_business,2026-01-29 12:25:00.000000000,0.97879383519637,-0.09835925943050952,0,0,0,1,0.071,12,11013.48,0
T0005895,C0169,high_business,2026-01-29 12:28:00.000000000,0.991041249777633,-0.014619402120030461,0,0,0,0,0.921,12,13586.69,0
T0003632,C0106,high_business,2026-01-29 12:29:00.000000000,0.9208969464121339,-0.5352168546914831,0,0,0,0,1.172,12,11208.47,0
T0002009,C0059,mid_weekend,2026-01-29 12:35:00.000000000,0.8749909713905984,-0.19410831766773468,0,0,0,0,2.992,12,3068.97,0
T0003224,C0094,high_business,2026-01-29 12:36:00.000000000,0.7732171028837002,-0.3710992897941407,0,0,0,3,0.036,12,10642.38,0
T0002720,C0080,mid_weekend,2026-01-29 12:36:00.000000000,0.8929928856868292,-0.2431212020072596,0,0,0,0,1.786,12,2267.22,0
T0001639,C0047,mid_weekend,2026-01-29 12:38:00.000000000,1.1088728516932609,0.9013708583303649,0,0,0,0,0.826,12,2239.42,0
T0004879,C0143,mid_weekend,2026-01-29 12:42:00.000000000,1.1036637494659105,0.3110788510693965,0,0,0,0,1.133,12,2703.94,0
T0000453,C0013,high_business,2026-01-29 12:43:00.000000000,1.3639843560509237,2.451245324626301,0,0,0,0,0.972,12,16692.84,0
T0003222,C0094,high_business,2026-01-29 12:56:00.000000000,0.9446590099415687,-0.08900082758035348,0,0,0,1,-0.049,12,13187.55,0
T0002091,C0061,high_business,2026-01-29 13:16:00.000000000,0.8507723058749638,-0.2607114502597061,0,0,0,0,1.147,13,11851.5,0
T0004574,C0133,high_business,2026-01-29 13:17:00.000000000,4.001516692908163,22.26832223656434,0,0,0,0,1.015,13,45983.13,0
T0005970,C0172,high_business,2026-01-29 13:18:00.000000000,0.9175358027225938,-0.12523034400121413,0,0,0,0,1.042,13,13101.56,0
T0006144,C0176,mid_weekend,2026-01-29 13:18:00.000000000,1.8026721958860623,1.5175663835361988,0,0,0,0,2.047,13,5518.96,0
T0002417,C0070,high_business,2026-01-29 13:32:00.000000000,1.062307747590472,0.13166368381052293,0,0,0,1,-0.081,13,13374.67,0
T0005288,C0154,high_business,2026-01-29 13:39:00.000000000,0.7073241971587672,-0.5801256549010295,0,0,0,0,2.045,13,10008.01,0
T0003226,C0094,high_business,2026-01-29 13:47:00.000000000,0.9551314939067925,-0.0749971627549439,0,0,0,2,0.21,13,13007.77,0
T0001256,C0035,mid_weekend,2026-01-29 13:54:00.000000000,1.3827405398837316,0.7129889506959393,0,0,0,0,0.142,13,3595.44,0
T0003757,C0109,high_business,2026-01-29 13:55:00.000000000,0.5952067328525629,-0.6724609572392823,0,0,0,0,1.161,13,8823.61,0
T0002451,C0071,mid_weekend,2026-01-29 14:05:00.000000000,1.114062777093777,0.6199258988058305,0,1,0,0,0.801,14,2861.29,0
T0003221,C0094,high_business,2026-01-29 14:06:00.000000000,1.0756154026682867,0.11893169361930006,0,1,0,0,0.106,14,14972.17,0
T0004297,C0125,mid_weekend,2026-01-29 14:29:00.000000000,1.2053696813102042,1.0831794258377727,0,0,0,1,-0.103,14,3179.4,0
T0001155,C0032,mid_weekend,2026-01-29 14:29:00.000000000,1.2785893007102882,0.8719647730600198,0,0,0,0,1.931,14,2974.26,0
T0006286,C0179,mid_weekend,2026-01-29 14:32:00.000000000,1.2020568228114468,0.8622823521828928,0,0,0,0,0.807,14,3163.34,0
T0005450,C0158,mid_weekend,2026-01-29 14:37:00.000000000,1.1455736145279947,1.0043579091437036,0,0,0,0,3.932,14,2927.41,0
T0005173,C0151,high_business,2026-01-29 14:38:00.000000000,0.9337427371855251,-0.2913116136032697,0,0,0,0,0.972,14,10394.73,0
T0004880,C0143,mid_weekend,2026-01-29 14:44:00.000000000,1.1501669654035729,0.4681599395707973,0,1,0,0,0.085,14,2837.34,0
T0004206,C0122,mid_weekend,2026-01-29 14:49:00.000000000,1.0064887953304824,0.01770008990378901,0,0,0,1,0.158,14,2557.74,0
T0000068,C0002,mid_weekend,2026-01-29 14:55:00.000000000,0.7372769395304843,-0.47009942902463664,0,0,0,0,1.336,14,2448.34,0
T0002721,C0080,mid_weekend,2026-01-29 14:56:00.000000000,1.0248196065177058,0.057949584801774555,0,0,0,0,0.097,14,2582.03,0
T0005178,C0151,high_business,2026-01-29 14:57:00.000000000,1.1504802939875183,0.7101103191223933,0,0,0,1,0.106,14,12935.5,0
T0002624,C0077,mid_weekend,2026-01-29 14:57:00.000000000,0.506107539304619,-1.9016224654967702,0,0,0,0,1.06,14,1212.69,0
T0005209,C0152,mid_weekend,2026-01-29 15:09:00.000000000,1.203978394647488,1.1264670405527277,0,1,0,0,0.764,15,2569.26,0
T0002951,C0086,mid_weekend,2026-01-29 15:13:00.000000000,0.8100480055752811,-0.2422494335900742,0,0,0,0,0.989,15,3118.92,0
T0004769,C0140,mid_weekend,2026-01-29 15:28:00.000000000,0.6857650361868363,-0.4450592491996053,0,0,0,0,2.118,15,1921.83,0
T0002416,C0070,high_business,2026-01-29 15:29:00.000000000,0.9114253851217283,-0.18357876069541182,0,0,0,0,1.13,15,11523.64,0
T0001339,C0038,mid_weekend,2026-01-29 15:56:00.000000000,0.7389877369693559,-0.3525510133350403,0,1,0,0,3.947,15,2648.87,0
T0003911,C0113,mid_weekend,2026-01-29 16:01:00.000000000,1.142455718042474,0.3372871327091574,0,0,0,0,0.999,16,3101.61,0
T0004204,C0122,mid_weekend,2026-01-29 16:24:00.000000000,1.0624882116581447,0.16288937069371717,0,0,0,0,0.981,16,2701.71,0
T0004207,C0122,mid_weekend,2026-01-29 16:39:00.000000000,1.1037807670918813,0.2895345525860626,0,0,0,1,0.076,16,2805.78,0
T0003245,C0095,mid_weekend,2026-01-29 16:41:00.000000000,0.713848358780888,-0.3981980812881473,0,0,0,0,0.924,16,2299.69,0
T0002722,C0080,mid_weekend,2026-01-29 16:53:00.000000000,0.5629797089687302,-1.0578109266528628,0,0,0,0,0.081,16,1420.77,0
T0006011,C0173,mid_weekend,2026-01-29 16:55:00.000000000,0.5891757605934551,-0.6378379394721604,0,0,0,0,1.953,16,2017.47,0
T0004296,C0125,mid_weekend,2026-01-29 16:58:00.000000000,0.640293180708296,-2.2257818762868595,0,0,0,0,1.072,16,1741.09,0
T0003781,C0110,mid_weekend,2026-01-29 17:05:00.000000000,1.0883092949793134,0.42164897814824065,0,0,0,0,0.966,17,2924.12,0
T0003758,C0109,high_business,2026-01-29 17:11:00.000000000,0.7534281797829889,-0.40798524784076035,0,0,0,0,0.136,17,11023.32,0
T0003675,C0107,mid_weekend,2026-01-29 17:16:00.000000000,3.9702236917571425,7.455663943914594,0,0,0,0,1.106,17,11131.37,0
T0000668,C0018,low_evening_shopper,2026-01-29 17:17:00.000000000,1.294359225173035,1.3199385354309037,0,1,0,0,0.915,17,862.68,0
T0003814,C0111,low_evening_shopper,2026-01-29 17:19:00.000000000,0.5367916798488912,-23.93191124627253,0,0,0,0,2.965,17,488.05,0
T0004675,C0137,mid_weekend,2026-01-29 17:35:00.000000000,0.9976481351817666,-0.0042650224595930765,0,0,0,0,1.137,17,3086.42,0
T0002818,C0083,mid_weekend,2026-01-29 17:43:00.000000000,1.4348395778238505,2.5208197428629067,0,0,0,0,2.031,17,3577.39,0
T0000635,C0017,mid_weekend,2026-01-29 17:52:00.000000000,0.7735473186664377,-0.3464588105716187,0,0,0,0,1.114,17,2442.27,0
T0002123,C0062,mid_weekend,2026-01-29 18:38:00.000000000,0.9523184030282347,-0.2901564842730294,0,0,0,0,1.059,18,2339.75,0
T0004922,C0144,low_evening_shopper,2026-01-29 18:57:00.000000000,0.9473486533821741,-0.1525085977539112,0,0,0,0,3.856,18,661.77,0
T0003478,C0101,mid_weekend,2026-01-29 19:00:00.000000000,0.6327602233670622,-1.0544972282884388,0,0,0,0,2.048,19,1937.99,0
T0005356,C0156,low_evening_shopper,2026-01-29 19:08:00.000000000,1.1992847942398348,0.8268457975389951,0,0,0,0,2.939,19,803.2,0
T0000538,C0015,low_evening_shopper,2026-01-29 19:18:00.000000000,2.3196879625132776,2.4371852733882537,0,0,0,0,1.961,19,1999.7,0
T0003039,C0089,mid_weekend,2026-01-29 19:21:00.000000000,0.8052843043710602,-0.4191012482016725,0,0,0,0,2.06,19,2339.81,0
T0004407,C0129,low_evening_shopper,2026-01-29 19:22:00.000000000,1.6927454996416191,1.781679227052228,0,0,0,0,0.96,19,1266.12,0
T0005497,C0159,low_evening_shopper,2026-01-29 19:30:00.000000000,1.1201348518964163,0.16001072389640764,0,1,1,0,1.002,19,1069.75,0
T0005934,C0171,low_evening_shopper,2026-01-29 19:35:00.000000000,0.8452846687227882,-1.0045886614632302,0,0,0,0,5.055,19,653.06,0
T0004770,C0140,mid_weekend,2026-01-29 19:42:00.000000000,1.2472963508377346,0.352182413470724,0,0,0,0,0.176,19,3434.48,0
T0002639,C0078,low_evening_shopper,2026-01-29 19:43:00.000000000,0.5810379816916763,-0.5256317708082918,0,0,0,0,0.942,19,757.65,0
T0001677,C0048,low_evening_shopper,2026-01-29 19:46:00.000000000,0.8132431716384236,-0.6754894898915031,0,0,0,0,4.997,19,704.99,0
T0001294,C0036,low_evening_shopper,2026-01-29 20:10:00.000000000,0.9919378103576523,-0.053021298840260196,0,1,0,0,2.986,20,804.37,0
T0001182,C0033,low_evening_shopper,2026-01-29 20:11:00.000000000,1.0438861175951752,0.07223357777119639,0,0,0,0,4.906,20,986.43,0
T0000069,C0002,mid_weekend,2026-01-29 20:12:00.000000000,0.5949133141250381,-0.7373636921397558,0,0,0,0,0.22,20,1917.91,0
T0001872,C0054,low_evening_shopper,2026-01-29 20:18:00.000000000,0.9757647465221376,-0.21444104670220018,0,1,0,0,4.037,20,638.87,0
T0006052,C0174,low_evening_shopper,2026-01-29 20:19:00.000000000,0.5603976878522887,-0.5464786377719804,0,0,0,0,6.217,20,597.07,0
T0004844,C0142,high_business,2026-01-29 20:23:00.000000000,0.6827572302935735,-0.5536356014206882,1,0,0,0,1.354,20,10201.76,0
T0001049,C0029,mid_weekend,2026-01-29 20:23:00.000000000,0.7640143174233217,-0.33642437223712346,0,0,0,0,6.09,20,2177.46,0
T0001362,C0039,low_evening_shopper,2026-01-29 20:33:00.000000000,0.7103747270066683,-1.1989711985156726,0,0,0,0,3.042,20,519.12,0
T0000855,C0023,mid_weekend,2026-01-29 20:42:00.000000000,0.991799785832552,-0.014882047585750256,0,0,0,0,5.112,20,3473.15,0
T0004129,C0120,low_evening_shopper,2026-01-29 20:44:00.000000000,0.7922021120142969,-0.9909030356816826,0,0,0,0,0.911,20,641.05,0
T0004923,C0144,low_evening_shopper,2026-01-29 20:48:00.000000000,1.1102606133750494,0.33077724993847635,0,0,0,0,0.077,20,772.43,0
T0000007,C0000,low_evening_shopper,2026-01-29 20:49:00.000000000,0.9973615523031976,-0.011099463079663472,0,1,0,0,0.985,20,712.16,0
T0001363,C0039,low_evening_shopper,2026-01-29 20:50:00.000000000,0.916334841451872,-0.32432626263545855,0,0,0,1,0.012,20,637.31,0
T0001088,C0030,low_evening_shopper,2026-01-29 21:33:00.000000000,4.091191838220527,27.32852618130627,0,0,0,0,5.989,21,2192.96,0
T0000374,C0011,mid_weekend,2026-01-29 21:38:00.000000000,1.617661822368227,3.2799220574697228,0,0,0,0,1.478,21,3996.36,0
T0004721,C0138,low_evening_shopper,2026-01-29 22:08:00.000000000,0.7863767640357288,-0.42457758858207206,0,0,0,0,3.951,22,739.64,0
T0002334,C0068,mid_weekend,2026-01-29 22:26:00.000000000,1.1612305354718402,0.6629548977022972,0,0,0,0,1.292,22,2881.0,0
T0004321,C0126,low_evening_shopper,2026-01-29 22:34:00.000000000,0.5303326827237542,-0.6217007816912223,0,0,0,0,6.079,22,571.01,0
T0002092,C0061,high_business,2026-01-29 22:42:00.000000000,0.7785811676890368,-0.3913587863479181,1,0,0,0,0.393,22,10788.06,0
T0004615,C0135,low_evening_shopper,2026-01-29 23:20:00.000000000,0.8306437138269849,-0.2472721069143354,0,0,0,0,1.192,23,804.9,0
T0006350,C0163,high_business,2026-01-30 03:48:00.809139245,7.9218017897814486,11.075846598667821,1,1,1,7,0.856,3,111443.54,1
T0006455,C0077,mid_weekend,2026-01-30 04:25:00.179077152,2.372883764268643,4.827260774939084,1,1,0,0,0.561,4,5529.68,1
T0002584,C0076,high_business,2026-01-30 07:48:00.000000000,0.9487001305927318,-0.20319708996846444,0,0,0,2,-0.096,7,11013.28,0
T0005752,C0166,high_business,2026-01-30 07:52:00.000000000,1.103762916188445,0.21746093514643486,0,0,0,0,0.91,7,15960.35,0
T0005425,C0157,high_business,2026-01-30 08:20:00.000000000,0.5371433542757252,-0.6826603628929758,0,0,0,0,0.945,8,8761.55,0
T0001157,C0032,mid_weekend,2026-01-30 08:24:00.000000000,1.0727618143659325,0.23283564342517193,0,0,0,1,-0.097,8,2498.6,0
T0000454,C0013,high_business,2026-01-30 08:50:00.000000000,0.8145265045563621,-1.0674104705223018,0,0,0,0,0.838,8,10371.56,0
T0001138,C0031,high_business,2026-01-30 08:54:00.000000000,0.807579776630778,-0.4276134926318175,0,0,0,0,0.922,8,11136.59,0
T0004003,C0115,high_business,2026-01-30 09:20:00.000000000,1.023771923471073,0.10175679162277523,0,0,0,0,1.006,9,12515.73,0
T0003450,C0100,high_business,2026-01-30 09:21:00.000000000,0.9392265089946684,-0.09836759494506164,0,0,0,0,1.899,9,13675.9,0
T0002124,C0062,mid_weekend,2026-01-30 09:27:00.000000000,0.7279759588354444,-1.722038436478786,0,0,0,0,0.617,9,1780.81,0
T0000155,C0004,high_business,2026-01-30 09:28:00.000000000,0.913626378496862,-0.6106471798377344,0,0,0,1,-0.029,9,11363.48,0
T0005427,C0157,high_business,2026-01-30 09:42:00.000000000,1.0997078604115962,0.1476844525695659,0,0,0,1,-0.068,9,17661.41,0
T0002093,C0061,high_business,2026-01-30 09:44:00.000000000,0.8748616505484638,-0.22279143312889674,0,0,0,0,0.46,9,12029.57,0
T0000351,C0010,high_business,2026-01-30 09:58:00.000000000,2.494140866469951,4.511505188220207,0,0,0,1,-0.183,9,38254.36,0
T0002583,C0076,high_business,2026-01-30 10:06:00.000000000,0.7412034179109925,-1.0379556951629125,0,0,0,1,-0.086,10,8706.91,0
T0000154,C0004,high_business,2026-01-30 10:10:00.000000000,1.1085938603802412,0.7603408606909322,0,0,0,0,0.926,10,13744.54,0
T0005647,C0163,high_business,2026-01-30 10:13:00.000000000,0.9580618201327155,-0.07087017129789325,0,0,0,0,0.932,10,13328.17,0
T0003479,C0101,mid_weekend,2026-01-30 10:21:00.000000000,0.680664343382709,-0.8959106505329382,0,0,0,0,0.64,10,2039.68,0
T0000352,C0010,high_business,2026-01-30 10:25:00.000000000,0.5050999372290825,-1.1304592297749625,0,0,0,2,0.019,10,8427.96,0
T0000071,C0002,mid_weekend,2026-01-30 10:28:00.000000000,0.9440215709617314,-0.10360308438217176,0,0,0,1,-0.39,10,2882.48,0
T0000045,C0001,high_business,2026-01-30 10:31:00.000000000,0.7054894459502644,-0.5359209112233456,0,0,0,0,1.992,10,10369.22,0
T0005972,C0172,high_business,2026-01-30 10:37:00.000000000,0.7611477071616644,-0.3778147365689918,0,0,0,0,1.013,10,10729.65,0
T0006251,C0178,high_business,2026-01-30 10:41:00.000000000,1.0433654142210957,0.1354039021897533,0,0,0,1,-0.163,10,13655.23,0
T0001156,C0032,mid_weekend,2026-01-30 10:43:00.000000000,0.7234861243087357,-0.8943313287545064,0,0,0,0,0.843,10,1719.04,0
T0000353,C0010,high_business,2026-01-30 10:47:00.000000000,0.8459780353522995,-0.3401965440048521,0,0,0,3,0.015,10,13727.66,0
T0004882,C0143,mid_weekend,2026-01-30 10:55:00.000000000,0.8807782896845083,-0.39568434173113176,0,0,0,1,-0.231,10,2222.91,0
T0004274,C0124,high_business,2026-01-30 11:09:00.000000000,0.6875703356697657,-0.6137781262333237,0,0,0,0,2.032,11,8657.29,0
T0005426,C0157,high_business,2026-01-30 11:20:00.000000000,0.8726380603041459,-0.18690441030478747,0,0,0,0,0.125,11,14060.56,0
T0002689,C0079,high_business,2026-01-30 11:24:00.000000000,0.4700554384220741,-0.8302141562972488,0,0,0,0,2.051,11,6419.38,0
T0001226,C0034,high_business,2026-01-30 11:25:00.000000000,0.5589661177222207,-0.8817566190693322,0,0,0,1,-0.022,11,7780.72,0
T0001228,C0034,high_business,2026-01-30 11:27:00.000000000,0.5786455027502231,-0.844150385467787,0,0,0,3,-0.113,11,7911.68,0
T0002420,C0070,high_business,2026-01-30 11:33:00.000000000,1.180051784501562,0.39238039660115287,0,0,0,1,-0.039,11,14555.76,0
T0005179,C0151,high_business,2026-01-30 11:47:00.000000000,1.8996842080823284,4.305867390790383,0,0,0,0,0.868,11,21470.06,0
T0001225,C0034,high_business,2026-01-30 11:57:00.000000000,0.8442790417500033,-0.3080715992323181,0,0,0,0,2.013,11,11815.68,0
T0001814,C0052,high_business,2026-01-30 12:00:00.000000000,2.107290329035891,3.5523883727424113,0,0,0,0,2.865,12,27727.2,0
T0003451,C0100,high_business,2026-01-30 12:00:00.000000000,0.7526126756677747,-0.4061771812852738,0,0,0,0,0.11,12,10937.17,0
T0005898,C0169,high_business,2026-01-30 12:03:00.000000000,1.1592317784125468,0.26942288736922476,0,0,0,2,-0.001,12,15923.25,0
T0005897,C0169,high_business,2026-01-30 12:05:00.000000000,0.9260303094204732,-0.12395754589520581,0,0,0,1,-0.026,12,12741.4,0
T0002582,C0076,high_business,2026-01-30 12:10:00.000000000,1.0939957732977994,0.3674396310513134,0,0,0,0,1.05,12,12793.9,0
T0001743,C0050,mid_weekend,2026-01-30 12:11:00.000000000,0.9391317468132884,-0.3131640268677527,0,0,0,0,1.878,12,2568.32,0
T0001631,C0046,high_business,2026-01-30 12:18:00.000000000,0.6903046188525753,-1.8659777247661138,0,0,0,0,2.005,12,8619.59,0
T0002319,C0067,high_business,2026-01-30 12:23:00.000000000,1.0759693235561625,0.36664570570606,0,0,0,1,-0.116,12,12868.79,0
T0002419,C0070,high_business,2026-01-30 12:29:00.000000000,0.7716127447268942,-0.4944167297657366,0,0,0,0,1.118,12,9609.17,0
T0005649,C0163,high_business,2026-01-30 12:31:00.000000000,0.9157362776459735,-0.14601621463451203,0,0,0,1,-0.042,12,12672.01,0
T0003136,C0092,mid_weekend,2026-01-30 12:41:00.000000000,1.2665501107628183,0.9492429928121429,0,0,0,0,1.653,12,3183.84,0
T0005896,C0169,high_business,2026-01-30 12:43:00.000000000,1.1649468313811553,0.27237367229165294,0,0,0,0,1.01,12,15967.44,0
T0002094,C0061,high_business,2026-01-30 12:46:00.000000000,0.8582517598112104,-0.2553953797489873,0,0,0,0,0.126,12,11751.95,0
T0005682,C0164,mid_weekend,2026-01-30 12:58:00.000000000,1.1786903860495002,0.22768330011327192,0,0,0,0,1.855,12,3559.07,0
T0001340,C0038,mid_weekend,2026-01-30 13:06:00.000000000,1.1796971848178208,0.25017880122305663,0,0,0,0,0.882,13,4070.9,0
T0003452,C0100,high_business,2026-01-30 13:09:00.000000000,0.8459924122312219,-0.25426534561245595,0,0,0,0,0.048,13,12199.14,0
T0002954,C0086,mid_weekend,2026-01-30 13:20:00.000000000,0.5846532859721265,-0.5336824481042639,0,0,0,2,-0.056,13,2055.14,0
T0002723,C0080,mid_weekend,2026-01-30 13:21:00.000000000,0.9402167571561861,-0.14053817147772868,0,0,0,0,0.853,13,2307.98,0
T0005648,C0163,high_business,2026-01-30 13:31:00.000000000,0.8686273454199909,-0.22524201127962765,0,0,0,0,0.138,13,12068.16,0
T0002792,C0082,high_business,2026-01-30 13:54:00.000000000,1.1670949121692535,0.7775161173351299,0,0,0,0,1.094,13,13788.74,0
T0001744,C0050,mid_weekend,2026-01-30 13:55:00.000000000,0.9172245970105767,-0.442223099075986,0,0,0,0,0.072,13,2494.52,0
T0001050,C0029,mid_weekend,2026-01-30 13:55:00.000000000,1.0221725793464953,0.03221425600520439,0,0,0,0,0.731,13,2855.93,0
T0000510,C0014,mid_weekend,2026-01-30 14:05:00.000000000,0.9685195525357275,-0.08471506442705047,0,0,0,0,3.242,14,2554.92,0
T0001227,C0034,high_business,2026-01-30 14:09:00.000000000,0.9040539765118591,-0.18979176345123228,0,0,0,0,0.114,14,12399.29,0
T0005451,C0158,mid_weekend,2026-01-30 14:11:00.000000000,0.5779685298168646,-2.9678183916297334,0,0,0,0,0.982,14,1498.45,0
T0004298,C0125,mid_weekend,2026-01-30 14:13:00.000000000,0.8501399067971425,-0.8003406293563575,0,0,0,0,0.989,14,2277.83,0
T0005776,C0167,mid_weekend,2026-01-30 14:16:00.000000000,1.3090467805028267,0.981333915806266,0,1,0,0,12.908,14,2704.76,0
T0000856,C0023,mid_weekend,2026-01-30 14:20:00.000000000,2.727020674705459,3.2506445516474964,0,0,0,0,0.735,14,9544.08,0
T0000350,C0010,high_business,2026-01-30 14:21:00.000000000,0.8205443630733797,-0.5353357348340047,0,0,0,0,1.165,14,12728.01,0
T0006250,C0178,high_business,2026-01-30 14:36:00.000000000,0.7830295979306361,-0.6756769160653019,0,0,0,0,2.078,14,10337.76,0
T0002233,C0065,mid_weekend,2026-01-30 14:37:00.000000000,0.7488535425621649,-0.3789342173078876,0,0,0,0,1.474,14,2556.07,0
T0002952,C0086,mid_weekend,2026-01-30 14:40:00.000000000,0.40664297553574397,-0.777876915645412,0,0,0,0,0.977,14,1538.66,0
T0002953,C0086,mid_weekend,2026-01-30 14:40:00.000000000,0.7051656930095215,-0.3744219489809414,0,0,0,1,0.0,14,2536.28,0
T0006341,C0062,mid_weekend,2026-01-30 14:48:00.580096010,5.71586961853258,28.69726171109045,0,0,0,0,1.899,14,14043.33,1
T0004592,C0134,mid_weekend,2026-01-30 14:51:00.000000000,0.7326933918221377,-2.043526629806952,0,0,0,0,1.931,14,1912.34,0
T0000375,C0011,mid_weekend,2026-01-30 15:05:00.000000000,1.0798902027383002,0.32955077155306495,0,0,0,0,0.727,15,2832.6,0
T0002318,C0067,high_business,2026-01-30 15:10:00.000000000,1.1014645995432149,0.4819528023215974,0,0,0,0,1.223,15,13130.74,0
T0004576,C0133,high_business,2026-01-30 15:22:00.000000000,0.7568113224654818,-0.3878677303713975,0,0,0,0,1.252,15,10508.62,0
T0005777,C0167,mid_weekend,2026-01-30 15:36:00.000000000,1.192301790115161,0.6367085941686531,0,0,0,0,0.056,15,2548.14,0
T0004111,C0119,mid_weekend,2026-01-30 15:38:00.000000000,0.9845827531211313,-0.04157910820947855,0,0,0,0,2.129,15,2391.32,0
T0001932,C0056,mid_weekend,2026-01-30 15:40:00.000000000,3.0592063166893846,3.5115764911052896,0,0,0,0,2.176,15,12322.12,0
T0001950,C0057,low_evening_shopper,2026-01-30 15:41:00.000000000,1.782758564284679,2.75544974430536,1,0,0,0,2.703,15,1094.59,0
T0001051,C0029,mid_weekend,2026-01-30 15:49:00.000000000,0.5834121152087892,-0.6310188566580515,0,0,0,0,0.079,15,1632.82,0
T0003481,C0101,mid_weekend,2026-01-30 16:10:00.000000000,0.7823953205720664,-0.6184758435181967,0,0,0,1,-0.044,16,2297.24,0
T0004771,C0140,mid_weekend,2026-01-30 16:24:00.000000000,2.4249323905531464,2.1051738213362836,0,0,0,0,0.863,16,6764.05,0
T0004881,C0143,mid_weekend,2026-01-30 16:27:00.000000000,1.2304366751762157,0.7438553115089627,0,0,0,0,1.072,16,3063.85,0
T0004883,C0143,mid_weekend,2026-01-30 17:05:00.000000000,1.0529670833175446,0.17891414420989454,0,0,0,1,0.257,17,2639.88,0
T0005308,C0155,mid_weekend,2026-01-30 17:11:00.000000000,1.0538959017739824,0.30065791172094314,0,0,0,0,2.122,17,2679.84,0
T0003480,C0101,mid_weekend,2026-01-30 17:14:00.000000000,0.9530657246689784,-0.1302182701685364,0,0,0,0,0.287,17,2805.29,0
T0003246,C0095,mid_weekend,2026-01-30 17:16:00.000000000,0.8990500774290261,-0.1415644853442148,0,0,0,0,1.024,17,2852.7,0
T0000271,C0008,mid_weekend,2026-01-30 17:20:00.000000000,1.041000171205227,0.20174472623531753,0,1,0,0,2.207,17,2798.75,0
T0005289,C0154,high_business,2026-01-30 17:33:00.000000000,0.7738909409276968,-0.4497070304956927,0,0,0,0,1.163,17,10749.57,0
T0003352,C0098,mid_weekend,2026-01-30 17:36:00.000000000,0.9998349172631439,-0.0003872797098899263,0,0,0,0,1.958,17,2950.04,0
T0003562,C0104,mid_weekend,2026-01-30 17:47:00.000000000,1.1605263755371888,0.7138082000099786,0,0,0,0,5.344,17,2913.29,0
T0005211,C0152,mid_weekend,2026-01-30 17:51:00.000000000,0.8766584468476151,-0.70682428984955,0,0,0,0,1.253,17,1917.71,0
T0006182,C0177,low_evening_shopper,2026-01-30 18:11:00.000000000,0.6425153756864238,-2.467557949695697,0,0,0,0,1.929,18,424.19,0
T0001257,C0035,mid_weekend,2026-01-30 18:15:00.000000000,1.017139762044354,0.03279024459819873,0,1,0,0,1.181,18,2686.97,0
T0005309,C0155,mid_weekend,2026-01-30 18:35:00.000000000,1.2449289782462614,1.4341643549165957,0,0,0,0,0.058,18,3181.11,0
T0004209,C0122,mid_weekend,2026-01-30 18:56:00.000000000,0.9946305477137064,-0.01569590653430628,0,0,0,0,1.375,18,2552.99,0
T0004231,C0123,low_evening_shopper,2026-01-30 19:00:00.000000000,1.3977936369459523,1.2236396267224596,0,0,0,0,6.008,19,803.87,0
T0004385,C0128,mid_weekend,2026-01-30 19:00:00.000000000,0.858566094423084,-0.3390789238232646,0,0,0,0,2.204,19,2275.6,0
T0005697,C0165,low_evening_shopper,2026-01-30 19:09:00.000000000,0.9144763592902507,-0.33272719968274767,0,0,0,0,3.929,19,641.73,0
T0004676,C0137,mid_weekend,2026-01-30 19:12:00.000000000,0.8065114633593564,-0.3697774345944041,0,0,0,0,1.067,19,2494.52,0
T0001678,C0048,low_evening_shopper,2026-01-30 19:13:00.000000000,0.8297689027711113,-0.623894940693849,0,0,0,0,0.977,19,704.39,0
T0003782,C0110,mid_weekend,2026-01-30 19:14:00.000000000,1.0387494400297164,0.1977884265139898,0,0,0,0,1.09,19,2821.77,0
T0001364,C0039,low_evening_shopper,2026-01-30 19:37:00.000000000,0.9742991573670323,-0.10553522848565212,0,1,0,0,0.949,19,669.52,0
T0005452,C0158,mid_weekend,2026-01-30 19:38:00.000000000,0.9790402567339805,-0.11077990608644019,0,1,0,0,0.227,19,2440.88,0
T0005010,C0147,low_evening_shopper,2026-01-30 19:39:00.000000000,0.7081385801340402,-0.4890005441098841,0,0,0,0,2.036,19,844.35,0
T0001158,C0032,mid_weekend,2026-01-30 19:42:00.000000000,0.9794938899201042,-0.06812853142504256,0,0,0,0,0.471,19,2292.43,0
T0001159,C0032,mid_weekend,2026-01-30 19:45:00.000000000,1.1811611629410987,0.6207336057792906,0,0,0,1,0.002,19,2760.87,0
T0000008,C0000,low_evening_shopper,2026-01-30 19:47:00.000000000,0.9113105451314738,-0.40283881945649364,0,0,0,0,0.957,19,650.47,0
T0005091,C0149,mid_weekend,2026-01-30 19:49:00.000000000,0.9895274391203868,-0.014844641396829514,0,0,0,0,4.317,19,3463.68,0
T0000070,C0002,mid_weekend,2026-01-30 19:50:00.000000000,0.8582990114968393,-0.254056220384644,0,0,0,0,0.985,19,2654.94,0
T0003247,C0095,mid_weekend,2026-01-30 19:51:00.000000000,0.8990355349844775,-0.14445744897438262,0,0,0,0,0.108,19,2838.25,0
T0002479,C0072,low_evening_shopper,2026-01-30 19:59:00.000000000,1.0802647231286022,0.4649159348090405,0,1,0,0,4.11,19,734.8,0
T0002585,C0076,high_business,2026-01-30 20:00:00.000000000,0.6985386584159976,-1.2170998715006156,1,0,0,0,0.508,20,8091.12,0
T0001089,C0030,low_evening_shopper,2026-01-30 20:00:00.000000000,0.7185469976748651,-0.3671246264706979,0,0,0,0,0.935,20,623.27,0
T0002861,C0084,low_evening_shopper,2026-01-30 20:01:00.000000000,0.7149867598543416,-1.7687284615037644,0,1,0,0,3.035,20,559.37,0
T0002976,C0087,low_evening_shopper,2026-01-30 20:07:00.000000000,0.8863870360108952,-0.17656384598395908,0,0,0,0,1.998,20,972.26,0
T0000219,C0006,low_evening_shopper,2026-01-30 20:07:00.000000000,0.7029633370107078,-1.9990469421687465,0,0,0,0,1.957,20,575.06,0
T0005914,C0170,mid_weekend,2026-01-30 20:12:00.000000000,0.7534743039319547,-0.39268877490689547,0,0,0,0,2.117,20,2137.56,0
T0005824,C0168,low_evening_shopper,2026-01-30 20:13:00.000000000,3.2574519922140306,3.3849352041520326,0,1,0,0,1.967,20,2844.22,0
T0001429,C0042,low_evening_shopper,2026-01-30 20:13:00.000000000,1.1601181689815987,0.16163139290741502,0,0,0,0,4.046,20,1088.55,0
T0005592,C0162,low_evening_shopper,2026-01-30 20:24:00.000000000,0.9016932633025773,-0.5135090268439167,0,0,0,0,1.97,20,601.0,0
T0000947,C0026,mid_weekend,2026-01-30 20:25:00.000000000,1.1055797707597077,1.2397786736468615,0,0,0,0,3.995,20,3010.29,0
T0000435,C0012,low_evening_shopper,2026-01-30 20:35:00.000000000,2.755126755185769,2.3745228563152643,0,0,0,0,4.934,20,2284.5,0
T0004322,C0126,low_evening_shopper,2026-01-30 20:36:00.000000000,0.7417596000644467,-0.33695135315250485,0,0,0,0,0.918,20,761.14,0
T0005121,C0150,low_evening_shopper,2026-01-30 20:48:00.000000000,1.0454258266785275,0.07950841374620406,0,0,0,0,3.079,20,835.23,0
T0002050,C0060,low_evening_shopper,2026-01-30 20:58:00.000000000,1.0711581427688557,0.28858287390691895,0,0,0,0,5.066,20,641.69,0
T0001513,C0044,mid_weekend,2026-01-30 21:02:00.000000000,0.7768450000246349,-0.5446221214547482,0,1,0,0,3.082,21,2023.45,0
T0000991,C0027,low_evening_shopper,2026-01-30 21:20:00.000000000,1.1305429723277989,0.3836949821437079,0,0,0,0,3.056,21,662.15,0
T0000178,C0005,mid_weekend,2026-01-30 21:20:00.000000000,1.0208851933947622,0.037178470086586576,0,0,0,0,1.454,21,2781.13,0
T0002759,C0081,low_evening_shopper,2026-01-30 21:22:00.000000000,0.6259700218320596,-2.739051992270469,0,1,0,0,3.265,21,509.07,0
T0003699,C0108,low_evening_shopper,2026-01-30 21:23:00.000000000,0.4801956351498136,-0.5572642768005833,0,0,0,0,5.004,21,625.67,0
T0000101,C0003,low_evening_shopper,2026-01-30 21:27:00.000000000,0.7484300055821415,-0.4228268427164083,0,0,0,0,4.09,21,815.13,0
T0002051,C0060,low_evening_shopper,2026-01-30 21:49:00.000000000,1.945035860534921,4.310219400458926,0,1,0,1,0.035,21,1181.77,0
T0002256,C0066,low_evening_shopper,2026-01-30 21:59:00.000000000,0.7238264596507208,-0.4250928226189274,0,1,0,0,2.926,21,637.41,0
T0002421,C0070,high_business,2026-01-30 22:05:00.000000000,0.7255862933542426,-0.6128630898748348,1,0,0,0,0.439,22,9014.45,0
T0002542,C0075,low_evening_shopper,2026-01-30 22:12:00.000000000,1.260378624875776,1.5862073333324442,0,0,0,0,2.079,22,748.46,0
T0003502,C0102,low_evening_shopper,2026-01-30 22:28:00.000000000,0.7779749126705781,-0.49795079191180897,0,1,0,0,2.984,22,721.01,0
T0003086,C0090,low_evening_shopper,2026-01-30 22:36:00.000000000,0.518505841723597,-2.441359725717836,0,0,0,0,2.124,22,345.13,0
T0000669,C0018,low_evening_shopper,2026-01-30 22:42:00.000000000,0.8285383976865406,-0.769919935335975,0,0,0,0,1.226,22,568.47,0
T0001183,C0033,low_evening_shopper,2026-01-30 22:54:00.000000000,0.9853789703010944,-0.024918567448255144,0,0,0,0,1.113,22,933.69,0
T0004061,C0117,low_evening_shopper,2026-01-30 23:26:00.000000000,1.053716148222228,0.09573801250671475,0,0,0,0,3.085,23,987.77,0
T0002692,C0079,high_business,2026-01-31 07:32:00.000000000,0.8171474598883905,-0.2957329138419672,0,0,0,2,-0.126,7,10855.85,0
T0004277,C0124,high_business,2026-01-31 08:05:00.000000000,0.9249475241228121,-0.1523652404195422,0,0,0,2,-0.184,8,11576.3,0
T0005290,C0154,high_business,2026-01-31 08:21:00.000000000,1.2220194497768047,0.4464615926650407,0,0,0,0,0.617,8,16748.44,0
T0006452,C0070,high_business,2026-01-31 08:30:00.783806573,3.9110459997666673,6.1879520602124956,0,1,1,1,1.79,8,48870.92,1
T0002794,C0082,high_business,2026-01-31 08:32:00.000000000,1.091880237827492,0.44306849721265396,0,0,0,1,-0.11,8,13115.99,0
T0002690,C0079,high_business,2026-01-31 08:42:00.000000000,1.3205618925848726,0.4910201859606031,0,0,0,0,0.887,8,17437.11,0
T0005778,C0167,mid_weekend,2026-01-31 09:13:00.000000000,1.1653186333031587,0.5765020636066233,0,0,0,0,0.734,9,2538.36,0
T0005180,C0151,high_business,2026-01-31 09:31:00.000000000,0.9684257547606065,-0.12445331727173047,0,0,0,0,0.906,9,11273.3,0
T0000831,C0022,high_business,2026-01-31 09:31:00.000000000,1.0241293134162293,0.07456079174774721,0,0,0,4,-0.087,9,13072.01,0
T0000048,C0001,high_business,2026-01-31 09:40:00.000000000,0.8063548713497841,-0.3633939755885296,0,0,0,2,-0.127,9,11631.18,0
T0002694,C0079,high_business,2026-01-31 09:40:00.000000000,0.9798320147165392,-0.03365814814502953,0,0,0,3,-0.031,9,12792.52,0
T0000457,C0013,high_business,2026-01-31 09:42:00.000000000,0.9156823067077882,-0.5021725886228754,0,0,0,2,-0.055,9,11430.59,0
T0004279,C0124,high_business,2026-01-31 09:51:00.000000000,1.0218487069689206,0.04554717489885948,0,0,0,3,-0.104,9,12746.16,0
T0000828,C0022,high_business,2026-01-31 10:09:00.000000000,1.248712356941013,0.7324743796495329,0,0,0,1,-0.061,10,15877.94,0
T0003912,C0113,mid_weekend,2026-01-31 10:11:00.000000000,0.8181145151894694,-0.4414717969443265,0,0,0,0,1.757,10,2234.25,0
T0003634,C0106,high_business,2026-01-31 10:16:00.000000000,3.4015403030176254,16.24992352349768,0,0,0,1,-0.207,10,40929.77,0
T0002693,C0079,high_business,2026-01-31 10:25:00.000000000,0.8459156908964836,-0.25298837703821025,0,0,0,1,0.12,10,11129.88,0
T0002691,C0079,high_business,2026-01-31 10:34:00.000000000,0.7748846678683851,-0.3595936529049324,0,0,0,0,0.078,10,10424.76,0
T0000829,C0022,high_business,2026-01-31 10:57:00.000000000,1.0716423062368778,0.21628272422221362,0,0,0,2,0.033,10,13795.87,0
T0000456,C0013,high_business,2026-01-31 11:01:00.000000000,1.1126757423888674,0.6475447285655631,0,0,0,1,-0.031,11,13760.48,0
T0001139,C0031,high_business,2026-01-31 11:05:00.000000000,0.8505230115426052,-0.3341870989592188,0,0,0,0,1.091,11,11667.78,0
T0002793,C0082,high_business,2026-01-31 11:11:00.000000000,1.1745279095222496,0.8277443641563842,0,0,0,0,0.887,11,13992.49,0
T0002795,C0082,high_business,2026-01-31 11:25:00.000000000,1.049195141756065,0.24274686109413365,0,0,0,1,0.12,11,12655.88,0
T0001815,C0052,high_business,2026-01-31 11:25:00.000000000,1.0914256333957437,0.24868190734992562,0,0,0,0,0.976,11,15155.78,0
T0000830,C0022,high_business,2026-01-31 11:36:00.000000000,0.7386144240889551,-0.8104467161158946,0,0,0,2,0.027,11,9541.05,0
T0000827,C0022,high_business,2026-01-31 11:37:00.000000000,0.9055842342618616,-0.2725271155378013,0,0,0,0,2.926,11,11572.42,0
T0000511,C0014,mid_weekend,2026-01-31 11:37:00.000000000,0.6792802581509311,-0.878973993773624,0,0,0,0,0.897,11,1789.74,0
T0001745,C0050,mid_weekend,2026-01-31 11:39:00.000000000,1.1858273444645882,1.0214747277723275,0,0,0,0,0.906,11,3202.78,0
T0000455,C0013,high_business,2026-01-31 11:45:00.000000000,0.885518580681908,-0.645806608618188,0,0,0,0,1.122,11,11066.39,0
T0003760,C0109,high_business,2026-01-31 11:48:00.000000000,0.795478690520513,-0.3469561138568955,0,0,0,1,-0.06,11,11610.37,0
T0001230,C0034,high_business,2026-01-31 11:49:00.000000000,0.8161786855371427,-0.3689928153408315,0,0,0,1,-0.032,11,10968.52,0
T0005453,C0158,mid_weekend,2026-01-31 11:50:00.000000000,1.0579287746161212,0.31906743087035383,0,0,0,0,0.675,11,2632.96,0
T0004593,C0134,mid_weekend,2026-01-31 12:06:00.000000000,1.101022938496789,0.6349808053717707,0,0,0,0,0.885,12,2763.95,0
T0003248,C0095,mid_weekend,2026-01-31 12:18:00.000000000,0.6583046328702504,-0.4983063342899191,0,0,0,0,0.685,12,2068.27,0
T0004278,C0124,high_business,2026-01-31 12:21:00.000000000,0.9631182450988713,-0.0758355568825435,0,0,0,2,0.178,12,12026.62,0
T0005684,C0164,mid_weekend,2026-01-31 12:25:00.000000000,0.9743488173485212,-0.03475036612688791,0,0,0,1,-0.306,12,2980.07,0
T0005428,C0157,high_business,2026-01-31 12:26:00.000000000,0.8388608299460283,-0.24225181603176446,0,0,0,0,1.114,12,13505.76,0
T0003249,C0095,mid_weekend,2026-01-31 12:29:00.000000000,0.49162439864489665,-0.7428623044802938,0,0,0,1,0.008,12,1520.61,0
T0004276,C0124,high_business,2026-01-31 12:30:00.000000000,1.2407691252078545,0.4792088840592455,0,0,0,1,-0.006,12,15413.04,0
T0000833,C0022,high_business,2026-01-31 12:30:00.000000000,1.447492680909068,1.438335515839106,0,0,0,3,-0.001,12,18429.83,0
T0000832,C0022,high_business,2026-01-31 12:31:00.000000000,0.915154782521885,-0.26831712445496425,0,0,0,2,0.125,12,11693.31,0
T0000046,C0001,high_business,2026-01-31 12:33:00.000000000,1.1049063270296438,0.19146866356962697,0,0,0,0,1.085,12,16040.52,0
T0001231,C0034,high_business,2026-01-31 12:34:00.000000000,0.9325032105420451,-0.13651029741992754,0,0,0,2,0.031,12,12464.03,0
T0001229,C0034,high_business,2026-01-31 12:35:00.000000000,0.8682694485177214,-0.2617061244256823,0,0,0,0,1.047,12,11715.32,0
T0004275,C0124,high_business,2026-01-31 12:38:00.000000000,0.9058568108267487,-0.18499212594007217,0,0,0,0,1.062,12,11286.98,0
T0000047,C0001,high_business,2026-01-31 12:43:00.000000000,0.7252233630203945,-0.5136184482589948,0,0,0,1,0.007,12,10572.64,0
T0004845,C0142,high_business,2026-01-31 12:48:00.000000000,2.236469821166819,2.1666926527966615,0,0,0,0,1.684,12,32533.88,0
T0000458,C0013,high_business,2026-01-31 12:58:00.000000000,1.2422137112460552,1.4774613270419317,0,0,0,0,0.136,12,15406.15,0
T0005753,C0166,high_business,2026-01-31 13:06:00.000000000,0.5633024579425333,-0.9306938149317607,0,0,0,0,1.218,13,8169.47,0
T0003676,C0107,mid_weekend,2026-01-31 13:10:00.000000000,0.7587167876966744,-0.33715063601980577,0,0,0,0,1.829,13,2613.25,0
T0005899,C0169,high_business,2026-01-31 13:11:00.000000000,0.9546248865380457,-0.0778549841454736,0,0,0,0,1.047,13,13159.16,0
T0003759,C0109,high_business,2026-01-31 13:14:00.000000000,1.1757372643906527,0.29239710828445087,0,0,0,0,1.835,13,17069.52,0
T0001816,C0052,high_business,2026-01-31 13:23:00.000000000,0.8757045054496784,-0.34743563036689545,0,0,0,0,0.082,13,12213.17,0
T0002422,C0070,high_business,2026-01-31 13:24:00.000000000,0.9542635927708697,-0.10233255223430378,0,1,0,0,0.638,13,11730.34,0
T0005575,C0161,mid_weekend,2026-01-31 13:31:00.000000000,0.665054056666451,-1.8722679288451485,0,0,0,0,2.087,13,1611.27,0
T0003483,C0101,mid_weekend,2026-01-31 13:42:00.000000000,0.8967853439312221,-0.3027897889806945,0,0,0,1,-0.328,13,2611.24,0
T0000072,C0002,mid_weekend,2026-01-31 13:51:00.000000000,0.7872112927640649,-0.40923241264996274,0,0,0,0,1.141,13,2392.46,0
T0002695,C0079,high_business,2026-01-31 13:55:00.000000000,0.8850847510265221,-0.19632292299420206,0,0,0,0,0.177,13,11544.42,0
T0000354,C0010,high_business,2026-01-31 14:05:00.000000000,0.4701003310701835,-1.1891258743357445,0,0,0,0,1.137,14,7566.46,0
T0000636,C0017,mid_weekend,2026-01-31 14:06:00.000000000,0.8036320383459838,-0.3030135854628719,0,0,0,0,1.843,14,2515.16,0
T0000049,C0001,high_business,2026-01-31 14:10:00.000000000,0.694394054052881,-0.5788188811688736,0,0,0,0,0.188,14,9944.37,0
T0004280,C0124,high_business,2026-01-31 14:31:00.000000000,0.8008652401773603,-0.42143974992707384,0,0,0,0,0.194,14,9995.93,0
T0005212,C0152,mid_weekend,2026-01-31 14:37:00.000000000,1.197025801766884,1.1402662684438432,0,0,0,0,0.865,14,2596.99,0
T0001421,C0041,mid_weekend,2026-01-31 14:52:00.000000000,0.5580681659052144,-2.4079294378308296,0,0,0,0,2.946,14,1377.33,0
T0001258,C0035,mid_weekend,2026-01-31 15:10:00.000000000,0.9683933131302831,-0.06175491562798672,0,0,0,0,0.872,15,2559.96,0
T0004678,C0137,mid_weekend,2026-01-31 15:11:00.000000000,0.7852261369947053,-0.43632266271368114,0,0,0,1,-0.067,15,2373.0,0
T0003633,C0106,high_business,2026-01-31 15:14:00.000000000,0.8318182308167342,-1.1537960826015536,0,0,0,0,2.115,15,10086.14,0
T0001873,C0054,low_evening_shopper,2026-01-31 15:31:00.000000000,0.5431568230220422,-4.4769718346723275,1,0,0,0,1.801,15,353.9,0
T0004040,C0116,mid_weekend,2026-01-31 15:44:00.000000000,0.6979976131755878,-0.7491375425449888,0,0,0,0,3.124,15,2190.43,0
T0002125,C0062,mid_weekend,2026-01-31 15:45:00.000000000,1.065600316314341,0.37959790625457873,0,0,0,0,1.262,15,2547.64,0
T0004387,C0128,mid_weekend,2026-01-31 15:48:00.000000000,1.3088910621454162,0.7826563660597482,0,0,0,1,-0.051,15,3443.44,0
T0004112,C0119,mid_weekend,2026-01-31 15:49:00.000000000,1.2829342341621,0.8030174277289279,0,0,0,0,1.008,15,3111.15,0
T0005915,C0170,mid_weekend,2026-01-31 15:49:00.000000000,0.5377980423667195,-0.7464764061338375,0,0,0,0,0.817,15,1498.83,0
T0004482,C0131,mid_weekend,2026-01-31 16:02:00.000000000,0.9676665691412186,-0.09244808253424563,0,0,0,0,4.028,16,2764.36,0
T0000512,C0014,mid_weekend,2026-01-31 16:04:00.000000000,1.0899745036640067,0.24482118415075566,0,0,0,0,0.185,16,2837.71,0
T0000948,C0026,mid_weekend,2026-01-31 16:07:00.000000000,2.6880504409950055,19.79123952949995,0,0,0,0,0.821,16,7473.62,0
T0006013,C0173,mid_weekend,2026-01-31 16:09:00.000000000,2.070971856273862,1.696725393019175,0,0,0,1,-0.081,16,6697.18,0
T0000179,C0005,mid_weekend,2026-01-31 16:12:00.000000000,2.391506822526649,2.5915692965333883,0,0,0,0,0.786,16,6526.37,0
T0002724,C0080,mid_weekend,2026-01-31 16:20:00.000000000,0.9190512597976873,-0.1953472469143327,0,0,0,0,1.124,16,2248.09,0
T0000272,C0008,mid_weekend,2026-01-31 16:29:00.000000000,1.0571215427350165,0.29133664138609777,0,0,0,0,0.965,16,2849.86,0
T0005429,C0157,high_business,2026-01-31 16:42:00.000000000,1.864500055254125,1.3097006556271686,0,0,0,0,0.178,16,29900.7,0
T0002335,C0068,mid_weekend,2026-01-31 16:46:00.000000000,1.0045047824523947,0.01952740893527337,0,0,0,0,1.764,16,2536.81,0
T0004677,C0137,mid_weekend,2026-01-31 16:48:00.000000000,0.93481853364506,-0.12756039641591993,0,0,0,0,0.9,16,2840.51,0
T0002452,C0071,mid_weekend,2026-01-31 17:00:00.000000000,0.7299189130069264,-1.5235180890166677,0,0,0,0,2.122,17,1892.5,0
T0004386,C0128,mid_weekend,2026-01-31 17:01:00.000000000,1.0324845849093989,0.0795488226915288,0,0,0,0,0.917,17,2710.77,0
T0004041,C0116,mid_weekend,2026-01-31 17:03:00.000000000,0.2767913974138898,-1.7853125942678423,0,0,0,0,0.055,17,846.76,0
T0003563,C0104,mid_weekend,2026-01-31 17:13:00.000000000,0.9357866382741932,-0.2998863017526822,0,0,0,0,0.976,17,2391.02,0
T0001514,C0044,mid_weekend,2026-01-31 17:28:00.000000000,0.6869659272025758,-0.770459883371285,0,0,0,0,0.851,17,1765.85,0
T0003353,C0098,mid_weekend,2026-01-31 17:39:00.000000000,0.7100033948811787,-0.6937929919926182,0,0,0,0,1.002,17,2094.87,0
T0002480,C0072,low_evening_shopper,2026-01-31 17:52:00.000000000,1.5843888690871326,3.579566862714318,0,0,0,0,0.912,17,1087.32,0
T0000180,C0005,mid_weekend,2026-01-31 17:57:00.000000000,2.1139064262797937,1.9410194481153165,0,0,0,0,0.073,17,6386.29,0
T0005593,C0162,low_evening_shopper,2026-01-31 17:57:00.000000000,1.3734603893683892,2.0394388152508096,0,0,0,0,0.898,17,902.59,0
T0006012,C0173,mid_weekend,2026-01-31 18:06:00.000000000,0.8334526257841292,-0.25620802064182013,0,0,0,0,2.049,18,2736.68,0
T0000220,C0006,low_evening_shopper,2026-01-31 18:20:00.000000000,0.48653994001018286,-2.904736683180684,0,0,0,0,0.926,18,383.23,0
T0001951,C0057,low_evening_shopper,2026-01-31 18:25:00.000000000,1.441448707458125,1.2661756121348295,0,0,0,0,1.114,18,1023.59,0
T0000857,C0023,mid_weekend,2026-01-31 18:25:00.000000000,0.5981010666230903,-0.6688151824495763,0,0,0,0,1.17,18,2334.25,0
T0005092,C0149,mid_weekend,2026-01-31 18:50:00.000000000,0.6418311002229838,-0.5229964275791337,0,1,0,0,0.959,18,2245.24,0
T0004977,C0146,mid_weekend,2026-01-31 18:55:00.000000000,1.0316069667409775,0.10801214827225736,0,0,0,1,-0.032,18,2454.6,0
T0001952,C0057,low_evening_shopper,2026-01-31 19:02:00.000000000,0.7022330320630303,-0.892258178438972,0,0,0,1,0.026,19,535.35,0
T0004483,C0131,mid_weekend,2026-01-31 19:08:00.000000000,0.9523311680747265,-0.139580057201422,0,1,0,0,0.129,19,2716.16,0
T0005498,C0159,low_evening_shopper,2026-01-31 19:37:00.000000000,0.8804864509508334,-0.17748960893641072,0,0,0,0,2.005,19,857.72,0
T0005011,C0147,low_evening_shopper,2026-01-31 19:38:00.000000000,0.4461842190313326,-0.9483000241245418,0,1,0,0,0.999,19,506.13,0
T0004976,C0146,mid_weekend,2026-01-31 19:41:00.000000000,0.9752744781624266,-0.08257008476827303,0,0,0,0,5.112,19,2323.3,0
T0004408,C0129,low_evening_shopper,2026-01-31 19:43:00.000000000,0.5944262492325412,-1.0256906049771999,0,0,0,0,2.015,19,466.61,0
T0005683,C0164,mid_weekend,2026-01-31 19:45:00.000000000,1.082928563755943,0.10923786380948829,0,0,0,0,1.283,19,3299.13,0
T0001430,C0042,low_evening_shopper,2026-01-31 19:50:00.000000000,1.1069516031741988,0.11753490906363223,0,0,0,0,0.984,19,1059.45,0
T0001679,C0048,low_evening_shopper,2026-01-31 19:55:00.000000000,0.4320892900663115,-2.115839329077003,0,0,0,0,1.029,19,360.56,0
T0004323,C0126,low_evening_shopper,2026-01-31 19:58:00.000000000,1.033441209913517,0.044460495170346115,0,0,0,0,0.974,19,1035.55,0
T0004299,C0125,mid_weekend,2026-01-31 20:14:00.000000000,1.4370812758701466,2.343445882653241,0,0,0,0,1.251,20,3809.25,0
T0004232,C0123,low_evening_shopper,2026-01-31 20:46:00.000000000,1.0129503760729994,0.04071929058589612,0,1,0,0,1.074,20,605.72,0
T0005122,C0150,low_evening_shopper,2026-01-31 20:47:00.000000000,1.293491180525457,0.5332227203066878,0,0,0,0,0.999,20,1036.54,0
T0003700,C0108,low_evening_shopper,2026-01-31 21:25:00.000000000,2.2588130860584394,1.3166192770988043,0,1,0,0,1.001,21,2688.13,0
T0003503,C0102,low_evening_shopper,2026-01-31 21:25:00.000000000,0.769401821791902,-0.5315655629051136,0,0,0,0,0.956,21,690.45,0
T0000895,C0024,low_evening_shopper,2026-01-31 21:27:00.000000000,0.808141286469154,-0.6155979876185875,0,0,0,0,5.936,21,556.3,0
T0006183,C0177,low_evening_shopper,2026-01-31 21:32:00.000000000,1.0347868426787623,0.18478837857832828,0,0,0,0,1.14,21,652.64,0
T0003482,C0101,mid_weekend,2026-01-31 21:35:00.000000000,1.0547111173671047,0.15631595718708616,0,0,0,0,1.226,21,3063.11,0
T0000102,C0003,low_evening_shopper,2026-01-31 21:44:00.000000000,0.6778547124176598,-0.5544671953838357,0,0,0,0,1.012,21,715.05,0
T0002528,C0074,mid_weekend,2026-01-31 21:46:00.000000000,0.5738585569328203,-0.5790411944115186,0,0,0,0,3.28,21,2196.11,0
T0001090,C0030,low_evening_shopper,2026-01-31 21:55:00.000000000,0.8799073719199884,-0.16174287536083692,0,0,0,0,1.08,21,727.43,0
T0002150,C0063,low_evening_shopper,2026-01-31 22:17:00.000000000,1.1987008326885533,0.3375930215909951,0,1,0,0,4.122,22,1099.37,0
T0004517,C0132,low_evening_shopper,2026-01-31 23:08:00.000000000,0.7406950331814829,-0.7814735206671245,0,1,0,0,3.176,23,452.54,0
T0001562,C0045,low_evening_shopper,2026-01-31 23:36:00.000000000,1.139358895390756,0.7392476238134345,0,0,0,0,3.121,23,734.94,0
T0006393,C0113,mid_weekend,2026-02-01 01:47:00.161015462,3.0520166075692963,5.026810700088849,1,1,0,1,0.65,1,8274.35,1
T0006433,C0124,high_business,2026-02-01 02:58:00.741658775,7.5544048123168945,13.718603557980636,1,1,1,4,0.603,2,94555.01,1
T0003783,C0110,mid_weekend,2026-02-01 03:39:00.000000000,3.1393027169572663,11.60667861712743,1,1,0,0,1.351,3,8564.66,0
T0003564,C0104,mid_weekend,2026-02-01 05:40:00.000000000,1.0310556126734187,0.1512196435436674,1,0,0,0,0.519,5,2617.52,0
T0002698,C0079,high_business,2026-02-01 07:01:00.000000000,1.0576664359960124,0.10136581715921493,0,1,0,2,-0.327,7,13422.83,0
T0006419,C0052,high_business,2026-02-01 08:03:00.950007416,5.631912310596445,12.94730256491225,0,0,0,0,0.86,8,78546.46,1
T0000157,C0004,high_business,2026-02-01 08:20:00.000000000,1.000084335957821,0.0006022362088648164,0,0,0,1,-0.1,8,12371.57,0
T0006252,C0178,high_business,2026-02-01 08:24:00.000000000,1.0276032574381153,0.08801067936071481,0,0,0,0,1.905,8,13471.37,0
T0000355,C0010,high_business,2026-02-01 08:50:00.000000000,2.054121261268277,2.283321349542996,0,0,0,0,0.781,8,32185.97,0
T0000834,C0022,high_business,2026-02-01 09:21:00.000000000,0.7604506446442003,-0.7687304378798513,0,0,0,0,0.869,9,9855.55,0
T0001817,C0052,high_business,2026-02-01 09:26:00.000000000,0.7025110498391869,-0.8440004179759193,0,0,0,0,0.835,9,9742.34,0
T0004577,C0133,high_business,2026-02-01 09:43:00.000000000,0.9180603286704316,-0.13230157756321725,0,0,0,0,1.765,9,12553.87,0
T0005652,C0163,high_business,2026-02-01 10:03:00.000000000,1.1426461681931608,0.25195021018202657,0,0,0,2,-0.078,10,16161.45,0
T0004679,C0137,mid_weekend,2026-02-01 10:18:00.000000000,0.8478352334774993,-0.31414461919727954,0,0,0,0,0.797,10,2519.88,0
T0004113,C0119,mid_weekend,2026-02-01 10:20:00.000000000,0.9163499635427066,-0.24823382337774488,0,0,0,0,0.772,10,2279.33,0
T0002320,C0067,high_business,2026-02-01 10:37:00.000000000,1.1903448842103797,0.9336050684256788,0,0,0,0,1.926,10,14270.54,0
T0000156,C0004,high_business,2026-02-01 10:44:00.000000000,0.8939283687412546,-0.7549682785110151,0,0,0,0,2.053,10,11091.04,0
T0005650,C0163,high_business,2026-02-01 10:50:00.000000000,0.855174179180895,-0.2540242272647125,0,0,0,0,1.93,10,11804.62,0
T0003636,C0106,high_business,2026-02-01 10:57:00.000000000,0.9804692311772913,-0.040060891795266146,0,0,0,1,-0.035,10,13678.72,0
T0005780,C0167,mid_weekend,2026-02-01 11:14:00.000000000,3.811655047572022,9.864941818365095,0,0,0,1,-0.24,11,8784.54,0
T0003040,C0089,mid_weekend,2026-02-01 11:15:00.000000000,0.9307762910643419,-0.15118152650083216,0,0,0,0,2.663,11,2671.53,0
T0005900,C0169,high_business,2026-02-01 11:23:00.000000000,0.9623367517608243,-0.06526824130345528,0,0,0,0,0.925,11,13252.38,0
T0000356,C0010,high_business,2026-02-01 11:24:00.000000000,0.941803172987646,-0.12141925360199361,0,0,0,0,0.107,11,15497.84,0
T0002095,C0061,high_business,2026-02-01 11:30:00.000000000,1.1516569980933093,0.2762048130040817,0,0,0,0,1.947,11,15697.41,0
T0001818,C0052,high_business,2026-02-01 11:31:00.000000000,0.793877220246818,-0.5812636866396487,0,0,0,0,0.087,11,10867.0,0
T0002336,C0068,mid_weekend,2026-02-01 11:37:00.000000000,0.9246005317897087,-0.34467131629854897,0,1,0,0,0.785,11,2336.07,0
T0001140,C0031,high_business,2026-02-01 11:44:00.000000000,1.0275294066626577,0.062037482032025554,0,0,0,0,1.027,11,14040.57,0
T0003635,C0106,high_business,2026-02-01 11:47:00.000000000,2.195719457708915,2.5861463565568625,0,0,0,0,1.063,11,29179.15,0
T0004388,C0128,mid_weekend,2026-02-01 11:47:00.000000000,1.0260324344530496,0.06801092556010954,0,0,0,0,0.833,11,2748.34,0
T0004004,C0115,high_business,2026-02-01 11:49:00.000000000,0.7658874401623379,-1.0305974565571254,0,1,0,0,2.103,11,9374.77,0
T0005651,C0163,high_business,2026-02-01 11:55:00.000000000,2.040306769505579,1.8419776790773692,0,0,0,0,0.045,11,28047.36,0
T0005292,C0154,high_business,2026-02-01 11:56:00.000000000,1.211188839002234,0.4419382842415385,0,0,0,1,-0.194,11,16566.2,0
T0005430,C0157,high_business,2026-02-01 12:00:00.000000000,1.8531423736556574,1.3086320629210604,0,0,0,0,0.804,12,30330.27,0
T0002586,C0076,high_business,2026-02-01 12:13:00.000000000,1.3116189658810395,1.2315868852762784,0,0,0,0,1.676,12,15001.54,0
T0006145,C0176,mid_weekend,2026-02-01 12:19:00.000000000,0.5107975384918075,-0.9379282255286813,0,0,0,0,2.959,12,1642.28,0
T0003251,C0095,mid_weekend,2026-02-01 12:48:00.000000000,0.6104070461739892,-0.5710669739989992,0,0,0,1,-0.062,12,1836.24,0
T0002423,C0070,high_business,2026-02-01 13:00:00.000000000,1.1257235548316809,0.2861166442502625,0,0,0,0,0.983,13,13814.58,0
T0005213,C0152,mid_weekend,2026-02-01 13:01:00.000000000,1.0854746888710023,0.4973758506930141,0,0,0,0,0.933,13,2383.98,0
T0001746,C0050,mid_weekend,2026-02-01 13:02:00.000000000,0.7020400929860595,-1.6636283021639684,0,0,0,0,1.058,13,1923.23,0
T0004281,C0124,high_business,2026-02-01 13:06:00.000000000,0.9310710371359553,-0.14676744047388454,0,0,0,0,0.941,13,11556.8,0
T0005973,C0172,high_business,2026-02-01 13:25:00.000000000,1.0337699803960205,0.05395806102051044,0,0,0,0,2.117,13,14398.68,0
T0000050,C0001,high_business,2026-02-01 13:46:00.000000000,0.9449797274816272,-0.10434022376745632,0,0,0,0,0.983,13,13385.29,0
T0000459,C0013,high_business,2026-02-01 13:51:00.000000000,1.0601854457050681,0.36048453130395164,0,0,0,0,1.037,13,13376.08,0
T0002699,C0079,high_business,2026-02-01 13:51:00.000000000,2.1846544188209243,2.129785482367109,0,0,0,2,0.285,13,27789.37,0
T0003913,C0113,mid_weekend,2026-02-01 14:08:00.000000000,0.8858966101682041,-0.2795183575529935,0,0,0,0,1.165,14,2401.76,0
T0002696,C0079,high_business,2026-02-01 14:16:00.000000000,0.6354348281935254,-0.6336007382721794,0,0,0,0,1.015,14,8244.87,0
T0003250,C0095,mid_weekend,2026-02-01 14:17:00.000000000,0.8696086435858943,-0.18826493793410543,0,1,0,0,1.075,14,2630.27,0
T0003784,C0110,mid_weekend,2026-02-01 14:29:00.000000000,0.7907735207201988,-0.3818282817664627,0,0,0,0,0.451,14,2618.92,0
T0006014,C0173,mid_weekend,2026-02-01 14:40:00.000000000,0.4791545922469692,-0.8430800253250363,0,0,0,0,0.938,14,1687.8,0
T0002697,C0079,high_business,2026-02-01 14:52:00.000000000,0.8524371805206283,-0.255843012988605,0,0,0,1,0.025,14,10885.19,0
T0001160,C0032,mid_weekend,2026-02-01 14:55:00.000000000,0.6781841733290452,-1.1359229002460562,0,0,0,0,1.799,14,1602.1,0
T0001161,C0032,mid_weekend,2026-02-01 15:09:00.000000000,1.1909176164333815,0.6578561333775478,0,0,0,1,0.01,15,2763.04,0
T0003565,C0104,mid_weekend,2026-02-01 15:21:00.000000000,1.1582984560361638,0.8098686175670342,0,0,0,0,0.403,15,2948.85,0
T0003041,C0089,mid_weekend,2026-02-01 15:26:00.000000000,0.8602279252923544,-0.3131590323148529,0,0,0,0,0.174,15,2458.98,0
T0004042,C0116,mid_weekend,2026-02-01 15:31:00.000000000,0.8989465038416723,-0.21973969814626054,0,0,0,0,0.936,15,2597.05,0
T0002337,C0068,mid_weekend,2026-02-01 15:34:00.000000000,1.0629392722617366,0.2980816325992108,0,0,0,0,0.165,15,2667.18,0
T0004389,C0128,mid_weekend,2026-02-01 15:34:00.000000000,0.7642220809055301,-0.6346739504702847,0,0,0,0,0.158,15,2050.02,0
T0002587,C0076,high_business,2026-02-01 15:45:00.000000000,0.7185152638528371,-1.116219791888185,0,0,0,0,0.147,15,8320.4,0
T0000949,C0026,mid_weekend,2026-02-01 15:52:00.000000000,0.6881254630383307,-0.630412264180025,0,0,0,0,0.99,15,2451.47,0
T0003484,C0101,mid_weekend,2026-02-01 15:59:00.000000000,3.324538617533074,6.932548977310718,0,0,0,0,1.095,15,9634.92,0
T0000513,C0014,mid_weekend,2026-02-01 16:11:00.000000000,1.0305905843105438,0.08494609540257626,0,0,0,0,1.005,16,2691.73,0
T0002819,C0083,mid_weekend,2026-02-01 16:32:00.000000000,0.9823775154405978,-0.08786690396030834,0,0,0,0,2.951,16,2555.8,0
T0005291,C0154,high_business,2026-02-01 16:35:00.000000000,0.7302928673654777,-0.5618622883841973,0,0,0,0,1.343,16,10132.51,0
T0003252,C0095,mid_weekend,2026-02-01 16:43:00.000000000,0.8869712001930188,-0.16538416865719677,0,1,0,0,0.163,16,2626.63,0
T0001515,C0044,mid_weekend,2026-02-01 16:51:00.000000000,0.724671420626508,-0.6741503291434341,0,0,0,0,0.974,16,1830.38,0
T0001854,C0053,mid_weekend,2026-02-01 16:51:00.000000000,0.7094917675681547,-0.43802025972946257,0,0,0,0,4.065,16,2247.72,0
T0005916,C0170,mid_weekend,2026-02-01 16:52:00.000000000,0.6878537145132252,-0.4966048938636449,0,0,0,0,1.044,16,1857.96,0
T0004409,C0129,low_evening_shopper,2026-02-01 16:53:00.000000000,1.0693586631482164,0.17076746340069643,0,0,0,0,0.882,16,816.73,0
T0005779,C0167,mid_weekend,2026-02-01 16:59:00.000000000,1.5083369921443808,1.8592672428027244,0,0,0,0,1.324,16,3334.92,0
T0001341,C0038,mid_weekend,2026-02-01 17:08:00.000000000,2.17099143366661,1.7750634661124076,0,0,0,0,2.168,17,7659.95,0
T0006360,C0128,mid_weekend,2026-02-01 17:30:00.199934037,3.5938662770028897,6.982247539204253,0,0,0,0,0.238,17,9640.5,1
T0000073,C0002,mid_weekend,2026-02-01 17:40:00.000000000,0.913563480263783,-0.1691035599963642,0,0,0,0,1.159,17,2731.02,0
T0003567,C0104,mid_weekend,2026-02-01 17:42:00.000000000,1.494798732153189,2.538154334536959,0,0,0,1,-0.049,17,3789.85,0
T0001184,C0033,low_evening_shopper,2026-02-01 17:43:00.000000000,1.7546198400401705,1.324512890059981,0,0,0,0,1.784,17,1661.16,0
T0003137,C0092,mid_weekend,2026-02-01 18:30:00.000000000,1.2591336582235186,0.9442482299485371,0,0,0,0,2.242,18,3221.44,0
T0001747,C0050,mid_weekend,2026-02-01 18:36:00.000000000,1.2119826595129972,1.098439510742669,0,0,0,0,0.232,18,3249.55,0
T0006053,C0174,low_evening_shopper,2026-02-01 18:37:00.000000000,1.4343820358589088,0.5353264242107001,0,0,0,0,2.929,18,1432.28,0
T0004924,C0144,low_evening_shopper,2026-02-01 18:45:00.000000000,1.432561817375809,1.3519862857249665,0,0,0,0,2.915,18,1004.51,0
T0003566,C0104,mid_weekend,2026-02-01 18:52:00.000000000,0.7778810792064328,-1.170991132235266,0,0,0,0,0.147,18,2006.49,0
T0004772,C0140,mid_weekend,2026-02-01 18:58:00.000000000,0.844329111875077,-0.22870013258918423,0,0,0,0,2.107,18,2522.95,0
T0001748,C0050,mid_weekend,2026-02-01 18:59:00.000000000,1.2679010937288622,1.4019307250893374,0,0,0,1,0.016,18,3447.52,0
T0005310,C0155,mid_weekend,2026-02-01 19:00:00.000000000,0.8431058448538363,-0.9046525052209559,0,0,0,0,2.017,19,2198.32,0
T0005781,C0167,mid_weekend,2026-02-01 19:05:00.000000000,0.942487766026792,-0.08769161388600279,0,0,0,0,0.327,19,2641.89,0
T0004210,C0122,mid_weekend,2026-02-01 19:08:00.000000000,1.1886309866299385,0.5622045630441492,0,0,0,0,2.008,19,3050.31,0
T0003504,C0102,low_evening_shopper,2026-02-01 19:11:00.000000000,0.7230186865310171,-0.6514898484334611,0,0,0,0,0.907,19,630.12,0
T0003385,C0099,low_evening_shopper,2026-02-01 19:14:00.000000000,0.7943863280996271,-1.5263652573900928,0,0,0,0,4.851,19,620.54,0
T0005499,C0159,low_evening_shopper,2026-02-01 19:15:00.000000000,0.6164960158993126,-0.6033163825951489,0,0,0,0,0.985,19,590.3,0
T0005454,C0158,mid_weekend,2026-02-01 19:22:00.000000000,1.2623611657410283,1.504893645375999,0,0,0,0,1.314,19,3155.75,0
T0002257,C0066,low_evening_shopper,2026-02-01 19:40:00.000000000,0.3801211847539175,-0.9644132006599216,0,0,0,0,1.903,19,328.14,0
T0001365,C0039,low_evening_shopper,2026-02-01 19:49:00.000000000,0.8358758225939804,-0.7176605292607822,0,0,0,0,2.008,19,572.55,0
T0001563,C0045,low_evening_shopper,2026-02-01 19:53:00.000000000,0.6810685683652782,-1.7395284819577448,0,0,0,0,0.845,19,443.69,0
T0000514,C0014,mid_weekend,2026-02-01 19:57:00.000000000,0.782765947522007,-0.6144794800435623,0,0,0,0,0.157,19,2046.61,0
T0000103,C0003,low_evening_shopper,2026-02-01 20:09:00.000000000,0.9272412948939567,-0.12593934687153432,0,0,0,0,0.934,20,943.11,0
T0000777,C0021,low_evening_shopper,2026-02-01 20:10:00.000000000,1.0593358348460868,0.2640935743039766,0,0,0,0,3.9,20,782.93,0
T0000670,C0018,low_evening_shopper,2026-02-01 20:14:00.000000000,3.943799096616834,13.29422301972892,0,0,0,0,1.897,20,2663.72,0
T0004062,C0117,low_evening_shopper,2026-02-01 20:51:00.000000000,0.8915131262139753,-0.202779914742414,0,0,0,0,1.892,20,839.46,0
T0001874,C0054,low_evening_shopper,2026-02-01 20:53:00.000000000,1.0985872247205397,0.46931259563138344,0,0,0,0,1.224,20,661.3,0
T0002234,C0065,mid_weekend,2026-02-01 20:54:00.000000000,0.8637331672539174,-0.2071394125395221,0,0,0,0,2.262,20,2918.57,0
T0003815,C0111,low_evening_shopper,2026-02-01 21:07:00.000000000,0.6476049701356433,-1.548071400180055,0,0,0,0,3.158,21,520.62,0
T0005698,C0165,low_evening_shopper,2026-02-01 21:08:00.000000000,0.9530929442607411,-0.1889610736970927,0,0,0,0,2.083,21,663.62,0
T0004324,C0126,low_evening_shopper,2026-02-01 21:09:00.000000000,0.6653478174058065,-0.46596477037631834,0,1,0,0,1.049,21,668.56,0
T0000637,C0017,mid_weekend,2026-02-01 21:16:00.000000000,0.6878778410749193,-0.48641165795062563,0,0,0,0,1.299,21,2137.22,0
T0004616,C0135,low_evening_shopper,2026-02-01 21:20:00.000000000,0.8446370489511154,-0.23434640737627266,0,0,0,0,2.917,21,804.6,0
T0002543,C0075,low_evening_shopper,2026-02-01 22:09:00.000000000,1.457685412120001,2.6843938252660564,0,1,0,0,1.998,22,893.8,0
T0002977,C0087,low_evening_shopper,2026-02-01 22:10:00.000000000,0.7641937624247052,-0.3813024833409659,0,0,0,0,2.085,22,828.7,0
T0001953,C0057,low_evening_shopper,2026-02-01 22:26:00.000000000,0.5944822878690128,-1.1907712981710084,0,0,0,0,1.142,22,433.93,0
T0000221,C0006,low_evening_shopper,2026-02-01 23:43:00.000000000,1.231196241927032,0.9397762989944083,0,0,0,0,1.224,23,914.45,0
T0000858,C0023,mid_weekend,2026-02-01 23:55:00.000000000,2.825244694897921,3.016400307633256,0,0,0,0,1.229,23,10749.31,0
T0001764,C0051,low_evening_shopper,2026-02-01 23:57:00.000000000,0.6132869064958127,-1.6784037219858405,0,1,1,0,6.174,23,485.15,0
T0005975,C0172,high_business,2026-02-02 04:34:00.000000000,0.8285800000444353,-0.2900996253411202,1,0,0,1,-0.389,4,11732.98,0
T0003761,C0109,high_business,2026-02-02 07:12:00.000000000,0.7915627640973821,-0.3561278988688302,0,0,0,0,1.808,7,11483.72,0
T0001232,C0034,high_business,2026-02-02 07:14:00.000000000,0.803147466415163,-0.40305466102477744,0,0,0,0,1.778,7,10714.34,0
T0000835,C0022,high_business,2026-02-02 07:17:00.000000000,0.6909103906418623,-0.9910145488267622,0,0,0,0,0.914,7,8871.8,0
T0002427,C0070,high_business,2026-02-02 08:51:00.000000000,0.7496184608160595,-0.5663501136637407,0,0,0,3,-0.013,8,9552.98,0
T0005296,C0154,high_business,2026-02-02 09:08:00.000000000,0.5827518532162402,-0.9395082696842627,0,0,0,3,-0.08,9,7904.58,0
T0002426,C0070,high_business,2026-02-02 09:10:00.000000000,1.1174981947392693,0.2607512640558006,0,0,0,2,-0.178,9,14187.39,0
T0005294,C0154,high_business,2026-02-02 09:21:00.000000000,0.8576663335588063,-0.3090086372872313,0,0,0,1,-0.042,9,11713.36,0
T0005432,C0157,high_business,2026-02-02 09:23:00.000000000,0.7868241838048817,-0.3315472129095114,0,0,0,1,-0.101,9,13042.06,0
T0000859,C0023,mid_weekend,2026-02-02 09:23:00.000000000,0.5158514072807366,-0.7370857230333778,0,0,0,0,0.394,9,2173.41,0
T0004284,C0124,high_business,2026-02-02 09:41:00.000000000,0.8962068746423119,-0.22825238090795053,0,0,0,2,-0.109,9,11053.58,0
T0005976,C0172,high_business,2026-02-02 09:55:00.000000000,0.8479347541305532,-0.2606910889685684,0,0,0,1,0.223,9,11917.56,0
T0005293,C0154,high_business,2026-02-02 10:21:00.000000000,0.7495794060917417,-0.5406927011848212,0,0,0,0,0.934,10,10360.74,0
T0005183,C0151,high_business,2026-02-02 10:40:00.000000000,1.0549846386567656,0.2155584384258062,0,0,0,2,-0.04,10,12214.23,0
T0003677,C0107,mid_weekend,2026-02-02 10:42:00.000000000,0.6332945894661919,-0.5204757048976814,0,0,0,0,1.897,10,2143.66,0
T0005685,C0164,mid_weekend,2026-02-02 10:46:00.000000000,0.8771339016536792,-0.17016379641333668,0,0,0,0,1.931,10,2679.61,0
T0003455,C0100,high_business,2026-02-02 10:52:00.000000000,0.9554270599444341,-0.07550135202457806,0,0,0,2,-0.069,10,13572.79,0
T0002321,C0067,high_business,2026-02-02 10:58:00.000000000,1.0118585341985329,0.058637008284729314,0,1,0,0,1.015,10,12200.72,0
T0003914,C0113,mid_weekend,2026-02-02 11:00:00.000000000,0.9613062673985703,-0.09609646137850186,0,0,0,0,0.869,11,2594.77,0
T0005295,C0154,high_business,2026-02-02 11:03:00.000000000,0.992116561488398,-0.017366849021970752,0,0,0,1,0.071,11,13461.91,0
T0000460,C0013,high_business,2026-02-02 11:04:00.000000000,1.1228355945049016,0.7613194985924272,0,0,0,0,0.884,11,14223.37,0
T0002796,C0082,high_business,2026-02-02 11:21:00.000000000,0.9410587233466476,-0.29762940152696615,0,0,0,0,1.997,11,11375.77,0
T0005182,C0151,high_business,2026-02-02 11:38:00.000000000,0.6206954387293204,-1.5331761919176516,0,0,0,1,-0.086,11,7269.75,0
T0005297,C0154,high_business,2026-02-02 11:47:00.000000000,0.8818756540743513,-0.26219694685210737,0,0,0,1,0.11,11,11754.0,0
T0005431,C0157,high_business,2026-02-02 11:48:00.000000000,0.6939552469717346,-0.4750534674383618,0,0,0,0,0.992,11,11583.27,0
T0004282,C0124,high_business,2026-02-02 11:53:00.000000000,0.9514787125381001,-0.10451381497528689,0,0,0,0,0.949,11,11788.1,0
T0000182,C0005,mid_weekend,2026-02-02 12:03:00.000000000,1.0317936382383643,0.0553704648411329,0,0,0,1,-0.11,12,3297.18,0
T0004005,C0115,high_business,2026-02-02 12:09:00.000000000,1.2081446470701047,0.9053530322740232,0,0,0,0,1.014,12,14615.08,0
T0001142,C0031,high_business,2026-02-02 12:10:00.000000000,0.9199406086984663,-0.1856455648361093,0,0,0,1,-0.1,12,12626.85,0
T0004484,C0131,mid_weekend,2026-02-02 12:12:00.000000000,0.648911647605145,-1.0505376577795458,0,0,0,0,1.711,12,1846.57,0
T0004283,C0124,high_business,2026-02-02 12:18:00.000000000,0.8749093287350944,-0.2726716206142068,0,0,0,1,0.017,12,10825.63,0
T0001820,C0052,high_business,2026-02-02 12:22:00.000000000,0.9677420004405265,-0.09307953252918094,0,0,0,1,-0.092,12,13100.44,0
T0004846,C0142,high_business,2026-02-02 12:31:00.000000000,0.6708403477725362,-0.5635237517131716,0,0,0,0,1.988,12,10686.88,0
T0003454,C0100,high_business,2026-02-02 12:32:00.000000000,0.7315006567710177,-0.4530502028745142,0,0,0,1,-0.174,12,10472.03,0
T0003785,C0110,mid_weekend,2026-02-02 12:41:00.000000000,1.036599824540139,0.06826962913937715,0,0,0,0,0.925,12,3367.76,0
T0003915,C0113,mid_weekend,2026-02-02 12:52:00.000000000,1.0554968024407363,0.14022738927655465,0,0,0,0,0.078,12,2844.93,0
T0003568,C0104,mid_weekend,2026-02-02 12:56:00.000000000,1.1439603417082567,0.6566118590378299,0,0,0,0,0.801,12,3002.86,0
T0002428,C0070,high_business,2026-02-02 12:56:00.000000000,0.9810561630220274,-0.04298011440535231,0,1,0,2,0.17,12,12404.55,0
T0000461,C0013,high_business,2026-02-02 12:58:00.000000000,0.957629713171302,-0.2684805320844577,0,0,0,0,0.079,12,12223.77,0
T0004773,C0140,mid_weekend,2026-02-02 13:04:00.000000000,1.0645013528265064,0.09626112805597939,0,0,0,0,0.754,13,3157.27,0
T0001933,C0056,mid_weekend,2026-02-02 13:08:00.000000000,0.519658219794165,-0.7235979725215319,0,0,0,0,2.894,13,2332.57,0
T0002955,C0086,mid_weekend,2026-02-02 13:10:00.000000000,0.8484690079140056,-0.19409446470330957,0,0,0,0,2.993,13,2894.0,0
T0005783,C0167,mid_weekend,2026-02-02 13:26:00.000000000,1.167846847645973,0.270648852183457,0,0,0,1,-0.212,13,3229.19,0
T0002425,C0070,high_business,2026-02-02 13:27:00.000000000,2.1374723939858753,2.657837824529973,0,0,0,1,-0.06,13,26145.32,0
T0000357,C0010,high_business,2026-02-02 13:41:00.000000000,0.5617783848961813,-0.9330134584477477,0,0,0,0,1.095,13,9219.89,0
T0005181,C0151,high_business,2026-02-02 13:42:00.000000000,1.2291332216032331,0.9169185278979193,0,0,0,0,2.174,13,14293.58,0
T0000639,C0017,mid_weekend,2026-02-02 13:43:00.000000000,1.1258407367775856,0.19231468972118504,0,0,0,1,-0.08,13,3381.83,0
T0005974,C0172,high_business,2026-02-02 13:54:00.000000000,1.33057163855675,0.5420676482433349,0,0,0,0,1.02,13,18562.43,0
T0000462,C0013,high_business,2026-02-02 14:25:00.000000000,1.1394738190471696,0.9067884999630315,0,0,0,0,0.06,14,14508.69,0
T0006287,C0179,mid_weekend,2026-02-02 14:32:00.000000000,1.1250537929487638,0.5516597158070802,0,0,0,0,4.0,14,3015.08,0
T0001141,C0031,high_business,2026-02-02 14:34:00.000000000,1.1511750895835844,0.3453528750999549,0,0,0,0,1.118,14,15741.22,0
T0001819,C0052,high_business,2026-02-02 14:34:00.000000000,0.9376896661984445,-0.17671251849638753,0,0,0,0,1.127,14,12725.34,0
T0000181,C0005,mid_weekend,2026-02-02 14:42:00.000000000,0.6970250181807958,-0.5250239872088118,0,0,0,0,1.865,14,2273.32,0
T0005686,C0164,mid_weekend,2026-02-02 14:51:00.000000000,0.9053863974790382,-0.1331808644212556,0,0,0,0,0.17,14,2751.14,0
T0002424,C0070,high_business,2026-02-02 14:53:00.000000000,0.7766225741710256,-0.5192477437133577,0,0,0,0,1.078,14,9573.3,0
T0004884,C0143,mid_weekend,2026-02-02 15:19:00.000000000,1.022946707716046,0.07978900208754322,0,0,0,0,2.926,15,2571.76,0
T0003354,C0098,mid_weekend,2026-02-02 15:19:00.000000000,0.82277780684896,-0.4236657433559565,0,0,0,0,1.903,15,2401.54,0
T0003637,C0106,high_business,2026-02-02 15:33:00.000000000,1.0645006450941754,0.13492000821101546,0,0,0,0,1.192,15,14839.45,0
T0004978,C0146,mid_weekend,2026-02-02 15:35:00.000000000,1.1938942203761078,0.6789920868731321,0,0,0,0,1.861,15,2844.82,0
T0002096,C0061,high_business,2026-02-02 15:36:00.000000000,0.641308779582285,-0.6660701745087335,0,0,0,0,1.171,15,8782.65,0
T0000638,C0017,mid_weekend,2026-02-02 15:38:00.000000000,0.3533160272523312,-1.0105855551949061,0,0,0,0,0.765,15,1085.51,0
T0001163,C0032,mid_weekend,2026-02-02 15:47:00.000000000,1.396673023772686,1.3846117704735443,0,1,0,1,-0.181,15,3226.8,0
T0002529,C0074,mid_weekend,2026-02-02 15:51:00.000000000,0.7435288345466697,-0.34651549220499184,0,0,0,0,1.753,15,2758.82,0
T0005784,C0167,mid_weekend,2026-02-02 16:33:00.000000000,0.969227974641051,-0.051665873770811714,0,0,0,1,0.13,16,2708.11,0
T0003453,C0100,high_business,2026-02-02 16:43:00.000000000,0.9128207551157157,-0.14533947467918698,0,1,0,0,3.149,16,13101.37,0
T0003253,C0095,mid_weekend,2026-02-02 16:45:00.000000000,0.8947977728376374,-0.15621617383686787,0,0,0,0,1.001,16,2638.29,0
T0006015,C0173,mid_weekend,2026-02-02 17:11:00.000000000,0.6357445119080637,-0.5736268386527495,0,0,0,0,1.105,17,2149.66,0
T0005785,C0167,mid_weekend,2026-02-02 17:27:00.000000000,0.7311601409855774,-0.46439217583394343,0,0,0,2,0.037,17,2039.23,0
T0000104,C0003,low_evening_shopper,2026-02-02 18:15:00.000000000,0.679050883997099,-0.58086584996019,0,0,0,0,0.921,18,685.65,0
T0001855,C0053,mid_weekend,2026-02-02 18:22:00.000000000,0.7817981431798309,-0.33146371283142656,0,0,0,0,1.063,18,2434.46,0
T0003138,C0092,mid_weekend,2026-02-02 18:27:00.000000000,1.0177826814521431,0.06618749107325483,0,0,0,0,0.998,18,2646.13,0
T0005782,C0167,mid_weekend,2026-02-02 18:31:00.000000000,0.857552736332796,-0.22440745187876396,0,0,0,0,0.976,18,2393.94,0
T0002126,C0062,mid_weekend,2026-02-02 18:53:00.000000000,1.3480634493851118,2.09531683719259,0,0,0,0,2.131,18,3239.21,0
T0000730,C0020,mid_weekend,2026-02-02 19:23:00.000000000,0.6060221651002167,-0.991697359193242,0,0,0,0,6.287,19,1575.36,0
T0003087,C0090,low_evening_shopper,2026-02-02 19:29:00.000000000,1.301127474438408,1.233187816356322,0,0,0,0,2.87,19,828.15,0
T0004617,C0135,low_evening_shopper,2026-02-02 19:33:00.000000000,0.6484240419151521,-0.5469747281742146,0,0,0,0,0.926,19,608.96,0
T0001954,C0057,low_evening_shopper,2026-02-02 19:41:00.000000000,1.1367016795689806,0.37545998644817763,0,0,0,0,0.885,19,787.65,0
T0002258,C0066,low_evening_shopper,2026-02-02 19:43:00.000000000,0.7529069973326463,-0.3701742233293339,0,0,0,0,1.002,19,623.08,0
T0001162,C0032,mid_weekend,2026-02-02 20:08:00.000000000,0.717804587565507,-0.9977619881629984,0,0,0,0,1.208,20,1682.11,0
T0005500,C0159,low_evening_shopper,2026-02-02 20:09:00.000000000,0.8639278364979033,-0.2130806230779057,0,0,0,0,1.038,20,787.57,0
T0004925,C0144,low_evening_shopper,2026-02-02 20:12:00.000000000,0.7212859736673831,-0.8758755501312664,0,1,0,0,1.06,20,520.35,0
T0000992,C0027,low_evening_shopper,2026-02-02 20:15:00.000000000,1.2446813198099438,0.7676096796010835,0,0,0,0,2.955,20,739.58,0
T0002640,C0078,low_evening_shopper,2026-02-02 20:17:00.000000000,0.5198173430070113,-0.6000358987824774,0,0,0,0,4.024,20,637.25,0
T0005786,C0167,mid_weekend,2026-02-02 20:18:00.000000000,1.227331568315775,0.39567737497849587,0,0,0,0,0.119,20,3371.94,0
T0001516,C0044,mid_weekend,2026-02-02 20:24:00.000000000,0.9639459014024405,-0.08833407249818258,0,0,0,0,1.148,20,2399.46,0
T0000436,C0012,low_evening_shopper,2026-02-02 20:39:00.000000000,1.182544322009997,0.24339936806640297,0,0,0,0,3.003,20,1071.12,0
T0006184,C0177,low_evening_shopper,2026-02-02 20:43:00.000000000,1.27852625127723,1.572371351875734,0,0,0,0,1.966,20,809.48,0
T0002700,C0079,high_business,2026-02-02 20:45:00.000000000,0.7410742563694278,-0.45800187149967037,1,0,0,0,1.288,20,9856.17,0
T0003816,C0111,low_evening_shopper,2026-02-02 20:50:00.000000000,1.0384470276542381,0.14431428704127516,0,0,0,0,0.988,20,775.98,0
T0003283,C0096,low_evening_shopper,2026-02-02 20:55:00.000000000,1.0417028008686111,0.1574122587926745,0,0,0,0,6.149,20,730.37,0
T0004390,C0128,mid_weekend,2026-02-02 21:01:00.000000000,2.008884632288885,2.7267858690627786,0,0,0,0,1.227,21,5321.93,0
T0004410,C0129,low_evening_shopper,2026-02-02 21:16:00.000000000,1.256978672979986,0.6556906756597126,0,0,0,0,1.183,21,964.19,0
T0003386,C0099,low_evening_shopper,2026-02-02 21:25:00.000000000,0.7622914569031665,-1.6407008134299441,0,0,0,0,1.091,21,583.22,0
T0003596,C0105,low_evening_shopper,2026-02-02 21:30:00.000000000,0.7649484067822674,-0.9168471194864375,0,0,0,0,8.965,21,569.1,0
T0004518,C0132,low_evening_shopper,2026-02-02 21:35:00.000000000,0.9938888118055893,-0.01837155076351906,0,0,0,0,1.935,21,584.73,0
T0004130,C0120,low_evening_shopper,2026-02-02 21:43:00.000000000,0.7057243922643952,-1.3790234331041482,0,0,0,0,4.041,21,556.24,0
T0004300,C0125,mid_weekend,2026-02-02 21:57:00.000000000,0.5038671946064469,-2.424389756376447,0,0,0,0,2.072,21,1374.51,0
T0001091,C0030,low_evening_shopper,2026-02-02 22:26:00.000000000,0.9028382208247002,-0.13866031872693488,0,0,0,0,2.022,22,733.59,0
T0000778,C0021,low_evening_shopper,2026-02-02 22:37:00.000000000,0.8215833001956653,-0.8233132827516815,0,0,0,0,1.102,22,609.62,0
T0001185,C0033,low_evening_shopper,2026-02-02 22:40:00.000000000,0.6484353126108993,-0.6315181259720911,0,0,0,0,1.206,22,639.63,0
T0001259,C0035,mid_weekend,2026-02-02 22:53:00.000000000,0.9289174443525524,-0.14145299451667104,0,0,0,0,2.322,22,2452.62,0
T0006253,C0178,high_business,2026-02-02 23:42:00.000000000,0.9074915181964252,-0.3008384088964633,1,0,0,0,1.637,23,11908.93,0
T0006384,C0144,low_evening_shopper,2026-02-03 01:42:00.079278270,2.1454686157490976,3.5684411849026727,1,1,0,0,0.229,1,1520.82,1
T0000358,C0010,high_business,2026-02-03 05:17:00.000000000,2.5889530037459707,3.3307057573474657,0,0,0,0,0.65,5,41680.25,0
T0002530,C0074,mid_weekend,2026-02-03 05:26:00.000000000,0.7004999396967977,-0.410054428721059,1,0,0,0,0.566,5,2554.72,0
T0000055,C0001,high_business,2026-02-03 06:14:00.000000000,0.9750698032305652,-0.04671570765033921,0,0,0,4,-0.158,6,13873.58,0
T0000184,C0005,mid_weekend,2026-02-03 06:32:00.000000000,0.7277557617576684,-0.500127598580557,0,0,0,1,-0.17,6,2309.54,0
T0005243,C0153,low_evening_shopper,2026-02-03 06:58:00.000000000,0.6559747607367314,-1.7625033775626677,1,0,0,0,8.426,6,452.88,0
T0002430,C0070,high_business,2026-02-03 08:42:00.000000000,0.9965246776921652,-0.008130143680859228,0,0,0,1,-0.131,8,12605.69,0
T0005978,C0172,high_business,2026-02-03 09:47:00.000000000,1.0859801847676709,0.15205037582496186,0,0,0,1,-0.147,9,15127.18,0
T0000056,C0001,high_business,2026-02-03 09:55:00.000000000,1.0820164172953977,0.15587914371438646,0,0,0,4,0.153,9,15383.96,0
T0000054,C0001,high_business,2026-02-03 10:01:00.000000000,2.2233267315323264,2.35203398590513,0,0,0,3,-0.067,10,30503.38,0
T0000057,C0001,high_business,2026-02-03 10:05:00.000000000,3.7855715481851524,5.382225660984156,0,1,0,5,0.007,10,53948.87,0
T0006254,C0178,high_business,2026-02-03 10:19:00.000000000,0.8784755457819461,-0.4004742201276223,0,0,0,0,0.442,10,11490.07,0
T0004008,C0115,high_business,2026-02-03 10:35:00.000000000,1.067423313255944,0.30265886232623074,0,0,0,2,-0.01,10,13129.84,0
T0000183,C0005,mid_weekend,2026-02-03 10:37:00.000000000,0.8490882472636102,-0.27195427622869095,0,0,0,0,0.94,10,2718.72,0
T0005184,C0151,high_business,2026-02-03 10:46:00.000000000,0.9642431557521882,-0.14241985490628944,0,0,0,0,1.004,10,11181.71,0
T0005754,C0166,high_business,2026-02-03 10:48:00.000000000,0.6418305435250782,-0.7557332930587822,0,0,0,0,2.904,10,9195.43,0
T0004007,C0115,high_business,2026-02-03 10:49:00.000000000,0.8824243800819626,-0.52190363083207,0,0,0,1,-0.033,10,10910.03,0
T0004009,C0115,high_business,2026-02-03 11:01:00.000000000,0.7218718150422831,-1.2765009481295215,0,0,0,3,0.018,11,8904.33,0
T0000836,C0022,high_business,2026-02-03 11:02:00.000000000,1.1404759733939762,0.4456913029538886,0,0,0,0,1.156,11,14476.9,0
T0004847,C0142,high_business,2026-02-03 11:04:00.000000000,0.81639397102535,-0.31497900953497543,0,0,0,0,0.94,11,12699.85,0
T0000051,C0001,high_business,2026-02-03 11:05:00.000000000,0.5654609713379846,-0.8368961059098518,0,0,0,0,1.888,11,7994.35,0
T0002588,C0076,high_business,2026-02-03 11:09:00.000000000,1.06044862352398,0.23621432044071916,0,0,0,0,1.808,11,12147.04,0
T0000515,C0014,mid_weekend,2026-02-03 11:12:00.000000000,0.4223019402847887,-1.6397203875144415,0,0,0,0,1.635,11,1096.15,0
T0003638,C0106,high_business,2026-02-03 11:13:00.000000000,0.8869074612251837,-0.24176142483323795,0,0,0,0,0.819,11,12394.42,0
T0000360,C0010,high_business,2026-02-03 11:14:00.000000000,0.6523357891459081,-0.6588877089409257,0,0,0,1,-0.027,11,11073.22,0
T0002725,C0080,mid_weekend,2026-02-03 11:15:00.000000000,1.2165593250319533,0.5347718238447275,0,0,0,0,2.788,11,2962.44,0
T0003355,C0098,mid_weekend,2026-02-03 11:15:00.000000000,0.8796082138026745,-0.29030473607209023,0,0,0,0,0.831,11,2551.17,0
T0002322,C0067,high_business,2026-02-03 11:16:00.000000000,1.2126676739370246,1.0677123153739245,0,0,0,0,1.012,11,14627.12,0
T0004006,C0115,high_business,2026-02-03 11:36:00.000000000,1.2641197747172654,1.1663188123539219,0,0,0,0,0.977,11,15443.79,0
T0000053,C0001,high_business,2026-02-03 11:37:00.000000000,0.9139572399570105,-0.1633321168113186,0,0,0,2,-0.028,11,12573.03,0
T0002127,C0062,mid_weekend,2026-02-03 11:48:00.000000000,0.98880237461825,-0.06255237457771082,0,0,0,0,0.705,11,2435.03,0
T0005653,C0163,high_business,2026-02-03 11:49:00.000000000,1.1731941324379247,0.31105435756114674,0,0,0,0,2.074,11,16657.49,0
T0002429,C0070,high_business,2026-02-03 11:50:00.000000000,1.034540580131701,0.07953342620729834,0,0,0,0,0.954,11,13073.3,0
T0000359,C0010,high_business,2026-02-03 11:53:00.000000000,0.7226737148037276,-0.5235894441538501,0,0,0,0,0.275,11,12404.8,0
T0005185,C0151,high_business,2026-02-03 11:53:00.000000000,1.080906976150028,0.3265293105120755,0,0,0,0,0.047,11,12521.78,0
T0005917,C0170,mid_weekend,2026-02-03 12:02:00.000000000,0.9016588847401499,-0.1572260091767159,0,0,0,0,1.799,12,2387.96,0
T0002798,C0082,high_business,2026-02-03 12:05:00.000000000,1.0595113592704086,0.3067775940224264,0,0,0,1,-0.049,12,12890.31,0
T0002338,C0068,mid_weekend,2026-02-03 12:06:00.000000000,1.1451153877922964,0.718937641470302,0,0,0,0,1.856,12,2888.46,0
T0003456,C0100,high_business,2026-02-03 12:14:00.000000000,0.854781831685719,-0.24914329232885388,0,0,0,0,1.057,12,12127.99,0
T0000158,C0004,high_business,2026-02-03 12:16:00.000000000,0.9678955857828144,-0.23241782429811586,0,0,0,0,2.164,12,11973.4,0
T0000052,C0001,high_business,2026-02-03 12:17:00.000000000,0.6077727692312028,-0.7485040818366111,0,0,0,0,0.05,12,8468.09,0
T0002701,C0079,high_business,2026-02-03 12:43:00.000000000,0.8780307719138994,-0.2169062522155507,0,1,0,0,0.665,12,11565.68,0
T0002957,C0086,mid_weekend,2026-02-03 13:15:00.000000000,1.0386802728562805,0.05217684393837804,0,0,0,1,-0.212,13,3494.95,0
T0002797,C0082,high_business,2026-02-03 13:16:00.000000000,1.2232766429019468,1.1467622581441792,0,0,0,0,1.08,13,14750.98,0
T0005456,C0158,mid_weekend,2026-02-03 13:17:00.000000000,0.9609423795068559,-0.1718431651810411,0,0,0,1,-0.113,13,2358.33,0
T0005977,C0172,high_business,2026-02-03 13:19:00.000000000,0.9351306338580165,-0.1127205475642306,0,0,0,0,1.142,13,13059.8,0
T0000058,C0001,high_business,2026-02-03 13:22:00.000000000,0.6946281715819446,-0.47991220913287697,0,0,0,0,0.137,13,10665.25,0
T0001934,C0056,mid_weekend,2026-02-03 13:27:00.000000000,0.4269128227391881,-0.8528732636595181,0,0,0,0,1.013,13,1867.83,0
T0005979,C0172,high_business,2026-02-03 13:31:00.000000000,1.0352729631016127,0.0637952798891612,0,0,0,1,0.156,13,14468.54,0
T0002431,C0070,high_business,2026-02-03 13:37:00.000000000,0.8777984592477919,-0.29002193282991606,0,0,0,0,0.205,13,11102.74,0
T0003140,C0092,mid_weekend,2026-02-03 13:42:00.000000000,1.0539828984800985,0.21365000327319977,0,0,0,1,-0.101,13,2757.48,0
T0001165,C0032,mid_weekend,2026-02-03 13:50:00.000000000,1.5179036805280168,1.8178613719618848,0,0,0,1,-0.009,13,3630.11,0
T0002589,C0076,high_business,2026-02-03 14:00:00.000000000,0.757349999421253,-0.9674271127075722,0,0,0,0,0.119,14,8694.58,0
T0001164,C0032,mid_weekend,2026-02-03 14:03:00.000000000,1.350895871988004,1.2241216030976934,0,0,0,0,0.928,14,3179.99,0
T0002799,C0082,high_business,2026-02-03 14:07:00.000000000,0.8576881159385625,-0.7484967759199407,0,0,0,1,0.085,14,10458.76,0
T0005654,C0163,high_business,2026-02-03 14:12:00.000000000,0.9228879098993122,-0.14081186068417212,0,0,0,0,0.099,14,13163.27,0
T0000837,C0022,high_business,2026-02-03 14:14:00.000000000,0.6570790892947554,-1.1095874791487708,0,1,0,0,0.133,14,8382.64,0
T0005787,C0167,mid_weekend,2026-02-03 14:16:00.000000000,0.8140553104103609,-0.3351114322178447,0,0,0,0,0.749,14,2263.27,0
T0002323,C0067,high_business,2026-02-03 14:17:00.000000000,1.1844389871184688,0.9301882245358716,0,0,0,0,0.126,14,14373.43,0
T0004114,C0119,mid_weekend,2026-02-03 14:33:00.000000000,2.9317553917045367,5.930496311095415,0,1,0,0,2.176,14,7241.61,0
T0005433,C0157,high_business,2026-02-03 14:34:00.000000000,0.9580936491275519,-0.06552019419958709,0,0,0,0,1.216,14,15805.71,0
T0004848,C0142,high_business,2026-02-03 14:44:00.000000000,0.7574591425748242,-0.42401473117676114,0,0,0,0,0.153,14,11638.83,0
T0000159,C0004,high_business,2026-02-03 14:49:00.000000000,0.9189540102861673,-0.5936789028633113,0,0,0,0,0.106,14,11358.36,0
T0000274,C0008,mid_weekend,2026-02-03 14:56:00.000000000,1.3233072360552338,1.7131375053438331,0,0,0,1,-0.049,14,3549.77,0
T0002531,C0074,mid_weekend,2026-02-03 14:59:00.000000000,0.7967559370593608,-0.2805435058585595,0,0,0,0,0.398,14,2851.37,0
T0004392,C0128,mid_weekend,2026-02-03 15:34:00.000000000,0.7815717973088745,-0.5482698905692209,0,0,0,1,-0.087,15,2154.52,0
T0000838,C0022,high_business,2026-02-03 15:47:00.000000000,0.9395960323268585,-0.192512250527828,0,0,0,0,0.065,15,11845.08,0
T0000950,C0026,mid_weekend,2026-02-03 15:49:00.000000000,0.7474800410919193,-0.5124235773055466,0,0,0,0,1.998,15,2544.28,0
T0005455,C0158,mid_weekend,2026-02-03 16:00:00.000000000,0.4549349529909626,-3.066558468526341,0,0,0,0,1.86,16,1158.59,0
T0000273,C0008,mid_weekend,2026-02-03 16:06:00.000000000,0.8555125256967476,-0.7617957983341173,0,1,0,0,2.984,16,2314.59,0
T0003139,C0092,mid_weekend,2026-02-03 16:08:00.000000000,1.0942368344687847,0.36187779084172533,0,0,0,0,0.903,16,2847.88,0
T0004485,C0131,mid_weekend,2026-02-03 16:32:00.000000000,0.7403333416872537,-0.7636558944338288,0,0,0,0,1.181,16,2073.1,0
T0005311,C0155,mid_weekend,2026-02-03 16:39:00.000000000,1.120907107143001,0.6953083977027863,0,0,0,0,1.902,16,2887.39,0
T0000185,C0005,mid_weekend,2026-02-03 16:43:00.000000000,1.666168620196351,1.2316934770680985,0,0,0,0,0.424,16,5207.62,0
T0000731,C0020,mid_weekend,2026-02-03 17:11:00.000000000,1.1386988195031513,0.3433504042218179,0,0,0,0,0.908,17,2907.04,0
T0003485,C0101,mid_weekend,2026-02-03 17:22:00.000000000,0.740279882781517,-0.4961107662237397,0,0,0,0,2.058,17,2362.25,0
T0000376,C0011,mid_weekend,2026-02-03 17:24:00.000000000,0.795296730925561,-0.8876858712519158,0,0,0,0,4.097,17,2101.25,0
T0004043,C0116,mid_weekend,2026-02-03 17:38:00.000000000,0.9951468461375772,-0.010853749266598187,0,0,0,0,2.088,17,2854.22,0
T0004391,C0128,mid_weekend,2026-02-03 17:39:00.000000000,0.8023901160124016,-0.49146098408166033,0,0,0,0,0.86,17,2232.92,0
T0004325,C0126,low_evening_shopper,2026-02-03 18:03:00.000000000,1.0172440525884292,0.024146644539725613,0,0,0,0,1.871,18,995.85,0
T0005699,C0165,low_evening_shopper,2026-02-03 18:11:00.000000000,0.8181587022265536,-0.7609828329864889,0,0,0,0,1.877,18,567.45,0
T0002956,C0086,mid_weekend,2026-02-03 18:20:00.000000000,0.9450293349077413,-0.07205597857338289,0,0,0,0,1.215,18,3190.79,0
T0004619,C0135,low_evening_shopper,2026-02-03 18:21:00.000000000,0.6538033573483246,-0.5493057231313349,0,0,0,1,-0.047,18,585.85,0
T0005012,C0147,low_evening_shopper,2026-02-03 18:52:00.000000000,0.8351824220812737,-0.2642515175031511,0,0,0,0,2.968,18,872.44,0
T0004618,C0135,low_evening_shopper,2026-02-03 19:29:00.000000000,0.7779828506078325,-0.34591336427492386,0,0,0,0,0.997,19,709.23,0
T0004979,C0146,mid_weekend,2026-02-03 19:33:00.000000000,1.4395470806353796,1.571426385682537,0,0,0,0,1.165,19,3459.09,0
T0000640,C0017,mid_weekend,2026-02-03 19:34:00.000000000,0.5670947935745619,-0.6752988710257314,0,0,0,0,1.244,19,1710.6,0
T0005825,C0168,low_evening_shopper,2026-02-03 19:35:00.000000000,0.6190160534466569,-0.5139256453556865,0,0,0,0,3.974,19,616.75,0
T0004680,C0137,mid_weekend,2026-02-03 19:36:00.000000000,1.2427767996817727,0.5126767031274999,0,0,0,0,2.388,19,3653.55,0
T0002010,C0059,mid_weekend,2026-02-03 19:43:00.000000000,0.9538242266434097,-0.07350539991215647,0,1,0,0,5.297,19,3317.59,0
T0001431,C0042,low_evening_shopper,2026-02-03 19:45:00.000000000,0.9718246129849295,-0.03320650704258159,0,0,0,0,2.997,19,941.18,0
T0006255,C0178,high_business,2026-02-03 19:56:00.000000000,0.8574131446495553,-0.47488564037339115,1,0,0,0,0.401,19,11167.59,0
T0002641,C0078,low_evening_shopper,2026-02-03 20:08:00.000000000,0.5511767795689984,-0.5513153636072592,0,0,0,0,0.994,20,635.14,0
T0006417,C0057,low_evening_shopper,2026-02-03 20:10:00.748215645,3.8390150128490994,8.331170439005355,0,1,1,0,1.02,20,2700.56,1
T0003088,C0090,low_evening_shopper,2026-02-03 20:11:00.000000000,1.284545602314554,1.175381555843904,0,0,0,0,1.029,20,838.11,0
T0006446,C0098,mid_weekend,2026-02-03 20:18:00.527462023,3.802845970442673,6.8397481646383715,0,0,0,2,0.377,20,10983.77,1
T0004233,C0123,low_evening_shopper,2026-02-03 20:22:00.000000000,1.212116924748697,0.7002736031434288,0,0,0,0,2.983,20,725.67,0
T0003597,C0105,low_evening_shopper,2026-02-03 20:29:00.000000000,0.673223678831891,-1.2609830360951277,0,0,0,0,0.958,20,490.16,0
T0001955,C0057,low_evening_shopper,2026-02-03 20:30:00.000000000,0.8938291963447449,-0.3115610934565834,0,1,0,0,1.034,20,628.77,0
T0000993,C0027,low_evening_shopper,2026-02-03 20:30:00.000000000,0.9351208342101666,-0.21359446953757913,0,0,0,0,1.01,20,569.24,0
T0002862,C0084,low_evening_shopper,2026-02-03 20:32:00.000000000,0.7737168011783553,-1.1281037405312595,0,0,0,0,4.022,20,562.18,0
T0004774,C0140,mid_weekend,2026-02-03 20:49:00.000000000,0.7264977613306761,-0.41891382847010583,0,0,0,0,1.323,20,2161.08,0
T0001052,C0029,mid_weekend,2026-02-03 20:55:00.000000000,0.9908096812334881,-0.013821322678586434,0,0,0,0,4.213,20,2690.51,0
T0005357,C0156,low_evening_shopper,2026-02-03 20:59:00.000000000,1.062769338489315,0.26765498707741703,0,0,0,0,5.077,20,721.9,0
T0006054,C0174,low_evening_shopper,2026-02-03 21:02:00.000000000,0.5401704588202109,-0.6275674720589184,0,0,0,0,2.101,21,568.66,0
T0003701,C0108,low_evening_shopper,2026-02-03 21:17:00.000000000,0.58983769493845,-0.48944387211391416,0,0,0,0,2.994,21,828.17,0
T0003947,C0114,low_evening_shopper,2026-02-03 21:29:00.000000000,1.0311420377327967,0.17325905557908083,0,0,0,0,9.082,21,751.92,0
T0001564,C0045,low_evening_shopper,2026-02-03 21:36:00.000000000,1.3353783104711605,1.6904940630302165,0,0,0,0,2.072,21,851.45,0
T0004131,C0120,low_evening_shopper,2026-02-03 21:57:00.000000000,0.5814148928443003,-1.8285795071655953,0,0,0,0,1.01,21,443.28,0
T0002339,C0068,mid_weekend,2026-02-03 21:58:00.000000000,0.7992036941165217,-1.02676052730836,0,0,0,0,0.411,21,2038.43,0
T0006358,C0117,low_evening_shopper,2026-02-03 22:14:00.021574826,1.3800733137857595,0.7321022940022498,0,0,1,8,2.058,22,1288.65,1
T0003254,C0095,mid_weekend,2026-02-03 22:19:00.000000000,0.7893723952550928,-0.317336408522989,0,0,0,0,1.232,22,2318.37,0
T0005093,C0149,mid_weekend,2026-02-03 22:31:00.000000000,2.5732540189345237,2.2994169561152327,0,0,0,0,3.153,22,8822.59,0
T0004722,C0138,low_evening_shopper,2026-02-03 22:36:00.000000000,0.6393341693340917,-0.7312453060187185,0,0,0,0,5.019,22,589.66,0
T0002259,C0066,low_evening_shopper,2026-02-03 22:37:00.000000000,0.8894418003663569,-0.16770266924830265,0,0,0,0,1.121,22,724.7,0
T0003505,C0102,low_evening_shopper,2026-02-03 23:03:00.000000000,1.0689685650894414,0.1629680345608915,0,0,0,0,2.161,23,902.96,0
T0001517,C0044,mid_weekend,2026-02-03 23:54:00.000000000,1.2261676287818852,0.5673798910734027,0,0,0,0,1.146,23,3046.68,0
T0004926,C0144,low_evening_shopper,2026-02-04 00:48:00.000000000,0.7935137950645391,-0.6432611612845186,1,0,0,0,1.192,0,562.48,0
T0006439,C0142,high_business,2026-02-04 01:36:00.706867180,3.0350744678241606,3.5985749367509396,1,1,0,1,0.453,1,45928.87,1
T0006361,C0014,mid_weekend,2026-02-04 01:56:00.939108276,2.1680074156207576,3.1725179323404755,1,1,0,0,0.614,1,5522.54,1
T0003257,C0095,mid_weekend,2026-02-04 02:36:00.000000000,0.6806725739544347,-0.4999734187315263,1,0,0,2,-0.342,2,1981.83,0
T0006332,C0067,high_business,2026-02-04 03:37:00.992104986,2.429060488579771,7.207236983692699,1,1,0,0,0.681,3,29477.2,1
T0004580,C0133,high_business,2026-02-04 06:08:00.000000000,1.0570154122286537,0.0963006514720345,0,0,0,2,-0.317,6,14032.92,0
T0004849,C0142,high_business,2026-02-04 08:12:00.000000000,0.7653605642654809,-0.414907401611174,0,0,0,0,0.728,8,11581.97,0
T0004010,C0115,high_business,2026-02-04 08:17:00.000000000,0.799276721883269,-0.9008831709182457,0,1,0,0,0.886,8,9749.44,0
T0002703,C0079,high_business,2026-02-04 08:39:00.000000000,0.9992048029898516,-0.0014626626026499948,0,0,0,1,-0.106,8,13156.14,0
T0005435,C0157,high_business,2026-02-04 08:50:00.000000000,0.566155042452305,-0.6838665204349633,0,0,0,1,-0.146,8,9252.64,0
T0000464,C0013,high_business,2026-02-04 09:13:00.000000000,0.6741647180676867,-1.9821063389495368,0,0,0,1,-0.119,9,8515.41,0
T0000641,C0017,mid_weekend,2026-02-04 09:14:00.000000000,0.6351755038064779,-0.5662768365285903,0,0,0,0,0.569,9,1889.21,0
T0000275,C0008,mid_weekend,2026-02-04 09:16:00.000000000,1.8316997104901656,4.280435206029049,0,0,0,0,0.764,9,5001.79,0
T0002800,C0082,high_business,2026-02-04 09:22:00.000000000,0.9236091553077507,-0.403116406743296,0,0,0,0,0.802,9,11203.24,0
T0006432,C0115,high_business,2026-02-04 09:26:00.642413237,3.6509441771601816,11.992759477694264,0,1,1,1,0.952,9,44755.18,1
T0002097,C0061,high_business,2026-02-04 09:29:00.000000000,0.8694368249606916,-0.2419110387663338,0,0,0,0,1.745,9,11777.42,0
T0004886,C0143,mid_weekend,2026-02-04 09:31:00.000000000,3.8440999523499877,10.344603748870496,0,0,0,1,-0.022,9,9786.98,0
T0003640,C0106,high_business,2026-02-04 09:58:00.000000000,0.7948488361747564,-0.44648949629939355,0,0,0,1,-0.106,9,10964.32,0
T0001821,C0052,high_business,2026-02-04 10:01:00.000000000,1.1645762707327971,0.48360317312012174,0,0,0,0,1.902,10,15745.45,0
T0004885,C0143,mid_weekend,2026-02-04 10:03:00.000000000,1.2420814085540872,0.864472476032421,0,0,0,0,1.781,10,3126.27,0
T0001824,C0052,high_business,2026-02-04 10:20:00.000000000,0.8859426399364898,-0.2767380943779407,0,0,0,3,-0.098,10,12675.16,0
T0006256,C0178,high_business,2026-02-04 10:21:00.000000000,0.8956770979794765,-0.3503930797097722,0,0,0,0,0.601,10,11610.52,0
T0003762,C0109,high_business,2026-02-04 10:31:00.000000000,0.8203863599858859,-0.30894774041059825,0,0,0,0,2.138,10,11831.01,0
T0003457,C0100,high_business,2026-02-04 10:39:00.000000000,0.8548916648803585,-0.2511876878283626,0,0,0,0,0.934,10,12081.94,0
T0004011,C0115,high_business,2026-02-04 10:42:00.000000000,0.8881168078029977,-0.5003936843636756,0,0,0,0,0.101,10,10749.46,0
T0003256,C0095,mid_weekend,2026-02-04 10:49:00.000000000,1.2048110671616128,0.31365958852650266,0,0,0,1,-0.265,10,3484.11,0
T0004411,C0129,low_evening_shopper,2026-02-04 11:04:00.000000000,0.8380533575951193,-0.4270028958043977,1,0,0,0,1.575,11,652.56,0
T0002702,C0079,high_business,2026-02-04 11:11:00.000000000,1.1142936013005909,0.20591137663691678,0,0,0,0,0.936,11,14613.87,0
T0005657,C0163,high_business,2026-02-04 11:29:00.000000000,0.6314610655829735,-0.6678839758867819,0,0,0,2,-0.093,11,8780.34,0
T0001822,C0052,high_business,2026-02-04 11:30:00.000000000,0.9141637503364998,-0.2574863576537699,0,0,0,0,0.062,11,12435.13,0
T0005655,C0163,high_business,2026-02-04 11:39:00.000000000,0.6560697764066582,-0.6348303577291293,0,0,0,0,0.894,11,9339.1,0
T0002592,C0076,high_business,2026-02-04 11:58:00.000000000,0.9548262304201838,-0.18497067499499026,0,0,0,2,-0.099,11,10913.94,0
T0000463,C0013,high_business,2026-02-04 12:04:00.000000000,0.7032552085117997,-1.9564136936387209,0,0,0,0,1.902,12,9023.79,0
T0005313,C0155,mid_weekend,2026-02-04 12:07:00.000000000,0.9866072327385689,-0.07534182256800986,0,0,0,1,-0.187,12,2617.79,0
T0004578,C0133,high_business,2026-02-04 12:15:00.000000000,0.9075325656620057,-0.1530742935212009,0,0,0,0,3.106,12,12350.09,0
T0003458,C0100,high_business,2026-02-04 12:17:00.000000000,0.9998249239038841,-0.0003057045746819312,0,0,0,0,0.068,12,14076.29,0
T0005436,C0157,high_business,2026-02-04 12:17:00.000000000,0.6927991343249792,-0.48259437498454477,0,0,0,1,0.144,12,11220.04,0
T0005434,C0157,high_business,2026-02-04 12:20:00.000000000,0.6034031329267556,-0.6263270653728802,0,0,0,0,0.907,12,9945.3,0
T0003639,C0106,high_business,2026-02-04 12:30:00.000000000,0.7542849912269224,-0.5324605913546161,0,0,0,0,1.053,12,10496.89,0
T0001823,C0052,high_business,2026-02-04 12:41:00.000000000,2.5951708097302837,4.852224067153738,0,0,0,0,0.049,12,35193.21,0
T0001825,C0052,high_business,2026-02-04 12:56:00.000000000,0.9386324818228226,-0.15067385365593072,0,0,0,1,0.108,12,13377.94,0
T0002590,C0076,high_business,2026-02-04 12:57:00.000000000,1.1386957600095557,0.549134399894912,0,0,0,0,0.956,12,12959.24,0
T0000059,C0001,high_business,2026-02-04 12:58:00.000000000,1.0048910798810236,0.007704429160587516,0,0,0,0,0.983,12,15301.65,0
T0003141,C0092,mid_weekend,2026-02-04 13:05:00.000000000,0.760892390180626,-0.9738493161873861,0,0,0,0,0.974,13,1996.34,0
T0005576,C0161,mid_weekend,2026-02-04 13:07:00.000000000,0.7717091808154524,-1.1945817936709051,0,0,0,0,3.983,13,1841.21,0
T0005656,C0163,high_business,2026-02-04 13:43:00.000000000,0.39649741586628956,-1.112850914239823,0,0,0,0,0.086,13,5595.58,0
T0004579,C0133,high_business,2026-02-04 13:45:00.000000000,0.6315529032757947,-0.6239950445912203,0,0,0,0,0.062,13,8550.29,0
T0005577,C0161,mid_weekend,2026-02-04 13:46:00.000000000,1.0908417015527374,0.4669406670569632,0,0,0,1,0.027,13,2576.79,0
T0004594,C0134,mid_weekend,2026-02-04 13:47:00.000000000,1.0245597972413378,0.16305489958111513,0,1,0,0,4.07,13,2604.48,0
T0000160,C0004,high_business,2026-02-04 14:03:00.000000000,0.7583899816233025,-1.7812237289632107,0,0,0,0,0.968,14,9354.3,0
T0002591,C0076,high_business,2026-02-04 14:21:00.000000000,0.9870985583202156,-0.0519636340745872,0,0,0,0,0.058,14,11287.68,0
T0000186,C0005,mid_weekend,2026-02-04 14:36:00.000000000,0.879519887977515,-0.22796054208289412,0,1,0,0,0.912,14,2845.33,0
T0002532,C0074,mid_weekend,2026-02-04 14:42:00.000000000,0.8977701713832078,-0.1433830917790923,0,0,0,0,0.988,14,3174.46,0
T0005186,C0151,high_business,2026-02-04 14:43:00.000000000,0.9405333708439353,-0.24359003649421684,0,0,0,0,1.118,14,10920.11,0
T0006016,C0173,mid_weekend,2026-02-04 15:08:00.000000000,0.8402781181512425,-0.25129641422628834,0,0,0,0,1.915,15,2767.32,0
T0001935,C0056,mid_weekend,2026-02-04 15:43:00.000000000,0.7271342249513829,-0.39752782016324967,0,0,0,0,1.094,15,3090.19,0
T0005457,C0158,mid_weekend,2026-02-04 15:50:00.000000000,0.9076815637366052,-0.4180877343397753,0,0,0,0,1.106,15,2222.18,0
T0005312,C0155,mid_weekend,2026-02-04 16:36:00.000000000,1.318333778444919,1.8839233102649653,0,0,0,0,0.998,16,3425.27,0
T0004393,C0128,mid_weekend,2026-02-04 16:51:00.000000000,1.1129861348085848,0.28545137013528704,0,0,0,0,1.053,16,3037.65,0
T0005918,C0170,mid_weekend,2026-02-04 16:58:00.000000000,0.7663077107326907,-0.38261588501399985,0,0,0,0,1.206,16,2017.76,0
T0000516,C0014,mid_weekend,2026-02-04 17:04:00.000000000,2.6974700179089575,4.610631663364576,0,0,0,0,1.244,17,6871.23,0
T0000187,C0005,mid_weekend,2026-02-04 17:09:00.000000000,0.8252086211479354,-0.33683323618169625,0,0,0,0,0.106,17,2653.54,0
T0003255,C0095,mid_weekend,2026-02-04 17:10:00.000000000,0.7705935368557162,-0.3486972572298126,0,0,0,0,0.785,17,2246.19,0
T0000951,C0026,mid_weekend,2026-02-04 17:16:00.000000000,0.6457164022552643,-0.7323827425295165,0,0,0,0,1.06,17,2128.52,0
T0004234,C0123,low_evening_shopper,2026-02-04 17:37:00.000000000,0.7004001392204522,-1.0304828594234368,0,0,0,0,0.885,17,426.73,0
T0004681,C0137,mid_weekend,2026-02-04 17:45:00.000000000,3.19424854605482,4.8317522052884865,0,1,0,0,0.923,17,9542.53,0
T0002625,C0077,mid_weekend,2026-02-04 17:56:00.000000000,1.577718141458711,2.031344983738439,0,0,0,0,6.124,17,3676.66,0
T0003678,C0107,mid_weekend,2026-02-04 18:06:00.000000000,0.6408649488670701,-0.5101369613427872,0,0,0,0,2.308,18,2116.26,0
T0002760,C0081,low_evening_shopper,2026-02-04 18:09:00.000000000,0.34206307766442895,-3.2990200599226145,0,0,0,0,4.866,18,260.84,0
T0000994,C0027,low_evening_shopper,2026-02-04 18:14:00.000000000,1.2462860675714644,0.8436320630426617,0,0,0,0,0.906,18,754.18,0
T0001296,C0036,low_evening_shopper,2026-02-04 18:21:00.000000000,0.5652482469330098,-1.857434368683784,0,0,0,1,-0.147,18,429.75,0
T0004326,C0126,low_evening_shopper,2026-02-04 18:22:00.000000000,0.7149977718701211,-0.4146518459465218,0,0,0,0,1.013,18,700.82,0
T0005578,C0161,mid_weekend,2026-02-04 18:23:00.000000000,1.0547999234183916,0.2875245999919585,0,0,0,0,0.192,18,2501.08,0
T0005935,C0171,low_evening_shopper,2026-02-04 18:26:00.000000000,0.9014708960485086,-0.6317435501065232,0,0,0,0,5.952,18,681.07,0
T0004486,C0131,mid_weekend,2026-02-04 18:34:00.000000000,0.9952175273435185,-0.01404165852348607,0,0,0,0,1.085,18,2755.37,0
T0003356,C0098,mid_weekend,2026-02-04 18:35:00.000000000,0.9728693061553512,-0.06620660378444519,0,0,0,0,1.306,18,2809.94,0
T0005215,C0152,mid_weekend,2026-02-04 18:53:00.000000000,0.8294659612905638,-0.9998933202946688,0,0,0,1,-0.008,18,1857.41,0
T0002235,C0065,mid_weekend,2026-02-04 18:59:00.000000000,1.113709712956834,0.17520505031718556,0,0,0,0,2.92,18,3743.53,0
T0005214,C0152,mid_weekend,2026-02-04 19:04:00.000000000,1.2608277857243753,1.5610128510508263,0,0,0,0,3.252,19,2783.02,0
T0002958,C0086,mid_weekend,2026-02-04 19:06:00.000000000,0.5138005285985893,-0.677515896060847,0,0,0,0,1.244,19,1732.77,0
T0002374,C0069,low_evening_shopper,2026-02-04 19:18:00.000000000,1.0449115639588307,0.06377649435113109,0,0,0,0,6.903,19,1005.22,0
T0001956,C0057,low_evening_shopper,2026-02-04 19:26:00.000000000,0.8321723342175569,-0.5111485491576131,0,1,0,0,0.956,19,579.18,0
T0000671,C0018,low_evening_shopper,2026-02-04 19:51:00.000000000,1.0933083416117648,0.138201305893495,0,0,0,0,2.984,19,919.59,0
T0006055,C0174,low_evening_shopper,2026-02-04 19:55:00.000000000,0.45267618430104367,-0.7358814364003534,0,0,0,0,0.953,19,452.21,0
T0004723,C0138,low_evening_shopper,2026-02-04 20:03:00.000000000,0.9162491892905539,-0.1683145238408427,0,0,0,0,0.894,20,819.66,0
T0003598,C0105,low_evening_shopper,2026-02-04 20:10:00.000000000,0.9442248293828677,-0.2054863883678579,0,0,0,0,0.987,20,668.75,0
T0004519,C0132,low_evening_shopper,2026-02-04 20:12:00.000000000,1.2187040281251917,0.7023148798032385,0,0,0,0,1.942,20,716.45,0
T0005358,C0156,low_evening_shopper,2026-02-04 20:24:00.000000000,0.9008373108732554,-0.4384667315223772,0,0,0,0,0.976,20,614.47,0
T0001680,C0048,low_evening_shopper,2026-02-04 20:25:00.000000000,0.6961530223064911,-0.9492674594412458,0,0,0,0,4.021,20,550.91,0
T0004063,C0117,low_evening_shopper,2026-02-04 20:26:00.000000000,0.6278967890760021,-0.7167488269805878,0,1,0,0,2.983,20,586.3,0
T0002481,C0072,low_evening_shopper,2026-02-04 20:31:00.000000000,1.1014553202270512,0.459043515444746,0,0,0,0,4.11,20,800.07,0
T0001092,C0030,low_evening_shopper,2026-02-04 20:42:00.000000000,0.7059750224179598,-0.4425973276881919,0,0,0,0,1.928,20,566.66,0
T0004816,C0141,low_evening_shopper,2026-02-04 21:11:00.000000000,1.3244853495832287,1.837196711741562,0,0,0,0,11.06,21,891.39,0
T0000292,C0009,low_evening_shopper,2026-02-04 21:21:00.000000000,0.9275289252832676,-0.5570476146632006,0,0,0,0,8.09,21,621.84,0
T0002642,C0078,low_evening_shopper,2026-02-04 21:26:00.000000000,0.31372739761465324,-0.8355427556378547,0,0,0,0,1.054,21,343.49,0
T0003486,C0101,mid_weekend,2026-02-04 21:52:00.000000000,0.6208686357037734,-0.7280538690031845,0,0,0,0,1.188,21,1959.77,0
T0001295,C0036,low_evening_shopper,2026-02-04 21:52:00.000000000,0.4467532992721154,-3.8850621787359048,0,0,0,0,6.071,21,361.91,0
T0000437,C0012,low_evening_shopper,2026-02-04 21:57:00.000000000,0.5671333511266019,-0.5966876998347884,0,0,0,0,2.054,21,518.39,0
T0001366,C0039,low_evening_shopper,2026-02-04 22:07:00.000000000,0.9925487092865143,-0.03299722243258615,0,0,0,0,3.096,22,667.47,0
T0002544,C0075,low_evening_shopper,2026-02-04 22:18:00.000000000,1.1467519798303134,0.7149332282108931,0,1,0,0,3.006,22,738.91,0
T0004412,C0129,low_evening_shopper,2026-02-04 22:30:00.000000000,1.141149495598847,0.37760385116618916,0,0,0,0,0.476,22,880.58,0
T0000896,C0024,low_evening_shopper,2026-02-04 23:10:00.000000000,1.4929229882860293,1.6617344701407168,0,1,0,0,4.072,23,978.39,0
T0006411,C0116,mid_weekend,2026-02-05 01:10:00.634538587,6.304369150242495,12.275207795182615,1,1,1,7,1.314,1,18075.99,1
T0006406,C0004,high_business,2026-02-05 02:12:00.505583373,8.534766084527902,55.54864661501001,1,1,1,7,1.474,2,105271.35,1
T0002340,C0068,mid_weekend,2026-02-05 04:10:00.000000000,0.9666808163573751,-0.1680586111058564,1,0,0,0,1.258,4,2430.23,0
T0001826,C0052,high_business,2026-02-05 07:02:00.000000000,0.9322440111294615,-0.16871266881360167,0,0,0,0,0.754,7,13260.58,0
T0002802,C0082,high_business,2026-02-05 07:32:00.000000000,0.7947187492909977,-1.1005123911482717,0,0,0,1,-0.204,7,9683.7,0
T0005187,C0151,high_business,2026-02-05 07:59:00.000000000,1.2502705735198507,1.036809772145429,0,0,0,0,0.719,7,14493.0,0
T0004581,C0133,high_business,2026-02-05 08:44:00.000000000,0.9560182178374432,-0.07641588087122989,0,0,0,0,1.108,8,12728.26,0
T0006376,C0157,high_business,2026-02-05 08:44:00.955893735,1.6286036355509619,0.9890565438058696,0,0,1,5,0.996,8,26592.16,1
T0002805,C0082,high_business,2026-02-05 08:45:00.000000000,0.33055825402350597,-3.652301749824176,0,0,0,3,-0.087,8,4029.63,0
T0002806,C0082,high_business,2026-02-05 08:53:00.000000000,1.1384121348502096,0.6340032286200672,0,0,0,4,0.006,8,13596.16,0
T0000361,C0010,high_business,2026-02-05 08:56:00.000000000,0.9743724665033445,-0.04846548983112393,0,0,0,0,1.904,8,16318.55,0
T0001260,C0035,mid_weekend,2026-02-05 09:36:00.000000000,0.9094635837017343,-0.18304669359704415,0,1,0,0,2.447,9,2394.93,0
T0003916,C0113,mid_weekend,2026-02-05 09:46:00.000000000,1.4269413249874225,1.100367368925404,0,0,0,0,2.871,9,3853.72,0
T0002803,C0082,high_business,2026-02-05 09:46:00.000000000,1.1375759858437011,0.7304220034492347,0,0,0,1,0.093,9,13766.58,0
T0005658,C0163,high_business,2026-02-05 10:00:00.000000000,0.7635394706557952,-0.4276488338333897,0,0,0,0,0.938,10,10523.7,0
T0000465,C0013,high_business,2026-02-05 10:02:00.000000000,1.055602720422944,0.3120932812298759,0,0,0,0,1.034,10,13116.15,0
T0000466,C0013,high_business,2026-02-05 10:14:00.000000000,0.7785139093347584,-1.274303937504741,0,0,0,1,0.008,10,9698.86,0
T0005437,C0157,high_business,2026-02-05 10:17:00.000000000,0.837471474400234,-0.2557442281527046,0,0,0,0,0.917,10,13478.0,0
T0003763,C0109,high_business,2026-02-05 10:19:00.000000000,0.8307860200686391,-0.29332695262753694,0,1,0,0,0.992,10,11921.21,0
T0000161,C0004,high_business,2026-02-05 10:20:00.000000000,0.7994531491185018,-1.4325538944074085,0,0,0,0,0.845,10,9801.23,0
T0005438,C0157,high_business,2026-02-05 10:25:00.000000000,2.750460761930282,2.7715180939358075,0,0,0,1,0.006,10,44121.17,0
T0004012,C0115,high_business,2026-02-05 10:28:00.000000000,1.180029266435846,0.8133498727745152,0,0,0,0,0.99,10,14223.48,0
T0002454,C0071,mid_weekend,2026-02-05 10:28:00.000000000,1.307666316913822,1.6830447950407905,0,0,0,1,-0.312,10,3310.24,0
T0000188,C0005,mid_weekend,2026-02-05 10:37:00.000000000,1.041364664887106,0.08078284285212044,0,0,0,0,0.728,10,3320.74,0
T0004775,C0140,mid_weekend,2026-02-05 10:42:00.000000000,0.8896071643525645,-0.17018113790482475,0,0,0,0,1.578,10,2614.81,0
T0000468,C0013,high_business,2026-02-05 10:43:00.000000000,0.8102609802985639,-1.0851767394413747,0,0,0,3,-0.146,10,9964.58,0
T0004013,C0115,high_business,2026-02-05 10:45:00.000000000,0.745038261729551,-1.1668609729186807,0,0,0,1,0.012,10,9038.06,0
T0002804,C0082,high_business,2026-02-05 10:51:00.000000000,1.0921482881814109,0.4952864628178178,0,0,0,1,0.045,10,13275.49,0
T0003642,C0106,high_business,2026-02-05 10:57:00.000000000,0.8022174332728826,-0.4354455310857065,0,0,0,1,-0.058,10,10900.72,0
T0000839,C0022,high_business,2026-02-05 11:00:00.000000000,1.0094080811159012,0.03041670579328585,0,0,0,0,1.801,11,12699.55,0
T0006257,C0178,high_business,2026-02-05 11:06:00.000000000,0.8815911359628017,-0.40212216005212487,0,0,0,0,1.031,11,11389.47,0
T0005980,C0172,high_business,2026-02-05 11:45:00.000000000,0.8289347699505539,-0.31567327972430803,0,0,0,0,1.926,11,11599.98,0
T0001166,C0032,mid_weekend,2026-02-05 11:55:00.000000000,0.657011377550807,-1.1769627798239954,0,0,0,0,1.92,11,1606.64,0
T0006258,C0178,high_business,2026-02-05 11:58:00.000000000,2.100008552844936,3.7718940187387564,0,0,0,1,0.036,11,27030.07,0
T0003258,C0095,mid_weekend,2026-02-05 12:02:00.000000000,0.9766599676173392,-0.036617742961088204,0,0,0,0,1.393,12,2814.33,0
T0002594,C0076,high_business,2026-02-05 12:09:00.000000000,1.4045902949105489,1.6892043183860008,0,0,0,1,-0.067,12,15956.0,0
T0002807,C0082,high_business,2026-02-05 12:13:00.000000000,1.1258536563415844,0.5840874742904596,0,1,0,1,0.139,12,13500.92,0
T0000517,C0014,mid_weekend,2026-02-05 12:16:00.000000000,1.2345454802201816,0.5283354054612367,0,0,0,0,0.8,12,3311.56,0
T0003042,C0089,mid_weekend,2026-02-05 12:16:00.000000000,0.8476036985562715,-0.3476685283293815,0,0,0,0,3.868,12,2404.08,0
T0000642,C0017,mid_weekend,2026-02-05 12:20:00.000000000,3.4090733076881796,3.737180283366224,0,0,0,0,1.129,12,10024.03,0
T0003641,C0106,high_business,2026-02-05 12:21:00.000000000,0.7625664950440807,-0.5203893968406296,0,0,0,0,1.099,12,10444.6,0
T0002801,C0082,high_business,2026-02-05 12:26:00.000000000,1.2116883736422053,1.131202125622096,0,0,0,0,1.128,12,14657.5,0
T0005188,C0151,high_business,2026-02-05 12:27:00.000000000,1.1511897673873517,0.6300804284533292,0,0,0,0,0.186,12,13432.35,0
T0001938,C0056,mid_weekend,2026-02-05 12:54:00.000000000,0.5755922273002712,-0.6272875550344729,0,0,0,2,-0.185,12,2345.96,0
T0006146,C0176,mid_weekend,2026-02-05 13:03:00.000000000,0.7555562339295475,-0.45749649507185713,0,0,0,0,4.031,13,2359.31,0
T0000074,C0002,mid_weekend,2026-02-05 13:07:00.000000000,0.5901514764421123,-0.8261110788587187,0,0,0,0,3.81,13,1753.32,0
T0004487,C0131,mid_weekend,2026-02-05 13:23:00.000000000,3.2146677285911816,6.640914020826638,0,0,0,0,0.784,13,8898.4,0
T0005216,C0152,mid_weekend,2026-02-05 13:34:00.000000000,0.9533900946135383,-0.27121261106491856,0,0,0,0,0.778,13,2115.75,0
T0002593,C0076,high_business,2026-02-05 13:46:00.000000000,0.8493380744286679,-0.6258459260379773,0,0,0,0,1.075,13,9694.03,0
T0002098,C0061,high_business,2026-02-05 13:54:00.000000000,0.6693834654530809,-0.6188674859801105,0,0,0,0,1.184,13,9032.67,0
T0002236,C0065,mid_weekend,2026-02-05 14:01:00.000000000,2.0936718352308046,1.723493829743668,0,0,0,0,0.793,14,7067.12,0
T0000189,C0005,mid_weekend,2026-02-05 14:05:00.000000000,0.7431854160524191,-0.5142359019407545,0,0,0,0,0.144,14,2374.35,0
T0002726,C0080,mid_weekend,2026-02-05 14:06:00.000000000,0.8883951127995025,-0.28424533965826965,0,0,0,0,2.119,14,2187.99,0
T0004488,C0131,mid_weekend,2026-02-05 14:13:00.000000000,1.024295577974908,0.04868547843114843,0,0,0,1,0.035,14,3086.48,0
T0000467,C0013,high_business,2026-02-05 14:13:00.000000000,0.9351608800029596,-0.3647597677781767,0,0,0,0,0.166,14,11533.1,0
T0000518,C0014,mid_weekend,2026-02-05 14:14:00.000000000,0.7807670921795363,-0.502941079085296,0,0,0,0,0.082,14,2109.22,0
T0004115,C0119,mid_weekend,2026-02-05 14:14:00.000000000,1.1427053824052182,0.2720869020694196,0,0,0,0,1.987,14,3241.97,0
T0003459,C0100,high_business,2026-02-05 14:28:00.000000000,0.9247165416516457,-0.13317208524705362,0,0,0,0,1.091,14,13018.8,0
T0005755,C0166,high_business,2026-02-05 14:41:00.000000000,1.0624893959603063,0.13136664258141748,0,0,0,0,2.162,14,15074.81,0
T0005756,C0166,high_business,2026-02-05 14:42:00.000000000,1.0332813728468009,0.07100451132889672,0,0,0,1,0.001,14,14684.51,0
T0001053,C0029,mid_weekend,2026-02-05 14:49:00.000000000,0.43646352250739395,-0.8767055218011021,0,0,0,0,1.746,14,1184.48,0
T0000840,C0022,high_business,2026-02-05 14:59:00.000000000,0.9862308335357136,-0.04526518459787824,0,0,0,0,0.166,14,12411.72,0
T0004682,C0137,mid_weekend,2026-02-05 15:07:00.000000000,0.786900226541792,-0.35143172466352224,0,0,0,0,0.89,15,2673.18,0
T0000733,C0020,mid_weekend,2026-02-05 15:21:00.000000000,0.702957373061142,-0.7714013147867901,0,0,0,1,-0.035,15,1807.25,0
T0006288,C0179,mid_weekend,2026-02-05 15:44:00.000000000,0.7071057713033626,-1.3466154433015074,0,0,0,0,3.05,15,1914.75,0
T0001856,C0053,mid_weekend,2026-02-05 15:46:00.000000000,1.0071221108636195,0.010964273211426557,0,0,0,0,2.892,15,3098.09,0
T0002455,C0071,mid_weekend,2026-02-05 15:46:00.000000000,1.1235622869689903,0.6548454447123657,0,0,0,1,0.221,15,2902.53,0
T0000276,C0008,mid_weekend,2026-02-05 15:47:00.000000000,0.7446429340373573,-1.0055640934975278,0,0,0,0,1.272,15,2122.39,0
T0001936,C0056,mid_weekend,2026-02-05 16:00:00.000000000,0.6576939882261676,-0.502481008161681,0,0,0,0,1.012,16,2758.77,0
T0000362,C0010,high_business,2026-02-05 16:00:00.000000000,0.5897527056107874,-0.7898332742997624,0,0,0,0,0.294,16,9867.66,0
T0002959,C0086,mid_weekend,2026-02-05 16:06:00.000000000,0.6275203884599017,-0.513167376342173,0,0,0,0,0.875,16,2059.12,0
T0000732,C0020,mid_weekend,2026-02-05 16:12:00.000000000,1.024074375139433,0.06114674212992719,0,0,0,0,1.959,16,2630.18,0
T0003487,C0101,mid_weekend,2026-02-05 16:24:00.000000000,0.8494942772109116,-0.2874740357028833,0,1,0,0,0.772,16,2640.76,0
T0002011,C0059,mid_weekend,2026-02-05 16:39:00.000000000,0.733558365081612,-0.43670988534436334,0,1,0,0,1.872,16,2544.1,0
T0004595,C0134,mid_weekend,2026-02-05 16:57:00.000000000,0.8485985340708848,-1.067476704263828,0,0,0,0,1.132,16,2163.06,0
T0005123,C0150,low_evening_shopper,2026-02-05 17:06:00.000000000,0.7933435238662431,-0.3914229004131924,0,0,0,0,4.847,17,647.41,0
T0005919,C0170,mid_weekend,2026-02-05 17:11:00.000000000,1.0052886760583348,0.008758769958674133,0,0,0,0,1.009,17,2612.65,0
T0001937,C0056,mid_weekend,2026-02-05 17:20:00.000000000,0.7014216728351406,-0.43911340159526063,0,0,0,0,0.056,17,2896.41,0
T0006453,C0048,low_evening_shopper,2026-02-05 17:22:00.553235163,3.889239146963068,8.862391320841498,0,1,1,2,0.873,17,2999.89,1
T0002626,C0077,mid_weekend,2026-02-05 17:31:00.000000000,1.1915578406478498,0.6463083526580041,0,0,0,0,0.983,17,2861.19,0
T0004776,C0140,mid_weekend,2026-02-05 17:40:00.000000000,0.747357566354109,-0.39578052356442345,0,0,0,0,0.29,17,2186.59,0
T0005094,C0149,mid_weekend,2026-02-05 17:44:00.000000000,0.48525494350649856,-0.7402663654968049,0,0,0,0,1.801,17,1801.49,0
T0002453,C0071,mid_weekend,2026-02-05 17:58:00.000000000,0.9587570324399004,-0.21842044371471153,0,0,0,0,5.04,17,2434.18,0
T0000952,C0026,mid_weekend,2026-02-05 18:02:00.000000000,0.6570601410390443,-0.7017285348382887,0,1,0,0,1.032,18,2080.65,0
T0003569,C0104,mid_weekend,2026-02-05 18:06:00.000000000,0.7516558098556753,-1.1670683999886748,0,0,0,0,3.215,18,1992.01,0
T0002151,C0063,low_evening_shopper,2026-02-05 18:06:00.000000000,0.9613010779098426,-0.07244612427678034,0,0,0,0,4.826,18,906.67,0
T0002864,C0084,low_evening_shopper,2026-02-05 18:14:00.000000000,0.7597437662609632,-0.41587095284491415,0,1,0,1,-0.044,18,702.92,0
T0003817,C0111,low_evening_shopper,2026-02-05 18:19:00.000000000,1.290856860016474,1.20153954187789,0,0,0,0,2.895,18,970.78,0
T0005217,C0152,mid_weekend,2026-02-05 18:19:00.000000000,1.080980298854229,0.4814362265153498,0,0,0,0,0.198,18,2393.3,0
T0001681,C0048,low_evening_shopper,2026-02-05 18:31:00.000000000,0.8563024647897333,-0.4407742075698891,0,0,0,0,0.921,18,660.49,0
T0005937,C0171,low_evening_shopper,2026-02-05 19:04:00.000000000,1.2571561164844174,1.7980211284486542,0,0,0,1,-0.083,19,936.49,0
T0004327,C0126,low_evening_shopper,2026-02-05 19:09:00.000000000,0.6379486038856029,-0.5318403137060281,0,0,0,0,1.033,19,613.42,0
T0003284,C0096,low_evening_shopper,2026-02-05 19:09:00.000000000,1.3568544547747916,1.4333472079698812,0,0,0,0,2.926,19,955.74,0
T0002863,C0084,low_evening_shopper,2026-02-05 19:18:00.000000000,3.002149993990025,9.51251979859395,0,0,0,0,1.949,19,2082.64,0
T0002761,C0081,low_evening_shopper,2026-02-05 19:33:00.000000000,1.1109149903704343,0.3405016420524767,0,0,0,0,1.058,19,767.51,0
T0003506,C0102,low_evening_shopper,2026-02-05 19:38:00.000000000,1.0398730459426384,0.09986617888367895,0,0,0,0,1.858,19,884.44,0
T0002341,C0068,mid_weekend,2026-02-05 19:39:00.000000000,1.0817514953523755,0.425470533395383,0,0,0,0,0.645,19,2713.47,0
T0005700,C0165,low_evening_shopper,2026-02-05 20:05:00.000000000,0.7987776512851978,-0.8455867347002752,0,1,0,0,2.079,20,546.25,0
T0005579,C0161,mid_weekend,2026-02-05 20:05:00.000000000,0.9420674945470845,-0.31039577421975767,0,0,0,0,1.071,20,2238.67,0
T0000377,C0011,mid_weekend,2026-02-05 20:09:00.000000000,4.495210143562112,15.073679255830047,0,0,0,0,2.115,20,11674.16,0
T0004235,C0123,low_evening_shopper,2026-02-05 20:18:00.000000000,1.3850488144344233,1.2948510476169064,0,0,0,0,1.112,20,824.41,0
T0001565,C0045,low_evening_shopper,2026-02-05 20:19:00.000000000,1.128441095782013,0.6288123710275234,0,0,0,0,1.947,20,734.59,0
T0002978,C0087,low_evening_shopper,2026-02-05 20:23:00.000000000,0.16035569853308937,-1.384342431241023,0,0,0,0,3.926,20,170.16,0
T0004927,C0144,low_evening_shopper,2026-02-05 20:23:00.000000000,0.9642103420366499,-0.11217312836670423,0,0,0,0,1.816,20,675.18,0
T0005218,C0152,mid_weekend,2026-02-05 20:28:00.000000000,1.042703650306058,0.2597209510791267,0,0,0,0,0.09,20,2317.46,0
T0004817,C0141,low_evening_shopper,2026-02-05 20:38:00.000000000,1.0223453857380669,0.11949742929970689,0,0,0,0,0.977,20,708.34,0
T0004132,C0120,low_evening_shopper,2026-02-05 20:47:00.000000000,0.85499280827004,-0.5538470229068901,0,0,0,0,1.951,20,624.57,0
T0000105,C0003,low_evening_shopper,2026-02-05 20:59:00.000000000,1.6852701323399466,1.2438765679581383,0,0,0,0,3.114,20,1652.0,0
T0005936,C0171,low_evening_shopper,2026-02-05 21:03:00.000000000,0.9845536436135085,-0.10205749051490635,0,0,0,0,1.109,21,734.68,0
T0005594,C0162,low_evening_shopper,2026-02-05 21:12:00.000000000,1.7261524451523484,3.599112415478362,0,1,0,0,5.135,21,1187.32,0
T0001875,C0054,low_evening_shopper,2026-02-05 21:17:00.000000000,1.0139346915937217,0.07154165471228288,0,1,0,0,4.017,21,618.94,0
T0000643,C0017,mid_weekend,2026-02-05 21:19:00.000000000,0.4572981541831516,-0.7689546525067382,0,0,0,0,0.374,21,1442.8,0
T0004301,C0125,mid_weekend,2026-02-05 21:49:00.000000000,0.9790890711234629,-0.08745240149187346,0,0,0,0,2.994,21,2588.06,0
T0005826,C0168,low_evening_shopper,2026-02-05 22:03:00.000000000,0.7539069685419627,-0.3319449210939894,0,0,0,0,2.103,22,734.31,0
T0000438,C0012,low_evening_shopper,2026-02-05 22:14:00.000000000,0.7494260943869518,-0.34373776071665435,0,0,0,0,1.012,22,670.89,0
T0002979,C0087,low_evening_shopper,2026-02-05 22:19:00.000000000,0.9761494238349866,-0.03547033098455892,0,0,0,0,0.081,22,963.38,0
T0003089,C0090,low_evening_shopper,2026-02-05 22:26:00.000000000,1.281546563176737,1.176063801261474,0,0,0,0,2.094,22,854.45,0
T0003163,C0093,low_evening_shopper,2026-02-05 22:33:00.000000000,1.038575938683686,0.2001980085465693,0,0,0,0,8.086,22,658.85,0
T0004620,C0135,low_evening_shopper,2026-02-05 22:53:00.000000000,0.7603472433192457,-0.3807687325505537,0,0,0,0,2.189,22,664.47,0
T0001957,C0057,low_evening_shopper,2026-02-05 22:58:00.000000000,0.9603545983218509,-0.123253204930973,0,0,0,0,1.147,22,658.19,0
T0003387,C0099,low_evening_shopper,2026-02-06 01:48:00.000000000,1.190783310773561,1.2111498713751316,1,0,0,0,3.183,1,891.37,0
T0006397,C0053,mid_weekend,2026-02-06 03:37:00.532954986,2.7034846969250252,2.6953254014638066,1,1,0,2,0.494,3,8319.53,1
T0006018,C0173,mid_weekend,2026-02-06 06:58:00.000000000,0.8620757520761626,-0.22196413133983797,0,0,0,1,-0.343,6,2748.28,0
T0003461,C0100,high_business,2026-02-06 07:02:00.000000000,2.7465811892638534,3.1596977327671776,0,0,0,1,-0.124,7,38578.05,0
T0000841,C0022,high_business,2026-02-06 08:15:00.000000000,3.740898035083196,9.15045843414127,0,1,0,0,0.719,8,47058.96,0
T0002099,C0061,high_business,2026-02-06 08:27:00.000000000,1.1299152664061873,0.2430763115013785,0,0,0,0,0.773,8,15103.06,0
T0002102,C0061,high_business,2026-02-06 08:28:00.000000000,0.8344460647935483,-0.3189117920463961,0,0,0,3,-0.154,8,11073.71,0
T0005189,C0151,high_business,2026-02-06 09:06:00.000000000,0.7820425472762389,-0.9191087422893908,0,0,0,0,0.86,9,9160.43,0
T0005981,C0172,high_business,2026-02-06 09:24:00.000000000,0.9474240667609581,-0.09802284773841355,0,0,0,0,0.902,9,13177.1,0
T0002103,C0061,high_business,2026-02-06 09:28:00.000000000,0.9093077199767803,-0.17600656224132713,0,0,0,3,0.042,9,12015.95,0
T0003460,C0100,high_business,2026-02-06 10:01:00.000000000,0.9814733607637766,-0.03312024726478775,0,0,0,0,0.815,10,13791.85,0
T0000363,C0010,high_business,2026-02-06 10:01:00.000000000,0.6566101754483634,-0.656113729775979,0,0,0,0,0.751,10,10825.34,0
T0005190,C0151,high_business,2026-02-06 10:12:00.000000000,0.6985352601708517,-1.2671215923679957,0,0,0,0,0.046,10,8137.69,0
T0002596,C0076,high_business,2026-02-06 10:20:00.000000000,1.2101094682582052,0.8765787154452879,0,0,0,1,-0.152,10,13981.76,0
T0003646,C0106,high_business,2026-02-06 10:24:00.000000000,0.8056784165157151,-0.4401358637447191,0,0,0,3,-0.09,10,10697.84,0
T0001749,C0050,mid_weekend,2026-02-06 10:27:00.000000000,1.223704685591203,1.1600974660914427,0,0,0,0,4.644,10,3383.06,0
T0002237,C0065,mid_weekend,2026-02-06 10:33:00.000000000,0.6817212722891162,-0.5046303275878411,0,0,0,0,0.856,10,2391.01,0
T0000469,C0013,high_business,2026-02-06 10:40:00.000000000,1.312517632421034,1.7685255900727597,0,0,0,0,0.998,10,16013.71,0
T0002808,C0082,high_business,2026-02-06 10:50:00.000000000,0.8456144564706091,-0.7260486577576171,0,0,0,0,0.942,10,10176.83,0
T0002704,C0079,high_business,2026-02-06 10:53:00.000000000,1.3882883160072383,0.7263966664901512,0,0,0,0,2.093,10,18278.56,0
T0003644,C0106,high_business,2026-02-06 11:17:00.000000000,0.8643203791631046,-0.3032767356056251,0,0,0,1,-0.057,11,11606.83,0
T0004014,C0115,high_business,2026-02-06 11:24:00.000000000,0.904449113953826,-0.4311224352071266,0,0,0,0,1.027,11,10875.41,0
T0001827,C0052,high_business,2026-02-06 11:30:00.000000000,0.9939786907663584,-0.015193977393917613,0,0,0,0,1.186,11,14108.78,0
T0002432,C0070,high_business,2026-02-06 12:04:00.000000000,0.6478357823078534,-0.8437875940495878,0,0,0,0,2.935,12,8166.27,0
T0002433,C0070,high_business,2026-02-06 12:04:00.000000000,0.8287972153066311,-0.4079962420239644,0,0,0,1,0.0,12,10347.94,0
T0006436,C0101,mid_weekend,2026-02-06 12:04:00.159787867,4.4826368499089995,6.733796054386824,0,1,1,0,0.819,12,13854.17,1
T0005580,C0161,mid_weekend,2026-02-06 12:05:00.000000000,0.7825684335769623,-1.183207236152958,0,0,0,0,0.667,12,1855.51,0
T0002101,C0061,high_business,2026-02-06 12:10:00.000000000,0.8181262475900383,-0.34792399786693784,0,0,0,1,-0.076,12,10909.35,0
T0002105,C0061,high_business,2026-02-06 12:13:00.000000000,0.9141424135580996,-0.16935772128134888,0,0,0,3,-0.024,12,11998.42,0
T0001518,C0044,mid_weekend,2026-02-06 12:16:00.000000000,1.233778144426558,0.6028244237101896,0,0,0,0,2.515,12,3098.6,0
T0004582,C0133,high_business,2026-02-06 12:17:00.000000000,0.8824375334241731,-0.2088349771908502,0,0,0,0,1.148,12,11724.01,0
T0000472,C0013,high_business,2026-02-06 12:23:00.000000000,1.148864201422068,0.7996362699261332,0,0,0,2,-0.012,12,14127.15,0
T0003645,C0106,high_business,2026-02-06 12:33:00.000000000,0.756960910094059,-0.5486418306239839,0,0,0,1,0.053,12,10123.33,0
T0005788,C0167,mid_weekend,2026-02-06 12:38:00.000000000,1.184795262272954,0.3375685681724214,0,0,0,0,2.932,12,3263.4,0
T0003643,C0106,high_business,2026-02-06 12:39:00.000000000,0.8277302555343877,-0.38191894484898276,0,0,0,0,1.071,12,11175.63,0
T0000471,C0013,high_business,2026-02-06 12:40:00.000000000,0.7128489642288686,-1.6008525229577506,0,0,0,1,-0.017,12,8859.86,0
T0002104,C0061,high_business,2026-02-06 12:48:00.000000000,0.8161864639725683,-0.3603129063364884,0,0,0,2,0.139,12,10760.96,0
T0003786,C0110,mid_weekend,2026-02-06 12:51:00.000000000,0.9047879050188475,-0.1860258061446408,0,0,0,0,4.007,12,2948.49,0
T0000470,C0013,high_business,2026-02-06 13:04:00.000000000,1.1589752446291772,0.8764538828118839,0,1,0,0,0.1,13,14317.14,0
T0002434,C0070,high_business,2026-02-06 13:08:00.000000000,0.8682699529671362,-0.3160173382617592,0,0,0,0,0.044,13,10791.93,0
T0006147,C0176,mid_weekend,2026-02-06 13:14:00.000000000,1.0572840449034517,0.108194613852079,0,0,0,0,1.008,13,3256.65,0
T0002727,C0080,mid_weekend,2026-02-06 13:14:00.000000000,1.2234277291105216,0.5794016059069015,0,0,0,0,0.964,13,2996.31,0
T0002628,C0077,mid_weekend,2026-02-06 13:15:00.000000000,0.8648590018415087,-0.4790709242239342,0,0,0,1,-0.049,13,2112.92,0
T0002597,C0076,high_business,2026-02-06 13:16:00.000000000,1.212931671321738,0.8969407999941198,0,0,0,1,0.122,13,14098.5,0
T0004596,C0134,mid_weekend,2026-02-06 13:18:00.000000000,3.7669084992901696,19.18860164676752,0,0,0,0,0.848,13,9456.4,0
T0005920,C0170,mid_weekend,2026-02-06 13:18:00.000000000,1.0114702901670283,0.01952230524458253,0,0,0,0,0.838,13,2629.44,0
T0004777,C0140,mid_weekend,2026-02-06 13:20:00.000000000,0.8361280420116647,-0.2585530356787009,0,0,0,0,0.819,13,2421.59,0
T0001641,C0047,mid_weekend,2026-02-06 13:26:00.000000000,1.1779854307783748,1.4448994308136305,0,0,0,1,-0.071,13,2462.98,0
T0005458,C0158,mid_weekend,2026-02-06 13:43:00.000000000,1.0913466962028073,0.4219394081135424,0,0,0,0,1.912,13,2657.32,0
T0001261,C0035,mid_weekend,2026-02-06 13:44:00.000000000,0.952593626497864,-0.09723132885862333,0,0,0,0,1.172,13,2500.39,0
T0004015,C0115,high_business,2026-02-06 13:44:00.000000000,1.0909970107418778,0.414980810564731,0,0,0,0,0.097,13,13076.74,0
T0005757,C0166,high_business,2026-02-06 13:54:00.000000000,1.0318645505509785,0.06892478157093947,0,0,0,0,0.967,13,14676.89,0
T0003764,C0109,high_business,2026-02-06 13:56:00.000000000,1.1264227260606905,0.22089983051583342,0,0,0,0,1.151,13,16089.47,0
T0002100,C0061,high_business,2026-02-06 13:59:00.000000000,0.7787147122813252,-0.42107606243478435,0,0,0,0,0.231,13,10446.29,0
T0002595,C0076,high_business,2026-02-06 13:59:00.000000000,1.162500061171272,0.6690925126879007,0,0,0,0,1.076,13,13367.79,0
T0005439,C0157,high_business,2026-02-06 14:05:00.000000000,0.7419176524960163,-0.39793760712490867,0,0,0,0,1.153,14,12309.87,0
T0000645,C0017,mid_weekend,2026-02-06 14:09:00.000000000,1.2241915339677845,0.31837261573778153,0,0,0,1,-0.026,14,3792.08,0
T0002627,C0077,mid_weekend,2026-02-06 14:26:00.000000000,1.1633665107443643,0.5650570955012092,0,0,0,0,0.872,14,2820.26,0
T0001858,C0053,mid_weekend,2026-02-06 14:33:00.000000000,0.6933421557303778,-0.47905230274112687,0,0,0,1,-0.108,14,2082.53,0
T0001054,C0029,mid_weekend,2026-02-06 14:34:00.000000000,0.7668886305337353,-0.352978928742826,0,0,0,0,0.99,14,2007.88,0
T0000644,C0017,mid_weekend,2026-02-06 14:46:00.000000000,0.9202752414594911,-0.11186214747124282,0,0,0,0,0.727,14,2857.17,0
T0005459,C0158,mid_weekend,2026-02-06 14:55:00.000000000,0.8235109447157208,-0.8389730622859738,0,0,0,0,0.05,14,2015.34,0
T0001640,C0047,mid_weekend,2026-02-06 15:08:00.000000000,1.1926086696961042,1.6463508996305778,0,0,0,0,8.104,15,2441.3,0
T0006017,C0173,mid_weekend,2026-02-06 15:12:00.000000000,0.6547872384751212,-0.5550458228024615,0,0,0,0,2.003,15,2133.48,0
T0005789,C0167,mid_weekend,2026-02-06 15:27:00.000000000,0.709261581062462,-0.5475176150939425,0,0,0,0,0.117,15,1970.78,0
T0003357,C0098,mid_weekend,2026-02-06 15:30:00.000000000,0.9835484229244662,-0.04079293136853777,0,1,0,0,1.872,15,2838.22,0
T0004489,C0131,mid_weekend,2026-02-06 15:33:00.000000000,0.7055276310525866,-0.6023088806511446,0,0,0,0,1.056,15,2127.94,0
T0004302,C0125,mid_weekend,2026-02-06 15:40:00.000000000,0.9505770553927518,-0.21274496911911825,0,0,0,0,0.744,15,2509.6,0
T0004850,C0142,high_business,2026-02-06 15:40:00.000000000,0.9011590289782437,-0.17677781979561535,0,0,0,0,2.311,15,13448.75,0
T0001859,C0053,mid_weekend,2026-02-06 16:35:00.000000000,0.7018181852150202,-0.46779530236974287,0,0,0,1,0.085,16,2077.21,0
T0000734,C0020,mid_weekend,2026-02-06 16:36:00.000000000,1.1263736825782733,0.3271022196564727,0,0,0,0,1.052,16,2861.41,0
T0001642,C0047,mid_weekend,2026-02-06 16:49:00.000000000,0.5741925529707499,-3.3731413069274843,0,1,0,0,0.141,16,1221.91,0
T0001857,C0053,mid_weekend,2026-02-06 17:08:00.000000000,0.5208772785053989,-0.7580883525270752,0,0,0,0,1.057,17,1602.91,0
T0000860,C0023,mid_weekend,2026-02-06 17:30:00.000000000,0.5997659731173834,-0.6011275986211375,0,0,0,0,4.338,17,2458.99,0
T0003488,C0101,mid_weekend,2026-02-06 17:33:00.000000000,1.0964345290592497,0.18645946683471315,0,0,0,0,1.048,17,3388.67,0
T0002960,C0086,mid_weekend,2026-02-06 17:34:00.000000000,0.8254855740341795,-0.24051427504478035,0,0,0,0,1.061,17,2655.61,0
T0000519,C0014,mid_weekend,2026-02-06 17:38:00.000000000,1.130011958604992,0.2996803137471275,0,0,0,0,1.142,17,3033.01,0
T0002482,C0072,low_evening_shopper,2026-02-06 18:03:00.000000000,1.0216086316243709,0.10251075705367645,0,0,0,0,1.897,18,748.91,0
T0004133,C0120,low_evening_shopper,2026-02-06 18:11:00.000000000,1.325767748478963,1.2701911482630655,0,1,0,0,0.892,18,955.71,0
T0005124,C0150,low_evening_shopper,2026-02-06 18:14:00.000000000,0.8867460616622641,-0.21744778035213355,0,0,0,0,1.047,18,714.84,0
T0003090,C0090,low_evening_shopper,2026-02-06 18:16:00.000000000,1.0328214990360318,0.13845872541583412,0,1,0,0,0.826,18,702.47,0
T0005359,C0156,low_evening_shopper,2026-02-06 18:27:00.000000000,1.1466033052005573,0.6613827083577298,0,0,0,0,1.919,18,777.26,0
T0003818,C0111,low_evening_shopper,2026-02-06 18:35:00.000000000,0.42606442936239663,-2.4286141311876372,0,1,0,0,1.011,18,333.73,0
T0000190,C0005,mid_weekend,2026-02-06 18:46:00.000000000,0.9329371163776397,-0.13499528449394776,0,0,0,0,1.195,18,2947.3,0
T0002545,C0075,low_evening_shopper,2026-02-06 18:47:00.000000000,1.087762461812212,0.4460375347776824,0,0,0,0,1.853,18,711.18,0
T0006371,C0171,low_evening_shopper,2026-02-06 18:54:00.272648221,1.2718986628024262,1.7868141881116089,0,0,1,5,0.91,18,971.84,1
T0000539,C0015,low_evening_shopper,2026-02-06 19:14:00.000000000,0.22882940047593245,-1.3436640935961226,0,0,0,0,7.997,19,229.8,0
T0006185,C0177,low_evening_shopper,2026-02-06 19:28:00.000000000,4.044396406907947,16.67345532079847,0,0,0,0,3.948,19,2631.98,0
T0003388,C0099,low_evening_shopper,2026-02-06 19:32:00.000000000,1.1865635455592316,1.186276705750591,0,0,0,0,0.739,19,902.33,0
T0001367,C0039,low_evening_shopper,2026-02-06 19:34:00.000000000,0.5518700749770058,-2.090168024905229,0,0,0,0,1.894,19,370.85,0
T0003507,C0102,low_evening_shopper,2026-02-06 19:43:00.000000000,0.9944555495807551,-0.014610614139331336,0,0,0,0,1.003,19,848.87,0
T0003679,C0107,mid_weekend,2026-02-06 20:04:00.000000000,1.1680717887290915,0.23909774704883954,0,0,0,0,2.082,20,3770.62,0
T0004818,C0141,low_evening_shopper,2026-02-06 20:06:00.000000000,1.0516960421465362,0.2891159097732797,0,0,0,0,0.978,20,730.04,0
T0000673,C0018,low_evening_shopper,2026-02-06 20:10:00.000000000,0.9884335839749346,-0.018371976038039348,0,0,0,1,-0.001,20,827.85,0
T0000672,C0018,low_evening_shopper,2026-02-06 20:12:00.000000000,0.8411666608762246,-0.24643457509096037,0,0,0,0,2.015,20,712.59,0
T0001055,C0029,mid_weekend,2026-02-06 20:13:00.000000000,0.8260185075160885,-0.2668521596589493,0,0,0,0,0.235,20,2133.04,0
T0001297,C0036,low_evening_shopper,2026-02-06 20:28:00.000000000,0.8948823018046235,-0.3904458566783036,0,0,0,0,2.088,20,650.79,0
T0002533,C0074,mid_weekend,2026-02-06 20:33:00.000000000,0.7563531177853429,-0.34943910703630365,0,0,0,0,2.244,20,2659.23,0
T0004328,C0126,low_evening_shopper,2026-02-06 20:36:00.000000000,0.8675023092724076,-0.1947548234064777,0,0,0,0,1.06,20,815.27,0
T0005701,C0165,low_evening_shopper,2026-02-06 20:39:00.000000000,0.6191273540610154,-1.5967991320390051,0,0,0,0,1.024,20,417.31,0
T0000293,C0009,low_evening_shopper,2026-02-06 20:41:00.000000000,1.0540772763645547,0.4270977566630567,0,0,0,0,1.972,20,702.03,0
T0000439,C0012,low_evening_shopper,2026-02-06 20:44:00.000000000,0.9493566593986281,-0.07010959299884459,0,0,0,0,0.938,20,840.19,0
T0001298,C0036,low_evening_shopper,2026-02-06 20:45:00.000000000,0.6355213535194678,-1.3966722546569348,0,0,0,1,0.012,20,457.76,0
T0004724,C0138,low_evening_shopper,2026-02-06 20:50:00.000000000,1.1456350317161474,0.30234295151052915,0,0,0,0,2.033,20,1018.26,0
T0005921,C0170,mid_weekend,2026-02-06 20:57:00.000000000,0.737316921762153,-0.45895684730375846,0,0,0,0,0.319,20,1917.85,0
T0002052,C0060,low_evening_shopper,2026-02-06 21:07:00.000000000,1.3004636968058985,0.8585377433519495,0,0,0,0,6.971,21,914.59,0
T0005827,C0168,low_evening_shopper,2026-02-06 21:09:00.000000000,0.6277265374201122,-0.5080854958205643,0,0,0,0,0.963,21,603.05,0
T0004683,C0137,mid_weekend,2026-02-06 21:09:00.000000000,0.9685854486550499,-0.05254156835451928,0,0,0,0,1.251,21,3249.14,0
T0001682,C0048,low_evening_shopper,2026-02-06 21:12:00.000000000,0.8031079620662022,-0.6170602737906133,0,0,0,0,1.112,21,612.61,0
T0005938,C0171,low_evening_shopper,2026-02-06 21:39:00.000000000,0.8659095690648928,-0.8811995018224204,0,1,0,0,1.108,21,661.63,0
T0002375,C0069,low_evening_shopper,2026-02-06 21:57:00.000000000,1.0334200815823438,0.05057663510902269,0,0,0,0,2.11,21,999.13,0
T0002456,C0071,mid_weekend,2026-02-06 22:40:00.000000000,1.1129282476063005,0.6147062268726481,0,0,0,0,1.288,22,2897.26,0
T0002483,C0072,low_evening_shopper,2026-02-06 22:41:00.000000000,0.6536950577417288,-1.7182502293674635,0,1,0,0,0.193,22,480.07,0
T0004064,C0117,low_evening_shopper,2026-02-06 23:09:00.000000000,0.7488857874618186,-0.4798909096480712,0,0,0,0,2.113,23,680.69,0
T0001683,C0048,low_evening_shopper,2026-02-06 23:43:00.000000000,0.9221551901747294,-0.24628804637054832,0,0,0,0,0.105,23,693.53,0
T0001056,C0029,mid_weekend,2026-02-07 06:32:00.000000000,1.0118932940113912,0.01855265634415774,0,0,0,0,0.43,6,2587.77,0
T0005440,C0157,high_business,2026-02-07 06:41:00.000000000,0.6108078855148441,-0.6020273314797573,0,0,0,0,0.692,6,10084.2,0
T0004583,C0133,high_business,2026-02-07 08:55:00.000000000,0.7979692401602687,-0.36500323824260267,0,0,0,0,0.86,8,10545.12,0
T0005982,C0172,high_business,2026-02-07 09:13:00.000000000,0.8564777032951851,-0.2717813644201303,0,0,0,0,0.992,9,11890.59,0
T0002435,C0070,high_business,2026-02-07 09:27:00.000000000,0.7222570843219455,-0.6718693453657288,0,0,0,0,0.847,9,8946.78,0
T0005192,C0151,high_business,2026-02-07 09:44:00.000000000,0.8724187214666247,-0.53512644045061,0,0,0,1,-0.135,9,10089.59,0
T0001265,C0035,mid_weekend,2026-02-07 09:48:00.000000000,0.8475709204182168,-0.33203263696894275,0,1,0,3,-0.233,9,2214.69,0
T0001828,C0052,high_business,2026-02-07 09:55:00.000000000,0.8992305050368153,-0.25817300968415874,0,0,0,0,0.934,9,12761.57,0
T0003489,C0101,mid_weekend,2026-02-07 10:06:00.000000000,0.7137431335178233,-0.5656814595166352,0,0,0,0,0.69,10,2213.79,0
T0002012,C0059,mid_weekend,2026-02-07 10:10:00.000000000,0.3965058882825172,-0.998033926345629,0,0,0,0,1.73,10,1353.59,0
T0000473,C0013,high_business,2026-02-07 10:13:00.000000000,1.0394032847337233,0.21425528237455072,0,0,0,0,0.91,10,12849.1,0
T0005790,C0167,mid_weekend,2026-02-07 10:35:00.000000000,1.1467568421714496,0.2772548733116404,0,0,0,0,0.797,10,3144.31,0
T0006335,C0134,mid_weekend,2026-02-07 10:54:00.435813956,3.664541588494563,4.131162864064389,0,1,1,1,0.9,10,11513.42,1
T0004584,C0133,high_business,2026-02-07 10:55:00.000000000,0.9070054370239325,-0.16978662980038745,0,0,0,0,0.083,10,11880.74,0
T0003647,C0106,high_business,2026-02-07 10:56:00.000000000,0.8746315890792071,-0.28571424790345595,0,0,0,0,1.022,10,11548.92,0
T0003490,C0101,mid_weekend,2026-02-07 11:06:00.000000000,0.7319537511833426,-0.5308752528371178,0,0,0,1,0.042,11,2247.07,0
T0002324,C0067,high_business,2026-02-07 11:08:00.000000000,1.1284501881218059,0.6525774798790666,0,0,0,0,3.869,11,13764.16,0
T0003917,C0113,mid_weekend,2026-02-07 11:12:00.000000000,1.1661662928097618,0.43330866618493524,0,0,0,0,2.06,11,3195.81,0
T0000192,C0005,mid_weekend,2026-02-07 11:14:00.000000000,0.7751344029037984,-0.46170189780167575,0,0,0,1,-0.196,11,2413.58,0
T0005791,C0167,mid_weekend,2026-02-07 11:28:00.000000000,0.9293721316582871,-0.13707153734159805,0,0,0,1,0.037,11,2564.52,0
T0003648,C0106,high_business,2026-02-07 11:36:00.000000000,0.8670910538992189,-0.3057794736950261,0,0,0,1,0.028,11,11409.48,0
T0000364,C0010,high_business,2026-02-07 11:45:00.000000000,0.5528059705661202,-0.8529720284696561,0,0,0,0,1.072,11,9006.03,0
T0000474,C0013,high_business,2026-02-07 11:53:00.000000000,0.9569456617310088,-0.2383868216860665,0,0,0,0,0.069,11,11845.84,0
T0000378,C0011,mid_weekend,2026-02-07 12:10:00.000000000,0.8738968468369213,-0.16708534633271208,0,0,0,0,1.667,12,2879.72,0
T0001643,C0047,mid_weekend,2026-02-07 12:18:00.000000000,1.573212732145243,3.209762449750603,0,1,0,0,0.812,12,3218.28,0
T0000861,C0023,mid_weekend,2026-02-07 12:22:00.000000000,0.6164402228793513,-0.573969845701176,0,0,0,0,0.786,12,2474.12,0
T0002015,C0059,mid_weekend,2026-02-07 12:39:00.000000000,0.7761231920052166,-0.34742797755016697,0,0,0,2,-0.042,12,2655.74,0
T0005191,C0151,high_business,2026-02-07 12:59:00.000000000,1.0039564215139334,0.01639456049377988,0,1,0,0,1.116,12,11609.74,0
T0001263,C0035,mid_weekend,2026-02-07 13:06:00.000000000,0.9189353024285501,-0.17220999624652292,0,0,0,1,-0.01,13,2415.42,0
T0001262,C0035,mid_weekend,2026-02-07 13:21:00.000000000,1.0911704700752494,0.1899600886409371,0,0,0,0,0.984,13,2859.45,0
T0002106,C0061,high_business,2026-02-07 13:22:00.000000000,1.0430254875569824,0.0856935030876638,0,0,0,0,1.048,13,13662.06,0
T0005582,C0161,mid_weekend,2026-02-07 13:29:00.000000000,1.11231439007331,0.5992590714243688,0,0,0,1,-0.153,13,2599.04,0
T0001342,C0038,mid_weekend,2026-02-07 13:38:00.000000000,0.3649472486418002,-0.9930815860788336,0,0,0,0,5.854,13,1455.19,0
T0002014,C0059,mid_weekend,2026-02-07 13:39:00.000000000,0.4305869465110434,-0.9044700120860188,0,0,0,1,-0.06,13,1516.56,0
T0006348,C0106,high_business,2026-02-07 14:02:00.390935878,4.389916392373876,7.66267987199426,0,1,1,0,1.062,14,58227.82,1
T0002016,C0059,mid_weekend,2026-02-07 14:09:00.000000000,0.7938584988285224,-0.3233824244527049,0,0,0,2,0.062,14,2687.47,0
T0006148,C0176,mid_weekend,2026-02-07 14:23:00.000000000,3.667863195813441,5.190984467912515,0,0,0,0,1.048,14,11331.84,0
T0005659,C0163,high_business,2026-02-07 14:26:00.000000000,1.124320009035212,0.22576823973255178,0,0,0,0,2.185,14,15411.05,0
T0004980,C0146,mid_weekend,2026-02-07 14:27:00.000000000,1.658603422277098,2.3322224295829503,0,0,0,0,3.788,14,4058.45,0
T0001829,C0052,high_business,2026-02-07 14:46:00.000000000,0.42719727969135934,-1.4837302881039443,0,0,0,0,0.202,14,6044.67,0
T0004490,C0131,mid_weekend,2026-02-07 14:47:00.000000000,0.8650237954638735,-0.2764180123344583,0,0,0,0,0.968,14,2580.54,0
T0003680,C0107,mid_weekend,2026-02-07 15:04:00.000000000,0.5324031162662128,-0.6912901028700201,0,0,0,0,0.792,15,1735.62,0
T0002013,C0059,mid_weekend,2026-02-07 15:06:00.000000000,2.2826356897102733,2.0534363946741165,0,0,0,0,0.206,15,7531.21,0
T0004116,C0119,mid_weekend,2026-02-07 15:13:00.000000000,0.837195585249847,-0.3245525470970259,0,0,0,0,2.041,15,2399.42,0
T0004597,C0134,mid_weekend,2026-02-07 15:22:00.000000000,0.909613763569878,-0.14013664025756334,0,0,0,0,1.086,15,2857.86,0
T0001264,C0035,mid_weekend,2026-02-07 15:23:00.000000000,0.8945359985950733,-0.22704202729464618,0,1,0,0,0.095,15,2345.14,0
T0004887,C0143,mid_weekend,2026-02-07 15:28:00.000000000,1.0599751562204993,0.1041216241222906,0,0,0,0,3.248,15,3047.54,0
T0002457,C0071,mid_weekend,2026-02-07 15:30:00.000000000,0.9318768703686753,-0.38056229667500063,0,0,0,0,0.701,15,2442.05,0
T0002017,C0059,mid_weekend,2026-02-07 15:32:00.000000000,0.7013845468251582,-0.4738562791576458,0,0,0,1,0.058,15,2352.16,0
T0002484,C0072,low_evening_shopper,2026-02-07 15:40:00.000000000,0.9494646093073272,-0.22931755049035532,1,0,0,0,0.708,15,678.71,0
T0000277,C0008,mid_weekend,2026-02-07 15:46:00.000000000,1.055791753549702,0.21710976978814323,0,0,0,0,1.999,15,2970.81,0
T0000191,C0005,mid_weekend,2026-02-07 15:56:00.000000000,0.7097682991291945,-0.5948984817506038,0,0,0,0,0.882,15,2236.01,0
T0004491,C0131,mid_weekend,2026-02-07 16:00:00.000000000,0.7086317233185007,-0.6038904550736267,0,0,0,0,0.051,16,2103.8,0
T0001958,C0057,low_evening_shopper,2026-02-07 16:21:00.000000000,0.8376866052693207,-0.5249792364085502,0,0,0,0,1.724,16,572.22,0
T0002534,C0074,mid_weekend,2026-02-07 16:37:00.000000000,0.8231815849522409,-0.2563789767662869,0,0,0,0,0.836,16,2857.08,0
T0000735,C0020,mid_weekend,2026-02-07 16:44:00.000000000,1.1482535777813994,0.39243046287940486,0,0,0,0,1.006,16,2931.17,0
T0001432,C0042,low_evening_shopper,2026-02-07 16:56:00.000000000,2.1489201513479763,1.4232217934843987,0,0,0,0,3.883,16,2075.29,0
T0002342,C0068,mid_weekend,2026-02-07 16:59:00.000000000,1.241242954438394,1.2960242315209938,0,0,0,0,1.889,16,3129.45,0
T0001684,C0048,low_evening_shopper,2026-02-07 17:00:00.000000000,1.1964887382219884,0.638847058730725,0,0,0,0,0.72,17,895.18,0
T0000520,C0014,mid_weekend,2026-02-07 17:05:00.000000000,1.0062212862868714,0.01458489953884763,0,0,0,0,0.977,17,2710.79,0
T0005581,C0161,mid_weekend,2026-02-07 17:09:00.000000000,0.8173235343755619,-0.9797772697266336,0,0,0,0,1.211,17,1922.3,0
T0004778,C0140,mid_weekend,2026-02-07 17:21:00.000000000,1.140313077948693,0.224055856440192,0,0,0,0,1.167,17,3281.76,0
T0005013,C0147,low_evening_shopper,2026-02-07 17:32:00.000000000,0.8600799204731935,-0.23386322565613785,0,0,0,0,3.944,17,879.94,0
T0002128,C0062,mid_weekend,2026-02-07 17:49:00.000000000,1.2124733574309356,1.2275042296466616,0,0,0,0,4.251,17,2983.61,0
T0004621,C0135,low_evening_shopper,2026-02-07 18:32:00.000000000,0.744273927286273,-0.4118622558599625,0,0,0,0,1.819,18,640.03,0
T0006056,C0174,low_evening_shopper,2026-02-07 18:51:00.000000000,0.38721406927407037,-0.7995657154733072,0,1,0,0,2.956,18,365.64,0
T0005922,C0170,mid_weekend,2026-02-07 19:15:00.000000000,1.0972560332358785,0.17108698588356963,0,0,0,0,0.929,19,2818.39,0
T0004329,C0126,low_evening_shopper,2026-02-07 19:16:00.000000000,0.7894441878934456,-0.31617645561051766,0,0,0,0,0.944,19,736.13,0
T0005314,C0155,mid_weekend,2026-02-07 19:18:00.000000000,0.7590956851628062,-1.3982474580164614,0,0,0,0,3.299,19,2012.44,0
T0002261,C0066,low_evening_shopper,2026-02-07 19:19:00.000000000,0.47843170768103055,-0.8383995612044983,0,0,0,1,-0.013,19,390.31,0
T0006428,C0003,low_evening_shopper,2026-02-07 19:32:00.999579641,4.14577344382603,5.9336298096816895,0,1,0,2,1.94,19,4295.99,1
T0002260,C0066,low_evening_shopper,2026-02-07 19:38:00.000000000,1.1407112370819523,0.21839852402581186,0,0,0,0,3.876,19,923.39,0
T0005360,C0156,low_evening_shopper,2026-02-07 19:40:00.000000000,0.9966580873308484,-0.015476796705828537,0,0,0,0,1.051,19,681.44,0
T0002961,C0086,mid_weekend,2026-02-07 19:53:00.000000000,0.8335131501193104,-0.23302061008155253,0,0,0,0,1.097,19,2658.04,0
T0001299,C0036,low_evening_shopper,2026-02-07 19:53:00.000000000,0.9529707585804069,-0.1692707809692074,0,0,0,0,0.964,19,665.56,0
T0003599,C0105,low_evening_shopper,2026-02-07 20:02:00.000000000,0.8793011868357087,-0.4601026530240774,0,1,0,0,2.994,20,620.1,0
T0000106,C0003,low_evening_shopper,2026-02-07 20:03:00.000000000,0.8595166866721572,-0.2649832165448471,0,0,0,0,1.961,20,890.66,0
T0001186,C0033,low_evening_shopper,2026-02-07 20:07:00.000000000,0.5151409691395352,-0.8691897709684386,0,0,0,0,4.894,20,498.74,0
T0003259,C0095,mid_weekend,2026-02-07 20:26:00.000000000,4.744547067918712,5.96427384424654,0,0,0,0,2.35,20,13661.83,0
T0000294,C0009,low_evening_shopper,2026-02-07 20:35:00.000000000,0.7504486501376784,-2.052311989001138,0,0,0,0,0.996,20,502.06,0
T0000379,C0011,mid_weekend,2026-02-07 20:35:00.000000000,0.7774275373409594,-0.3029800490008461,0,0,0,0,0.351,20,2538.75,0
T0005939,C0171,low_evening_shopper,2026-02-07 20:36:00.000000000,0.7772033953178851,-1.46602967421896,0,0,0,0,0.956,20,586.61,0
T0005702,C0165,low_evening_shopper,2026-02-07 20:36:00.000000000,0.862441016692665,-0.5378748160492556,0,0,0,0,0.998,20,566.55,0
T0004413,C0129,low_evening_shopper,2026-02-07 20:55:00.000000000,0.763648475336461,-0.6519990560687084,0,0,0,0,2.934,20,593.65,0
T0001876,C0054,low_evening_shopper,2026-02-07 21:05:00.000000000,0.9533081189974928,-0.25663500503103803,0,0,0,0,1.992,21,582.95,0
T0002643,C0078,low_evening_shopper,2026-02-07 21:05:00.000000000,0.7461631176646765,-0.29334253437504937,0,0,0,0,2.985,21,760.88,0
T0004211,C0122,mid_weekend,2026-02-07 21:25:00.000000000,1.0807634378186461,0.24557697940701093,0,0,0,0,6.095,21,2792.88,0
T0004585,C0133,high_business,2026-02-07 21:32:00.000000000,0.8847994019396167,-0.21389253921287485,1,0,0,0,0.442,21,11544.96,0
T0001765,C0051,low_evening_shopper,2026-02-07 21:36:00.000000000,0.6054462776251354,-1.3682253450440518,0,0,0,0,5.902,21,432.64,0
T0000995,C0027,low_evening_shopper,2026-02-07 21:39:00.000000000,0.36451584166493883,-2.254363500524595,0,0,0,0,3.142,21,225.11,0
T0003702,C0108,low_evening_shopper,2026-02-07 22:10:00.000000000,0.4385626702552075,-0.6695453804246227,0,0,0,0,4.037,22,584.2,0
T0004236,C0123,low_evening_shopper,2026-02-07 22:19:00.000000000,1.4705079057669563,1.5943516987470985,0,0,0,0,2.084,22,899.35,0
T0002762,C0081,low_evening_shopper,2026-02-07 22:38:00.000000000,1.522202111658447,1.7251186394047002,0,0,0,0,2.128,22,1066.24,0
T0003285,C0096,low_evening_shopper,2026-02-07 23:30:00.000000000,1.1853727753786525,0.7403524815562106,0,0,0,0,2.181,23,864.75,0
T0003164,C0093,low_evening_shopper,2026-02-07 23:33:00.000000000,0.8929837270358346,-0.577111424995843,0,0,0,0,2.042,23,568.05,0
T0006368,C0106,high_business,2026-02-08 04:03:00.657164144,2.2538571517117356,2.884710089165354,1,1,0,1,0.713,4,29657.02,1
T0002865,C0084,low_evening_shopper,2026-02-08 08:04:00.000000000,0.6778439574618226,-0.5745872067895413,1,1,0,0,2.576,8,605.62,0
T0002108,C0061,high_business,2026-02-08 09:06:00.000000000,0.8873905288943421,-0.22773462076778658,0,0,0,1,-0.035,9,11567.14,0
T0006259,C0178,high_business,2026-02-08 09:53:00.000000000,0.7938804542360484,-0.6199634230352283,0,0,0,0,2.913,9,10558.98,0
T0002107,C0061,high_business,2026-02-08 09:57:00.000000000,0.7429715101800622,-0.518453962141662,0,0,0,0,0.858,9,9741.55,0
T0004016,C0115,high_business,2026-02-08 09:59:00.000000000,0.9078722234825116,-0.42715127776050665,0,0,0,0,1.844,9,10913.74,0
T0005096,C0149,mid_weekend,2026-02-08 10:02:00.000000000,0.8230539233981671,-0.25393398236817555,0,0,0,1,-0.156,10,2946.31,0
T0004492,C0131,mid_weekend,2026-02-08 10:09:00.000000000,0.8244708734621288,-0.3642385485975402,0,0,0,0,0.756,10,2423.11,0
T0000162,C0004,high_business,2026-02-08 10:21:00.000000000,0.4402256912785765,-3.931286574584694,0,0,0,0,3.001,10,5370.73,0
T0003649,C0106,high_business,2026-02-08 10:32:00.000000000,1.0983264152561258,0.22822490168366252,0,0,0,0,0.956,10,14400.24,0
T0000476,C0013,high_business,2026-02-08 10:34:00.000000000,0.6070490763138559,-2.1965382673778358,0,0,0,1,-0.009,10,7562.64,0
T0000475,C0013,high_business,2026-02-08 10:47:00.000000000,1.243286786891378,1.3668183637768967,0,0,0,0,0.954,10,15368.31,0
T0003651,C0106,high_business,2026-02-08 11:19:00.000000000,0.8804315213155277,-0.28504630357271676,0,0,0,2,-0.122,11,11558.1,0
T0002705,C0079,high_business,2026-02-08 11:37:00.000000000,1.0148261838913017,0.02830805908850608,0,0,0,0,2.031,11,13528.82,0
T0002110,C0061,high_business,2026-02-08 11:37:00.000000000,1.0925083005287723,0.19107127507529706,0,1,0,1,-0.022,11,14242.09,0
T0002598,C0076,high_business,2026-02-08 11:40:00.000000000,0.9545421113353724,-0.1932021534480305,0,0,0,0,1.933,11,11160.74,0
T0000076,C0002,mid_weekend,2026-02-08 11:55:00.000000000,0.8669222806242505,-0.26497596954074326,0,0,0,1,-0.149,11,2459.21,0
T0002109,C0061,high_business,2026-02-08 12:08:00.000000000,1.1194058896582681,0.243456588043442,0,0,0,0,0.126,12,14554.95,0
T0005193,C0151,high_business,2026-02-08 12:10:00.000000000,0.8289092980526046,-0.7215620327661226,0,0,0,0,1.101,12,9557.95,0
T0006019,C0173,mid_weekend,2026-02-08 12:25:00.000000000,0.9428131577937637,-0.09395858461566603,0,0,0,0,2.227,12,2981.28,0
T0003260,C0095,mid_weekend,2026-02-08 12:37:00.000000000,0.4083860152779326,-0.7391616610763324,0,0,0,0,0.674,12,1309.37,0
T0006020,C0173,mid_weekend,2026-02-08 12:40:00.000000000,1.0375103415458333,0.0631996560848993,0,1,0,1,0.01,12,3270.3,0
T0005923,C0170,mid_weekend,2026-02-08 12:41:00.000000000,1.1237293381254596,0.22361542238170967,0,0,0,0,0.726,12,2899.15,0
T0005219,C0152,mid_weekend,2026-02-08 12:43:00.000000000,0.6969160890634822,-1.8874869477751035,0,0,0,0,2.677,12,1551.94,0
T0004017,C0115,high_business,2026-02-08 12:56:00.000000000,1.0895938791318365,0.41963997357569194,0,1,0,0,0.123,12,13060.55,0
T0002343,C0068,mid_weekend,2026-02-08 12:59:00.000000000,1.0280911325306221,0.1505052362966021,0,0,0,0,0.833,12,2628.83,0
T0005315,C0155,mid_weekend,2026-02-08 13:00:00.000000000,1.0025815597051522,0.014419467715920743,0,0,0,0,0.738,13,2620.28,0
T0002325,C0067,high_business,2026-02-08 13:04:00.000000000,0.8675942729573825,-0.6804148759159552,0,0,0,0,1.081,13,10619.13,0
T0002018,C0059,mid_weekend,2026-02-08 13:34:00.000000000,0.8001909794706916,-0.318432142606323,0,0,0,0,0.918,13,2648.68,0
T0004212,C0122,mid_weekend,2026-02-08 13:34:00.000000000,0.18264407476756617,-2.535507403576225,0,0,0,0,0.673,13,473.34,0
T0005095,C0149,mid_weekend,2026-02-08 13:47:00.000000000,0.784106171775896,-0.3061826898003427,0,0,0,0,2.835,13,2836.05,0
T0006289,C0179,mid_weekend,2026-02-08 13:56:00.000000000,0.5993693955836832,-1.7555206369279261,0,0,0,0,2.925,13,1586.45,0
T0005793,C0167,mid_weekend,2026-02-08 14:07:00.000000000,1.1288526376395909,0.25094962460643283,0,0,0,1,-0.099,14,3048.63,0
T0004981,C0146,mid_weekend,2026-02-08 14:11:00.000000000,1.0428816373197762,0.14415432670844905,0,0,0,0,0.989,14,2619.06,0
T0003650,C0106,high_business,2026-02-08 14:15:00.000000000,0.9488811669880725,-0.12047295179135417,0,0,0,0,0.155,14,12473.04,0
T0002436,C0070,high_business,2026-02-08 14:16:00.000000000,0.9703670146706864,-0.07168891919656878,0,0,0,0,1.201,14,11936.72,0
T0006149,C0176,mid_weekend,2026-02-08 15:06:00.000000000,0.9178451858092256,-0.1213255301256042,0,0,0,0,1.03,15,3213.94,0
T0000380,C0011,mid_weekend,2026-02-08 15:09:00.000000000,0.530498878350662,-0.649745946782468,0,0,0,0,0.774,15,1706.68,0
T0002728,C0080,mid_weekend,2026-02-08 15:13:00.000000000,0.9565221762675744,-0.11583970375590717,0,0,0,0,2.083,15,2367.55,0
T0001860,C0053,mid_weekend,2026-02-08 15:13:00.000000000,0.9550102823497587,-0.07091103538896615,0,0,0,0,1.943,15,2788.28,0
T0002239,C0065,mid_weekend,2026-02-08 15:28:00.000000000,0.7355681127200854,-0.39928710669361417,0,0,0,1,-0.019,15,2710.02,0
T0000075,C0002,mid_weekend,2026-02-08 15:29:00.000000000,0.7061698809135667,-0.5831765846371553,0,1,0,0,3.099,15,2040.68,0
T0004117,C0119,mid_weekend,2026-02-08 15:47:00.000000000,0.8057745786953961,-0.3950458910470857,0,0,0,0,1.024,15,2284.3,0
T0002238,C0065,mid_weekend,2026-02-08 15:55:00.000000000,2.863161003897024,2.9603621909406126,0,0,0,0,2.224,15,9931.79,0
T0004303,C0125,mid_weekend,2026-02-08 15:58:00.000000000,0.890660181162059,-0.4823712424713396,0,0,0,0,2.013,15,2344.96,0
T0000736,C0020,mid_weekend,2026-02-08 16:00:00.000000000,1.089410811308203,0.2418164650769595,0,0,0,0,0.969,16,2796.23,0
T0006290,C0179,mid_weekend,2026-02-08 16:04:00.000000000,1.078881205740635,0.31543869354864434,0,1,0,0,0.089,16,2773.93,0
T0005220,C0152,mid_weekend,2026-02-08 16:10:00.000000000,1.6122284683033685,3.579766982387066,0,0,0,0,0.144,16,3542.9,0
T0004044,C0116,mid_weekend,2026-02-08 16:21:00.000000000,0.876688497573154,-0.2853636715292678,0,0,0,0,4.947,16,2513.66,0
T0005792,C0167,mid_weekend,2026-02-08 16:29:00.000000000,0.5398087534639909,-0.9092878207794578,0,0,0,0,1.209,16,1485.17,0
T0000737,C0020,mid_weekend,2026-02-08 16:40:00.000000000,0.7907315928927806,-0.5776013714911133,0,0,0,1,0.028,16,2036.08,0
T0002629,C0077,mid_weekend,2026-02-08 16:47:00.000000000,0.8257839365077441,-0.6249898820614563,0,0,0,0,2.147,16,2005.06,0
T0004779,C0140,mid_weekend,2026-02-08 16:50:00.000000000,0.9766025990614273,-0.03823566927747106,0,0,0,0,0.978,16,2825.21,0
T0004598,C0134,mid_weekend,2026-02-08 17:00:00.000000000,0.4862677110087007,-0.8249771054445713,0,0,0,0,1.068,17,1516.27,0
T0001644,C0047,mid_weekend,2026-02-08 17:22:00.000000000,1.234136416529414,1.0524426703213108,0,0,0,0,1.211,17,2645.24,0
T0003091,C0090,low_evening_shopper,2026-02-08 17:24:00.000000000,1.3139799157896421,1.373147814598014,0,0,0,0,1.964,17,895.65,0
T0004237,C0123,low_evening_shopper,2026-02-08 17:35:00.000000000,0.9611149270984924,-0.13007734087635375,0,0,0,0,0.803,17,606.25,0
T0002599,C0076,high_business,2026-02-08 17:51:00.000000000,1.122837275369223,0.5283596377469418,0,0,0,0,0.258,17,13112.36,0
T0002546,C0075,low_evening_shopper,2026-02-08 18:03:00.000000000,2.9878434729119836,10.585224281839611,0,0,0,0,1.969,18,1969.05,0
T0001877,C0054,low_evening_shopper,2026-02-08 18:16:00.000000000,1.2308216915034764,1.3337828828146094,0,0,0,0,0.883,18,748.74,0
T0002644,C0078,low_evening_shopper,2026-02-08 18:45:00.000000000,0.6338966637504483,-0.4318063418287109,0,0,0,0,0.903,18,631.49,0
T0000738,C0020,mid_weekend,2026-02-08 18:49:00.000000000,2.9691562369778466,5.460036576333543,0,0,0,0,0.09,18,7590.22,0
T0006291,C0179,mid_weekend,2026-02-08 19:09:00.000000000,0.6875153669254497,-1.2959668305292096,0,0,0,0,0.128,19,1776.98,0
T0001959,C0057,low_evening_shopper,2026-02-08 19:11:00.000000000,3.8871529737614408,9.49787776504927,0,1,0,0,1.118,19,2622.16,0
T0002152,C0063,low_evening_shopper,2026-02-08 19:14:00.000000000,1.1327633278514293,0.26432731159312295,0,1,0,0,3.047,19,1063.22,0
T0002262,C0066,low_evening_shopper,2026-02-08 19:26:00.000000000,1.2149769675865967,0.33907472730237237,0,0,0,0,1.005,19,963.99,0
T0000897,C0024,low_evening_shopper,2026-02-08 19:38:00.000000000,0.960356682889005,-0.1317519653884276,0,0,0,0,3.853,19,691.42,0
T0000996,C0027,low_evening_shopper,2026-02-08 19:39:00.000000000,1.3207309281396058,0.9550397714400201,0,0,0,0,0.917,19,775.76,0
T0005244,C0153,low_evening_shopper,2026-02-08 20:12:00.000000000,1.350225562163464,1.6224039617460064,0,0,0,0,5.551,20,905.46,0
T0001368,C0039,low_evening_shopper,2026-02-08 20:19:00.000000000,0.9695997281918076,-0.12068801446070018,0,0,0,0,2.031,20,625.01,0
T0000674,C0018,low_evening_shopper,2026-02-08 20:19:00.000000000,1.4949406864368342,0.813114923192266,0,0,0,0,2.006,20,1251.1,0
T0000440,C0012,low_evening_shopper,2026-02-08 20:22:00.000000000,0.7856287865907577,-0.30274042892995223,0,0,0,0,1.985,20,693.76,0
T0004622,C0135,low_evening_shopper,2026-02-08 20:39:00.000000000,0.9001797276431218,-0.16252594313849306,0,0,0,0,1.088,20,761.73,0
T0001093,C0030,low_evening_shopper,2026-02-08 20:39:00.000000000,0.9098069012562155,-0.13780765828813907,0,0,0,0,3.998,20,706.41,0
T0000540,C0015,low_evening_shopper,2026-02-08 20:40:00.000000000,0.9635188800711264,-0.056257494167779205,0,0,0,0,2.06,20,884.71,0
T0003703,C0108,low_evening_shopper,2026-02-08 20:47:00.000000000,0.6494803677462624,-0.4057307612798365,0,0,0,0,0.942,20,811.19,0
T0005014,C0147,low_evening_shopper,2026-02-08 20:59:00.000000000,0.6508232663156229,-0.607551356660607,0,0,0,0,1.144,20,655.5,0
T0005595,C0162,low_evening_shopper,2026-02-08 21:00:00.000000000,1.0799898917755244,0.2909683970050178,0,0,0,0,2.992,21,802.8,0
T0000295,C0009,low_evening_shopper,2026-02-08 21:02:00.000000000,0.7711980173198622,-1.6694084702111147,0,0,0,0,1.019,21,506.04,0
T0005940,C0171,low_evening_shopper,2026-02-08 21:11:00.000000000,0.16337942817531817,-5.196871309230971,0,0,0,0,1.024,21,121.02,0
T0004065,C0117,low_evening_shopper,2026-02-08 21:39:00.000000000,1.0733393853110327,0.14156292527475922,0,0,0,0,1.938,21,959.26,0
T0002485,C0072,low_evening_shopper,2026-02-08 21:44:00.000000000,1.5382276274050335,2.5206664558587306,0,0,0,0,1.253,21,1095.6,0
T0005703,C0165,low_evening_shopper,2026-02-08 21:53:00.000000000,1.247558226716555,0.9822966704417867,0,0,0,0,1.053,21,812.5,0
T0005501,C0159,low_evening_shopper,2026-02-08 21:54:00.000000000,0.7509808422800552,-0.4063260602694047,0,0,0,0,6.073,21,674.25,0
T0004520,C0132,low_evening_shopper,2026-02-08 22:08:00.000000000,0.8904361645918338,-0.3721858186352731,0,0,0,0,4.081,22,536.19,0
T0001057,C0029,mid_weekend,2026-02-08 23:23:00.000000000,0.6465128875237497,-0.5668731813579866,0,0,0,0,1.702,23,1654.4,0
T0002376,C0069,low_evening_shopper,2026-02-08 23:27:00.000000000,0.6894244753903789,-0.4970291450468473,0,0,0,0,2.062,23,668.78,0
T0000954,C0026,mid_weekend,2026-02-09 00:07:00.000000000,0.8281628549787401,-0.3651346158888077,1,0,0,1,-0.779,0,2523.9,0
T0003508,C0102,low_evening_shopper,2026-02-09 01:32:00.000000000,1.0823776037459094,0.22662553002281782,1,0,0,0,2.242,1,923.5,0
T0002820,C0083,mid_weekend,2026-02-09 03:38:00.000000000,0.8848878058310082,-0.6007962138600179,1,0,0,0,7.463,3,2298.48,0
T0006363,C0108,low_evening_shopper,2026-02-09 03:38:00.351283203,2.0293981750544,1.2021143539480559,1,1,0,0,0.285,3,2445.84,1
T0003704,C0108,low_evening_shopper,2026-02-09 03:41:00.000000000,0.5013173773548188,-0.5823538838463782,1,0,0,0,0.287,3,604.19,0
T0006396,C0077,mid_weekend,2026-02-09 03:46:00.146778349,2.146434927891678,4.138348442299219,1,1,0,2,0.458,3,5172.22,1
T0006431,C0063,low_evening_shopper,2026-02-09 04:19:00.359162275,2.5288652362045694,3.2635485350640927,1,1,0,1,0.378,4,2408.62,1
T0006337,C0061,high_business,2026-02-09 04:42:00.199913374,7.289663950613132,12.823991413422823,1,1,1,5,0.781,4,94783.05,1
T0003286,C0096,low_evening_shopper,2026-02-09 07:05:00.000000000,1.5372512440985049,2.2333911900016443,1,0,0,0,1.316,7,1140.35,0
T0004018,C0115,high_business,2026-02-09 07:33:00.000000000,1.002550761934057,0.012133112787103224,0,0,0,0,0.776,7,12049.82,0
T0000675,C0018,low_evening_shopper,2026-02-09 08:11:00.000000000,0.6282069945570996,-0.637312674412082,1,0,0,0,0.494,8,542.0,0
T0005097,C0149,mid_weekend,2026-02-09 09:01:00.000000000,0.6745778369624096,-0.47346297132796944,0,0,0,0,0.958,9,2395.39,0
T0003767,C0109,high_business,2026-02-09 09:03:00.000000000,3.5193004605658498,4.489289843879796,0,1,0,2,-0.152,9,49683.72,0
T0004599,C0134,mid_weekend,2026-02-09 09:12:00.000000000,0.7212238558931783,-0.4362649169543186,0,0,0,0,0.675,9,2160.03,0
T0003046,C0089,mid_weekend,2026-02-09 09:13:00.000000000,0.6149034256401171,-0.9646205317939864,0,1,0,3,-0.366,9,1739.85,0
T0003044,C0089,mid_weekend,2026-02-09 09:22:00.000000000,0.9891602824688231,-0.025828354710048976,0,0,0,1,-0.304,9,2789.56,0
T0003652,C0106,high_business,2026-02-09 09:43:00.000000000,3.026458125438353,4.872964562421161,0,0,0,0,0.933,9,39611.89,0
T0000478,C0013,high_business,2026-02-09 10:05:00.000000000,0.8907569312564854,-0.5453205205681605,0,0,0,1,-0.067,10,10841.39,0
T0005221,C0152,mid_weekend,2026-02-09 10:08:00.000000000,0.867243861376862,-0.6565564165550781,0,0,0,0,0.749,10,1954.4,0
T0000955,C0026,mid_weekend,2026-02-09 10:12:00.000000000,0.7580507342454743,-0.5263702502014797,0,0,0,1,0.42,10,2277.14,0
T0006344,C0002,mid_weekend,2026-02-09 10:14:00.145085256,4.616387103877371,7.323954876750915,0,0,0,2,0.93,10,13216.13,1
T0000278,C0008,mid_weekend,2026-02-09 10:16:00.000000000,1.0502689947738821,0.20075650410137863,0,0,0,0,1.771,10,2963.12,0
T0002706,C0079,high_business,2026-02-09 10:31:00.000000000,0.5541439782613455,-0.8652970479487604,0,0,0,0,0.954,10,7390.81,0
T0006401,C0013,high_business,2026-02-09 10:33:00.011792096,5.421699607404926,23.121848692057196,0,0,0,1,0.99,10,66714.33,1
T0002438,C0070,high_business,2026-02-09 10:44:00.000000000,1.181115686809621,0.4411255327124599,0,0,0,1,-0.017,10,14398.47,0
T0006021,C0173,mid_weekend,2026-02-09 10:59:00.000000000,0.7618136436247421,-0.4130779684393343,0,0,0,0,0.93,10,2406.03,0
T0000163,C0004,high_business,2026-02-09 11:06:00.000000000,3.1626440126619757,12.967999762612903,0,0,0,0,1.031,11,38069.84,0
T0002437,C0070,high_business,2026-02-09 11:08:00.000000000,0.6522442280488852,-0.8510825513563383,0,0,0,0,0.869,11,8017.61,0
T0004304,C0125,mid_weekend,2026-02-09 11:30:00.000000000,1.0734140898008966,0.32883151609603595,0,0,0,0,0.814,11,2809.86,0
T0004118,C0119,mid_weekend,2026-02-09 11:36:00.000000000,0.7586386968941666,-0.498438439168681,0,0,0,0,0.826,11,2124.57,0
T0000477,C0013,high_business,2026-02-09 11:41:00.000000000,0.6404322425393578,-1.8802440480428244,0,0,0,0,1.047,11,7880.56,0
T0002019,C0059,mid_weekend,2026-02-09 11:50:00.000000000,1.8320647382939939,1.340461432982325,0,0,0,0,0.928,11,6013.76,0
T0004493,C0131,mid_weekend,2026-02-09 12:06:00.000000000,0.586531304188291,-0.8656339719023309,0,0,0,0,1.081,12,1713.72,0
T0003681,C0107,mid_weekend,2026-02-09 12:33:00.000000000,0.36777028063938844,-0.9246013648501568,0,0,0,0,1.895,12,1167.78,0
T0005660,C0163,high_business,2026-02-09 12:35:00.000000000,0.760649748971313,-0.44067839053484775,0,0,0,0,1.923,12,10455.68,0
T0003766,C0109,high_business,2026-02-09 12:42:00.000000000,0.7297506004613578,-0.48012765199834606,0,0,0,1,-0.016,12,10372.33,0
T0005462,C0158,mid_weekend,2026-02-09 12:45:00.000000000,0.8992198421961942,-0.14434156672550508,0,0,0,2,-0.074,12,2777.05,0
T0006292,C0179,mid_weekend,2026-02-09 12:52:00.000000000,0.9122620664201392,-0.3505304895713317,0,0,0,0,0.738,12,2311.82,0
T0000646,C0017,mid_weekend,2026-02-09 12:55:00.000000000,0.9824410652970966,-0.02541075401143461,0,0,0,0,2.949,12,3062.18,0
T0003765,C0109,high_business,2026-02-09 13:05:00.000000000,0.6797601408789626,-0.5685914843888675,0,0,0,0,2.965,13,9741.78,0
T0002962,C0086,mid_weekend,2026-02-09 13:13:00.000000000,0.9316952889748018,-0.09706042339930301,0,0,0,0,1.722,13,2947.58,0
T0000193,C0005,mid_weekend,2026-02-09 14:03:00.000000000,0.9090030254157666,-0.1881207797122895,0,0,0,0,2.117,14,2805.94,0
T0001343,C0038,mid_weekend,2026-02-09 14:12:00.000000000,0.6758059928163797,-0.4774635490081246,0,1,0,0,2.024,14,2523.57,0
T0005461,C0158,mid_weekend,2026-02-09 14:32:00.000000000,4.059390153063602,6.43312792975342,0,0,0,1,-0.097,14,10942.41,0
T0000957,C0026,mid_weekend,2026-02-09 14:32:00.000000000,0.9206561305223837,-0.12863866338110766,0,0,0,2,-0.026,14,3137.52,0
T0005316,C0155,mid_weekend,2026-02-09 14:40:00.000000000,2.110979748094596,6.386233053949597,0,0,0,0,1.069,14,5517.91,0
T0006260,C0178,high_business,2026-02-09 14:41:00.000000000,0.9745283420855241,-0.07686077496079696,0,0,0,0,1.2,14,12883.1,0
T0002821,C0083,mid_weekend,2026-02-09 14:43:00.000000000,0.8852053058811166,-0.6106612776769242,0,0,0,0,0.462,14,2277.25,0
T0006356,C0119,mid_weekend,2026-02-09 14:44:00.973248276,1.4748827441576704,0.9658900436830594,0,0,1,6,1.98,14,4181.16,1
T0005463,C0158,mid_weekend,2026-02-09 14:46:00.000000000,0.6948035895606802,-0.44514132272557666,0,0,0,2,0.084,14,2135.92,0
T0005758,C0166,high_business,2026-02-09 14:52:00.000000000,1.0201099195651973,0.044085489380251516,0,0,0,0,3.04,14,14521.26,0
T0000956,C0026,mid_weekend,2026-02-09 15:10:00.000000000,3.1839246538616357,4.802278345518791,0,0,0,1,0.207,15,9386.33,0
T0002020,C0059,mid_weekend,2026-02-09 15:15:00.000000000,0.9867088352782604,-0.021810819288144424,0,0,0,0,0.142,15,3346.67,0
T0002129,C0062,mid_weekend,2026-02-09 15:27:00.000000000,0.5123593011097328,-2.8185071205051844,0,0,0,0,1.901,15,1277.54,0
T0003682,C0107,mid_weekend,2026-02-09 15:29:00.000000000,0.880938255465026,-0.1691758371489044,0,0,0,0,0.122,15,2704.16,0
T0006150,C0176,mid_weekend,2026-02-09 15:32:00.000000000,0.6901900920425538,-0.4668255595803628,0,1,0,0,1.018,15,2407.32,0
T0001861,C0053,mid_weekend,2026-02-09 15:40:00.000000000,2.664941882081713,2.6776536552355843,0,0,0,0,1.019,15,7765.44,0
T0000958,C0026,mid_weekend,2026-02-09 15:42:00.000000000,0.6862171335861559,-0.5235114912815618,0,0,0,2,0.049,15,2326.2,0
T0003263,C0095,mid_weekend,2026-02-09 15:52:00.000000000,1.6189312350054652,0.7812966479130011,0,0,0,2,-0.071,15,5064.7,0
T0002458,C0071,mid_weekend,2026-02-09 15:59:00.000000000,1.1485637887507705,0.8473620267498359,0,0,0,0,2.02,15,2998.51,0
T0004305,C0125,mid_weekend,2026-02-09 16:02:00.000000000,1.1487011140165524,0.684016908643813,0,0,0,0,0.189,16,3017.97,0
T0004781,C0140,mid_weekend,2026-02-09 16:08:00.000000000,0.7779738273684385,-0.3774848648815244,0,0,0,1,-0.236,16,2263.03,0
T0004495,C0131,mid_weekend,2026-02-09 16:13:00.000000000,0.9077184957685959,-0.19334720694871257,0,0,0,1,-0.027,16,2604.64,0
T0003142,C0092,mid_weekend,2026-02-09 16:37:00.000000000,0.7110376100349767,-1.1657198489061997,0,0,0,0,5.147,16,1843.23,0
T0003043,C0089,mid_weekend,2026-02-09 16:40:00.000000000,1.0465683976578715,0.10793151491100063,0,0,0,0,4.183,16,2944.6,0
T0003358,C0098,mid_weekend,2026-02-09 16:41:00.000000000,0.7676236574698088,-0.5853927158283331,0,0,0,0,3.049,16,2213.95,0
T0000279,C0008,mid_weekend,2026-02-09 16:46:00.000000000,0.9669439285175659,-0.1353057101771199,0,0,0,0,0.271,16,2734.27,0
T0005460,C0158,mid_weekend,2026-02-09 16:52:00.000000000,3.2359775640463835,10.623955122443771,0,0,0,0,3.081,16,7845.69,0
T0004494,C0131,mid_weekend,2026-02-09 16:52:00.000000000,0.8514298736951269,-0.3082659255882163,0,0,0,0,0.199,16,2454.52,0
T0003165,C0093,low_evening_shopper,2026-02-09 17:05:00.000000000,0.7305898642423715,-1.4768183996913589,0,0,0,0,1.731,17,461.43,0
T0003261,C0095,mid_weekend,2026-02-09 17:05:00.000000000,0.8825841832234154,-0.1451526546876049,0,0,0,0,1.186,17,2780.52,0
T0001766,C0051,low_evening_shopper,2026-02-09 17:09:00.000000000,0.862254745782966,-0.419591805254418,0,0,0,0,1.815,17,567.53,0
T0001939,C0056,mid_weekend,2026-02-09 17:20:00.000000000,0.5091041612511129,-0.7221616459757698,0,0,0,0,4.185,17,2038.28,0
T0003262,C0095,mid_weekend,2026-02-09 17:34:00.000000000,0.8688828295202724,-0.1638560341963311,0,0,0,1,0.02,17,2728.17,0
T0003359,C0098,mid_weekend,2026-02-09 17:35:00.000000000,0.9522522068255838,-0.12067701395400572,0,0,0,1,0.037,17,2726.5,0
T0000381,C0011,mid_weekend,2026-02-09 17:48:00.000000000,1.0197786213822488,0.027084914548403703,0,0,0,0,1.11,17,3184.49,0
T0005222,C0152,mid_weekend,2026-02-09 17:59:00.000000000,0.8661756361066453,-0.6661812008039517,0,0,0,0,0.327,17,1941.63,0
T0003045,C0089,mid_weekend,2026-02-09 18:00:00.000000000,1.0842185565803737,0.20551810722701622,0,0,0,0,0.36,18,3056.06,0
T0001685,C0048,low_evening_shopper,2026-02-09 18:02:00.000000000,1.2574396469539262,0.8641326715273694,0,0,0,0,2.043,18,952.34,0
T0001750,C0050,mid_weekend,2026-02-09 18:06:00.000000000,0.850605746649139,-0.778845351538655,0,0,0,0,3.319,18,2382.53,0
T0002547,C0075,low_evening_shopper,2026-02-09 18:28:00.000000000,1.3468588741557086,0.6994103034706329,0,0,0,0,1.017,18,1034.64,0
T0000953,C0026,mid_weekend,2026-02-09 18:49:00.000000000,0.962510799252834,-0.07623302279964213,0,0,0,0,4.033,18,2943.37,0
T0000676,C0018,low_evening_shopper,2026-02-09 19:01:00.000000000,0.9593228247966848,-0.0694761875235179,0,0,0,0,0.451,19,809.58,0
T0005596,C0162,low_evening_shopper,2026-02-09 19:03:00.000000000,1.0637361562662258,0.24530406018555573,0,0,0,0,0.919,19,797.04,0
T0003787,C0110,mid_weekend,2026-02-09 19:07:00.000000000,0.9014802172877934,-0.1986167266232389,0,0,0,0,3.261,19,2916.2,0
T0003047,C0089,mid_weekend,2026-02-09 19:07:00.000000000,0.7047211548658333,-0.7289987037919471,0,0,0,0,0.412,19,1960.6,0
T0002630,C0077,mid_weekend,2026-02-09 19:14:00.000000000,0.9667901230716006,-0.11987969303975492,0,0,0,0,1.102,19,2329.65,0
T0002822,C0083,mid_weekend,2026-02-09 19:14:00.000000000,1.467349680082598,2.5287641211367555,0,0,0,0,0.188,19,3741.52,0
T0004134,C0120,low_evening_shopper,2026-02-09 19:14:00.000000000,1.2358740406418303,0.9263512837486173,0,0,0,0,3.044,19,915.09,0
T0003819,C0111,low_evening_shopper,2026-02-09 19:30:00.000000000,0.9652197238028093,-0.11080499505680533,0,0,0,0,3.038,19,701.81,0
T0004414,C0129,low_evening_shopper,2026-02-09 19:36:00.000000000,0.7317862991957372,-0.7422970120904491,0,0,0,0,1.945,19,562.16,0
T0003705,C0108,low_evening_shopper,2026-02-09 19:40:00.000000000,0.4211054659661002,-0.6666777968594039,0,0,0,0,0.666,19,484.51,0
T0005502,C0159,low_evening_shopper,2026-02-09 19:51:00.000000000,0.9128521322161764,-0.14496724500035793,0,0,0,0,0.915,19,799.18,0
T0000077,C0002,mid_weekend,2026-02-09 19:59:00.000000000,0.965735849231429,-0.0696301778506538,0,0,0,0,1.336,19,2718.07,0
T0002153,C0063,low_evening_shopper,2026-02-09 20:15:00.000000000,0.4246313951163847,-1.2281934417883296,0,0,0,0,1.042,20,404.44,0
T0002263,C0066,low_evening_shopper,2026-02-09 20:17:00.000000000,0.7584141719910894,-0.39401402447552186,0,0,0,0,1.035,20,608.21,0
T0004928,C0144,low_evening_shopper,2026-02-09 20:21:00.000000000,0.9344741171766787,-0.21083360782438365,0,0,0,0,3.999,20,653.06,0
T0003509,C0102,low_evening_shopper,2026-02-09 20:21:00.000000000,3.1626269908015585,6.21941424624736,0,0,0,0,0.784,20,2715.49,0
T0000009,C0000,low_evening_shopper,2026-02-09 20:33:00.000000000,3.5028542339171858,11.89840034775247,0,0,0,0,10.032,20,2472.55,0
T0002486,C0072,low_evening_shopper,2026-02-09 20:50:00.000000000,0.8299119958254155,-0.7158522095762002,0,0,0,0,0.963,20,612.31,0
T0002980,C0087,low_evening_shopper,2026-02-09 20:51:00.000000000,0.8067810244182251,-0.2985235967327712,0,0,0,0,3.939,20,794.77,0
T0000441,C0012,low_evening_shopper,2026-02-09 21:06:00.000000000,0.5779289156051703,-0.6022918494112168,0,0,0,0,1.031,21,505.79,0
T0001094,C0030,low_evening_shopper,2026-02-09 21:09:00.000000000,1.5539140365221964,0.8832311157232928,0,0,0,0,1.021,21,1195.64,0
T0003389,C0099,low_evening_shopper,2026-02-09 21:16:00.000000000,0.473947672544568,-3.3545833606401496,0,0,0,0,3.072,21,365.59,0
T0004521,C0132,low_evening_shopper,2026-02-09 21:21:00.000000000,1.2073423816281073,0.7292686369684775,0,0,0,0,0.967,21,719.06,0
T0001300,C0036,low_evening_shopper,2026-02-09 21:22:00.000000000,0.9406893022666821,-0.2211444617188633,0,0,0,0,2.062,21,654.61,0
T0001187,C0033,low_evening_shopper,2026-02-09 21:36:00.000000000,0.7779657921272302,-0.3911536571485331,0,0,0,0,2.062,21,734.94,0
T0000078,C0002,mid_weekend,2026-02-09 21:43:00.000000000,0.638638033919532,-0.7540945251799949,0,0,0,0,0.072,21,1794.03,0
T0005704,C0165,low_evening_shopper,2026-02-09 21:45:00.000000000,1.314883745824524,1.2710735946951566,0,0,0,0,0.994,21,868.82,0
T0004780,C0140,mid_weekend,2026-02-09 21:48:00.000000000,1.1846180261165282,0.3069714043481214,0,0,0,0,1.207,21,3424.12,0
T0006186,C0177,low_evening_shopper,2026-02-09 21:50:00.000000000,1.3482498908020597,0.49827198058854616,0,0,0,0,3.099,21,1120.24,0
T0000997,C0027,low_evening_shopper,2026-02-09 22:15:00.000000000,1.300792826762562,0.9212387187274115,0,0,0,0,1.108,22,781.55,0
T0003390,C0099,low_evening_shopper,2026-02-09 22:18:00.000000000,0.9263832009461271,-0.34910115779812617,0,0,0,0,0.043,22,687.73,0
T0002377,C0069,low_evening_shopper,2026-02-09 23:42:00.000000000,0.7861775876839167,-0.3449078633994827,0,0,0,0,1.01,23,741.1,0
T0005583,C0161,mid_weekend,2026-02-09 23:55:00.000000000,1.2412333425384752,1.306901365597674,0,0,0,0,2.435,23,2911.51,0
T0004856,C0142,high_business,2026-02-10 00:42:00.000000000,1.0158997369356222,0.031567116663917066,1,0,0,5,-0.509,0,14627.01,0
T0006336,C0119,mid_weekend,2026-02-10 01:26:00.345672573,2.0964131876211347,2.284135232926038,1,1,0,2,0.576,1,5787.65,1
T0004853,C0142,high_business,2026-02-10 07:09:00.000000000,0.9177772495682618,-0.15427712936037416,0,0,0,2,-0.061,7,13367.98,0
T0002439,C0070,high_business,2026-02-10 07:37:00.000000000,1.0863841633841647,0.21330193119477664,0,0,0,0,0.87,7,13299.42,0
T0001862,C0053,mid_weekend,2026-02-10 08:20:00.000000000,1.2020609533413082,0.3114919861784592,0,0,0,0,0.694,8,3745.71,0
T0006293,C0179,mid_weekend,2026-02-10 08:33:00.000000000,0.8435155611441436,-0.6387971394861868,0,0,0,0,0.82,8,2126.57,0
T0004852,C0142,high_business,2026-02-10 08:37:00.000000000,0.9431847336533625,-0.1042292953766978,0,0,0,1,-0.126,8,13777.19,0
T0002111,C0061,high_business,2026-02-10 09:10:00.000000000,0.9739244145033196,-0.05452606261869971,0,0,0,0,1.898,9,12721.2,0
T0004854,C0142,high_business,2026-02-10 09:17:00.000000000,0.9259213018999126,-0.14179071854855577,0,0,0,2,0.089,9,13433.8,0
T0001830,C0052,high_business,2026-02-10 09:46:00.000000000,1.1908878105235436,0.47864147744694857,0,0,0,0,2.792,9,16574.81,0
T0005983,C0172,high_business,2026-02-10 10:00:00.000000000,0.9122832894937174,-0.16792972775468962,0,0,0,0,3.033,10,12604.75,0
T0000479,C0013,high_business,2026-02-10 10:04:00.000000000,0.9344100287754492,-0.32982931340305616,0,0,0,0,0.999,10,11336.15,0
T0001831,C0052,high_business,2026-02-10 10:15:00.000000000,0.7618536551303667,-0.6068935335996172,0,0,0,1,0.02,10,10659.73,0
T0005194,C0151,high_business,2026-02-10 10:18:00.000000000,0.8223072289009434,-0.7506935839023644,0,0,0,0,1.922,10,9444.96,0
T0004857,C0142,high_business,2026-02-10 10:18:00.000000000,0.9247117412195259,-0.15278915769907853,0,0,0,2,0.4,10,13322.9,0
T0003491,C0101,mid_weekend,2026-02-10 10:44:00.000000000,0.8064933821037046,-0.3845613341566502,0,0,0,0,2.985,10,2453.02,0
T0005195,C0151,high_business,2026-02-10 11:24:00.000000000,1.21157348888791,0.8947739421614713,0,0,0,0,0.046,11,13861.09,0
T0002112,C0061,high_business,2026-02-10 11:29:00.000000000,0.7084558677251233,-0.6157389455174929,0,0,0,0,0.097,11,9248.68,0
T0004982,C0146,mid_weekend,2026-02-10 11:37:00.000000000,0.7940002601531609,-0.7071016782177999,0,0,0,0,1.893,11,1997.32,0
T0004851,C0142,high_business,2026-02-10 11:39:00.000000000,0.6994399652800914,-0.5496241034451516,0,0,0,0,3.833,11,10381.01,0
T0004119,C0119,mid_weekend,2026-02-10 11:55:00.000000000,1.0375072676099237,0.07813815223329187,0,0,0,0,1.013,11,2864.29,0
T0004120,C0119,mid_weekend,2026-02-10 11:56:00.000000000,0.8081759759743521,-0.41199587664860915,0,0,0,1,0.001,11,2235.81,0
T0006261,C0178,high_business,2026-02-10 12:03:00.000000000,0.7101501682431722,-0.8866706543178339,0,0,0,0,0.89,12,9381.23,0
T0004601,C0134,mid_weekend,2026-02-10 12:36:00.000000000,0.4641095194211518,-0.8799259123417448,0,0,0,1,-0.082,12,1367.26,0
T0000165,C0004,high_business,2026-02-10 12:47:00.000000000,0.957890071682113,-0.12175619859085862,0,0,0,1,-0.008,12,12066.46,0
T0005317,C0155,mid_weekend,2026-02-10 12:50:00.000000000,0.8236120208608251,-0.6216017042381344,0,0,0,0,0.924,12,2278.73,0
T0004855,C0142,high_business,2026-02-10 12:55:00.000000000,0.9019587469152608,-0.1913382644340957,0,0,0,0,0.151,12,13042.07,0
T0000164,C0004,high_business,2026-02-10 12:59:00.000000000,0.8404909839752043,-0.4586831716896392,0,0,0,0,1.078,12,10626.12,0
T0003653,C0106,high_business,2026-02-10 12:59:00.000000000,1.7783801408798559,1.582512764971143,0,0,0,0,1.136,12,24426.84,0
T0005759,C0166,high_business,2026-02-10 13:17:00.000000000,0.8233909345316396,-0.392159669233843,0,0,0,0,0.934,13,11726.71,0
T0003768,C0109,high_business,2026-02-10 14:07:00.000000000,0.8331216072632222,-0.2616605477683751,0,0,0,0,1.211,14,12484.3,0
T0003048,C0089,mid_weekend,2026-02-10 14:11:00.000000000,0.9981256813496016,-0.004617929186034847,0,0,0,0,0.794,14,2742.71,0
T0003143,C0092,mid_weekend,2026-02-10 14:15:00.000000000,0.8350736480948787,-0.6516352048925494,0,0,0,0,0.901,14,2134.98,0
T0003264,C0095,mid_weekend,2026-02-10 14:25:00.000000000,1.0654746060288742,0.08449821598440936,0,0,0,0,0.94,14,3389.01,0
T0005464,C0158,mid_weekend,2026-02-10 14:31:00.000000000,0.4597273516870209,-0.7916256848296627,0,0,0,0,0.99,14,1394.51,0
T0004600,C0134,mid_weekend,2026-02-10 14:34:00.000000000,1.054546893780998,0.08623621328859903,0,0,0,0,1.224,14,3095.43,0
T0006421,C0158,mid_weekend,2026-02-10 14:44:00.238539071,1.9262010861137637,1.3571011735602607,0,0,1,7,0.911,14,5842.84,1
T0002600,C0076,high_business,2026-02-10 14:51:00.000000000,3.0912188966473337,9.111756077598393,0,0,0,0,1.875,14,36215.57,0
T0003684,C0107,mid_weekend,2026-02-10 15:02:00.000000000,0.941620148756197,-0.08484716503118407,0,0,0,1,-0.172,15,2828.88,0
T0005196,C0151,high_business,2026-02-10 15:04:00.000000000,0.9413926171986415,-0.24958765596862814,0,0,0,0,0.153,15,10819.6,0
T0000280,C0008,mid_weekend,2026-02-10 15:11:00.000000000,0.9310743490078094,-0.28793929531074014,0,0,0,0,0.934,15,2629.06,0
T0005924,C0170,mid_weekend,2026-02-10 15:16:00.000000000,1.076684782178846,0.1423145445057617,0,0,0,0,2.108,15,2792.72,0
T0000281,C0008,mid_weekend,2026-02-10 15:25:00.000000000,0.9290855771465969,-0.30123015055077657,0,0,0,1,0.01,15,2615.91,0
T0003287,C0096,low_evening_shopper,2026-02-10 16:12:00.000000000,0.9811210443071854,-0.07197799312774886,0,0,0,0,1.38,16,760.39,0
T0002240,C0065,mid_weekend,2026-02-10 16:32:00.000000000,1.1124518138396935,0.1706961756312314,0,1,0,0,2.044,16,4063.59,0
T0005245,C0153,low_evening_shopper,2026-02-10 16:36:00.000000000,0.6898655057634613,-1.4003907505316473,0,0,0,0,1.85,16,475.08,0
T0001940,C0056,mid_weekend,2026-02-10 16:56:00.000000000,0.5701009649952752,-0.6262966794916135,0,0,0,0,0.983,16,2237.67,0
T0004783,C0140,mid_weekend,2026-02-10 16:59:00.000000000,1.2398013871822822,0.41647830435737376,0,0,0,1,-0.088,16,3572.36,0
T0003510,C0102,low_evening_shopper,2026-02-10 17:01:00.000000000,0.6034985946971273,-0.7042476344836268,0,0,0,0,0.861,17,598.22,0
T0001519,C0044,mid_weekend,2026-02-10 17:25:00.000000000,3.1919799793264514,5.799068603540286,0,0,0,0,4.215,17,8101.76,0
T0001188,C0033,low_evening_shopper,2026-02-10 17:28:00.000000000,0.5376290490304749,-0.8228488736759868,0,1,0,0,0.828,17,502.53,0
T0004045,C0116,mid_weekend,2026-02-10 17:52:00.000000000,0.6748450081533549,-0.7691967665973233,0,0,0,0,2.063,17,1920.01,0
T0002130,C0062,mid_weekend,2026-02-10 18:02:00.000000000,1.0796816923595842,0.3806659082738092,0,0,0,0,1.108,18,2614.9,0
T0005584,C0161,mid_weekend,2026-02-10 18:10:00.000000000,0.7253109173799073,-1.4840994774052023,0,0,0,0,0.76,18,1715.01,0
T0005597,C0162,low_evening_shopper,2026-02-10 18:27:00.000000000,2.185851653242523,4.801424011726498,0,0,0,0,0.975,18,1647.32,0
T0006187,C0177,low_evening_shopper,2026-02-10 18:41:00.000000000,0.643882876896258,-0.5420507339886053,0,0,0,0,0.869,18,550.52,0
T0004684,C0137,mid_weekend,2026-02-10 18:49:00.000000000,1.0096610392643228,0.016596476411375377,0,0,0,0,3.903,18,3381.02,0
T0001767,C0051,low_evening_shopper,2026-02-10 18:59:00.000000000,1.1404827719499047,0.4514373083149864,0,0,0,0,1.076,18,733.43,0
T0004782,C0140,mid_weekend,2026-02-10 19:06:00.000000000,0.9360121891663935,-0.10957189448787677,0,0,0,0,1.124,19,2702.6,0
T0006294,C0179,mid_weekend,2026-02-10 19:07:00.000000000,1.1849236656675073,0.7614409532051929,0,0,0,0,0.44,19,2961.32,0
T0003683,C0107,mid_weekend,2026-02-10 19:10:00.000000000,0.6758928439960548,-0.4693418383802301,0,0,0,0,1.153,19,2062.39,0
T0001266,C0035,mid_weekend,2026-02-10 19:15:00.000000000,2.1308487425498006,2.4857905634895174,0,0,0,0,3.394,19,5542.16,0
T0003600,C0105,low_evening_shopper,2026-02-10 19:30:00.000000000,0.6497366517290623,-1.3633878705587554,0,0,0,0,2.978,19,454.25,0
T0004496,C0131,mid_weekend,2026-02-10 19:31:00.000000000,1.2795401192051052,0.592771545198166,0,0,0,0,1.137,19,3661.29,0
T0005794,C0167,mid_weekend,2026-02-10 19:43:00.000000000,0.9616565249403859,-0.07644041622148443,0,0,0,0,2.233,19,2609.96,0
T0001433,C0042,low_evening_shopper,2026-02-10 19:48:00.000000000,0.5348212474269745,-0.6133976101758397,0,0,0,0,3.119,19,570.44,0
T0006057,C0174,low_evening_shopper,2026-02-10 19:50:00.000000000,0.539561521221579,-0.5784323051506778,0,0,0,0,3.041,19,481.12,0
T0002344,C0068,mid_weekend,2026-02-10 20:03:00.000000000,1.1962067060074062,1.082709994212296,0,0,0,0,2.294,20,3063.47,0
T0003144,C0092,mid_weekend,2026-02-10 20:10:00.000000000,1.218463764612033,0.868512924393484,0,0,0,0,0.247,20,3091.82,0
T0005828,C0168,low_evening_shopper,2026-02-10 20:13:00.000000000,0.5036339680529913,-0.677786759989985,0,0,0,0,3.961,20,474.36,0
T0001878,C0054,low_evening_shopper,2026-02-10 20:16:00.000000000,1.4880434634251114,2.802221744909101,0,0,0,0,2.083,20,926.11,0
T0004983,C0146,mid_weekend,2026-02-10 20:32:00.000000000,1.4016116053716354,1.3813573522143365,0,0,0,0,0.372,20,3498.87,0
T0000222,C0006,low_evening_shopper,2026-02-10 20:36:00.000000000,0.9531750083927168,-0.19676538061539178,0,0,0,0,8.87,20,724.32,0
T0005941,C0171,low_evening_shopper,2026-02-10 20:36:00.000000000,1.0389583099845934,0.1343403921528992,0,0,0,0,1.976,20,720.09,0
T0000898,C0024,low_evening_shopper,2026-02-10 20:42:00.000000000,0.6848473492680099,-1.1381313384087997,0,0,0,0,2.044,20,489.8,0
T0001301,C0036,low_evening_shopper,2026-02-10 20:44:00.000000000,0.7443774074028505,-0.9831812908937402,0,0,0,0,0.974,20,515.8,0
T0000079,C0002,mid_weekend,2026-02-10 20:58:00.000000000,2.93301805864212,4.006052649336167,0,0,0,0,0.969,20,8082.59,0
T0003706,C0108,low_evening_shopper,2026-02-10 20:58:00.000000000,0.5353555514912303,-0.5223493745943077,0,0,0,0,1.054,20,586.25,0
T0004330,C0126,low_evening_shopper,2026-02-10 21:05:00.000000000,0.9014923282633842,-0.1500138536038634,0,0,0,0,3.076,21,830.78,0
T0000677,C0018,low_evening_shopper,2026-02-10 21:24:00.000000000,1.003080309063952,0.0054007056405683505,0,0,0,0,1.099,21,844.6,0
T0001095,C0030,low_evening_shopper,2026-02-10 21:47:00.000000000,0.9567463906412877,-0.07341909698315974,0,0,0,0,1.026,21,773.23,0
T0004415,C0129,low_evening_shopper,2026-02-10 21:51:00.000000000,1.1647194214789152,0.4552285857951273,0,0,0,0,1.094,21,883.31,0
T0000107,C0003,low_evening_shopper,2026-02-10 21:52:00.000000000,0.908962923185705,-0.1763212147549097,0,1,0,0,3.076,21,931.72,0
T0000862,C0023,mid_weekend,2026-02-10 22:04:00.000000000,0.8559102215369389,-0.21521367762443108,0,0,0,0,3.404,22,3369.36,0
T0004725,C0138,low_evening_shopper,2026-02-10 22:33:00.000000000,0.57404322355032,-0.9242150854397666,0,0,0,0,4.072,22,515.53,0
T0002763,C0081,low_evening_shopper,2026-02-10 22:52:00.000000000,1.08690612010599,0.2792972060125363,0,0,0,0,3.01,22,805.51,0
T0006382,C0066,low_evening_shopper,2026-02-11 02:01:00.956143297,2.708631784507834,2.8122814998430212,1,1,0,0,1.239,2,2147.2,1
T0006391,C0105,low_evening_shopper,2026-02-11 04:38:00.913027151,6.371781121730446,19.93859458557182,1,1,1,6,0.381,4,4350.71,1
T0003769,C0109,high_business,2026-02-11 06:17:00.000000000,1.022196344367369,0.03505658419275062,0,0,0,0,0.674,6,15256.72,0
T0006263,C0178,high_business,2026-02-11 08:05:00.000000000,0.9580850851838465,-0.12606866992642166,0,0,0,1,-0.222,8,12432.23,0
T0006266,C0178,high_business,2026-02-11 08:52:00.000000000,0.8472655576862014,-0.4539528040839327,0,0,0,4,-0.027,8,10778.58,0
T0004416,C0129,low_evening_shopper,2026-02-11 09:10:00.000000000,1.1553372183006352,0.44062142061291637,1,0,0,0,0.472,9,882.76,0
T0006265,C0178,high_business,2026-02-11 09:31:00.000000000,0.6322718343829445,-1.1057372216490562,0,0,0,2,-0.078,9,8118.14,0
T0004019,C0115,high_business,2026-02-11 10:16:00.000000000,2.1806010620827565,5.700587367361964,0,0,0,0,2.113,10,26210.97,0
T0005984,C0172,high_business,2026-02-11 10:24:00.000000000,0.6780022966214863,-0.6245830367890989,0,0,0,0,1.017,10,9341.25,0
T0005795,C0167,mid_weekend,2026-02-11 10:36:00.000000000,1.6083721384342924,1.2340476140931071,0,0,0,0,0.62,10,4358.97,0
T0004020,C0115,high_business,2026-02-11 10:56:00.000000000,1.955100381313133,3.4830564696613244,0,0,0,1,0.028,10,24293.14,0
T0002602,C0076,high_business,2026-02-11 11:00:00.000000000,0.6807426869834073,-0.48966459956779756,0,0,0,1,-0.031,11,9222.57,0
T0005925,C0170,mid_weekend,2026-02-11 11:08:00.000000000,1.104755403265065,0.19914091954090218,0,0,0,0,0.828,11,2874.69,0
T0005796,C0167,mid_weekend,2026-02-11 11:08:00.000000000,0.49441368042311257,-1.0391778129529428,0,0,0,1,0.022,11,1369.06,0
T0003049,C0089,mid_weekend,2026-02-11 11:16:00.000000000,0.6616770038117294,-0.8506815178674176,0,0,0,0,0.878,11,1818.06,0
T0006264,C0178,high_business,2026-02-11 11:23:00.000000000,0.6324099613800731,-1.1189821268209141,0,0,0,1,0.138,11,8197.18,0
T0004022,C0115,high_business,2026-02-11 11:30:00.000000000,0.9895782725446185,-0.03426037098792236,0,0,0,2,-0.044,11,12548.93,0
T0002601,C0076,high_business,2026-02-11 11:45:00.000000000,4.901484275580297,10.258098682031859,0,0,0,0,0.871,11,60503.09,0
T0002604,C0076,high_business,2026-02-11 11:51:00.000000000,1.0662177710761374,0.10280206510447014,0,0,0,3,-0.056,11,14311.98,0
T0005661,C0163,high_business,2026-02-11 11:56:00.000000000,0.6648475382559819,-0.6193825783662845,0,0,0,0,1.973,11,9090.2,0
T0004858,C0142,high_business,2026-02-11 11:57:00.000000000,0.7105203588996427,-0.5974962099601769,0,0,0,0,1.069,11,10206.08,0
T0001833,C0052,high_business,2026-02-11 12:19:00.000000000,0.9348851473655729,-0.16718382835953183,0,0,0,1,-0.035,12,12931.29,0
T0004021,C0115,high_business,2026-02-11 12:34:00.000000000,0.7850693292539295,-0.7057237517578133,0,0,0,0,0.068,12,10013.7,0
T0006456,C0013,high_business,2026-02-11 12:43:00.633699006,6.104998985173152,25.956935387205473,0,0,0,0,1.11,12,73926.3,1
T0002965,C0086,mid_weekend,2026-02-11 13:01:00.000000000,0.9568381662821511,-0.0652456587328511,0,0,0,2,-0.055,13,3013.66,0
T0003788,C0110,mid_weekend,2026-02-11 13:07:00.000000000,0.7743746452840565,-0.4680525557037564,0,0,0,0,1.75,13,2487.39,0
T0001832,C0052,high_business,2026-02-11 13:09:00.000000000,0.809177590507621,-0.4874076389358845,0,0,0,0,1.121,13,11249.0,0
T0004024,C0115,high_business,2026-02-11 13:09:00.000000000,0.9360811559711628,-0.1851916822039694,0,0,0,2,-0.037,13,12247.69,0
T0002603,C0076,high_business,2026-02-11 13:12:00.000000000,0.940062948499898,-0.0920775978930979,0,0,0,0,0.092,13,12636.62,0
T0005760,C0166,high_business,2026-02-11 13:20:00.000000000,0.881723743769331,-0.2642144148576685,0,0,0,0,1.002,13,12504.68,0
T0006262,C0178,high_business,2026-02-11 13:24:00.000000000,0.6393634779063188,-1.0979290305568068,0,0,0,0,1.056,13,8378.12,0
T0004888,C0143,mid_weekend,2026-02-11 13:44:00.000000000,1.0667060222245288,0.11869046618523457,0,0,0,0,3.928,13,3074.89,0
T0004023,C0115,high_business,2026-02-11 14:03:00.000000000,2.2502125538391353,4.1639097719405305,0,0,0,0,0.106,14,28527.31,0
T0005585,C0161,mid_weekend,2026-02-11 14:14:00.000000000,3.6715955745031983,14.052133258859163,0,0,0,0,0.836,14,8604.63,0
T0000166,C0004,high_business,2026-02-11 14:19:00.000000000,0.8480292265609833,-0.44388293992132405,0,0,0,0,1.064,14,10672.56,0
T0002964,C0086,mid_weekend,2026-02-11 14:20:00.000000000,0.9343119560953066,-0.09749282051174442,0,0,0,1,-0.095,14,2950.79,0
T0005223,C0152,mid_weekend,2026-02-11 14:33:00.000000000,0.708514480460607,-1.4597365330794079,0,0,0,0,1.857,14,1580.04,0
T0005098,C0149,mid_weekend,2026-02-11 14:54:00.000000000,0.6640262015909707,-0.49034538949295464,0,0,0,0,2.245,14,2324.56,0
T0001751,C0050,mid_weekend,2026-02-11 15:04:00.000000000,0.9635701874553144,-0.19062034992574184,0,0,0,0,1.874,15,2676.55,0
T0000521,C0014,mid_weekend,2026-02-11 15:10:00.000000000,0.9534670805238579,-0.11065589286626618,0,0,0,0,3.92,15,2569.11,0
T0006022,C0173,mid_weekend,2026-02-11 15:11:00.000000000,0.9465290683760433,-0.09361019141538081,0,0,0,0,2.175,15,2953.81,0
T0000194,C0005,mid_weekend,2026-02-11 15:18:00.000000000,0.8823192997558543,-0.2469219393811337,0,0,0,0,2.052,15,2714.39,0
T0001520,C0044,mid_weekend,2026-02-11 15:29:00.000000000,0.9808357630266938,-0.036186281510782674,0,0,0,0,0.919,15,2726.78,0
T0002729,C0080,mid_weekend,2026-02-11 15:37:00.000000000,0.9129479196555551,-0.23685303273627392,0,0,0,0,3.017,15,2255.23,0
T0005465,C0158,mid_weekend,2026-02-11 15:37:00.000000000,0.9166231905593442,-0.12042269808702018,0,0,0,0,1.046,15,2717.84,0
T0000480,C0013,high_business,2026-02-11 15:40:00.000000000,1.0005476585389148,0.002784631385534042,0,0,0,0,1.233,15,12115.77,0
T0001267,C0035,mid_weekend,2026-02-11 15:41:00.000000000,1.0439578735051007,0.09322404966695162,0,1,0,0,0.851,15,2805.56,0
T0002823,C0083,mid_weekend,2026-02-11 15:43:00.000000000,1.0669891151740791,0.32205482368815347,0,0,0,0,1.853,15,2811.48,0
T0004306,C0125,mid_weekend,2026-02-11 15:49:00.000000000,1.326358149830896,1.5322202887468486,0,1,0,0,1.991,15,3509.4,0
T0004121,C0119,mid_weekend,2026-02-11 15:50:00.000000000,0.9229108957605604,-0.1676429059889872,0,0,0,0,1.163,15,2527.45,0
T0001521,C0044,mid_weekend,2026-02-11 16:00:00.000000000,1.1828108152340535,0.35231995268979827,0,1,0,1,0.022,16,3285.66,0
T0000959,C0026,mid_weekend,2026-02-11 16:06:00.000000000,0.5152949823718996,-0.8118935437745318,0,0,0,0,2.017,16,1712.54,0
T0005224,C0152,mid_weekend,2026-02-11 16:19:00.000000000,0.966125323136891,-0.16463390449936469,0,0,0,0,0.074,16,2131.27,0
T0002963,C0086,mid_weekend,2026-02-11 16:37:00.000000000,1.032025793327971,0.046424760252692945,0,0,0,0,2.142,16,3254.86,0
T0003265,C0095,mid_weekend,2026-02-11 16:43:00.000000000,0.8219417819480062,-0.23325687911245066,0,0,0,0,1.096,16,2618.9,0
T0002631,C0077,mid_weekend,2026-02-11 16:46:00.000000000,1.1352945738285734,0.4980455690265131,0,0,0,0,1.897,16,2731.91,0
T0003918,C0113,mid_weekend,2026-02-11 16:48:00.000000000,1.1264535784958742,0.33619501654769673,0,0,0,0,4.233,16,3104.08,0
T0004213,C0122,mid_weekend,2026-02-11 16:52:00.000000000,1.1059216616538288,0.2940105843618373,0,0,0,0,3.138,16,2785.35,0
T0002459,C0071,mid_weekend,2026-02-11 16:59:00.000000000,0.8172915772477217,-1.0592119586421354,0,0,0,0,2.042,16,2150.35,0
T0002021,C0059,mid_weekend,2026-02-11 17:10:00.000000000,0.9423984356335712,-0.09634603499748794,0,0,0,0,2.08,17,3194.75,0
T0002632,C0077,mid_weekend,2026-02-11 17:11:00.000000000,1.1339652939658285,0.5035532995198497,0,0,0,1,0.017,17,2743.48,0
T0002548,C0075,low_evening_shopper,2026-02-11 17:18:00.000000000,1.4042787355645818,0.8551767184906615,0,1,0,0,1.951,17,1107.54,0
T0006389,C0159,low_evening_shopper,2026-02-11 17:30:00.477729453,5.851766897908971,8.389591876991227,0,0,0,0,1.902,17,5082.46,1
T0005015,C0147,low_evening_shopper,2026-02-11 17:44:00.000000000,0.8688519867666897,-0.22796679762664543,0,1,0,0,2.865,17,844.54,0
T0001960,C0057,low_evening_shopper,2026-02-11 18:17:00.000000000,1.0126400158523026,0.01907810019553288,0,0,0,0,2.962,18,823.97,0
T0001768,C0051,low_evening_shopper,2026-02-11 18:19:00.000000000,1.278259647295331,0.9711713643573807,0,1,0,0,0.972,18,838.53,0
T0001961,C0057,low_evening_shopper,2026-02-11 18:47:00.000000000,0.5684164157664201,-0.6748303068661914,0,0,0,1,0.021,18,462.9,0
T0001190,C0033,low_evening_shopper,2026-02-11 18:56:00.000000000,1.0229041476400254,0.03935821606382044,0,0,0,1,-0.097,18,913.64,0
T0001686,C0048,low_evening_shopper,2026-02-11 19:04:00.000000000,0.484631809038152,-1.7716578912464889,0,0,0,0,2.043,19,372.6,0
T0001566,C0045,low_evening_shopper,2026-02-11 19:20:00.000000000,1.4656052324885633,2.3403213925584287,0,0,0,0,5.959,19,961.29,0
T0004238,C0123,low_evening_shopper,2026-02-11 19:24:00.000000000,0.8327488774993338,-0.5761238634155813,0,0,0,0,3.076,19,524.0,0
T0004602,C0134,mid_weekend,2026-02-11 19:27:00.000000000,0.7644624150064497,-0.37704028953875546,0,0,0,0,1.285,19,2176.67,0
T0003707,C0108,low_evening_shopper,2026-02-11 19:30:00.000000000,0.34214239097769467,-0.7345750743380699,0,0,0,0,0.939,19,361.28,0
T0002264,C0066,low_evening_shopper,2026-02-11 19:32:00.000000000,0.7230793705333691,-0.45579091110888964,0,0,0,0,1.969,19,573.2,0
T0004929,C0144,low_evening_shopper,2026-02-11 19:33:00.000000000,0.5166821512234528,-1.590349445820054,0,0,0,0,1.967,19,359.84,0
T0004498,C0131,mid_weekend,2026-02-11 19:52:00.000000000,1.1422046936773687,0.3081564275155685,0,0,0,1,-0.039,19,3272.46,0
T0005361,C0156,low_evening_shopper,2026-02-11 20:06:00.000000000,0.8869394175354,-0.5386733160023996,0,0,0,0,4.018,20,606.31,0
T0004497,C0131,mid_weekend,2026-02-11 20:48:00.000000000,0.758527582207647,-0.5213347417455174,0,0,0,0,1.053,20,2188.31,0
T0003391,C0099,low_evening_shopper,2026-02-11 20:53:00.000000000,0.986385843982888,-0.06622971380130346,0,0,0,0,1.941,20,728.68,0
T0001645,C0047,mid_weekend,2026-02-11 20:56:00.000000000,1.3342435366124652,1.5281654138280074,0,0,0,0,3.149,20,2911.31,0
T0001769,C0051,low_evening_shopper,2026-02-11 21:00:00.000000000,1.174547118052757,0.6373859833473096,0,0,0,0,0.112,21,797.29,0
T0001096,C0030,low_evening_shopper,2026-02-11 21:06:00.000000000,1.0396744590191416,0.07006905022550293,0,0,0,0,0.972,21,837.22,0
T0004331,C0126,low_evening_shopper,2026-02-11 21:14:00.000000000,0.7451202441938748,-0.3964812494803484,0,0,0,0,1.006,21,683.11,0
T0001189,C0033,low_evening_shopper,2026-02-11 21:15:00.000000000,0.449848790792912,-0.9662873327590494,0,0,0,0,1.158,21,411.64,0
T0001879,C0054,low_evening_shopper,2026-02-11 21:17:00.000000000,3.58953802269046,12.440232573877477,0,0,0,0,1.042,21,2333.13,0
T0002981,C0087,low_evening_shopper,2026-02-11 21:19:00.000000000,0.4444838450838272,-0.8755974068139735,0,0,0,0,2.019,21,431.82,0
T0005125,C0150,low_evening_shopper,2026-02-11 21:47:00.000000000,0.36119000763921194,-1.2524901707640945,0,0,0,0,5.148,21,289.34,0
T0001434,C0042,low_evening_shopper,2026-02-11 22:03:00.000000000,0.669785276101862,-0.430465665259342,0,0,0,0,1.094,22,686.7,0
T0002131,C0062,mid_weekend,2026-02-11 22:31:00.000000000,1.2291342769548679,1.1268456895183097,0,0,0,0,1.187,22,2990.04,0
T0003288,C0096,low_evening_shopper,2026-02-11 22:59:00.000000000,3.847963399435971,11.282869082879975,0,0,0,0,1.283,22,2977.93,0
T0002265,C0066,low_evening_shopper,2026-02-12 01:12:00.000000000,1.0334027960390462,0.05530350789524343,1,0,0,0,0.236,1,808.89,0
T0006407,C0115,high_business,2026-02-12 01:35:00.031987000,8.225554585282085,26.350125404483073,1,1,1,7,0.638,1,102206.81,1
T0006333,C0166,high_business,2026-02-12 02:44:00.163675788,1.866854971641339,1.9523896671354735,1,1,0,0,0.558,2,26403.07,1
T0006269,C0178,high_business,2026-02-12 07:31:00.000000000,0.8128866564949531,-0.5736671168018577,0,0,0,2,-0.182,7,10316.42,0
T0006267,C0178,high_business,2026-02-12 08:03:00.000000000,1.0420426976367891,0.12572356074328916,0,0,0,0,0.966,8,13207.07,0
T0002133,C0062,mid_weekend,2026-02-12 08:05:00.000000000,1.2366167263710617,1.1872766371126395,0,0,0,1,-0.299,8,3028.33,0
T0004603,C0134,mid_weekend,2026-02-12 08:24:00.000000000,0.6358971548664788,-0.5899952168841818,0,0,0,0,0.54,8,1785.52,0
T0003654,C0106,high_business,2026-02-12 08:58:00.000000000,0.7899027093933835,-0.42776684320826686,0,0,0,0,1.833,8,11050.74,0
T0003656,C0106,high_business,2026-02-12 09:49:00.000000000,0.8297952432798832,-0.3478255856480535,0,0,0,2,-0.188,9,11466.12,0
T0004861,C0142,high_business,2026-02-12 09:54:00.000000000,0.7315268240641134,-0.5563622304314121,0,0,0,2,-0.18,9,10171.15,0
T0005662,C0163,high_business,2026-02-12 10:32:00.000000000,0.6987695276930374,-0.5564278264757823,0,0,0,0,0.942,10,9484.39,0
T0001942,C0056,mid_weekend,2026-02-12 10:42:00.000000000,0.6778012708296959,-0.46842003214493416,0,0,0,1,-0.379,10,2584.62,0
T0002966,C0086,mid_weekend,2026-02-12 10:49:00.000000000,0.8681892682053727,-0.20299225547130034,0,0,0,0,0.908,10,2729.73,0
T0005985,C0172,high_business,2026-02-12 11:19:00.000000000,3.406683858769734,4.66688634090676,0,0,0,0,1.038,11,46463.68,0
T0002605,C0076,high_business,2026-02-12 11:20:00.000000000,0.9512879812805589,-0.07662807320010169,0,0,0,0,0.978,11,12788.93,0
T0001646,C0047,mid_weekend,2026-02-12 11:37:00.000000000,0.9010876913403671,-0.4448333825147682,0,0,0,0,0.612,11,2013.11,0
T0004859,C0142,high_business,2026-02-12 11:39:00.000000000,0.7263764567821126,-0.5656703967154322,0,0,0,0,0.988,11,10317.67,0
T0006268,C0178,high_business,2026-02-12 11:53:00.000000000,1.0141926902690979,0.042990881706120435,0,0,0,0,0.16,11,12866.96,0
T0001835,C0052,high_business,2026-02-12 11:54:00.000000000,0.6623869903195049,-0.8855314067519021,0,0,0,1,-0.013,11,9130.15,0
T0001834,C0052,high_business,2026-02-12 12:12:00.000000000,0.9271128804734244,-0.18920134464781072,0,0,0,0,0.995,12,12802.38,0
T0006151,C0176,mid_weekend,2026-02-12 12:16:00.000000000,0.9650998824388904,-0.05280659507606304,0,0,0,0,2.864,12,3318.78,0
T0003492,C0101,mid_weekend,2026-02-12 12:37:00.000000000,0.7045203819383659,-0.5919441964533312,0,0,0,0,2.078,12,2129.04,0
T0000739,C0020,mid_weekend,2026-02-12 12:38:00.000000000,1.003064315649897,0.006522091552062642,0,0,0,0,3.742,12,2732.5,0
T0001863,C0053,mid_weekend,2026-02-12 12:59:00.000000000,0.39379419580190905,-0.9596301097076373,0,0,0,0,2.194,12,1237.01,0
T0004025,C0115,high_business,2026-02-12 13:15:00.000000000,1.3287980481095196,0.9628061156000599,0,0,0,0,1.004,13,17358.22,0
T0003266,C0095,mid_weekend,2026-02-12 13:17:00.000000000,0.9908302164794586,-0.012105477998680187,0,0,0,0,0.857,13,3142.61,0
T0002022,C0059,mid_weekend,2026-02-12 13:20:00.000000000,0.6854534518175586,-0.5349060969134732,0,0,0,0,0.84,13,2318.74,0
T0000647,C0017,mid_weekend,2026-02-12 13:21:00.000000000,0.7488464662936634,-0.3682971457470721,0,0,0,0,3.018,13,2332.98,0
T0003789,C0110,mid_weekend,2026-02-12 13:45:00.000000000,1.1330525992176044,0.27937083691216313,0,0,0,0,1.026,13,3584.77,0
T0002345,C0068,mid_weekend,2026-02-12 13:47:00.000000000,1.348474126546762,1.9371832880882984,0,0,0,0,1.739,13,3489.09,0
T0000740,C0020,mid_weekend,2026-02-12 13:49:00.000000000,1.0900972927951817,0.1949521289854957,0,0,0,0,0.049,13,2969.88,0
T0001059,C0029,mid_weekend,2026-02-12 13:54:00.000000000,0.5842003082336835,-0.689054848669994,0,0,0,1,-0.093,13,1488.78,0
T0004307,C0125,mid_weekend,2026-02-12 14:01:00.000000000,1.0790272741939908,0.3663388911395125,0,0,0,0,0.925,14,2897.34,0
T0000382,C0011,mid_weekend,2026-02-12 14:11:00.000000000,0.8805678797348541,-0.16877677331357174,0,0,0,0,2.849,14,2752.97,0
T0004860,C0142,high_business,2026-02-12 14:13:00.000000000,0.6886470867955821,-0.6454700826272785,0,0,0,0,0.107,14,9682.62,0
T0003655,C0106,high_business,2026-02-12 14:19:00.000000000,0.6724723437341938,-0.6700311153538733,0,0,0,0,0.223,14,9361.92,0
T0003919,C0113,mid_weekend,2026-02-12 14:37:00.000000000,1.3423269301246807,0.9272548081749425,0,1,0,0,0.909,14,3714.04,0
T0004047,C0116,mid_weekend,2026-02-12 14:39:00.000000000,0.9054792171506382,-0.22143446598220698,0,0,0,1,-0.142,14,2483.12,0
T0002730,C0080,mid_weekend,2026-02-12 14:49:00.000000000,0.8730560922764888,-0.3513891673119547,0,0,0,0,0.967,14,2148.53,0
T0000196,C0005,mid_weekend,2026-02-12 15:06:00.000000000,0.7905821684181218,-0.4397166348928221,0,0,0,1,-0.024,15,2385.54,0
T0002132,C0062,mid_weekend,2026-02-12 15:16:00.000000000,0.8936456156767277,-0.5265368040938796,0,0,0,0,0.698,15,2200.13,0
T0005797,C0167,mid_weekend,2026-02-12 15:20:00.000000000,2.6129216610888197,3.2549956296864937,0,0,0,0,1.175,15,7109.2,0
T0000863,C0023,mid_weekend,2026-02-12 15:22:00.000000000,1.6326836861647591,0.9606151448788008,0,0,0,0,1.721,15,6383.09,0
T0006023,C0173,mid_weekend,2026-02-12 15:32:00.000000000,0.829899545354389,-0.3043040190016601,0,0,0,0,1.015,15,2583.25,0
T0003145,C0092,mid_weekend,2026-02-12 15:39:00.000000000,1.1803063771778453,0.728046046659737,0,0,0,0,1.812,15,3023.44,0
T0000195,C0005,mid_weekend,2026-02-12 15:40:00.000000000,0.5641146215166148,-0.9264509000606277,0,0,0,0,1.015,15,1728.16,0
T0004214,C0122,mid_weekend,2026-02-12 15:52:00.000000000,1.021298329939115,0.060254743436600935,0,1,0,0,0.958,15,2581.3,0
T0005225,C0152,mid_weekend,2026-02-12 15:57:00.000000000,1.040867000399579,0.20191946251123968,0,0,0,0,0.985,15,2293.37,0
T0004685,C0137,mid_weekend,2026-02-12 16:05:00.000000000,0.7389943793020627,-0.4608929635087795,0,0,0,0,1.886,16,2475.9,0
T0001058,C0029,mid_weekend,2026-02-12 16:08:00.000000000,1.2896390572387433,0.4644103626092906,0,1,0,0,3.698,16,3241.81,0
T0000197,C0005,mid_weekend,2026-02-12 16:16:00.000000000,0.9471361849086423,-0.11174859590698422,0,0,0,1,0.049,16,2837.99,0
T0004784,C0140,mid_weekend,2026-02-12 16:22:00.000000000,0.8668008307545791,-0.2361592025339589,0,0,0,0,1.974,16,2516.31,0
T0002025,C0059,mid_weekend,2026-02-12 16:48:00.000000000,0.5935286249132868,-0.6778955204967599,0,0,0,2,-0.008,16,1923.23,0
T0002024,C0059,mid_weekend,2026-02-12 17:00:00.000000000,0.3536518673556104,-1.1049932639230933,0,0,0,1,-0.09,17,1171.18,0
T0003685,C0107,mid_weekend,2026-02-12 17:06:00.000000000,0.6752105710830925,-0.48178458103552524,0,0,0,0,2.086,17,2023.13,0
T0004785,C0140,mid_weekend,2026-02-12 17:31:00.000000000,0.8756490541245525,-0.22279797933518825,0,1,0,0,0.048,17,2531.74,0
T0005466,C0158,mid_weekend,2026-02-12 17:39:00.000000000,0.52281855357808,-0.7008648294087024,0,0,0,0,1.085,17,1545.02,0
T0004046,C0116,mid_weekend,2026-02-12 18:03:00.000000000,0.6880216277543121,-0.733533360418416,0,0,0,0,2.008,18,1920.06,0
T0004308,C0125,mid_weekend,2026-02-12 18:23:00.000000000,0.6059041097718461,-1.8689032003321655,0,0,0,0,0.182,18,1632.53,0
T0003050,C0089,mid_weekend,2026-02-12 18:39:00.000000000,0.7430520111728343,-0.6414277882351337,0,0,0,0,1.308,18,2015.08,0
T0001344,C0038,mid_weekend,2026-02-12 18:40:00.000000000,0.65576632460879,-0.5107855661907262,0,1,0,0,3.186,18,2376.57,0
T0002023,C0059,mid_weekend,2026-02-12 19:10:00.000000000,0.7129874420825337,-0.4889636315949122,0,0,0,0,0.243,19,2384.79,0
T0003092,C0090,low_evening_shopper,2026-02-12 19:31:00.000000000,0.9046578606688709,-0.4153016351137232,0,0,0,0,4.088,19,628.75,0
T0005318,C0155,mid_weekend,2026-02-12 19:32:00.000000000,1.0640715750925178,0.22742827180554526,0,0,0,0,2.279,19,2918.06,0
T0004930,C0144,low_evening_shopper,2026-02-12 19:33:00.000000000,0.7813848966300003,-0.6785722334313474,0,0,0,0,1.0,19,531.04,0
T0002266,C0066,low_evening_shopper,2026-02-12 19:38:00.000000000,0.8968779305482675,-0.17481369310426395,0,0,0,0,0.768,19,703.05,0
T0001941,C0056,mid_weekend,2026-02-12 19:48:00.000000000,0.6719595901132969,-0.4757351441824514,0,0,0,0,2.119,19,2593.86,0
T0001192,C0033,low_evening_shopper,2026-02-12 19:49:00.000000000,0.8761183367641485,-0.21840782609774634,0,0,0,1,-0.091,19,774.14,0
T0001962,C0057,low_evening_shopper,2026-02-12 19:49:00.000000000,0.5926161926222635,-0.6312160969731768,0,0,0,0,1.043,19,469.59,0
T0000998,C0027,low_evening_shopper,2026-02-12 19:51:00.000000000,1.023918304847686,0.07524687395601877,0,0,0,0,2.9,19,627.53,0
T0000678,C0018,low_evening_shopper,2026-02-12 20:02:00.000000000,0.7221103259656031,-0.5006557865740207,0,0,0,0,1.943,20,608.12,0
T0003820,C0111,low_evening_shopper,2026-02-12 20:08:00.000000000,0.4585253709997674,-1.8213905761042826,0,0,0,0,3.026,20,332.1,0
T0004819,C0141,low_evening_shopper,2026-02-12 20:37:00.000000000,1.0301609051088871,0.17570008218988933,0,0,0,0,6.022,20,717.93,0
T0003708,C0108,low_evening_shopper,2026-02-12 20:37:00.000000000,0.7848966047923025,-0.233092987683403,0,0,0,0,1.047,20,789.85,0
T0000779,C0021,low_evening_shopper,2026-02-12 20:38:00.000000000,1.145999566288926,0.6739311567775874,0,0,0,0,9.917,20,840.85,0
T0005503,C0159,low_evening_shopper,2026-02-12 21:05:00.000000000,0.8085675372183504,-0.3310214755470366,0,1,0,0,3.051,21,702.27,0
T0002764,C0081,low_evening_shopper,2026-02-12 21:18:00.000000000,1.2041234666158218,0.6947980051750984,0,0,0,0,1.935,21,900.13,0
T0001836,C0052,high_business,2026-02-12 21:21:00.000000000,0.9714935894545523,-0.07436769757159978,1,0,0,0,0.394,21,13280.52,0
T0004135,C0120,low_evening_shopper,2026-02-12 21:26:00.000000000,0.8901684650152427,-0.44272327337184586,0,0,0,0,3.092,21,671.08,0
T0001302,C0036,low_evening_shopper,2026-02-12 21:43:00.000000000,0.5905938323930576,-1.5529030093121483,0,0,0,0,2.041,21,402.27,0
T0002549,C0075,low_evening_shopper,2026-02-12 21:44:00.000000000,0.9609268451548,-0.08603048102373262,0,0,0,0,1.185,21,779.76,0
T0005829,C0168,low_evening_shopper,2026-02-12 21:45:00.000000000,0.8277529578466339,-0.23266719024086333,0,0,0,0,2.064,21,760.28,0
T0003093,C0090,low_evening_shopper,2026-02-12 22:00:00.000000000,1.2346548235954355,1.0424090577618461,0,1,0,0,0.103,22,853.29,0
T0001191,C0033,low_evening_shopper,2026-02-12 22:00:00.000000000,0.7083080095138284,-0.5124927541029252,0,0,0,0,1.128,22,633.25,0
T0004066,C0117,low_evening_shopper,2026-02-12 22:20:00.000000000,0.572099451170164,-0.8564140679942899,0,0,0,0,4.028,22,513.64,0
T0003146,C0092,mid_weekend,2026-02-12 22:44:00.000000000,0.8107683174981167,-0.7778399891842489,0,0,0,0,0.295,22,2092.45,0
T0006188,C0177,low_evening_shopper,2026-02-12 23:15:00.000000000,0.884635284838326,-0.17578630572172202,0,0,0,0,2.19,23,735.64,0
T0005016,C0147,low_evening_shopper,2026-02-12 23:27:00.000000000,0.7399937439213288,-0.46725884234400605,0,0,0,0,1.238,23,710.71,0
T0004417,C0129,low_evening_shopper,2026-02-12 23:36:00.000000000,0.5377435868202762,-1.3440752765278314,0,0,0,0,1.601,23,413.65,0
T0001770,C0051,low_evening_shopper,2026-02-12 23:36:00.000000000,0.4412044593703744,-2.1581115531006763,0,0,0,0,1.108,23,305.3,0
T0005986,C0172,high_business,2026-02-13 00:00:00.000000000,1.0616511833299844,0.1010996209031543,1,0,0,0,0.528,0,15535.85,0
T0004623,C0135,low_evening_shopper,2026-02-13 03:39:00.000000000,0.6447832435233802,-0.5921982469289806,1,0,0,0,4.292,3,542.41,0
T0006274,C0178,high_business,2026-02-13 07:29:00.000000000,0.7951674078933961,-0.6309512894147175,0,0,0,4,-0.167,7,9945.27,0
T0006271,C0178,high_business,2026-02-13 08:00:00.000000000,0.5216442683863456,-1.4834989362832633,0,0,0,1,-0.053,8,6577.43,0
T0003770,C0109,high_business,2026-02-13 08:18:00.000000000,0.8253792525175859,-0.27919747428454605,0,0,0,0,2.084,8,12325.5,0
T0006270,C0178,high_business,2026-02-13 09:16:00.000000000,0.9000209031277199,-0.3076009124472799,0,0,0,0,1.073,9,11373.67,0
T0006272,C0178,high_business,2026-02-13 10:05:00.000000000,1.2435084344035718,0.7381335839468808,0,0,0,1,0.087,10,15516.4,0
T0000481,C0013,high_business,2026-02-13 10:09:00.000000000,0.9555753999989386,-0.22908948958844563,0,0,0,0,1.77,10,11571.38,0
T0003773,C0109,high_business,2026-02-13 10:48:00.000000000,0.7044715100587728,-0.4817616763100705,0,0,0,2,-0.119,10,10397.77,0
T0003791,C0110,mid_weekend,2026-02-13 11:06:00.000000000,0.6471376365101807,-0.7932851942680823,0,0,0,1,-0.128,11,2064.2,0
T0006273,C0178,high_business,2026-02-13 11:30:00.000000000,0.8643914549284999,-0.41525946414733245,0,0,0,0,0.059,11,10841.69,0
T0000198,C0005,mid_weekend,2026-02-13 11:48:00.000000000,0.8716154077576275,-0.2753518601720772,0,0,0,0,0.814,11,2607.24,0
T0002606,C0076,high_business,2026-02-13 12:10:00.000000000,0.7621477919941649,-0.3780428500617872,0,0,0,0,1.035,12,10234.82,0
T0000199,C0005,mid_weekend,2026-02-13 12:18:00.000000000,0.9041381286425172,-0.20780470003919307,0,0,0,1,0.021,12,2693.68,0
T0004215,C0122,mid_weekend,2026-02-13 12:19:00.000000000,1.404452841156919,1.163875824811217,0,0,0,0,0.852,12,3552.15,0
T0004686,C0137,mid_weekend,2026-02-13 12:23:00.000000000,0.5713539692839461,-0.7624090894422751,0,0,0,0,0.846,12,1889.27,0
T0000960,C0026,mid_weekend,2026-02-13 12:38:00.000000000,0.7932888108182959,-0.3401940738684108,0,0,0,0,1.856,12,2561.25,0
T0003922,C0113,mid_weekend,2026-02-13 12:41:00.000000000,1.2263701672246143,0.6331832710335363,0,0,0,2,-0.169,12,3405.99,0
T0004984,C0146,mid_weekend,2026-02-13 12:58:00.000000000,1.1678086595169244,0.5768733791504683,0,0,0,0,2.685,12,2957.03,0
T0002026,C0059,mid_weekend,2026-02-13 13:01:00.000000000,0.8067322462188782,-0.32098514943636103,0,1,0,0,0.842,13,2579.8,0
T0002460,C0071,mid_weekend,2026-02-13 13:02:00.000000000,0.7051017252864242,-1.6912088327958485,0,0,0,0,1.835,13,1838.22,0
T0004026,C0115,high_business,2026-02-13 13:16:00.000000000,0.7851564960485786,-0.6349035335001718,0,0,0,0,1.001,13,10338.83,0
T0003771,C0109,high_business,2026-02-13 13:18:00.000000000,0.8060058155665305,-0.3122375340160615,0,0,0,0,0.208,13,11988.42,0
T0003772,C0109,high_business,2026-02-13 13:40:00.000000000,0.8444772335441076,-0.2517816450035308,0,0,0,1,0.015,13,12506.49,0
T0005926,C0170,mid_weekend,2026-02-13 13:41:00.000000000,0.8873862972693076,-0.2192358124972025,0,0,0,0,2.106,13,2318.75,0
T0005987,C0172,high_business,2026-02-13 13:56:00.000000000,1.232946215131133,0.3883897573245643,0,0,0,0,0.581,13,18075.24,0
T0003686,C0107,mid_weekend,2026-02-13 13:59:00.000000000,0.7313862540277704,-0.39964542493414296,0,0,0,0,0.87,13,2160.5,0
T0002134,C0062,mid_weekend,2026-02-13 14:09:00.000000000,2.1751740405394204,5.915094653115422,0,0,0,0,1.253,14,5386.77,0
T0003790,C0110,mid_weekend,2026-02-13 14:10:00.000000000,0.997957959955635,-0.004454266721623687,0,0,0,0,1.017,14,3183.61,0
T0002241,C0065,mid_weekend,2026-02-13 14:12:00.000000000,0.7559903507113086,-0.37747163799036504,0,0,0,0,2.903,14,2771.2,0
T0004862,C0142,high_business,2026-02-13 14:17:00.000000000,1.1748795924249162,0.3634720898938797,0,0,0,0,1.183,14,16184.31,0
T0002027,C0059,mid_weekend,2026-02-13 14:19:00.000000000,0.7181238922771078,-0.4720075989916875,0,0,0,0,0.054,14,2282.58,0
T0001837,C0052,high_business,2026-02-13 14:25:00.000000000,0.9845207016140249,-0.040841560826820826,0,1,0,0,0.711,14,13449.46,0
T0003268,C0095,mid_weekend,2026-02-13 14:49:00.000000000,0.927425486199945,-0.09739062584288369,0,0,0,1,-0.01,14,2921.05,0
T0003267,C0095,mid_weekend,2026-02-13 15:04:00.000000000,0.7242496495699374,-0.36858381282563407,0,0,0,0,1.074,15,2296.57,0
T0004500,C0131,mid_weekend,2026-02-13 15:05:00.000000000,1.030188019361474,0.06761828954923939,0,0,0,1,-0.026,15,2982.7,0
T0003920,C0113,mid_weekend,2026-02-13 15:14:00.000000000,0.8015965076714289,-0.5445845161572044,0,0,0,0,1.026,15,2241.64,0
T0001752,C0050,mid_weekend,2026-02-13 15:17:00.000000000,1.1493771263335029,0.8007346000986028,0,0,0,0,2.009,15,3186.55,0
T0000522,C0014,mid_weekend,2026-02-13 15:32:00.000000000,1.2205962274540947,0.5310599561525156,0,0,0,0,2.015,15,3284.75,0
T0002824,C0083,mid_weekend,2026-02-13 15:34:00.000000000,1.1979969510674298,0.9862898714514604,0,0,0,0,1.994,15,3170.78,0
T0001346,C0038,mid_weekend,2026-02-13 15:37:00.000000000,1.191044309266918,0.2894795450572726,0,0,0,1,-0.129,15,4117.45,0
T0004499,C0131,mid_weekend,2026-02-13 15:42:00.000000000,1.2436906918512078,0.5369743917581773,0,0,0,0,1.826,15,3577.29,0
T0002028,C0059,mid_weekend,2026-02-13 15:49:00.000000000,1.0261104020033376,0.043873231957872,0,0,0,0,0.062,15,3233.66,0
T0005467,C0158,mid_weekend,2026-02-13 16:16:00.000000000,0.7077554471445183,-0.42570118719472483,0,1,0,0,0.942,16,2053.15,0
T0000741,C0020,mid_weekend,2026-02-13 16:18:00.000000000,0.9853903653068043,-0.03218941194488061,0,0,0,0,1.103,16,2692.18,0
T0003921,C0113,mid_weekend,2026-02-13 16:44:00.000000000,0.9711918925839763,-0.07946043415028103,0,0,0,0,0.062,16,2699.57,0
T0001943,C0056,mid_weekend,2026-02-13 16:48:00.000000000,0.7022018544309564,-0.4341195148381319,0,0,0,0,1.254,16,2646.86,0
T0004985,C0146,mid_weekend,2026-02-13 17:04:00.000000000,0.9528681118127728,-0.1649032144505222,0,0,0,0,0.171,17,2426.74,0
T0001647,C0047,mid_weekend,2026-02-13 17:04:00.000000000,1.1152754866043648,0.5295981882114642,0,0,0,0,1.227,17,2475.2,0
T0001864,C0053,mid_weekend,2026-02-13 17:06:00.000000000,3.5997092818296297,4.028296652584123,0,0,0,0,1.172,17,11043.97,0
T0003166,C0093,low_evening_shopper,2026-02-13 17:28:00.000000000,1.098495238910914,0.5143029145877088,0,0,0,0,4.016,17,682.11,0
T0003709,C0108,low_evening_shopper,2026-02-13 17:57:00.000000000,0.9745785691944989,-0.028054688943995734,0,1,0,0,0.889,17,966.66,0
T0004604,C0134,mid_weekend,2026-02-13 17:57:00.000000000,0.8346227868460748,-0.2675948197353127,0,0,0,0,1.398,17,2296.11,0
T0000010,C0000,low_evening_shopper,2026-02-13 18:18:00.000000000,0.5924629550499988,-0.6421089535231214,0,0,0,0,3.906,18,534.5,0
T0001060,C0029,mid_weekend,2026-02-13 18:23:00.000000000,1.1409923027749211,0.23213651718320935,0,0,0,0,1.187,18,2852.75,0
T0004332,C0126,low_evening_shopper,2026-02-13 18:23:00.000000000,0.7725510319035656,-0.35697614062692,0,0,0,0,1.881,18,699.23,0
T0006395,C0123,low_evening_shopper,2026-02-13 18:39:00.798344412,2.3953726240850512,4.858575921488903,0,0,1,5,1.969,18,1492.44,1
T0001345,C0038,mid_weekend,2026-02-13 18:43:00.000000000,0.766816889800805,-0.34726869419434775,0,0,0,0,1.002,18,2699.31,0
T0002982,C0087,low_evening_shopper,2026-02-13 18:57:00.000000000,0.8852973480963816,-0.17577181686710378,0,0,0,0,1.901,18,828.23,0
T0002053,C0060,low_evening_shopper,2026-02-13 19:03:00.000000000,0.767493741736437,-0.7118493814308371,0,0,0,0,6.914,19,562.93,0
T0000679,C0018,low_evening_shopper,2026-02-13 19:06:00.000000000,0.845514083154339,-0.27984191133111563,0,0,0,0,0.961,19,702.15,0
T0001687,C0048,low_evening_shopper,2026-02-13 19:15:00.000000000,2.389514608419651,4.4057264323480725,0,0,0,0,2.008,19,1784.53,0
T0003147,C0092,mid_weekend,2026-02-13 19:20:00.000000000,1.0400095318952742,0.16460074300875707,0,0,0,0,0.858,19,2663.76,0
T0000648,C0017,mid_weekend,2026-02-13 19:36:00.000000000,0.5233402275398924,-0.7024329070877312,0,0,0,0,1.26,19,1619.65,0
T0001268,C0035,mid_weekend,2026-02-13 20:00:00.000000000,0.8303063588544185,-0.36554648729896644,0,0,0,0,2.18,20,2234.19,0
T0000108,C0003,low_evening_shopper,2026-02-13 20:02:00.000000000,0.7320708172446051,-0.5344211846688044,0,0,0,0,2.924,20,745.52,0
T0005705,C0165,low_evening_shopper,2026-02-13 20:22:00.000000000,1.1507234366060157,0.6102107268376992,0,0,0,0,3.942,20,773.65,0
T0003948,C0114,low_evening_shopper,2026-02-13 20:34:00.000000000,0.6712323019897061,-1.9802045905070258,0,0,0,0,9.962,20,491.65,0
T0006058,C0174,low_evening_shopper,2026-02-13 21:08:00.000000000,0.7699158100114847,-0.2863508122084103,0,0,0,0,3.054,21,660.18,0
T0001880,C0054,low_evening_shopper,2026-02-13 21:17:00.000000000,0.580726253821751,-0.6861260834939289,0,0,0,0,2.0,21,458.91,0
T0005942,C0171,low_evening_shopper,2026-02-13 21:23:00.000000000,1.0212176568221563,0.07608926179350596,0,0,0,0,3.033,21,709.76,0
T0002645,C0078,low_evening_shopper,2026-02-13 21:32:00.000000000,0.4782394324890095,-0.6183675881375209,0,0,0,0,5.116,21,461.89,0
T0002487,C0072,low_evening_shopper,2026-02-13 21:34:00.000000000,0.9655425990546858,-0.14586778492192112,0,0,0,0,4.031,21,704.81,0
T0005362,C0156,low_evening_shopper,2026-02-13 21:41:00.000000000,1.1169635291956665,0.564835555731914,0,0,0,0,2.066,21,759.01,0
T0000780,C0021,low_evening_shopper,2026-02-13 21:52:00.000000000,5.428917244170778,20.975609375772944,0,0,0,0,1.051,21,4017.56,0
T0001963,C0057,low_evening_shopper,2026-02-13 22:05:00.000000000,0.809264738493634,-0.29390372542833293,0,0,0,0,1.094,22,625.9,0
T0003392,C0099,low_evening_shopper,2026-02-13 22:28:00.000000000,1.4126595553385872,2.071281892187179,0,0,0,0,2.066,22,1042.7,0
T0001771,C0051,low_evening_shopper,2026-02-13 22:46:00.000000000,1.3303129433284788,1.0486330814328781,0,0,0,0,0.965,22,869.1,0
T0000541,C0015,low_evening_shopper,2026-02-13 23:07:00.000000000,0.7772647986509575,-0.3606814938277757,0,0,0,0,5.102,23,711.09,0
T0004067,C0117,low_evening_shopper,2026-02-13 23:24:00.000000000,0.9948289000479325,-0.010182275985555315,0,0,0,0,1.044,23,870.69,0
T0003094,C0090,low_evening_shopper,2026-02-13 23:29:00.000000000,1.2946645295482269,1.3250893438119757,0,0,0,0,1.062,23,906.42,0
T0004239,C0123,low_evening_shopper,2026-02-13 23:55:00.000000000,1.5404070248423583,1.8816530136495417,0,0,0,0,2.188,23,959.76,0
T0006418,C0050,mid_weekend,2026-02-14 04:35:00.912745821,8.698475007673522,41.98817330684994,1,1,1,4,0.554,4,24295.88,1
T0006024,C0173,mid_weekend,2026-02-14 07:31:00.000000000,1.1925803541762783,0.34916673411920096,0,0,0,0,1.666,7,3683.48,0
T0002825,C0083,mid_weekend,2026-02-14 08:49:00.000000000,1.0266187801651072,0.1346088362907222,0,0,0,0,0.719,8,2750.81,0
T0000482,C0013,high_business,2026-02-14 08:51:00.000000000,1.336273101460376,1.754663466222022,0,0,0,0,0.946,8,16161.94,0
T0002029,C0059,mid_weekend,2026-02-14 09:06:00.000000000,0.32706879282713247,-1.1485775523238801,0,1,0,0,0.72,9,1031.51,0
T0003657,C0106,high_business,2026-02-14 10:19:00.000000000,3.510518932426379,5.161839244991448,0,0,0,0,2.021,10,48324.92,0
T0003687,C0107,mid_weekend,2026-02-14 10:29:00.000000000,0.8384149219221313,-0.2420255067227932,0,0,0,0,0.854,10,2448.95,0
T0004863,C0142,high_business,2026-02-14 10:30:00.000000000,0.8000257899325669,-0.4242654692589439,0,0,0,0,0.842,10,11084.83,0
T0004027,C0115,high_business,2026-02-14 10:32:00.000000000,0.6899572251834033,-0.9182023928999409,0,0,0,0,0.886,10,9038.79,0
T0000483,C0013,high_business,2026-02-14 10:43:00.000000000,0.9940427540770858,-0.03056660150101649,0,0,0,0,0.078,10,12129.13,0
T0000383,C0011,mid_weekend,2026-02-14 11:00:00.000000000,0.9941045275327497,-0.008509173447655526,0,0,0,0,1.867,11,3087.3,0
T0000864,C0023,mid_weekend,2026-02-14 11:32:00.000000000,0.4898595138685359,-0.798997341418306,0,0,0,0,1.84,11,1970.22,0
T0004864,C0142,high_business,2026-02-14 11:52:00.000000000,1.0746752455629067,0.15954850707964258,0,1,0,0,0.057,11,14794.2,0
T0002242,C0065,mid_weekend,2026-02-14 11:52:00.000000000,0.5400744468107854,-0.7156292390300114,0,0,0,0,0.903,11,1965.09,0
T0004688,C0137,mid_weekend,2026-02-14 12:12:00.000000000,0.972550313790775,-0.04888046600548958,0,0,0,1,-0.003,12,3121.09,0
T0004687,C0137,mid_weekend,2026-02-14 12:16:00.000000000,0.796427285090857,-0.35852399868005974,0,0,0,0,0.995,12,2579.75,0
T0002030,C0059,mid_weekend,2026-02-14 12:16:00.000000000,0.6356835385814199,-0.6074316169652906,0,0,0,0,0.132,12,1966.27,0
T0001753,C0050,mid_weekend,2026-02-14 12:25:00.000000000,0.7488433627745676,-1.3698302790385741,0,0,0,0,0.881,12,2091.61,0
T0005226,C0152,mid_weekend,2026-02-14 12:32:00.000000000,0.6031661468115914,-1.996827830591426,0,0,0,0,1.858,12,1330.85,0
T0005761,C0166,high_business,2026-02-14 12:37:00.000000000,1.0048618276741468,0.010950138570213883,0,0,0,0,2.97,12,14211.84,0
T0002032,C0059,mid_weekend,2026-02-14 12:38:00.000000000,0.7731530090486475,-0.3787587677836663,0,0,0,2,-0.084,12,2348.61,0
T0000484,C0013,high_business,2026-02-14 12:43:00.000000000,0.9358947223004073,-0.3331688362198558,0,0,0,0,0.083,12,11417.87,0
T0004309,C0125,mid_weekend,2026-02-14 13:07:00.000000000,0.9424809840705176,-0.2560610899958612,0,0,0,0,1.781,13,2497.69,0
T0005988,C0172,high_business,2026-02-14 13:24:00.000000000,0.9387430320718335,-0.10409004917374858,0,0,0,0,0.978,13,13853.76,0
T0005320,C0155,mid_weekend,2026-02-14 13:50:00.000000000,0.7950289214402627,-0.718599820775182,0,0,0,1,-0.157,13,2148.11,0
T0005227,C0152,mid_weekend,2026-02-14 14:17:00.000000000,1.0717416685392323,0.3403957073807948,0,1,0,0,0.073,14,2333.45,0
T0004889,C0143,mid_weekend,2026-02-14 14:27:00.000000000,1.0152327342718357,0.027755454874033886,0,0,0,0,3.03,14,2934.65,0
T0002031,C0059,mid_weekend,2026-02-14 14:39:00.000000000,0.708013852654693,-0.48625759491263676,0,0,0,0,0.099,14,2167.84,0
T0005927,C0170,mid_weekend,2026-02-14 14:48:00.000000000,0.8023671931703389,-0.39031008301124226,0,0,0,0,1.047,14,2087.51,0
T0000201,C0005,mid_weekend,2026-02-14 15:23:00.000000000,0.9579526440351243,-0.09279987133443288,0,0,0,1,-0.158,15,2828.88,0
T0002461,C0071,mid_weekend,2026-02-14 15:34:00.000000000,1.0090865241241618,0.049391047478513125,0,0,0,0,1.106,15,2593.78,0
T0000523,C0014,mid_weekend,2026-02-14 15:39:00.000000000,0.9293805628178378,-0.17265091025869314,0,0,0,0,1.005,15,2515.58,0
T0005799,C0167,mid_weekend,2026-02-14 15:47:00.000000000,0.638885295965132,-0.6822864939877261,0,0,0,1,-0.185,15,1831.04,0
T0001649,C0047,mid_weekend,2026-02-14 15:49:00.000000000,1.3310568143216497,1.6071788422546422,0,0,0,1,-0.071,15,2964.86,0
T0005468,C0158,mid_weekend,2026-02-14 16:02:00.000000000,0.9793084844906772,-0.03028077381445999,0,0,0,0,0.99,16,2810.16,0
T0006025,C0173,mid_weekend,2026-02-14 16:04:00.000000000,0.7172234751989301,-0.527217769457904,0,0,0,0,0.356,16,2233.81,0
T0004501,C0131,mid_weekend,2026-02-14 16:28:00.000000000,0.76464953325095,-0.5346312139917275,0,0,0,0,1.058,16,2215.65,0
T0001522,C0044,mid_weekend,2026-02-14 16:37:00.000000000,1.1690346597694228,0.33409054817717315,0,0,0,0,3.026,16,3271.13,0
T0003493,C0101,mid_weekend,2026-02-14 17:01:00.000000000,0.7080911108498759,-0.5854916691295707,0,0,0,0,2.183,17,2119.43,0
T0002135,C0062,mid_weekend,2026-02-14 17:02:00.000000000,1.096995150869263,0.32706183387061427,0,0,0,0,1.12,17,2861.8,0
T0001648,C0047,mid_weekend,2026-02-14 17:31:00.000000000,0.9399052411362948,-0.2847112985890324,0,0,0,0,1.019,17,2101.01,0
T0003792,C0110,mid_weekend,2026-02-14 17:35:00.000000000,0.6263856639709747,-0.8329119057702569,0,0,0,0,1.27,17,1958.84,0
T0005319,C0155,mid_weekend,2026-02-14 17:36:00.000000000,0.6097298905070936,-1.4220924643544934,0,0,0,0,1.919,17,1677.19,0
T0001062,C0029,mid_weekend,2026-02-14 17:47:00.000000000,1.0764957002291307,0.1305375515509944,0,0,0,1,0.0,17,2682.26,0
T0001061,C0029,mid_weekend,2026-02-14 17:47:00.000000000,0.7719224869466595,-0.38585939882966297,0,0,0,0,0.975,17,1941.82,0
T0005126,C0150,low_evening_shopper,2026-02-14 18:01:00.000000000,0.8496585205195551,-0.2812822074512244,0,0,0,0,2.843,18,657.74,0
T0001650,C0047,mid_weekend,2026-02-14 18:14:00.000000000,1.2184047493427437,1.0390398573472857,0,1,0,1,0.101,18,2763.84,0
T0000442,C0012,low_evening_shopper,2026-02-14 18:16:00.000000000,0.8672668415470854,-0.18868712200729143,0,0,0,0,4.882,18,746.19,0
T0002154,C0063,low_evening_shopper,2026-02-14 18:23:00.000000000,0.6413147732532114,-0.7090365642777606,0,0,0,0,4.922,18,575.68,0
T0005246,C0153,low_evening_shopper,2026-02-14 18:32:00.000000000,0.8113566073614301,-0.8095374296524217,0,0,0,0,4.081,18,546.37,0
T0000200,C0005,mid_weekend,2026-02-14 19:10:00.000000000,0.7988087514959071,-0.44131952591304335,0,0,0,0,1.286,19,2372.96,0
T0001865,C0053,mid_weekend,2026-02-14 19:15:00.000000000,0.6653293230627078,-0.45786418417776453,0,0,0,0,1.09,19,2237.78,0
T0000223,C0006,low_evening_shopper,2026-02-14 19:18:00.000000000,0.8583556072278032,-0.6205133126089459,0,0,0,0,3.946,19,649.49,0
T0004931,C0144,low_evening_shopper,2026-02-14 19:19:00.000000000,1.2469828659855657,0.7689935907214531,0,0,0,0,1.99,19,838.64,0
T0001688,C0048,low_evening_shopper,2026-02-14 19:21:00.000000000,0.9478733391207904,-0.12816232920218523,0,1,0,0,1.004,19,759.66,0
T0001567,C0045,low_evening_shopper,2026-02-14 19:29:00.000000000,0.8585490190784049,-0.6571740950823908,0,0,0,0,3.006,19,577.69,0
T0002983,C0087,low_evening_shopper,2026-02-14 19:32:00.000000000,0.6875576995308874,-0.490474501154456,0,0,0,0,1.024,19,638.62,0
T0004418,C0129,low_evening_shopper,2026-02-14 19:40:00.000000000,3.410720361678704,6.7721024029489305,0,0,0,0,1.836,19,2573.09,0
T0005598,C0162,low_evening_shopper,2026-02-14 19:43:00.000000000,1.0496408294018227,0.13496582257567197,0,1,0,0,4.053,19,869.21,0
T0000649,C0017,mid_weekend,2026-02-14 19:43:00.000000000,0.8782764917691455,-0.1783777240802455,0,0,0,0,1.005,19,2684.91,0
T0003360,C0098,mid_weekend,2026-02-14 19:47:00.000000000,0.8157106204523469,-0.4722031685247907,0,0,0,0,5.092,19,2332.18,0
T0002826,C0083,mid_weekend,2026-02-14 20:01:00.000000000,0.7537062737545521,-1.2851428539740088,0,0,0,0,0.467,20,2022.71,0
T0000296,C0009,low_evening_shopper,2026-02-14 20:04:00.000000000,0.9994672063081514,-0.0036239014599848862,0,0,0,0,5.96,20,645.1,0
T0006059,C0174,low_evening_shopper,2026-02-14 20:06:00.000000000,0.7790395770706966,-0.2802763971450274,0,0,0,0,0.957,20,656.18,0
T0002765,C0081,low_evening_shopper,2026-02-14 20:11:00.000000000,0.8672863300080402,-0.47231998961210797,0,0,0,0,1.953,20,660.36,0
T0005798,C0167,mid_weekend,2026-02-14 20:14:00.000000000,0.9884455814346536,-0.021483973757003203,0,0,0,0,2.204,20,2833.94,0
T0000109,C0003,low_evening_shopper,2026-02-14 20:24:00.000000000,0.4948135429154469,-1.014784429735661,0,0,0,0,1.015,20,494.9,0
T0004986,C0146,mid_weekend,2026-02-14 20:30:00.000000000,1.2222465777782834,0.7892805705239843,0,0,0,0,1.143,20,3107.9,0
T0005363,C0156,low_evening_shopper,2026-02-14 20:30:00.000000000,1.1831735539568595,0.9056666567254462,0,0,0,0,0.951,20,808.7,0
T0001435,C0042,low_evening_shopper,2026-02-14 20:31:00.000000000,0.49534620945094293,-0.6626271633739338,0,0,0,0,2.936,20,494.96,0
T0000999,C0027,low_evening_shopper,2026-02-14 21:00:00.000000000,1.22130200561886,0.7199953407941028,0,0,0,0,2.048,21,749.62,0
T0002646,C0078,low_evening_shopper,2026-02-14 21:18:00.000000000,0.9094951784369076,-0.10561928374090968,0,0,0,0,0.99,21,843.14,0
T0000680,C0018,low_evening_shopper,2026-02-14 21:19:00.000000000,0.9515573175482467,-0.0890905726351628,0,1,0,0,1.092,21,784.4,0
T0002550,C0075,low_evening_shopper,2026-02-14 21:46:00.000000000,0.7384917587002876,-0.5942935094649074,0,0,0,0,2.001,21,597.7,0
T0004028,C0115,high_business,2026-02-14 21:53:00.000000000,1.2344070511051441,0.6906180828858582,1,0,0,0,0.473,21,16054.75,0
T0003511,C0102,low_evening_shopper,2026-02-14 22:15:00.000000000,0.7301881979497302,-0.47514393963971524,0,0,0,0,4.218,22,704.67,0
T0002054,C0060,low_evening_shopper,2026-02-14 22:40:00.000000000,1.0399439937163324,0.12309928459341066,0,0,0,0,1.151,22,740.6,0
T0005830,C0168,low_evening_shopper,2026-02-14 22:45:00.000000000,0.6118366762872353,-0.5321776098003937,0,0,0,0,2.042,22,557.36,0
T0004240,C0123,low_evening_shopper,2026-02-14 22:48:00.000000000,0.7766501112574533,-0.7534770318170706,0,0,0,0,0.953,22,498.42,0
T0000781,C0021,low_evening_shopper,2026-02-14 23:49:00.000000000,0.8478498585232177,-0.18316891813486366,0,0,0,0,1.081,23,781.82,0
T0005762,C0166,high_business,2026-02-15 07:40:00.000000000,1.7903951925402588,1.8009590900233952,0,0,0,0,0.794,7,25324.49,0
T0006026,C0173,mid_weekend,2026-02-15 08:17:00.000000000,0.7551144601307814,-0.4582512651195874,0,0,0,0,0.676,8,2324.11,0
T0000080,C0002,mid_weekend,2026-02-15 10:07:00.000000000,0.9295775571113664,-0.12231228463440141,0,0,0,0,4.548,10,2809.25,0
T0005471,C0158,mid_weekend,2026-02-15 10:14:00.000000000,0.8214765652141444,-0.26622931117657406,0,0,0,2,-0.024,10,2309.78,0
T0006275,C0178,high_business,2026-02-15 10:25:00.000000000,1.003661584561455,0.01130230213629307,0,0,0,0,2.122,10,12500.46,0
T0005470,C0158,mid_weekend,2026-02-15 10:48:00.000000000,0.4032392423243161,-0.9048407033858032,0,0,0,1,-0.046,10,1156.82,0
T0005763,C0166,high_business,2026-02-15 11:52:00.000000000,0.8543774847147566,-0.32977440393292673,0,0,0,0,0.175,11,12297.12,0
T0005469,C0158,mid_weekend,2026-02-15 11:54:00.000000000,1.0141308978850185,0.021043278082725055,0,0,0,0,0.828,11,2907.93,0
T0001063,C0029,mid_weekend,2026-02-15 11:54:00.000000000,1.3944640596656734,0.6888888276598775,0,0,0,0,0.755,11,3485.16,0
T0001944,C0056,mid_weekend,2026-02-15 11:56:00.000000000,0.8051049408590544,-0.2852454717988245,0,0,0,0,1.797,11,3003.57,0
T0004310,C0125,mid_weekend,2026-02-15 13:02:00.000000000,0.8172911046513798,-0.8271553715974922,0,0,0,0,0.997,13,2160.94,0
T0001866,C0053,mid_weekend,2026-02-15 13:07:00.000000000,0.4837342765789567,-0.7080232115483562,0,0,0,0,0.744,13,1607.56,0
T0005228,C0152,mid_weekend,2026-02-15 13:14:00.000000000,1.4185119686858112,2.0194564196111324,0,0,0,0,0.956,13,3095.6,0
T0004690,C0137,mid_weekend,2026-02-15 13:46:00.000000000,0.9947944625704075,-0.009591367435174858,0,0,0,1,-0.04,13,3168.05,0
T0005989,C0172,high_business,2026-02-15 13:54:00.000000000,1.018499246400536,0.03182145411187458,0,0,0,0,1.021,13,15005.2,0
T0005099,C0149,mid_weekend,2026-02-15 13:59:00.000000000,0.8160018472106035,-0.26913156233509467,0,0,0,0,3.962,13,2816.59,0
T0001066,C0029,mid_weekend,2026-02-15 14:08:00.000000000,0.781820762590574,-0.383156083786386,0,0,0,2,-0.079,14,1927.74,0
T0002827,C0083,mid_weekend,2026-02-15 14:21:00.000000000,1.1863896479795986,0.944681788236246,0,0,0,0,0.764,14,3140.33,0
T0003361,C0098,mid_weekend,2026-02-15 14:37:00.000000000,1.004835961416864,0.012468496260287123,0,0,0,0,0.785,14,2857.33,0
T0002731,C0080,mid_weekend,2026-02-15 14:42:00.000000000,1.1514841273476606,0.42497932985753095,0,0,0,0,2.995,14,2818.73,0
T0004689,C0137,mid_weekend,2026-02-15 14:43:00.000000000,0.8448346346533371,-0.2821656468558288,0,0,0,0,1.105,14,2707.99,0
T0004502,C0131,mid_weekend,2026-02-15 15:01:00.000000000,0.749545644996756,-0.5708130968101301,0,0,0,0,0.94,15,2158.77,0
T0001065,C0029,mid_weekend,2026-02-15 16:02:00.000000000,0.9349220443662869,-0.11251431929166159,0,0,0,1,-0.037,16,2310.61,0
T0002732,C0080,mid_weekend,2026-02-15 16:05:00.000000000,1.166500275472653,0.47790384982687734,0,0,0,0,0.058,16,2872.79,0
T0003923,C0113,mid_weekend,2026-02-15 16:53:00.000000000,1.3294432640588276,0.9356469964369358,0,0,0,0,2.175,16,3716.14,0
T0001064,C0029,mid_weekend,2026-02-15 16:55:00.000000000,0.3002535237475026,-1.2537496527286127,0,0,0,0,0.209,16,761.8,0
T0006152,C0176,mid_weekend,2026-02-15 16:55:00.000000000,0.8160154716935493,-0.28419035465252945,0,0,0,0,3.194,16,2801.85,0
T0002462,C0071,mid_weekend,2026-02-15 17:08:00.000000000,1.2435193069008188,1.3553167468049176,0,0,0,0,1.065,17,3197.69,0
T0001754,C0050,mid_weekend,2026-02-15 17:10:00.000000000,0.7908623210771573,-1.1064686341482532,0,0,0,0,1.198,17,2182.55,0
T0005321,C0155,mid_weekend,2026-02-15 17:40:00.000000000,1.9889708067189822,3.4747335687087615,0,0,0,0,1.16,17,5326.15,0
T0000110,C0003,low_evening_shopper,2026-02-15 17:52:00.000000000,0.7281018260878969,-0.5294982116815738,0,0,0,0,0.894,17,705.24,0
T0000865,C0023,mid_weekend,2026-02-15 17:56:00.000000000,0.6676694558316297,-0.5133247384777192,0,0,0,0,1.267,17,2625.81,0
T0004048,C0116,mid_weekend,2026-02-15 17:58:00.000000000,0.6303152943082833,-0.8842281993222298,0,0,0,0,3.138,17,1719.93,0
T0002378,C0069,low_evening_shopper,2026-02-15 18:00:00.000000000,0.8267424954015778,-0.2852895487840711,0,0,0,0,5.763,18,765.45,0
T0006153,C0176,mid_weekend,2026-02-15 18:01:00.000000000,1.0553412414066499,0.08650614938191492,0,0,0,0,0.046,18,3595.82,0
T0000384,C0011,mid_weekend,2026-02-15 18:15:00.000000000,0.7262204686920515,-0.40585853140624506,0,0,0,0,1.302,18,2254.66,0
T0003822,C0111,low_evening_shopper,2026-02-15 18:32:00.000000000,0.8601101418204221,-0.42531182809652995,0,1,0,1,-0.007,18,587.9,0
T0003570,C0104,mid_weekend,2026-02-15 18:39:00.000000000,1.018008530751008,0.08260392562347318,0,0,0,0,10.023,18,2656.01,0
T0003821,C0111,low_evening_shopper,2026-02-15 18:42:00.000000000,0.9750173215940967,-0.07260313751148328,0,0,0,0,2.94,18,667.95,0
T0001945,C0056,mid_weekend,2026-02-15 18:51:00.000000000,0.8021124858279145,-0.292266614808757,0,0,0,0,0.288,18,2972.97,0
T0005504,C0159,low_evening_shopper,2026-02-15 18:52:00.000000000,0.7665896082635754,-0.4129497350751534,0,0,0,0,2.908,18,655.19,0
T0004334,C0126,low_evening_shopper,2026-02-15 19:02:00.000000000,0.5221016866105905,-0.774825143556368,0,0,0,1,-0.074,19,466.87,0
T0004932,C0144,low_evening_shopper,2026-02-15 19:08:00.000000000,2.6182585640687788,5.146289083790085,0,0,0,0,0.992,19,1780.64,0
T0004136,C0120,low_evening_shopper,2026-02-15 19:09:00.000000000,1.3695126893468417,1.5229562886261552,0,0,0,0,2.905,19,1024.34,0
T0005706,C0165,low_evening_shopper,2026-02-15 19:19:00.000000000,1.0155716736328806,0.06465350015988666,0,0,0,0,1.956,19,688.2,0
T0004068,C0117,low_evening_shopper,2026-02-15 19:30:00.000000000,0.928766439654717,-0.14428870678582242,0,0,0,0,1.837,19,812.64,0
T0003601,C0105,low_evening_shopper,2026-02-15 19:33:00.000000000,1.0354655319288963,0.13163862536481316,0,0,0,0,5.002,19,707.03,0
T0000202,C0005,mid_weekend,2026-02-15 19:37:00.000000000,0.45407115588935526,-1.2208542220638001,0,0,0,0,1.176,19,1339.28,0
T0003710,C0108,low_evening_shopper,2026-02-15 19:41:00.000000000,0.45159685792731236,-0.6240487376945486,0,0,0,0,2.072,19,447.22,0
T0000524,C0014,mid_weekend,2026-02-15 19:43:00.000000000,1.222934338046876,0.550946049182083,0,0,0,0,1.169,19,3304.15,0
T0004137,C0120,low_evening_shopper,2026-02-15 19:51:00.000000000,0.7907819792066854,-0.851112328822825,0,0,0,1,0.029,19,606.04,0
T0000297,C0009,low_evening_shopper,2026-02-15 19:58:00.000000000,2.260012524152449,8.870705534386978,0,0,0,0,0.996,19,1458.67,0
T0005943,C0171,low_evening_shopper,2026-02-15 19:59:00.000000000,1.0219715064049462,0.08165776312516827,0,0,0,0,1.942,19,711.29,0
T0000782,C0021,low_evening_shopper,2026-02-15 20:00:00.000000000,1.1033378877585613,0.12667900765842488,0,0,0,0,0.841,20,1009.26,0
T0006338,C0150,low_evening_shopper,2026-02-15 20:08:00.873966969,2.4863165490971535,2.826051493577384,0,1,1,0,1.088,20,1910.26,1
T0005017,C0147,low_evening_shopper,2026-02-15 20:19:00.000000000,0.7168923220131594,-0.515217921859598,0,0,0,0,2.869,20,673.6,0
T0004241,C0123,low_evening_shopper,2026-02-15 20:25:00.000000000,4.427494755317535,11.568385178590816,0,0,0,0,0.901,20,2807.99,0
T0003512,C0102,low_evening_shopper,2026-02-15 20:30:00.000000000,0.4497901751518198,-0.9769634907516451,0,0,0,0,0.927,20,426.75,0
T0002379,C0069,low_evening_shopper,2026-02-15 20:36:00.000000000,0.8068558937548342,-0.32559225945192394,0,0,0,0,0.108,20,737.08,0
T0001303,C0036,low_evening_shopper,2026-02-15 20:40:00.000000000,1.1942449239780928,0.6912131304531541,0,0,0,0,2.956,20,792.62,0
T0005364,C0156,low_evening_shopper,2026-02-15 20:41:00.000000000,0.4565908738190833,-2.7244502305138374,0,0,0,0,1.008,20,314.8,0
T0003688,C0107,mid_weekend,2026-02-15 20:45:00.000000000,0.9316752026355553,-0.10365214594790788,0,0,0,0,1.428,20,2703.76,0
T0004333,C0126,low_evening_shopper,2026-02-15 20:48:00.000000000,0.9735328419994269,-0.04197725252180494,0,0,0,0,2.101,20,871.6,0
T0001568,C0045,low_evening_shopper,2026-02-15 20:52:00.000000000,1.0807364320417086,0.37823234239716835,0,0,0,0,1.058,20,721.77,0
T0002267,C0066,low_evening_shopper,2026-02-15 20:59:00.000000000,1.1461564240634883,0.25184714945798325,0,0,0,0,3.056,20,894.59,0
T0003823,C0111,low_evening_shopper,2026-02-15 21:00:00.000000000,0.8242859472302141,-0.547369498089223,0,0,0,0,0.103,21,556.84,0
T0006408,C0060,low_evening_shopper,2026-02-15 21:07:00.103446436,1.6552873389977363,2.019469703937914,0,0,1,7,2.086,21,1178.81,1
T0004726,C0138,low_evening_shopper,2026-02-15 21:17:00.000000000,0.6616362329273225,-0.7181837997557483,0,0,0,0,4.947,21,577.32,0
T0006060,C0174,low_evening_shopper,2026-02-15 21:19:00.000000000,1.0993000741717838,0.12828912387379796,0,0,0,0,1.051,21,911.32,0
T0000011,C0000,low_evening_shopper,2026-02-15 21:24:00.000000000,2.135054188757715,1.7721222873682678,0,0,0,0,2.129,21,1847.67,0
T0003689,C0107,mid_weekend,2026-02-15 21:33:00.000000000,2.889553850663237,2.9150325098718604,0,0,0,1,0.033,21,8363.58,0
T0004933,C0144,low_evening_shopper,2026-02-15 21:36:00.000000000,0.43794042043738707,-1.3336471131430931,0,0,0,0,0.103,21,318.79,0
T0001193,C0033,low_evening_shopper,2026-02-15 21:39:00.000000000,2.3286348951678306,2.375260465208508,0,0,0,0,3.076,21,2047.78,0
T0001569,C0045,low_evening_shopper,2026-02-15 21:43:00.000000000,5.040830353599778,19.43120988000607,0,0,0,1,0.035,21,3380.13,0
T0002155,C0063,low_evening_shopper,2026-02-15 21:45:00.000000000,0.7071844920429572,-0.5743068407608701,0,0,0,0,1.14,21,614.1,0
T0000650,C0017,mid_weekend,2026-02-15 21:47:00.000000000,2.157734826095896,1.7122874430886625,0,0,0,0,1.086,21,6576.16,0
T0000224,C0006,low_evening_shopper,2026-02-15 21:49:00.000000000,0.9958435823581574,-0.01849909032797556,0,0,0,0,1.105,21,744.63,0
T0000542,C0015,low_evening_shopper,2026-02-15 21:54:00.000000000,0.7368443457088726,-0.43531827551930397,0,0,0,0,1.949,21,660.46,0
T0001570,C0045,low_evening_shopper,2026-02-16 00:37:00.000000000,1.0722030808664016,0.09737900532514417,1,0,0,0,0.121,0,857.31,0
T0006416,C0147,low_evening_shopper,2026-02-16 02:58:00.821807991,2.3574157397594924,2.4898995357333384,1,1,0,1,0.277,2,2166.83,1
T0001348,C0038,mid_weekend,2026-02-16 08:55:00.000000000,0.5913616640468768,-0.646716697126187,0,0,0,1,-0.39,8,2018.74,0
T0004605,C0134,mid_weekend,2026-02-16 09:20:00.000000000,0.7427031067707183,-0.4232174877515965,0,0,0,0,2.641,9,2025.45,0
T0004890,C0143,mid_weekend,2026-02-16 10:04:00.000000000,0.9878843214790405,-0.022544492104571746,0,0,0,0,1.817,10,2857.34,0
T0005765,C0166,high_business,2026-02-16 10:23:00.000000000,0.6670859244612379,-0.7641531754550098,0,0,0,1,-0.017,10,9543.45,0
T0001867,C0053,mid_weekend,2026-02-16 10:32:00.000000000,0.8391124362477557,-0.21867243212957158,0,0,0,0,0.892,10,2738.91,0
T0005764,C0166,high_business,2026-02-16 10:47:00.000000000,0.8645780751442567,-0.3087167996842671,0,0,0,0,0.955,10,12404.55,0
T0002136,C0062,mid_weekend,2026-02-16 11:52:00.000000000,1.041933331972515,0.14484778710302548,0,0,0,0,1.785,11,2729.62,0
T0000525,C0014,mid_weekend,2026-02-16 12:45:00.000000000,0.6916633275224797,-0.7730847899232729,0,0,0,0,0.71,12,1879.17,0
T0003494,C0101,mid_weekend,2026-02-16 13:20:00.000000000,0.8398416421824484,-0.32167954546122335,0,0,0,0,1.847,13,2490.85,0
T0003363,C0098,mid_weekend,2026-02-16 13:48:00.000000000,1.0693710811488824,0.18444206176184574,0,0,0,1,-0.011,13,3053.56,0
T0003362,C0098,mid_weekend,2026-02-16 14:04:00.000000000,1.145626746050933,0.3810008979854028,0,0,0,0,0.977,14,3258.13,0
T0000385,C0011,mid_weekend,2026-02-16 14:07:00.000000000,1.1863408053282647,0.2783893672163312,0,0,0,0,0.828,14,3632.75,0
T0003149,C0092,mid_weekend,2026-02-16 14:27:00.000000000,0.9749526486595614,-0.10693329260903828,0,0,0,1,-0.081,14,2496.62,0
T0000866,C0023,mid_weekend,2026-02-16 14:34:00.000000000,0.8229323529513256,-0.2740160395173906,0,0,0,0,0.86,14,3191.61,0
T0002463,C0071,mid_weekend,2026-02-16 15:22:00.000000000,0.7800566526922387,-1.2171951995185755,0,0,0,0,0.926,15,2027.14,0
T0000961,C0026,mid_weekend,2026-02-16 15:26:00.000000000,1.0057300404312088,0.0095614612343544,0,1,0,0,3.117,15,3209.86,0
T0005100,C0149,mid_weekend,2026-02-16 15:28:00.000000000,1.6082239587609957,0.9000003031492478,0,1,0,0,1.062,15,5510.24,0
T0005472,C0158,mid_weekend,2026-02-16 15:53:00.000000000,0.886744538940296,-0.1705044966459058,0,0,0,0,1.235,15,2478.94,0
T0003269,C0095,mid_weekend,2026-02-16 16:06:00.000000000,0.8252266961469532,-0.23694126714888694,0,0,0,0,3.053,16,2594.67,0
T0004049,C0116,mid_weekend,2026-02-16 16:22:00.000000000,1.1945956620111946,0.4598056509706022,0,0,0,0,0.933,16,3199.43,0
T0003148,C0092,mid_weekend,2026-02-16 16:23:00.000000000,0.9529689973374937,-0.1975199003894896,0,0,0,0,2.877,16,2444.58,0
T0004691,C0137,mid_weekend,2026-02-16 17:20:00.000000000,0.9921087910428671,-0.014836506262248708,0,0,0,0,1.149,17,3158.84,0
T0003949,C0114,low_evening_shopper,2026-02-16 17:27:00.000000000,1.2861341780278153,1.4472601351269658,0,0,0,0,2.87,17,903.32,0
T0002464,C0071,mid_weekend,2026-02-16 17:28:00.000000000,1.279498923650509,1.519376712675414,0,0,0,0,0.087,17,3294.58,0
T0003571,C0104,mid_weekend,2026-02-16 17:33:00.000000000,1.0531944174585546,0.2517245696145683,0,0,0,0,0.954,17,2750.72,0
T0001269,C0035,mid_weekend,2026-02-16 17:34:00.000000000,1.097315078273448,0.2112116747163647,0,0,0,0,2.899,17,2938.74,0
T0005800,C0167,mid_weekend,2026-02-16 18:04:00.000000000,0.8974019036467887,-0.19332591946362895,0,0,0,0,2.095,18,2542.93,0
T0001523,C0044,mid_weekend,2026-02-16 18:06:00.000000000,0.9679130631591271,-0.06495573532188098,0,0,0,0,2.062,18,2725.97,0
T0001571,C0045,low_evening_shopper,2026-02-16 18:13:00.000000000,1.3559637637152349,0.4928860353903974,0,0,0,0,0.733,18,1087.76,0
T0001347,C0038,mid_weekend,2026-02-16 18:17:00.000000000,0.6127594448052172,-0.6153856853125226,0,0,0,0,3.111,18,2147.22,0
T0000225,C0006,low_evening_shopper,2026-02-16 18:23:00.000000000,0.8083779703272791,-0.8873870561322096,0,0,0,0,0.857,18,604.26,0
T0001651,C0047,mid_weekend,2026-02-16 18:23:00.000000000,0.8095181916695733,-0.9160668082849833,0,0,0,0,2.006,18,1857.43,0
T0004987,C0146,mid_weekend,2026-02-16 18:34:00.000000000,1.0837836931280536,0.30161856258336034,0,0,0,0,1.919,18,2775.57,0
T0004522,C0132,low_evening_shopper,2026-02-16 18:34:00.000000000,1.1878430114041916,0.6895217472675617,0,0,0,0,6.884,18,720.78,0
T0002346,C0068,mid_weekend,2026-02-16 18:42:00.000000000,2.394059682864635,7.423014177529443,0,0,0,0,4.205,18,6302.41,0
T0003824,C0111,low_evening_shopper,2026-02-16 18:49:00.000000000,0.8866350474975374,-0.35848911191589655,0,1,0,0,0.909,18,590.87,0
T0001964,C0057,low_evening_shopper,2026-02-16 18:49:00.000000000,0.8537256710366855,-0.22892220854231277,0,0,0,0,2.864,18,653.29,0
T0005322,C0155,mid_weekend,2026-02-16 19:17:00.000000000,0.9225946833893831,-0.23593778328501802,0,0,0,0,1.067,19,2572.37,0
T0004138,C0120,low_evening_shopper,2026-02-16 19:18:00.000000000,0.5658168953422115,-1.7609359024898643,0,1,0,0,0.977,19,427.96,0
T0002488,C0072,low_evening_shopper,2026-02-16 19:19:00.000000000,1.0438376834723855,0.19078145469439878,0,0,0,0,2.906,19,760.42,0
T0002137,C0062,mid_weekend,2026-02-16 19:33:00.000000000,0.5893261762671301,-1.4509739520389795,0,0,0,0,0.32,19,1546.59,0
T0000544,C0015,low_evening_shopper,2026-02-16 19:44:00.000000000,0.6683288177049976,-0.5209711036148473,0,0,0,1,-0.058,19,554.45,0
T0005018,C0147,low_evening_shopper,2026-02-16 19:45:00.000000000,0.7241985382139408,-0.5059006798093714,0,0,0,0,0.976,19,665.65,0
T0005599,C0162,low_evening_shopper,2026-02-16 19:52:00.000000000,0.9142595280859451,-0.24339006636785443,0,0,0,0,2.006,19,759.99,0
T0004891,C0143,mid_weekend,2026-02-16 19:55:00.000000000,0.711172888845965,-0.5478235183511301,0,0,0,0,0.41,19,2056.02,0
T0002984,C0087,low_evening_shopper,2026-02-16 20:03:00.000000000,0.6740791369386507,-0.5140623627147577,0,0,0,0,2.022,20,614.6,0
T0000012,C0000,low_evening_shopper,2026-02-16 20:10:00.000000000,0.8238595743685521,-0.2806381693126844,0,0,0,0,0.949,20,786.53,0
T0005323,C0155,mid_weekend,2026-02-16 20:11:00.000000000,0.9603481168498278,-0.12283586083690731,0,1,0,1,0.037,20,2669.34,0
T0005247,C0153,low_evening_shopper,2026-02-16 20:13:00.000000000,0.9096742042419333,-0.3877988792245978,0,0,0,0,2.07,20,604.88,0
T0001965,C0057,low_evening_shopper,2026-02-16 20:16:00.000000000,1.1126631594031458,0.17950963465399883,0,0,0,0,0.06,20,844.88,0
T0001369,C0039,low_evening_shopper,2026-02-16 20:25:00.000000000,0.7472176112407041,-1.044871149542266,0,0,0,0,8.004,20,480.44,0
T0004934,C0144,low_evening_shopper,2026-02-16 20:36:00.000000000,0.7207085481575976,-0.6378843681455519,0,0,0,0,0.958,20,512.34,0
T0005365,C0156,low_evening_shopper,2026-02-16 20:49:00.000000000,1.0248922012568862,0.10772725389899504,0,0,0,0,1.006,20,689.17,0
T0001097,C0030,low_evening_shopper,2026-02-16 20:55:00.000000000,2.2369379448686377,2.28026638765117,0,1,0,0,4.992,20,1806.84,0
T0005127,C0150,low_evening_shopper,2026-02-16 20:56:00.000000000,0.9266220588467875,-0.13951884402269513,0,0,0,0,2.122,20,711.93,0
T0002866,C0084,low_evening_shopper,2026-02-16 20:57:00.000000000,1.3404211124523306,0.6104779690005715,0,0,0,0,8.537,20,1149.37,0
T0003924,C0113,mid_weekend,2026-02-16 21:05:00.000000000,1.1340064215956043,0.38486919221411764,0,0,0,0,1.175,21,3198.85,0
T0000543,C0015,low_evening_shopper,2026-02-16 21:07:00.000000000,0.30187663924659763,-1.170545731981338,0,0,0,0,0.967,21,264.65,0
T0001194,C0033,low_evening_shopper,2026-02-16 21:29:00.000000000,1.10268211117829,0.1785056160379582,0,0,0,0,0.993,21,1017.4,0
T0002156,C0063,low_evening_shopper,2026-02-16 21:52:00.000000000,0.8183371593338643,-0.3581736403798847,0,0,0,0,1.005,21,693.29,0
T0004727,C0138,low_evening_shopper,2026-02-16 22:03:00.000000000,0.48752761214396806,-1.0823409175310004,0,0,0,0,1.032,22,416.4,0
T0002551,C0075,low_evening_shopper,2026-02-16 22:07:00.000000000,3.619204929071704,5.981380025089087,0,0,0,0,2.015,22,2881.32,0
T0004069,C0117,low_evening_shopper,2026-02-16 22:48:00.000000000,0.679319953433948,-0.6644940222348672,0,0,0,0,1.137,22,592.15,0
T0000899,C0024,low_evening_shopper,2026-02-16 22:53:00.000000000,0.7207189766154198,-0.9556778962067521,0,0,0,0,6.091,22,492.25,0
T0006189,C0177,low_evening_shopper,2026-02-16 23:59:00.000000000,1.1320963914859221,0.20692979042404647,0,0,0,0,4.031,23,933.66,0
T0003289,C0096,low_evening_shopper,2026-02-17 05:17:00.000000000,0.7152883282166749,-0.44339444998731586,1,0,0,0,5.263,5,666.17,0
T0002140,C0062,mid_weekend,2026-02-17 07:46:00.000000000,1.2140456727571205,0.7538259426807962,0,0,0,2,-0.261,7,3121.52,0
T0001349,C0038,mid_weekend,2026-02-17 10:16:00.000000000,0.7215223643280316,-0.437865142411147,0,0,0,0,1.056,10,2400.17,0
T0002828,C0083,mid_weekend,2026-02-17 11:55:00.000000000,0.9819426085230766,-0.09279657038726148,0,0,0,0,1.899,11,2624.66,0
T0003364,C0098,mid_weekend,2026-02-17 11:57:00.000000000,0.7420032199129875,-0.6964009208945867,0,0,0,0,0.923,11,2122.74,0
T0003658,C0106,high_business,2026-02-17 12:17:00.000000000,0.7727423923126717,-0.39644910959029667,0,0,0,0,3.082,12,11217.93,0
T0005801,C0167,mid_weekend,2026-02-17 12:20:00.000000000,0.4820933463590145,-0.9873840732030111,0,0,0,0,0.761,12,1361.84,0
T0000651,C0017,mid_weekend,2026-02-17 12:35:00.000000000,1.026906057059978,0.040019786943625034,0,0,0,0,1.617,12,3218.09,0
T0001067,C0029,mid_weekend,2026-02-17 12:36:00.000000000,1.3596765588795134,0.6363824364766657,0,0,0,0,1.936,12,3327.33,0
T0004786,C0140,mid_weekend,2026-02-17 12:58:00.000000000,1.5329216552770886,0.9649391391958196,0,0,0,0,4.81,12,4415.88,0
T0003051,C0089,mid_weekend,2026-02-17 13:27:00.000000000,0.5578446118871205,-1.1056964661064723,0,0,0,0,4.783,13,1498.42,0
T0000962,C0026,mid_weekend,2026-02-17 13:39:00.000000000,0.8988366137281981,-0.17348438814791875,0,0,0,0,0.926,13,2869.57,0
T0006027,C0173,mid_weekend,2026-02-17 14:00:00.000000000,0.5122132666652818,-0.9186359990177086,0,0,0,0,2.238,14,1561.06,0
T0004893,C0143,mid_weekend,2026-02-17 14:01:00.000000000,0.7038636256065333,-0.5655044958882118,0,0,0,1,-0.193,14,1994.1,0
T0002139,C0062,mid_weekend,2026-02-17 14:02:00.000000000,0.9410955956975999,-0.204174127293937,0,0,0,1,-0.117,14,2425.01,0
T0000652,C0017,mid_weekend,2026-02-17 14:10:00.000000000,0.8330575140724622,-0.2514746167607652,0,0,0,0,0.066,14,2612.29,0
T0005990,C0172,high_business,2026-02-17 14:28:00.000000000,0.9334487300709934,-0.11611359844736226,0,0,0,0,2.024,14,13759.06,0
T0000867,C0023,mid_weekend,2026-02-17 14:37:00.000000000,0.5996247230858385,-0.6269462059929746,0,0,0,0,1.002,14,2309.08,0
T0005326,C0155,mid_weekend,2026-02-17 14:46:00.000000000,0.8083745212770046,-0.6271551793321403,0,0,0,2,-0.012,14,2244.02,0
T0004692,C0137,mid_weekend,2026-02-17 14:50:00.000000000,0.7751044412610063,-0.4310741485714336,0,0,0,0,0.896,14,2467.15,0
T0005325,C0155,mid_weekend,2026-02-17 15:03:00.000000000,1.0228967124809611,0.07353340770165111,0,1,0,1,-0.05,15,2837.21,0
T0005766,C0166,high_business,2026-02-17 15:05:00.000000000,1.0934394656454172,0.21394491219823797,0,0,0,0,1.196,15,15534.44,0
T0004988,C0146,mid_weekend,2026-02-17 15:20:00.000000000,0.6303903207750614,-1.3534904225848488,0,0,0,0,0.865,15,1618.66,0
T0006340,C0155,mid_weekend,2026-02-17 16:02:00.023470556,3.960148222738158,9.170115292943617,0,1,1,1,0.865,16,11007.45,1
T0005324,C0155,mid_weekend,2026-02-17 16:15:00.000000000,0.9842712932262376,-0.049600062595252986,0,0,0,0,0.836,16,2731.66,0
T0004503,C0131,mid_weekend,2026-02-17 16:20:00.000000000,0.7866367776125403,-0.4874085283507656,0,0,0,0,2.055,16,2251.42,0
T0002138,C0062,mid_weekend,2026-02-17 16:50:00.000000000,0.9553318914922483,-0.15215066360279275,0,0,0,0,0.887,16,2465.93,0
T0000298,C0009,low_evening_shopper,2026-02-17 16:52:00.000000000,0.6996860296571403,-0.9682858673424197,0,0,0,0,1.871,16,487.16,0
T0002734,C0080,mid_weekend,2026-02-17 17:12:00.000000000,1.194652817633854,0.5659053769507684,0,0,0,1,-0.01,17,2926.1,0
T0005944,C0171,low_evening_shopper,2026-02-17 17:15:00.000000000,1.0783808300585978,0.30120859512950265,0,0,0,0,1.886,17,751.58,0
T0002733,C0080,mid_weekend,2026-02-17 17:27:00.000000000,0.6820678167533979,-0.9325022050195466,0,0,0,0,2.057,17,1690.51,0
T0003793,C0110,mid_weekend,2026-02-17 17:36:00.000000000,0.6375358712604305,-0.7994085417382937,0,0,0,0,3.001,17,1954.51,0
T0001755,C0050,mid_weekend,2026-02-17 17:39:00.000000000,3.3070725586736534,12.043751438108451,0,0,0,0,2.02,17,9039.82,0
T0003572,C0104,mid_weekend,2026-02-17 17:46:00.000000000,0.7950158380655032,-0.9993327561869524,0,0,0,0,1.009,17,2082.55,0
T0000013,C0000,low_evening_shopper,2026-02-17 17:57:00.000000000,0.491042006793775,-0.8318047977984654,0,0,0,0,0.908,17,461.91,0
T0004892,C0143,mid_weekend,2026-02-17 18:39:00.000000000,0.7353553345512903,-0.5032571357874673,0,0,0,0,0.947,18,2103.19,0
T0000203,C0005,mid_weekend,2026-02-17 18:59:00.000000000,1.108216185408448,0.23685990457530248,0,0,0,0,1.974,18,3219.11,0
T0000653,C0017,mid_weekend,2026-02-17 19:14:00.000000000,1.0033167083005756,0.005031942143575283,0,0,0,0,0.211,19,3133.97,0
T0001098,C0030,low_evening_shopper,2026-02-17 19:20:00.000000000,0.8606880073701048,-0.24768855656198652,0,0,0,0,0.934,19,756.63,0
T0003602,C0105,low_evening_shopper,2026-02-17 19:21:00.000000000,1.1635792321792264,0.6281247764979049,0,0,0,0,1.992,19,796.26,0
T0000526,C0014,mid_weekend,2026-02-17 19:24:00.000000000,0.9967282711241588,-0.008183145074554865,0,0,0,0,1.277,19,2687.63,0
T0001572,C0045,low_evening_shopper,2026-02-17 19:27:00.000000000,1.1039729666740346,0.14869696788113126,0,0,0,0,1.051,19,899.31,0
T0003825,C0111,low_evening_shopper,2026-02-17 19:46:00.000000000,1.4386888427050741,1.421447566311532,0,0,0,0,1.04,19,951.0,0
T0003167,C0093,low_evening_shopper,2026-02-17 19:46:00.000000000,1.0412185127675342,0.22142001144386347,0,0,0,0,4.096,19,650.29,0
T0002489,C0072,low_evening_shopper,2026-02-17 19:51:00.000000000,1.2676967190362296,1.2004972207687885,0,0,0,0,1.022,19,925.75,0
T0003950,C0114,low_evening_shopper,2026-02-17 19:52:00.000000000,2.3205688020737365,6.583741621367329,0,0,0,0,1.101,19,1681.68,0
T0000742,C0020,mid_weekend,2026-02-17 19:53:00.000000000,1.0544964107787984,0.12187775248312399,0,0,0,0,4.149,19,2879.7,0
T0002490,C0072,low_evening_shopper,2026-02-17 20:04:00.000000000,0.8813740826689188,-0.5343651393561327,0,0,0,1,0.009,20,652.7,0
T0000681,C0018,low_evening_shopper,2026-02-17 20:08:00.000000000,0.6845957430429286,-0.5922937332742452,0,0,0,0,2.951,20,563.09,0
T0002552,C0075,low_evening_shopper,2026-02-17 20:16:00.000000000,0.7554850437973191,-0.37699604161286476,0,0,0,0,0.923,20,694.12,0
T0000226,C0006,low_evening_shopper,2026-02-17 20:20:00.000000000,0.8289897598920273,-0.7887039774193276,0,0,0,0,1.081,20,611.19,0
T0002465,C0071,mid_weekend,2026-02-17 20:22:00.000000000,1.071942136715812,0.3861735561569104,0,0,0,0,1.121,20,2791.0,0
T0005505,C0159,low_evening_shopper,2026-02-17 20:31:00.000000000,0.9486657656035715,-0.09222884799440773,0,1,0,0,2.069,20,796.25,0
T0002055,C0060,low_evening_shopper,2026-02-17 20:38:00.000000000,1.063946766870141,0.2097764930832753,0,0,0,0,2.915,20,761.05,0
T0000386,C0011,mid_weekend,2026-02-17 20:44:00.000000000,0.9863947797831695,-0.02097401876358148,0,0,0,0,1.276,20,3047.29,0
T0004820,C0141,low_evening_shopper,2026-02-17 21:01:00.000000000,0.5181710821885868,-2.915876481003949,0,0,0,0,5.017,21,361.9,0
T0006061,C0174,low_evening_shopper,2026-02-17 21:02:00.000000000,0.7054140916600304,-0.39633395270802213,0,1,0,0,1.988,21,588.66,0
T0000443,C0012,low_evening_shopper,2026-02-17 21:09:00.000000000,0.6483264842271838,-0.5068730663048192,0,0,0,0,3.12,21,554.97,0
T0004070,C0117,low_evening_shopper,2026-02-17 21:27:00.000000000,0.7620961827327987,-0.4922626676950369,0,0,0,0,0.944,21,653.66,0
T0002985,C0087,low_evening_shopper,2026-02-17 21:34:00.000000000,0.7476226582958796,-0.3992687320983913,0,0,0,0,1.063,21,669.31,0
T0004935,C0144,low_evening_shopper,2026-02-17 22:17:00.000000000,0.8935309751426008,-0.24343727444254507,0,0,0,0,1.07,22,628.1,0
T0003513,C0102,low_evening_shopper,2026-02-17 22:18:00.000000000,0.5993165780030748,-0.6905030371929748,0,0,0,0,2.075,22,550.21,0
T0001966,C0057,low_evening_shopper,2026-02-17 22:44:00.000000000,0.9290230126531444,-0.11658739472922151,0,0,0,0,1.103,22,709.41,0
T0005802,C0167,mid_weekend,2026-02-17 22:48:00.000000000,0.9763208283673228,-0.044491633923484784,0,0,0,0,0.436,22,2715.94,0
T0001436,C0042,low_evening_shopper,2026-02-17 23:09:00.000000000,0.8613812100824962,-0.17928356135181922,0,0,0,0,3.11,23,829.68,0
T0002647,C0078,low_evening_shopper,2026-02-17 23:34:00.000000000,0.8853342628666091,-0.137913850972296,0,0,0,0,3.094,23,815.44,0
T0006334,C0167,mid_weekend,2026-02-18 02:02:00.591338141,2.134423292844018,2.131507919285204,1,1,0,0,0.571,2,5937.57,1
T0000745,C0020,mid_weekend,2026-02-18 10:01:00.000000000,1.1832926676889846,0.4280117980069552,0,0,0,2,-0.215,10,3237.29,0
T0000527,C0014,mid_weekend,2026-02-18 11:03:00.000000000,0.7888006409102173,-0.5346063069976241,0,0,0,0,0.652,11,2126.8,0
T0003495,C0101,mid_weekend,2026-02-18 11:22:00.000000000,0.7850846501922581,-0.43554248896522124,0,0,0,0,1.918,11,2317.15,0
T0003794,C0110,mid_weekend,2026-02-18 11:55:00.000000000,0.822713221188532,-0.38774427802041483,0,0,0,0,0.763,11,2476.5,0
T0000528,C0014,mid_weekend,2026-02-18 12:22:00.000000000,0.863604016821597,-0.3464780984448431,0,0,0,0,0.055,12,2317.05,0
T0006154,C0176,mid_weekend,2026-02-18 12:49:00.000000000,0.7927831389950626,-0.33127059043410156,0,0,0,0,2.783,12,2707.19,0
T0000655,C0017,mid_weekend,2026-02-18 13:03:00.000000000,0.7783348137346062,-0.3376885941298279,0,0,0,1,-0.027,13,2403.26,0
T0005803,C0167,mid_weekend,2026-02-18 13:10:00.000000000,0.9951301481824574,-0.009277179477522077,0,0,0,0,0.599,13,2766.39,0
T0003365,C0098,mid_weekend,2026-02-18 13:16:00.000000000,3.8155297644915263,7.601226241588591,0,0,0,0,1.055,13,10841.46,0
T0000654,C0017,mid_weekend,2026-02-18 13:42:00.000000000,0.4793343888146313,-0.7991199575487506,0,0,0,0,0.769,13,1497.36,0
T0005767,C0166,high_business,2026-02-18 13:44:00.000000000,0.704417315986108,-0.6847825058678997,0,0,0,0,0.944,13,10026.71,0
T0002468,C0071,mid_weekend,2026-02-18 13:52:00.000000000,0.6693836380438971,-1.7723067399468997,0,0,0,2,-0.096,13,1724.66,0
T0004311,C0125,mid_weekend,2026-02-18 13:56:00.000000000,1.1060463287792142,0.4798845064054966,0,0,0,0,3.038,13,2903.87,0
T0003660,C0106,high_business,2026-02-18 14:42:00.000000000,0.5580690900640305,-0.7477877542789203,0,0,0,1,-0.006,14,8336.61,0
T0003659,C0106,high_business,2026-02-18 14:51:00.000000000,2.6329515477457233,2.860766144422762,0,0,0,0,1.107,14,38037.83,0
T0002347,C0068,mid_weekend,2026-02-18 14:57:00.000000000,0.8744262980923501,-0.383813170880639,0,0,0,0,1.844,14,2454.76,0
T0000868,C0023,mid_weekend,2026-02-18 15:02:00.000000000,0.9264758786747573,-0.1147391369331557,0,0,0,0,1.017,15,3512.8,0
T0002141,C0062,mid_weekend,2026-02-18 15:06:00.000000000,0.5569382552304332,-1.5851505569853312,0,0,0,0,1.306,15,1442.93,0
T0000744,C0020,mid_weekend,2026-02-18 15:10:00.000000000,0.8885125295260814,-0.257731097890047,0,0,0,1,-0.049,15,2438.37,0
T0001573,C0045,low_evening_shopper,2026-02-18 15:29:00.000000000,1.0953302394513496,0.13980782890771337,1,0,0,0,0.835,15,896.14,0
T0004989,C0146,mid_weekend,2026-02-18 15:34:00.000000000,0.9236770155723764,-0.27316538528283096,0,1,0,0,1.01,15,2345.17,0
T0004693,C0137,mid_weekend,2026-02-18 15:53:00.000000000,0.5825062675423753,-0.8059243950033543,0,0,0,0,1.044,15,1838.67,0
T0002467,C0071,mid_weekend,2026-02-18 16:10:00.000000000,0.9195129603691368,-0.42628325412177237,0,0,0,1,-0.111,16,2375.94,0
T0000743,C0020,mid_weekend,2026-02-18 16:21:00.000000000,1.1160916904529803,0.2639008918295144,0,0,0,0,0.853,16,3052.8,0
T0003574,C0104,mid_weekend,2026-02-18 16:23:00.000000000,0.7178329097320105,-1.3993015641980884,0,0,0,1,-0.01,16,1865.87,0
T0000963,C0026,mid_weekend,2026-02-18 16:30:00.000000000,0.6756311933533286,-0.5673949744386717,0,0,0,0,1.119,16,2146.07,0
T0003573,C0104,mid_weekend,2026-02-18 16:37:00.000000000,1.062204076668692,0.30041014477171574,0,0,0,0,0.952,16,2752.43,0
T0004787,C0140,mid_weekend,2026-02-18 16:38:00.000000000,1.1124427268612602,0.20697794995625546,0,0,0,0,1.153,16,3253.4,0
T0004895,C0143,mid_weekend,2026-02-18 16:45:00.000000000,1.1346476933543932,0.23698183510291151,0,0,0,1,-0.013,16,3365.86,0
T0001271,C0035,mid_weekend,2026-02-18 16:59:00.000000000,2.580559792125889,3.5398275176095932,0,0,0,1,-0.008,16,6980.61,0
T0004894,C0143,mid_weekend,2026-02-18 17:04:00.000000000,2.7362786602546576,3.3215791805849384,0,0,0,0,1.127,17,7672.92,0
T0001270,C0035,mid_weekend,2026-02-18 17:10:00.000000000,1.2818588472747496,0.6214385175762865,0,0,0,0,1.983,17,3442.0,0
T0001574,C0045,low_evening_shopper,2026-02-18 17:10:00.000000000,0.7996272377759935,-0.3009449587577377,0,0,0,0,0.07,17,656.71,0
T0000081,C0002,mid_weekend,2026-02-18 17:14:00.000000000,0.494247871280856,-0.896763429799299,0,0,0,0,3.297,17,1488.64,0
T0001524,C0044,mid_weekend,2026-02-18 17:17:00.000000000,0.6984251657408954,-0.6213398306153713,0,0,0,0,1.966,17,1964.67,0
T0000545,C0015,low_evening_shopper,2026-02-18 17:20:00.000000000,1.0270729317748337,0.04267283258983283,0,0,0,0,1.9,17,831.88,0
T0002033,C0059,mid_weekend,2026-02-18 17:45:00.000000000,2.711712096929554,2.8736424820991906,0,0,0,0,4.213,17,8188.19,0
T0005473,C0158,mid_weekend,2026-02-18 18:01:00.000000000,0.8334531995020983,-0.253729017397755,0,0,0,0,2.089,18,2321.72,0
T0000656,C0017,mid_weekend,2026-02-18 18:13:00.000000000,0.7984646073924538,-0.30853710919574256,0,0,0,0,0.215,18,2453.54,0
T0003661,C0106,high_business,2026-02-18 18:14:00.000000000,0.8991218672468035,-0.16994160311113668,1,0,0,0,0.147,18,13310.23,0
T0000444,C0012,low_evening_shopper,2026-02-18 18:26:00.000000000,0.8166245388691369,-0.2645730749429952,0,0,0,0,0.887,18,689.93,0
T0004139,C0120,low_evening_shopper,2026-02-18 18:29:00.000000000,1.2347192126236501,0.8793553964466236,0,0,0,0,1.966,18,910.05,0
T0000204,C0005,mid_weekend,2026-02-18 18:38:00.000000000,1.2718560368070755,0.6045430986547607,0,0,0,0,0.985,18,3705.25,0
T0002466,C0071,mid_weekend,2026-02-18 18:50:00.000000000,0.7210305078844798,-1.5269705737752974,0,0,0,0,0.936,18,1882.53,0
T0003052,C0089,mid_weekend,2026-02-18 19:04:00.000000000,0.8161503251112645,-0.4510535099836534,0,0,0,0,1.234,19,2157.64,0
T0005831,C0168,low_evening_shopper,2026-02-18 19:08:00.000000000,0.712972842614851,-0.39314994044461793,0,0,0,0,3.849,19,638.03,0
T0002648,C0078,low_evening_shopper,2026-02-18 19:10:00.000000000,0.7164628669652091,-0.3500724503643043,0,0,0,0,0.817,19,654.85,0
T0005128,C0150,low_evening_shopper,2026-02-18 19:17:00.000000000,1.099166236600427,0.1924440454934428,0,0,0,0,1.931,19,841.55,0
T0003826,C0111,low_evening_shopper,2026-02-18 19:22:00.000000000,0.5007334978613356,-1.6179561793820867,0,0,0,0,0.983,19,340.67,0
T0006365,C0039,low_evening_shopper,2026-02-18 19:48:00.896083749,1.9721963135919935,3.9392194941789644,0,0,1,6,1.974,19,1243.41,1
T0003711,C0108,low_evening_shopper,2026-02-18 20:04:00.000000000,1.055270057358867,0.062031716479502175,0,1,0,0,3.016,20,1011.32,0
T0004624,C0135,low_evening_shopper,2026-02-18 20:11:00.000000000,0.785521664967454,-0.3572092254032294,0,0,0,0,5.689,20,647.76,0
T0003168,C0093,low_evening_shopper,2026-02-18 20:25:00.000000000,0.839545362786767,-0.8877513368172949,0,0,0,0,1.027,20,525.54,0
T0003095,C0090,low_evening_shopper,2026-02-18 20:32:00.000000000,1.2643957433994037,1.1868678194344628,0,0,0,0,4.877,20,898.96,0
T0000546,C0015,low_evening_shopper,2026-02-18 20:33:00.000000000,1.0883433410778942,0.14438709883891904,0,0,0,0,0.134,20,883.09,0
T0002766,C0081,low_evening_shopper,2026-02-18 21:02:00.000000000,0.9868110128693635,-0.04803930916096875,0,0,0,0,4.035,21,743.06,0
T0005248,C0153,low_evening_shopper,2026-02-18 21:12:00.000000000,0.9893477232429729,-0.046747820909734936,0,0,0,0,2.041,21,654.14,0
T0004728,C0138,low_evening_shopper,2026-02-18 21:26:00.000000000,0.822139452884482,-0.36322341863174834,0,0,0,0,1.974,21,681.03,0
T0002380,C0069,low_evening_shopper,2026-02-18 21:30:00.000000000,0.5068238192752221,-0.8476483510608278,0,0,0,0,3.038,21,456.61,0
T0002829,C0083,mid_weekend,2026-02-18 21:37:00.000000000,0.8285474547240017,-0.9029699197782383,0,0,0,0,1.404,21,2212.65,0
T0003603,C0105,low_evening_shopper,2026-02-18 21:42:00.000000000,1.0972036540987486,0.3840092936254915,0,0,0,0,1.098,21,758.07,0
T0000746,C0020,mid_weekend,2026-02-18 21:54:00.000000000,0.47372625777499333,-1.2489515690938662,0,0,0,0,0.495,21,1302.46,0
T0002986,C0087,low_evening_shopper,2026-02-18 22:05:00.000000000,0.6004061553437584,-0.6381937574345982,0,0,0,0,1.022,22,530.37,0
T0000547,C0015,low_evening_shopper,2026-02-18 22:10:00.000000000,0.9024486518554333,-0.16546677305849078,0,0,0,0,0.067,22,736.3,0
T0001195,C0033,low_evening_shopper,2026-02-18 22:11:00.000000000,0.6562751191741382,-0.6103907771788307,0,0,0,0,2.029,22,607.74,0
T0004216,C0122,mid_weekend,2026-02-18 22:13:00.000000000,1.2559132290024828,0.742125621529475,0,0,0,0,5.412,22,3216.61,0
T0000111,C0003,low_evening_shopper,2026-02-18 22:22:00.000000000,0.5214509817298049,-0.9375508040582484,0,0,0,0,3.188,22,497.0,0
T0004523,C0132,low_evening_shopper,2026-02-18 22:26:00.000000000,1.256114434929135,0.9781141722942351,0,0,0,0,2.161,22,774.14,0
T0002735,C0080,mid_weekend,2026-02-18 22:35:00.000000000,0.9125590102973108,-0.25919971906924066,0,0,0,0,1.224,22,2250.7,0
T0006430,C0087,low_evening_shopper,2026-02-18 22:43:00.857504533,4.320145775158198,5.252579798430571,0,1,1,1,2.111,22,3867.6,1
T0004071,C0117,low_evening_shopper,2026-02-18 23:00:00.000000000,0.9713249673576989,-0.05976605811697972,0,0,0,0,1.065,23,823.68,0
T0001756,C0050,mid_weekend,2026-02-18 23:59:00.000000000,0.7736740901873683,-0.4917491281823333,0,0,0,0,1.264,23,2326.95,0
T0006295,C0179,mid_weekend,2026-02-19 10:19:00.000000000,1.0648279730236514,0.2727884402385037,0,0,0,0,8.633,10,2687.08,0
T0003662,C0106,high_business,2026-02-19 11:01:00.000000000,0.6945024120157606,-0.5186745437696157,0,0,0,0,0.699,11,10260.39,0
T0006029,C0173,mid_weekend,2026-02-19 11:11:00.000000000,1.105173846832661,0.19715681179565359,0,0,0,1,-0.222,11,3284.12,0
T0003366,C0098,mid_weekend,2026-02-19 11:30:00.000000000,0.5560149032605994,-0.8265097387524908,0,0,0,0,0.926,11,1693.92,0
T0005991,C0172,high_business,2026-02-19 11:35:00.000000000,0.862878078980829,-0.24198378437880702,0,0,0,0,1.88,11,12696.57,0
T0003270,C0095,mid_weekend,2026-02-19 12:27:00.000000000,1.0372122120747966,0.050805247483648806,0,0,0,0,2.848,12,3247.94,0
T0001068,C0029,mid_weekend,2026-02-19 12:43:00.000000000,0.9951552342788299,-0.008764044882113802,0,0,0,0,2.005,12,2464.49,0
T0004504,C0131,mid_weekend,2026-02-19 12:44:00.000000000,0.660660299423463,-0.7784838665682225,0,0,0,0,1.85,12,1881.02,0
T0004990,C0146,mid_weekend,2026-02-19 13:07:00.000000000,1.1633147320321195,0.591324846763357,0,0,0,0,0.898,13,2946.97,0
T0002469,C0071,mid_weekend,2026-02-19 13:12:00.000000000,0.7752324417858968,-1.151482497784545,0,0,0,0,0.972,13,1974.6,0
T0005327,C0155,mid_weekend,2026-02-19 13:35:00.000000000,0.9155279097279688,-0.2776197712277857,0,0,0,0,1.951,13,2524.68,0
T0003367,C0098,mid_weekend,2026-02-19 13:47:00.000000000,1.1053587334417534,0.19477052518459853,0,1,0,0,0.095,13,3330.13,0
T0000964,C0026,mid_weekend,2026-02-19 14:06:00.000000000,1.0390444439523046,0.06838110184531802,0,0,0,0,0.9,14,3249.43,0
T0003575,C0104,mid_weekend,2026-02-19 14:27:00.000000000,0.6175446307370318,-1.8337815562670778,0,0,0,0,0.919,14,1583.62,0
T0002142,C0062,mid_weekend,2026-02-19 15:01:00.000000000,0.6061005888117031,-1.3548193770111732,0,0,0,0,0.997,15,1546.31,0
T0002034,C0059,mid_weekend,2026-02-19 15:33:00.000000000,1.0975210571639145,0.157286387326468,0,0,0,0,0.908,15,3459.49,0
T0005101,C0149,mid_weekend,2026-02-19 15:34:00.000000000,0.5878885092507007,-0.6267456489662308,0,0,0,0,3.004,15,2061.4,0
T0004217,C0122,mid_weekend,2026-02-19 15:40:00.000000000,1.0893192318770215,0.26288901461212627,0,0,0,0,0.727,15,2811.57,0
T0006296,C0179,mid_weekend,2026-02-19 15:56:00.000000000,1.29118561890358,1.2588403325874884,0,1,0,0,0.234,15,3268.86,0
T0003271,C0095,mid_weekend,2026-02-19 16:00:00.000000000,0.5811993426666258,-0.5788645479650383,0,0,0,0,0.148,16,1821.51,0
T0003925,C0113,mid_weekend,2026-02-19 16:02:00.000000000,1.2490970639993737,0.7264542344346716,0,0,0,0,2.79,16,3536.26,0
T0000747,C0020,mid_weekend,2026-02-19 16:19:00.000000000,1.0025910590889275,0.006022956800155258,0,0,0,0,0.767,16,2718.33,0
T0006028,C0173,mid_weekend,2026-02-19 16:30:00.000000000,0.8292607495830631,-0.3166665835221592,0,0,0,0,2.104,16,2479.91,0
T0006155,C0176,mid_weekend,2026-02-19 16:33:00.000000000,0.8986432251795323,-0.16358274857562988,0,0,0,0,1.156,16,3044.23,0
T0002348,C0068,mid_weekend,2026-02-19 16:49:00.000000000,1.0445172567346286,0.13801175467083435,0,0,0,0,1.078,16,2915.51,0
T0004896,C0143,mid_weekend,2026-02-19 17:47:00.000000000,1.0353085882775446,0.06338783838443131,0,0,0,0,1.043,17,3084.52,0
T0000657,C0017,mid_weekend,2026-02-19 17:59:00.000000000,0.6397959049264598,-0.5544585881466995,0,0,0,0,0.99,17,1957.55,0
T0005019,C0147,low_evening_shopper,2026-02-19 18:20:00.000000000,1.0005997552666823,0.0011090732351461902,0,0,0,0,2.941,18,901.58,0
T0000387,C0011,mid_weekend,2026-02-19 18:32:00.000000000,0.9653494951053663,-0.054640458572016805,0,0,0,0,1.908,18,2980.43,0
T0004729,C0138,low_evening_shopper,2026-02-19 18:45:00.000000000,0.9911128713628713,-0.018423368089797682,0,0,0,0,0.888,18,812.89,0
T0003394,C0099,low_evening_shopper,2026-02-19 18:54:00.000000000,0.9110996000922836,-0.38243149152756395,0,0,0,1,-0.106,18,672.61,0
T0002157,C0063,low_evening_shopper,2026-02-19 18:57:00.000000000,0.9262553587135339,-0.14848924580379555,0,0,0,0,2.878,18,773.75,0
T0001069,C0029,mid_weekend,2026-02-19 19:03:00.000000000,0.9619713464699686,-0.06991889636249468,0,0,0,0,0.264,19,2381.94,0
T0004141,C0120,low_evening_shopper,2026-02-19 19:07:00.000000000,0.702172872105087,-1.148042057372732,0,0,0,1,-0.042,19,519.74,0
T0001272,C0035,mid_weekend,2026-02-19 19:22:00.000000000,1.2868228858814756,0.58908713737163,0,0,0,0,1.099,19,3622.03,0
T0001967,C0057,low_evening_shopper,2026-02-19 19:46:00.000000000,1.1007298767837341,0.16891808225251506,0,0,0,0,1.876,19,837.68,0
T0005366,C0156,low_evening_shopper,2026-02-19 19:49:00.000000000,2.80602234492075,7.9983096437578505,0,0,0,0,2.958,19,1888.91,0
T0006190,C0177,low_evening_shopper,2026-02-19 19:52:00.000000000,0.9600035268729445,-0.06533173829326504,0,0,0,0,2.828,19,798.71,0
T0001196,C0033,low_evening_shopper,2026-02-19 19:54:00.000000000,0.5099366954263687,-0.8695986857248562,0,0,0,0,0.905,19,466.63,0
T0000014,C0000,low_evening_shopper,2026-02-19 19:57:00.000000000,0.9213364249382461,-0.12528219697954723,0,0,0,0,2.083,19,832.75,0
T0003712,C0108,low_evening_shopper,2026-02-19 20:05:00.000000000,0.8114572583701989,-0.2183889002297853,0,0,0,0,1.001,20,780.05,0
T0004140,C0120,low_evening_shopper,2026-02-19 20:08:00.000000000,0.8353043536208392,-0.6297999417986763,0,0,0,0,1.069,20,623.69,0
T0006062,C0174,low_evening_shopper,2026-02-19 20:12:00.000000000,3.275570252823097,3.0886014743249675,0,0,0,0,1.965,20,2683.1,0
T0001437,C0042,low_evening_shopper,2026-02-19 20:21:00.000000000,0.8917389098103822,-0.1434417174846855,0,0,0,0,1.883,20,850.98,0
T0001000,C0027,low_evening_shopper,2026-02-19 20:26:00.000000000,1.5688339018597728,1.9036568402051703,0,0,0,0,4.976,20,975.47,0
T0005707,C0165,low_evening_shopper,2026-02-19 20:42:00.000000000,1.1738586646738831,0.7411121082820326,0,0,0,0,4.058,20,796.08,0
T0004419,C0129,low_evening_shopper,2026-02-19 20:43:00.000000000,0.8464699652769156,-0.28666857108306815,0,0,0,0,5.044,20,700.17,0
T0005832,C0168,low_evening_shopper,2026-02-19 20:44:00.000000000,0.9523091769422697,-0.06573767687692801,0,0,0,0,1.067,20,841.57,0
T0002649,C0078,low_evening_shopper,2026-02-19 21:00:00.000000000,0.7559857095515644,-0.30447774684999707,0,0,0,0,1.076,21,678.73,0
T0005945,C0171,low_evening_shopper,2026-02-19 21:04:00.000000000,1.2210028139989673,0.8771255146001798,0,0,0,0,2.159,21,854.9,0
T0005506,C0159,low_evening_shopper,2026-02-19 21:07:00.000000000,0.4242901981230768,-1.0691247844638827,0,0,0,0,2.025,21,354.82,0
T0002268,C0066,low_evening_shopper,2026-02-19 21:10:00.000000000,0.850726951904677,-0.26372196154977773,0,0,0,0,4.008,21,667.89,0
T0001370,C0039,low_evening_shopper,2026-02-19 21:10:00.000000000,0.7190017923898427,-1.138575141788166,0,1,0,0,3.031,21,453.31,0
T0001652,C0047,mid_weekend,2026-02-19 21:11:00.000000000,1.1425854998172689,0.6826621444369719,0,0,0,0,3.117,21,2596.68,0
T0003393,C0099,low_evening_shopper,2026-02-19 21:27:00.000000000,0.5765328835184458,-2.0053129239834284,0,0,0,0,5.958,21,435.88,0
T0004788,C0140,mid_weekend,2026-02-19 21:41:00.000000000,0.7574143531719004,-0.4540159975852572,0,1,0,0,1.21,21,2222.02,0
T0003605,C0105,low_evening_shopper,2026-02-19 21:45:00.000000000,0.9878551871573306,-0.050847816988702686,0,0,0,1,-0.036,21,687.25,0
T0003827,C0111,low_evening_shopper,2026-02-19 22:28:00.000000000,0.752659186823492,-0.7434859369378274,0,0,0,0,1.129,22,496.09,0
T0003604,C0105,low_evening_shopper,2026-02-19 22:37:00.000000000,1.0289634592393628,0.11789316463857244,0,0,0,0,1.038,22,714.76,0
T0002553,C0075,low_evening_shopper,2026-02-19 22:42:00.000000000,0.8612424639167026,-0.21629771501615944,0,0,0,0,2.101,22,780.54,0
T0004524,C0132,low_evening_shopper,2026-02-19 22:48:00.000000000,0.9641534522284966,-0.14022871932070355,0,0,0,0,1.015,22,605.91,0
T0000682,C0018,low_evening_shopper,2026-02-19 22:52:00.000000000,1.0096535680920944,0.01814371279627518,0,0,0,0,2.114,22,819.07,0
T0002158,C0063,low_evening_shopper,2026-02-19 23:32:00.000000000,0.9317386570324135,-0.1417739042570547,0,0,0,0,0.191,23,774.23,0
T0001689,C0048,low_evening_shopper,2026-02-19 23:52:00.000000000,1.2069461200369578,0.5204563509816131,0,0,0,0,5.188,23,964.77,0
T0000869,C0023,mid_weekend,2026-02-20 06:16:00.000000000,0.5567977739343836,-0.702730455161756,0,0,0,0,1.635,6,2105.39,0
T0005229,C0152,mid_weekend,2026-02-20 08:29:00.000000000,0.932709819519926,-0.3147516890334524,0,0,0,0,4.802,8,2062.06,0
T0004789,C0140,mid_weekend,2026-02-20 09:50:00.000000000,0.8863153950011089,-0.21369490255616339,0,0,0,0,0.506,9,2583.13,0
T0001001,C0027,low_evening_shopper,2026-02-20 10:17:00.000000000,0.6821258295243207,-1.0302710490068816,1,0,0,0,0.577,10,437.54,0
T0000748,C0020,mid_weekend,2026-02-20 10:42:00.000000000,0.7348068511139495,-0.6245452171627897,0,0,0,0,0.766,10,1992.42,0
T0001757,C0050,mid_weekend,2026-02-20 11:20:00.000000000,2.392099192803528,3.0452945556735345,0,0,0,0,1.473,11,7126.79,0
T0000082,C0002,mid_weekend,2026-02-20 13:02:00.000000000,1.5419352575417038,0.9438281093458489,0,0,0,0,1.825,13,4537.44,0
T0001526,C0044,mid_weekend,2026-02-20 13:29:00.000000000,1.0496135893096115,0.10448259204388692,0,0,0,1,-0.308,13,2939.18,0
T0006030,C0173,mid_weekend,2026-02-20 13:33:00.000000000,1.1964260601646728,0.37612072764264864,0,0,0,0,1.099,13,3568.64,0
T0003368,C0098,mid_weekend,2026-02-20 13:38:00.000000000,1.137655711184998,0.2581800158466068,0,0,0,0,0.994,13,3436.24,0
T0004505,C0131,mid_weekend,2026-02-20 13:45:00.000000000,0.7897012529139259,-0.48089501975661103,0,0,0,0,1.042,13,2230.26,0
T0005992,C0172,high_business,2026-02-20 13:46:00.000000000,0.7494448838422025,-0.4460337481979297,0,0,0,0,1.091,13,10988.72,0
T0001274,C0035,mid_weekend,2026-02-20 13:48:00.000000000,0.9942721368133277,-0.011996265827772185,0,0,0,1,-0.062,13,2803.03,0
T0002349,C0068,mid_weekend,2026-02-20 14:09:00.000000000,0.7283607042511971,-0.8623684939098678,0,0,0,0,0.889,14,2036.97,0
T0004218,C0122,mid_weekend,2026-02-20 14:30:00.000000000,1.0860684767718887,0.25754465202534865,0,0,0,0,0.951,14,2810.55,0
T0001273,C0035,mid_weekend,2026-02-20 15:17:00.000000000,0.7728186901629345,-0.47387445982311344,0,0,0,0,0.83,15,2190.86,0
T0005804,C0167,mid_weekend,2026-02-20 15:27:00.000000000,0.8979466310778017,-0.19714488542970213,0,0,0,0,2.095,15,2495.89,0
T0006156,C0176,mid_weekend,2026-02-20 15:32:00.000000000,1.0969957723668868,0.1588489094128895,0,0,0,0,0.958,15,3702.21,0
T0002035,C0059,mid_weekend,2026-02-20 15:42:00.000000000,3.0397419707734312,3.338788702700758,0,0,0,0,1.006,15,9604.91,0
T0004790,C0140,mid_weekend,2026-02-20 15:55:00.000000000,1.0326489982906424,0.06197139641690747,0,0,0,0,0.253,15,3000.61,0
T0000658,C0017,mid_weekend,2026-02-20 15:59:00.000000000,0.6040994225399755,-0.6092851962438709,0,0,0,0,0.917,15,1834.46,0
T0003053,C0089,mid_weekend,2026-02-20 16:09:00.000000000,0.6987758903167965,-0.7447230577599303,0,0,0,0,1.878,16,1835.63,0
T0000083,C0002,mid_weekend,2026-02-20 16:15:00.000000000,0.9238560353806248,-0.13617467780194226,0,0,0,0,0.134,16,2782.68,0
T0006157,C0176,mid_weekend,2026-02-20 16:22:00.000000000,0.6990561498608133,-0.503408208657087,0,0,0,1,0.035,16,2367.39,0
T0005230,C0152,mid_weekend,2026-02-20 16:33:00.000000000,3.5119959287394225,11.889946459951135,0,0,0,0,0.336,16,7748.58,0
T0002470,C0071,mid_weekend,2026-02-20 17:15:00.000000000,0.9284931811671947,-0.36188907419215754,0,0,0,0,1.169,17,2347.26,0
T0000015,C0000,low_evening_shopper,2026-02-20 17:43:00.000000000,0.8264502241323083,-0.28506353181792143,0,0,0,0,0.907,17,742.79,0
T0006297,C0179,mid_weekend,2026-02-20 17:52:00.000000000,0.7500635814700447,-1.0824507770456049,0,0,0,0,1.081,17,1925.24,0
T0003690,C0107,mid_weekend,2026-02-20 18:22:00.000000000,0.5158673610843948,-0.7102386326820174,0,0,0,0,4.867,18,1597.63,0
T0002143,C0062,mid_weekend,2026-02-20 18:23:00.000000000,1.2832169874392318,0.9491645249714555,0,0,0,0,1.14,18,3230.82,0
T0005368,C0156,low_evening_shopper,2026-02-20 18:43:00.000000000,0.5901976595317936,-0.7326827935782195,0,0,0,1,-0.054,18,468.84,0
T0001304,C0036,low_evening_shopper,2026-02-20 18:55:00.000000000,1.1047858526252308,0.3833937161117464,0,0,0,0,4.927,18,741.62,0
T0004694,C0137,mid_weekend,2026-02-20 19:01:00.000000000,3.2738450779791917,4.353097821496051,0,0,0,0,2.131,19,10179.75,0
T0003514,C0102,low_evening_shopper,2026-02-20 19:16:00.000000000,0.6322660162669794,-0.6292975120255325,0,1,0,0,2.874,19,567.54,0
T0006191,C0177,low_evening_shopper,2026-02-20 19:20:00.000000000,1.0356091145073272,0.059914664726698694,0,0,0,0,0.978,19,859.46,0
T0002554,C0075,low_evening_shopper,2026-02-20 19:21:00.000000000,1.8096691906684093,1.2856601271665458,0,0,0,0,0.86,19,1628.12,0
T0000388,C0011,mid_weekend,2026-02-20 19:37:00.000000000,0.6639725425727712,-0.54094006553163,0,0,0,0,1.045,19,2046.87,0
T0004335,C0126,low_evening_shopper,2026-02-20 19:42:00.000000000,0.8528308985361762,-0.2358430929653915,0,0,0,0,5.028,19,746.77,0
T0001881,C0054,low_evening_shopper,2026-02-20 20:01:00.000000000,0.8863086653562517,-0.1840994625305103,0,0,0,0,6.947,20,677.81,0
T0005367,C0156,low_evening_shopper,2026-02-20 20:01:00.000000000,3.4371722949334447,6.1921844165900595,0,0,0,0,1.008,20,2487.89,0
T0001099,C0030,low_evening_shopper,2026-02-20 20:14:00.000000000,0.5362417415652292,-0.8438243396471518,0,0,0,0,3.038,20,467.03,0
T0002269,C0066,low_evening_shopper,2026-02-20 20:26:00.000000000,0.3004344754770888,-1.2514954929780495,0,0,0,0,0.969,20,234.51,0
T0005020,C0147,low_evening_shopper,2026-02-20 20:29:00.000000000,0.8229509898501921,-0.33890549899864886,0,0,0,0,1.09,20,741.55,0
T0000299,C0009,low_evening_shopper,2026-02-20 20:31:00.000000000,0.9721468587382405,-0.08852555505834124,0,0,0,0,3.152,20,664.9,0
T0000548,C0015,low_evening_shopper,2026-02-20 20:38:00.000000000,1.17800298172336,0.30918650367578254,0,0,0,0,1.936,20,955.61,0
T0000227,C0006,low_evening_shopper,2026-02-20 20:38:00.000000000,1.2135149436601507,0.9874126141185415,0,0,0,0,3.013,20,884.49,0
T0001575,C0045,low_evening_shopper,2026-02-20 20:40:00.000000000,0.7681674838792028,-0.3517421365193563,0,0,0,0,2.146,20,626.01,0
T0001002,C0027,low_evening_shopper,2026-02-20 20:43:00.000000000,1.2391866772759805,0.762152767912012,0,0,0,0,0.435,20,781.55,0
T0003713,C0108,low_evening_shopper,2026-02-20 20:43:00.000000000,0.5821936620216708,-0.49165533402214073,0,0,0,0,1.026,20,554.11,0
T0006437,C0018,low_evening_shopper,2026-02-20 20:44:00.992819039,2.1921632998836924,2.2897475925912,0,0,1,6,0.911,20,1779.08,1
T0002159,C0063,low_evening_shopper,2026-02-20 20:45:00.000000000,0.9114019756592711,-0.189476546828823,0,0,0,0,0.884,20,753.88,0
T0004821,C0141,low_evening_shopper,2026-02-20 20:51:00.000000000,2.055728773017871,5.113532251059312,0,0,0,0,2.993,20,1389.63,0
T0004242,C0123,low_evening_shopper,2026-02-20 20:52:00.000000000,1.9485766663814486,1.3873958351446192,0,0,0,0,5.019,20,1447.61,0
T0001525,C0044,mid_weekend,2026-02-20 20:53:00.000000000,1.1828758181674763,0.3769736474547365,0,0,0,0,2.15,20,3291.59,0
T0002987,C0087,low_evening_shopper,2026-02-20 21:02:00.000000000,0.9721265782266792,-0.04431182502731639,0,0,0,0,1.956,21,841.58,0
T0006063,C0174,low_evening_shopper,2026-02-20 21:02:00.000000000,0.8641979141011922,-0.17241667981283773,0,0,0,0,1.035,21,802.64,0
T0005129,C0150,low_evening_shopper,2026-02-20 21:17:00.000000000,1.0216009397207841,0.04306286839616769,0,0,0,0,2.083,21,785.69,0
T0002650,C0078,low_evening_shopper,2026-02-20 21:44:00.000000000,0.7335960142812118,-0.33681047040247203,0,0,0,0,1.031,21,649.18,0
T0001371,C0039,low_evening_shopper,2026-02-20 21:46:00.000000000,0.7374605055661654,-1.0349269005728747,0,0,0,0,1.025,21,455.62,0
T0003395,C0099,low_evening_shopper,2026-02-20 22:08:00.000000000,0.5501430644823968,-1.9713465459130546,0,0,0,0,1.135,22,404.24,0
T0000783,C0021,low_evening_shopper,2026-02-20 22:15:00.000000000,0.8737580890701432,-0.15953311370355075,0,0,0,0,5.094,22,803.38,0
T0003828,C0111,low_evening_shopper,2026-02-20 22:36:00.000000000,0.7031708811579462,-0.8919374337423623,0,0,0,0,1.006,22,456.73,0
T0003606,C0105,low_evening_shopper,2026-02-20 23:16:00.000000000,0.882491789856613,-0.5044243270171411,0,0,0,0,1.063,23,613.57,0
T0000112,C0003,low_evening_shopper,2026-02-20 23:27:00.000000000,1.1241057998423796,0.23780257641852953,0,0,0,0,2.045,23,1042.91,0
T0006342,C0030,low_evening_shopper,2026-02-21 02:25:00.588780303,3.130563446012759,3.803997030421166,1,1,0,1,0.258,2,2647.48,1
T0003054,C0089,mid_weekend,2026-02-21 03:29:00.000000000,4.629266751311525,8.952104055876546,1,0,0,0,0.472,3,12038.59,0
T0003795,C0110,mid_weekend,2026-02-21 08:22:00.000000000,0.5968429368023808,-0.8927028206065113,0,0,0,0,2.852,8,1781.43,0
T0002831,C0083,mid_weekend,2026-02-21 09:45:00.000000000,0.9113016085142864,-0.4424183122324229,0,0,0,1,-0.108,9,2378.74,0
T0005993,C0172,high_business,2026-02-21 11:59:00.000000000,0.9356019073148796,-0.11508769190720104,0,0,0,0,0.926,11,13632.31,0
T0004793,C0140,mid_weekend,2026-02-21 12:11:00.000000000,1.0611584634279285,0.11819942667504238,0,0,0,2,-0.119,12,3044.43,0
T0002830,C0083,mid_weekend,2026-02-21 12:21:00.000000000,0.680645547066866,-1.6771239838615808,0,0,0,0,2.614,12,1802.83,0
T0004897,C0143,mid_weekend,2026-02-21 13:08:00.000000000,0.8087802774785938,-0.3491435984111954,0,0,0,0,1.806,13,2412.27,0
T0004791,C0140,mid_weekend,2026-02-21 13:09:00.000000000,0.781406219807846,-0.42067021545004424,0,0,0,0,0.885,13,2272.46,0
T0003576,C0104,mid_weekend,2026-02-21 13:11:00.000000000,1.054988916304739,0.2469678974200848,0,0,0,0,1.947,13,2658.36,0
T0003691,C0107,mid_weekend,2026-02-21 13:11:00.000000000,0.8690253297578875,-0.190577804533082,0,0,0,0,0.784,13,2644.82,0
T0000206,C0005,mid_weekend,2026-02-21 13:36:00.000000000,3.6443315162271883,6.054830489462897,0,0,0,1,-0.026,13,10699.38,0
T0000965,C0026,mid_weekend,2026-02-21 13:59:00.000000000,1.138065445940077,0.24790625034863495,0,0,0,0,1.995,13,3565.42,0
T0006158,C0176,mid_weekend,2026-02-21 14:02:00.000000000,0.9393815303476103,-0.10168105991294478,0,1,0,0,0.903,14,3148.25,0
T0000205,C0005,mid_weekend,2026-02-21 14:13:00.000000000,1.0238052400406454,0.05377361567433321,0,0,0,0,2.816,14,3003.95,0
T0002351,C0068,mid_weekend,2026-02-21 14:33:00.000000000,0.837874517542239,-0.5180365981610007,0,0,0,1,-0.137,14,2304.67,0
T0003796,C0110,mid_weekend,2026-02-21 14:57:00.000000000,0.8840898640115737,-0.2533358198877723,0,0,0,0,0.274,14,2590.43,0
T0004792,C0140,mid_weekend,2026-02-21 15:02:00.000000000,0.6695787601332569,-0.6390446338281067,0,1,0,0,0.078,15,1936.61,0
T0002352,C0068,mid_weekend,2026-02-21 15:13:00.000000000,1.3029232160182276,0.9759150264515238,0,0,0,2,0.028,15,3561.49,0
T0005805,C0167,mid_weekend,2026-02-21 15:17:00.000000000,0.8079014647553393,-0.3749767395453404,0,0,0,0,0.993,15,2239.41,0
T0006367,C0059,mid_weekend,2026-02-21 16:15:00.248554328,3.006077371515001,3.0944556853709373,0,1,1,0,1.023,16,9971.09,1
T0006159,C0176,mid_weekend,2026-02-21 16:34:00.000000000,0.5705749098320945,-0.7310227399875514,0,0,0,0,0.106,16,1908.37,0
T0003272,C0095,mid_weekend,2026-02-21 16:43:00.000000000,0.7928221916473004,-0.28583870048431703,0,0,0,0,2.03,16,2461.63,0
T0002736,C0080,mid_weekend,2026-02-21 16:48:00.000000000,1.003182261919688,0.009560077583508889,0,0,0,0,2.759,16,2466.74,0
T0002058,C0060,low_evening_shopper,2026-02-21 16:48:00.000000000,0.9827336675177168,-0.06359665100965421,0,0,0,2,-0.065,16,701.71,0
T0002056,C0060,low_evening_shopper,2026-02-21 17:04:00.000000000,1.0871393828738358,0.30258423696368425,0,0,0,0,3.851,17,782.62,0
T0000749,C0020,mid_weekend,2026-02-21 17:06:00.000000000,0.8897261860539634,-0.26000132027236145,0,0,0,0,1.267,17,2396.49,0
T0005474,C0158,mid_weekend,2026-02-21 17:12:00.000000000,0.9928477745902464,-0.010998575177693475,0,0,0,0,2.966,17,2751.78,0
T0002350,C0068,mid_weekend,2026-02-21 17:50:00.000000000,0.8698946563505349,-0.4108346804046566,0,0,0,0,1.153,17,2405.26,0
T0001438,C0042,low_evening_shopper,2026-02-21 18:03:00.000000000,1.0340351536148158,0.046229322673545084,0,1,0,0,1.904,18,980.1,0
T0005507,C0159,low_evening_shopper,2026-02-21 18:06:00.000000000,0.9343299307899406,-0.11701194107682336,0,0,0,0,1.874,18,751.35,0
T0000228,C0006,low_evening_shopper,2026-02-21 18:10:00.000000000,0.8055052756392335,-0.9139134829779042,0,0,0,0,0.897,18,594.94,0
T0004822,C0141,low_evening_shopper,2026-02-21 18:13:00.000000000,0.9113155442614737,-0.29137428419761874,0,0,0,0,0.89,18,656.68,0
T0003096,C0090,low_evening_shopper,2026-02-21 18:13:00.000000000,0.9349248751128015,-0.2935114646123384,0,0,0,0,2.903,18,673.5,0
T0002057,C0060,low_evening_shopper,2026-02-21 18:22:00.000000000,0.8090007652286302,-0.6982110094232885,0,0,0,0,0.054,18,587.0,0
T0001653,C0047,mid_weekend,2026-02-21 18:28:00.000000000,1.0770123464594104,0.3762340262905233,0,0,0,0,1.887,18,2464.28,0
T0003714,C0108,low_evening_shopper,2026-02-21 18:39:00.000000000,0.5233981241934728,-0.5600183526811499,0,0,0,0,0.914,18,487.74,0
T0002491,C0072,low_evening_shopper,2026-02-21 19:01:00.000000000,1.4070479871553552,1.856865256948858,0,0,0,0,3.956,19,1035.8,0
T0005508,C0159,low_evening_shopper,2026-02-21 19:04:00.000000000,1.0705032953473401,0.12915599492300225,0,0,0,1,0.04,19,857.32,0
T0003715,C0108,low_evening_shopper,2026-02-21 19:15:00.000000000,0.6810809281435589,-0.3725054757162525,0,0,0,1,0.025,19,620.28,0
T0003369,C0098,mid_weekend,2026-02-21 19:25:00.000000000,1.0979109754350653,0.18632417548601057,0,0,0,0,1.241,19,3327.06,0
T0002651,C0078,low_evening_shopper,2026-02-21 19:33:00.000000000,0.9145075696804582,-0.10923061904271796,0,0,0,0,0.909,19,797.29,0
T0002555,C0075,low_evening_shopper,2026-02-21 19:37:00.000000000,0.9180025650160152,-0.13358230985190264,0,0,0,0,1.011,19,859.34,0
T0005328,C0155,mid_weekend,2026-02-21 19:41:00.000000000,0.7804366385368683,-0.7309318916719862,0,0,0,0,2.254,19,2146.09,0
T0001772,C0051,low_evening_shopper,2026-02-21 20:13:00.000000000,0.44299565587661044,-1.8214295620997654,0,0,0,0,7.894,20,298.1,0
T0004420,C0129,low_evening_shopper,2026-02-21 20:14:00.000000000,0.5620561533733487,-0.8276838098931735,0,0,0,0,1.98,20,462.17,0
T0003169,C0093,low_evening_shopper,2026-02-21 20:20:00.000000000,1.18695177257509,1.0325253902443385,0,0,0,0,2.997,20,736.73,0
T0005833,C0168,low_evening_shopper,2026-02-21 20:24:00.000000000,1.2289631787553636,0.3217243518525241,0,0,0,0,1.986,20,1083.9,0
T0001968,C0057,low_evening_shopper,2026-02-21 21:00:00.000000000,0.6838645787829153,-0.544747412769737,0,0,0,0,2.051,21,522.82,0
T0005708,C0165,low_evening_shopper,2026-02-21 21:01:00.000000000,0.13113669267827066,-3.777530565415709,0,0,0,0,2.013,21,89.67,0
T0002767,C0081,low_evening_shopper,2026-02-21 21:05:00.000000000,1.1254041222988378,0.4748963136028201,0,0,0,0,3.002,21,846.56,0
T0003290,C0096,low_evening_shopper,2026-02-21 21:13:00.000000000,0.6961657773524483,-0.4773679220930924,0,0,0,0,4.664,21,636.05,0
T0002270,C0066,low_evening_shopper,2026-02-21 21:51:00.000000000,0.33715613101585606,-1.1443578051310586,0,0,0,0,1.059,21,256.35,0
T0001882,C0054,low_evening_shopper,2026-02-21 22:16:00.000000000,0.43805415066922254,-0.9355040833738872,0,0,0,0,1.094,22,332.28,0
T0001003,C0027,low_evening_shopper,2026-02-21 22:56:00.000000000,1.2848854935284497,0.9290940944697648,0,0,0,0,1.092,22,820.07,0
T0006064,C0174,low_evening_shopper,2026-02-21 23:00:00.000000000,0.8339235122236951,-0.21515203988326662,0,0,0,0,1.082,23,768.68,0
T0002492,C0072,low_evening_shopper,2026-02-21 23:41:00.000000000,0.40697130254281394,-2.6189732455997206,0,0,0,0,0.194,23,305.4,0
T0005806,C0167,mid_weekend,2026-02-21 23:53:00.000000000,0.9137877271294921,-0.1693703078805406,0,0,0,0,0.358,23,2520.11,0
T0006374,C0107,mid_weekend,2026-02-22 02:40:00.345118454,2.6123247538105225,2.346050309232663,1,1,0,1,1.346,2,7950.43,1
T0006392,C0090,low_evening_shopper,2026-02-22 03:21:00.973043289,6.666870795300794,26.056365691429082,1,1,1,6,0.381,3,4787.79,1
T0006385,C0108,low_evening_shopper,2026-02-22 04:59:00.464661235,6.714296727732625,6.674446360072477,1,1,1,6,0.431,4,6114.88,1
T0005021,C0147,low_evening_shopper,2026-02-22 05:40:00.000000000,0.7607876330127343,-0.4660122866228254,1,0,0,0,1.383,5,677.95,0
T0001527,C0044,mid_weekend,2026-02-22 11:40:00.000000000,0.794840561267759,-0.44008346955985905,0,0,0,0,1.924,11,2229.43,0
T0003056,C0089,mid_weekend,2026-02-22 12:15:00.000000000,0.9408979921414836,-0.08763524827042939,0,0,0,1,-0.14,12,2842.0,0
T0003797,C0110,mid_weekend,2026-02-22 12:36:00.000000000,0.8739071374157482,-0.27997483219194597,0,0,0,0,0.902,12,2547.69,0
T0000207,C0005,mid_weekend,2026-02-22 13:11:00.000000000,0.9466244646893187,-0.09531695888790945,0,0,0,0,0.983,13,2962.92,0
T0005994,C0172,high_business,2026-02-22 13:12:00.000000000,0.809060492785003,-0.34487426718980224,0,0,0,0,1.051,13,11770.01,0
T0002833,C0083,mid_weekend,2026-02-22 13:31:00.000000000,2.251943494249219,5.778174286167365,0,0,0,1,-0.09,13,5747.76,0
T0004991,C0146,mid_weekend,2026-02-22 13:43:00.000000000,2.2492649039718215,4.587890059856112,0,0,0,0,3.025,13,5724.54,0
T0001759,C0050,mid_weekend,2026-02-22 13:52:00.000000000,0.4291914613581758,-1.1348999928639831,0,0,0,1,-0.14,13,1327.02,0
T0006160,C0176,mid_weekend,2026-02-22 14:12:00.000000000,3.3247968400278682,3.9335005049023044,0,0,0,0,0.901,14,10966.21,0
T0006422,C0176,mid_weekend,2026-02-22 14:16:00.831647986,3.637540011889832,4.424192273123622,0,0,0,2,1.913,14,12190.89,1
T0000966,C0026,mid_weekend,2026-02-22 14:27:00.000000000,0.7465723818279691,-0.4674430934433094,0,0,0,0,1.019,14,2352.96,0
T0004794,C0140,mid_weekend,2026-02-22 14:35:00.000000000,1.1131455648056603,0.2216097045245533,0,0,0,0,1.1,14,3198.23,0
T0006161,C0176,mid_weekend,2026-02-22 15:08:00.000000000,1.0870445221546952,0.13177774255694807,0,0,0,1,0.039,15,3845.89,0
T0003055,C0089,mid_weekend,2026-02-22 15:36:00.000000000,2.272585168970977,1.8825227574115955,0,0,0,0,1.505,15,6601.85,0
T0002832,C0083,mid_weekend,2026-02-22 15:41:00.000000000,0.5584089586766325,-2.233942380196869,0,0,0,0,1.247,15,1451.97,0
T0005329,C0155,mid_weekend,2026-02-22 15:50:00.000000000,3.950471869846993,9.82949792929594,0,0,0,0,0.84,15,10786.3,0
T0002036,C0059,mid_weekend,2026-02-22 15:54:00.000000000,0.9353922037628472,-0.09966014299207156,0,0,0,0,2.008,15,3102.67,0
T0004898,C0143,mid_weekend,2026-02-22 15:57:00.000000000,0.8854178411410667,-0.21083653365782043,0,0,0,0,1.117,15,2625.55,0
T0003926,C0113,mid_weekend,2026-02-22 16:13:00.000000000,0.9929391175969552,-0.020860860138104263,0,0,0,0,3.008,16,2829.49,0
T0001758,C0050,mid_weekend,2026-02-22 17:14:00.000000000,0.5593889296604085,-0.8869550156378044,0,0,0,0,2.246,17,1759.39,0
T0001439,C0042,low_evening_shopper,2026-02-22 17:43:00.000000000,1.0003362169644536,0.00047164499310375024,0,0,0,0,0.986,17,950.06,0
T0005022,C0147,low_evening_shopper,2026-02-22 17:56:00.000000000,0.7833520410222133,-0.4262083178780171,0,0,0,0,0.511,17,688.23,0
T0001004,C0027,low_evening_shopper,2026-02-22 18:05:00.000000000,1.6320126121192182,2.0980431131974653,0,0,0,0,0.798,18,1055.75,0
T0003097,C0090,low_evening_shopper,2026-02-22 18:14:00.000000000,1.2724891406529357,1.2529017971877552,0,0,0,0,1.001,18,913.83,0
T0004992,C0146,mid_weekend,2026-02-22 19:02:00.000000000,1.1530131687244671,0.4684335001005994,0,0,0,0,0.222,19,3036.33,0
T0006192,C0177,low_evening_shopper,2026-02-22 19:09:00.000000000,0.8894643341753586,-0.1920886731982413,0,0,0,0,1.992,19,739.72,0
T0001883,C0054,low_evening_shopper,2026-02-22 19:19:00.000000000,1.1528496153586634,0.24643424318564502,0,0,0,0,0.877,19,841.73,0
T0000229,C0006,low_evening_shopper,2026-02-22 19:19:00.000000000,1.4327821194913142,2.0231062827272996,0,0,0,0,1.048,19,1046.13,0
T0001070,C0029,mid_weekend,2026-02-22 19:30:00.000000000,6.8344794096289085,10.885046231588824,0,0,0,0,3.019,19,16902.76,0
T0001372,C0039,low_evening_shopper,2026-02-22 19:47:00.000000000,1.1763459517087202,0.6829937278163353,0,0,0,0,1.917,19,714.05,0
T0002381,C0069,low_evening_shopper,2026-02-22 19:47:00.000000000,0.9966833467706432,-0.005574633976609369,0,0,0,0,3.928,19,868.41,0
T0001969,C0057,low_evening_shopper,2026-02-22 19:53:00.000000000,0.9154531548008124,-0.14597465670239104,0,0,0,0,0.953,19,690.25,0
T0000016,C0000,low_evening_shopper,2026-02-22 20:10:00.000000000,1.1125024922227298,0.1885532761038413,0,0,0,0,2.102,20,988.32,0
T0002059,C0060,low_evening_shopper,2026-02-22 20:16:00.000000000,0.7607168590038592,-0.9159727393281585,0,0,0,0,1.144,20,542.46,0
T0003716,C0108,low_evening_shopper,2026-02-22 20:20:00.000000000,2.4226397865285416,1.670866507708353,0,0,0,0,1.045,20,2174.37,0
T0000084,C0002,mid_weekend,2026-02-22 20:24:00.000000000,1.342092371414941,0.6227277056973594,0,0,0,0,2.173,20,4029.6,0
T0002556,C0075,low_evening_shopper,2026-02-22 20:49:00.000000000,0.9451524847915211,-0.09116261375100577,0,0,0,0,1.05,20,881.3,0
T0004336,C0126,low_evening_shopper,2026-02-22 20:52:00.000000000,0.8915989684761126,-0.17616014315812134,0,0,0,0,2.049,20,775.93,0
T0002988,C0087,low_evening_shopper,2026-02-22 21:05:00.000000000,0.8263889768025443,-0.28242567135023694,0,0,0,0,2.002,21,714.46,0
T0000784,C0021,low_evening_shopper,2026-02-22 21:08:00.000000000,0.7079887628696278,-0.3756296243963602,0,0,0,0,1.953,21,647.05,0
T0004695,C0137,mid_weekend,2026-02-22 21:11:00.000000000,0.577672998735746,-0.6900758117614366,0,0,0,0,2.09,21,1937.07,0
T0004421,C0129,low_evening_shopper,2026-02-22 21:28:00.000000000,0.5873975340538308,-0.7720228043338189,0,0,0,0,1.051,21,475.17,0
T0005946,C0171,low_evening_shopper,2026-02-22 21:47:00.000000000,0.9602045817393843,-0.16110915584617586,0,0,0,0,3.03,21,680.56,0
T0005709,C0165,low_evening_shopper,2026-02-22 21:47:00.000000000,1.3769676331904492,1.2548782748844918,0,0,0,0,1.032,21,904.37,0
T0002160,C0063,low_evening_shopper,2026-02-22 21:48:00.000000000,1.2111866273040521,0.4633551219065661,0,0,0,0,2.044,21,996.31,0
T0001690,C0048,low_evening_shopper,2026-02-22 22:26:00.000000000,0.8838930430976057,-0.30023113359483694,0,0,0,0,2.94,22,713.5,0
T0002768,C0081,low_evening_shopper,2026-02-22 22:59:00.000000000,0.656194253470704,-1.3523688155312994,0,0,0,0,1.079,22,498.03,0
T0005231,C0152,mid_weekend,2026-02-22 23:17:00.000000000,0.7210190592683772,-0.6337754784688323,0,0,0,0,2.281,23,1708.33,0
T0000113,C0003,low_evening_shopper,2026-02-22 23:22:00.000000000,0.9136909059524375,-0.17076693388062134,0,0,0,0,1.997,23,853.23,0
T0004243,C0123,low_evening_shopper,2026-02-22 23:29:00.000000000,1.318200846921798,0.4770536578902542,0,0,0,0,2.109,23,1023.53,0
T0002834,C0083,mid_weekend,2026-02-23 05:55:00.000000000,1.0018369125341264,0.005945536339354147,1,0,0,0,0.683,5,2685.09,0
T0005995,C0172,high_business,2026-02-23 10:11:00.000000000,0.8431134409576939,-0.28509559281712543,0,0,0,0,0.874,10,12209.64,0
T0004219,C0122,mid_weekend,2026-02-23 10:19:00.000000000,0.8991067055201349,-0.30677560233249984,0,0,0,0,2.826,10,2332.45,0
T0000870,C0023,mid_weekend,2026-02-23 10:39:00.000000000,0.5990766785297373,-0.6315672682289308,0,0,0,0,3.183,10,2229.4,0
T0001528,C0044,mid_weekend,2026-02-23 11:07:00.000000000,0.8225357027396875,-0.38321157538125955,0,0,0,0,0.977,11,2291.84,0
T0001275,C0035,mid_weekend,2026-02-23 11:39:00.000000000,1.0034393673144288,0.007289617575033625,0,0,0,0,2.91,11,2828.49,0
T0003692,C0107,mid_weekend,2026-02-23 11:43:00.000000000,0.7332489425038238,-0.3929827390478301,0,0,0,0,1.939,11,2221.51,0
T0002038,C0059,mid_weekend,2026-02-23 11:44:00.000000000,0.6166451142460084,-0.599231687090734,0,0,0,1,-0.155,11,2028.76,0
T0000871,C0023,mid_weekend,2026-02-23 11:51:00.000000000,0.5659174076416091,-0.6816136652683008,0,0,0,0,0.05,11,2076.89,0
T0000872,C0023,mid_weekend,2026-02-23 12:26:00.000000000,0.4252881035215416,-0.8976576701833131,0,0,0,1,0.024,12,1538.2,0
T0000529,C0014,mid_weekend,2026-02-23 13:26:00.000000000,0.9914917231925303,-0.021765463411178142,0,0,0,0,5.044,13,2651.92,0
T0001073,C0029,mid_weekend,2026-02-23 13:59:00.000000000,0.7583934359183149,-0.26022967976818423,0,0,0,2,-0.142,13,2219.01,0
T0002835,C0083,mid_weekend,2026-02-23 14:09:00.000000000,0.5856182715362478,-1.3678869754462653,0,0,0,0,0.343,14,1569.67,0
T0001277,C0035,mid_weekend,2026-02-23 14:46:00.000000000,0.7669002961608001,-0.5048993581551965,0,0,0,1,-0.117,14,2186.49,0
T0006162,C0176,mid_weekend,2026-02-23 14:48:00.000000000,0.6413730956170133,-0.5526564770979705,0,0,0,0,0.986,14,2275.12,0
T0004696,C0137,mid_weekend,2026-02-23 14:55:00.000000000,0.9819584068609003,-0.029329685410819872,0,0,0,0,0.739,14,3246.37,0
T0003927,C0113,mid_weekend,2026-02-23 15:03:00.000000000,0.5187754051562038,-1.4400596945878272,0,0,0,0,0.951,15,1478.04,0
T0001071,C0029,mid_weekend,2026-02-23 15:06:00.000000000,1.1160932670350459,0.12080752417590403,0,0,0,0,0.817,15,3248.3,0
T0002037,C0059,mid_weekend,2026-02-23 15:27:00.000000000,0.7159975891645644,-0.4426611376611361,0,0,0,0,0.981,15,2371.29,0
T0003577,C0104,mid_weekend,2026-02-23 15:52:00.000000000,1.070622568448508,0.32465599416505425,0,0,0,0,2.112,15,2704.21,0
T0004698,C0137,mid_weekend,2026-02-23 15:56:00.000000000,0.7287826637548376,-0.450028059994909,0,0,0,1,-0.172,15,2388.16,0
T0000750,C0020,mid_weekend,2026-02-23 16:06:00.000000000,0.8716165039519375,-0.3053844344884626,0,0,0,0,1.958,16,2341.39,0
T0001970,C0057,low_evening_shopper,2026-02-23 17:11:00.000000000,0.7853442593754466,-0.37708471453287074,0,0,0,0,0.887,17,590.06,0
T0001072,C0029,mid_weekend,2026-02-23 17:23:00.000000000,1.0667912622403914,0.07077441304252975,0,0,0,0,0.095,17,3115.41,0
T0001773,C0051,low_evening_shopper,2026-02-23 17:31:00.000000000,2.406498309337861,4.054534138002237,0,1,0,0,1.887,17,1544.22,0
T0001276,C0035,mid_weekend,2026-02-23 17:35:00.000000000,1.500344816440746,1.0730986298047618,0,0,0,0,0.247,17,4229.51,0
T0002039,C0059,mid_weekend,2026-02-23 17:42:00.000000000,2.368714278422181,2.1366497546956116,0,0,0,0,0.249,17,7725.17,0
T0005807,C0167,mid_weekend,2026-02-23 18:13:00.000000000,0.8165826282062663,-0.36410646381859463,0,0,0,0,1.764,18,2247.06,0
T0002557,C0075,low_evening_shopper,2026-02-23 18:28:00.000000000,0.7941823979162931,-0.3492029688279298,0,0,0,0,0.902,18,738.69,0
T0004795,C0140,mid_weekend,2026-02-23 18:29:00.000000000,0.8181005684219727,-0.3612314498159189,0,0,0,0,1.163,18,2356.71,0
T0003098,C0090,low_evening_shopper,2026-02-23 18:35:00.000000000,0.7084698063959838,-1.3419393112195892,0,0,0,0,1.015,18,515.09,0
T0005249,C0153,low_evening_shopper,2026-02-23 18:40:00.000000000,1.1910005734419808,0.8634117249515637,0,0,0,0,4.894,18,786.98,0
T0001074,C0029,mid_weekend,2026-02-23 18:55:00.000000000,0.7502490521880114,-0.2707321783874985,0,0,0,0,0.206,18,2180.44,0
T0004730,C0138,low_evening_shopper,2026-02-23 19:14:00.000000000,0.6756338815053572,-0.6905204254353395,0,1,0,0,4.02,19,553.88,0
T0005834,C0168,low_evening_shopper,2026-02-23 19:20:00.000000000,0.7203446405163574,-0.4038945776781876,0,1,0,0,1.956,19,641.13,0
T0006298,C0179,mid_weekend,2026-02-23 19:25:00.000000000,0.7486349500543208,-1.0733848095880245,0,0,0,0,3.065,19,1899.75,0
T0000785,C0021,low_evening_shopper,2026-02-23 19:35:00.000000000,2.415618966419986,1.8332302371978455,0,0,0,0,0.935,19,2178.4,0
T0004823,C0141,low_evening_shopper,2026-02-23 19:35:00.000000000,0.8170772891227872,-0.6147273524691006,0,0,0,0,2.057,19,585.7,0
T0001373,C0039,low_evening_shopper,2026-02-23 19:38:00.000000000,1.2981530529289216,1.1885703369240206,0,0,0,0,0.994,19,796.67,0
T0000300,C0009,low_evening_shopper,2026-02-23 19:50:00.000000000,0.7376230587302427,-0.8565739585429265,0,0,0,0,2.972,19,503.72,0
T0004625,C0135,low_evening_shopper,2026-02-23 19:56:00.000000000,0.6096680460910148,-0.6581579429837053,0,0,0,0,4.99,19,497.07,0
T0004697,C0137,mid_weekend,2026-02-23 20:04:00.000000000,0.736774959292006,-0.4347314785880231,0,0,0,0,0.215,20,2434.37,0
T0000389,C0011,mid_weekend,2026-02-23 20:14:00.000000000,1.0722127018543899,0.11637898595074027,0,0,0,0,3.026,20,3259.1,0
T0000114,C0003,low_evening_shopper,2026-02-23 20:21:00.000000000,0.7555579036450539,-0.4937041765390737,0,0,0,0,0.874,20,702.52,0
T0006299,C0179,mid_weekend,2026-02-23 20:24:00.000000000,1.8623105737017152,3.6339614981019284,0,0,0,1,0.041,20,4674.18,0
T0005710,C0165,low_evening_shopper,2026-02-23 20:28:00.000000000,0.8107497156383862,-0.6333833300712487,0,0,0,0,0.945,20,541.21,0
T0001884,C0054,low_evening_shopper,2026-02-23 20:39:00.000000000,0.7927840529688159,-0.3476808427285028,0,0,0,0,1.056,20,584.36,0
T0001576,C0045,low_evening_shopper,2026-02-23 20:45:00.000000000,0.9246510194607253,-0.11523509115352812,0,0,0,0,3.003,20,747.06,0
T0004244,C0123,low_evening_shopper,2026-02-23 20:46:00.000000000,0.6788256177275859,-0.49740510453645825,0,0,0,0,0.887,20,534.71,0
T0004142,C0120,low_evening_shopper,2026-02-23 20:49:00.000000000,0.9267494517733148,-0.2764193965433128,0,0,0,0,4.071,20,675.75,0
T0003291,C0096,low_evening_shopper,2026-02-23 20:53:00.000000000,0.955437950821015,-0.07043665901919392,0,0,0,0,1.986,20,856.36,0
T0001654,C0047,mid_weekend,2026-02-23 20:55:00.000000000,1.2268726822340144,1.134766595854903,0,0,0,0,2.102,20,2816.99,0
T0004525,C0132,low_evening_shopper,2026-02-23 21:25:00.000000000,1.4806913851739607,1.9450470088530551,0,0,0,0,3.942,21,928.14,0
T0001100,C0030,low_evening_shopper,2026-02-23 21:28:00.000000000,1.256697601422044,0.4583189519402131,0,0,0,0,3.051,21,1062.77,0
T0003607,C0105,low_evening_shopper,2026-02-23 21:38:00.000000000,0.8626478240169428,-0.597180755998838,0,0,0,0,2.932,21,596.42,0
T0004337,C0126,low_evening_shopper,2026-02-23 21:53:00.000000000,0.6933128936964588,-0.5061480300392827,0,0,0,0,1.042,21,600.75,0
T0005250,C0153,low_evening_shopper,2026-02-23 22:35:00.000000000,0.40524996429891735,-2.7396910688872596,0,0,0,0,0.163,22,270.62,0
T0002867,C0084,low_evening_shopper,2026-02-23 22:57:00.000000000,0.8436133117509139,-0.30251212253557697,0,0,0,0,7.083,22,750.74,0
T0004072,C0117,low_evening_shopper,2026-02-23 23:25:00.000000000,0.8726424289788042,-0.27131603733602194,0,0,0,0,5.017,23,739.03,0
T0000968,C0026,mid_weekend,2026-02-24 01:30:00.000000000,0.5876816660673705,-0.6680135817754521,1,0,0,1,-0.495,1,1986.33,0
T0002836,C0083,mid_weekend,2026-02-24 10:26:00.000000000,0.5969317676619649,-1.2910899530406663,0,0,0,0,0.845,10,1575.44,0
T0004506,C0131,mid_weekend,2026-02-24 10:43:00.000000000,0.449926067969842,-1.2631366044970096,0,0,0,0,3.874,10,1264.46,0
T0005475,C0158,mid_weekend,2026-02-24 10:47:00.000000000,0.7578218607796893,-0.37793796540895086,0,0,0,0,2.733,10,2099.94,0
T0006300,C0179,mid_weekend,2026-02-24 11:06:00.000000000,1.1622022988085485,0.5809604707531573,0,0,0,0,0.613,11,3021.8,0
T0001351,C0038,mid_weekend,2026-02-24 11:51:00.000000000,0.4702279923775791,-0.8496655273812241,0,0,0,1,-0.153,11,1518.55,0
T0005996,C0172,high_business,2026-02-24 12:18:00.000000000,0.6953710956714356,-0.5575553101630948,0,0,0,0,1.088,12,10033.35,0
T0000208,C0005,mid_weekend,2026-02-24 12:25:00.000000000,0.6779185037072095,-0.5814893667170771,0,0,0,0,1.968,12,2119.11,0
T0003928,C0113,mid_weekend,2026-02-24 12:38:00.000000000,1.1055419952051784,0.30812251234238114,0,0,0,0,0.899,12,3111.9,0
T0000085,C0002,mid_weekend,2026-02-24 12:40:00.000000000,0.9248070948888532,-0.14052579949153124,0,0,0,0,1.678,12,2814.7,0
T0003798,C0110,mid_weekend,2026-02-24 12:47:00.000000000,1.0454370542947096,0.1023492238875845,0,0,0,0,2.008,12,3031.73,0
T0000967,C0026,mid_weekend,2026-02-24 13:23:00.000000000,3.0967527332231772,3.8912164492285815,0,0,0,0,1.956,13,9656.92,0
T0005476,C0158,mid_weekend,2026-02-24 13:27:00.000000000,3.065665878348287,3.2414575859733157,0,0,0,0,0.111,13,8436.24,0
T0000209,C0005,mid_weekend,2026-02-24 13:34:00.000000000,0.8720048016789227,-0.23116279519178207,0,0,0,0,0.048,13,2704.91,0
T0002837,C0083,mid_weekend,2026-02-24 13:47:00.000000000,1.0843571974547688,0.2634770611216281,0,0,0,0,0.14,13,2820.66,0
T0000751,C0020,mid_weekend,2026-02-24 13:52:00.000000000,0.8091187927459129,-0.4576383304455982,0,0,0,0,0.907,13,2166.86,0
T0000969,C0026,mid_weekend,2026-02-24 14:22:00.000000000,0.7015385272214315,-0.48119363439142065,0,0,0,1,0.536,14,2333.56,0
T0003274,C0095,mid_weekend,2026-02-24 14:40:00.000000000,0.9072814855395906,-0.1277316065454289,0,0,0,1,-0.144,14,2771.64,0
T0001530,C0044,mid_weekend,2026-02-24 15:19:00.000000000,0.7110324114717954,-0.6283784711337224,0,0,0,1,-0.066,15,1951.58,0
T0001350,C0038,mid_weekend,2026-02-24 15:32:00.000000000,0.7654205850109554,-0.3718741863440166,0,0,0,0,7.219,15,2504.49,0
T0005330,C0155,mid_weekend,2026-02-24 15:43:00.000000000,0.6365050750393351,-0.6702823618569268,0,1,0,0,1.995,15,1898.14,0
T0005477,C0158,mid_weekend,2026-02-24 16:24:00.000000000,2.6482201392589335,2.440256675530631,0,0,0,0,0.123,16,7705.64,0
T0004899,C0143,mid_weekend,2026-02-24 16:31:00.000000000,0.431898704539905,-1.0567867210405557,0,0,0,0,2.024,16,1276.4,0
T0000390,C0011,mid_weekend,2026-02-24 16:52:00.000000000,1.0502509172206091,0.08287134649886983,0,0,0,0,0.86,16,3201.56,0
T0001529,C0044,mid_weekend,2026-02-24 16:54:00.000000000,0.6885399393369818,-0.677976600955505,0,0,0,0,1.241,16,1907.85,0
T0004422,C0129,low_evening_shopper,2026-02-24 17:25:00.000000000,0.9867787733809974,-0.024561004232511043,0,0,0,0,1.831,17,786.48,0
T0001760,C0050,mid_weekend,2026-02-24 17:34:00.000000000,0.8720479382422343,-0.2479194029829577,0,0,0,0,2.154,17,2639.29,0
T0006388,C0054,low_evening_shopper,2026-02-24 18:01:00.268521773,5.84685325242653,8.132344172438485,0,0,0,0,1.946,18,4309.73,1
T0003273,C0095,mid_weekend,2026-02-24 18:08:00.000000000,0.4522674547680498,-0.75992937045176,0,0,0,0,3.059,18,1397.92,0
T0000115,C0003,low_evening_shopper,2026-02-24 18:09:00.000000000,0.7502759494352881,-0.5078729218375904,0,0,0,0,0.908,18,689.49,0
T0001374,C0039,low_evening_shopper,2026-02-24 18:30:00.000000000,1.0431301360032437,0.17327961181510906,0,0,0,0,0.953,18,651.39,0
T0002737,C0080,mid_weekend,2026-02-24 18:33:00.000000000,0.8770856156928122,-0.3756083491215751,0,0,0,0,3.073,18,2156.91,0
T0003829,C0111,low_evening_shopper,2026-02-24 18:34:00.000000000,1.1611806003950498,0.47966685684560606,0,0,0,0,3.832,18,741.78,0
T0004507,C0131,mid_weekend,2026-02-24 18:35:00.000000000,0.8311101219580886,-0.38056306335065143,0,0,0,0,0.328,18,2306.52,0
T0003717,C0108,low_evening_shopper,2026-02-24 18:40:00.000000000,0.4380818517659265,-0.6766441673614989,0,0,0,0,1.931,18,417.51,0
T0003057,C0089,mid_weekend,2026-02-24 18:46:00.000000000,0.9026937623462735,-0.1462413583123974,0,0,0,0,2.272,18,2721.72,0
T0001577,C0045,low_evening_shopper,2026-02-24 19:03:00.000000000,1.0219628275784884,0.034105115057014204,0,0,0,0,0.929,19,823.46,0
T0000549,C0015,low_evening_shopper,2026-02-24 19:28:00.000000000,1.1740458400883846,0.31332291535660955,0,0,0,0,3.951,19,961.81,0
T0005130,C0150,low_evening_shopper,2026-02-24 19:39:00.000000000,0.8511792874505593,-0.3036242431042028,0,0,0,0,3.932,19,655.24,0
T0004143,C0120,low_evening_shopper,2026-02-24 19:40:00.000000000,1.0223531118334532,0.0859773603857388,0,0,0,0,0.952,19,742.86,0
T0002040,C0059,mid_weekend,2026-02-24 19:53:00.000000000,1.3023380766541266,0.46862273391831616,0,0,0,0,1.091,19,4376.55,0
T0002382,C0069,low_evening_shopper,2026-02-24 20:03:00.000000000,0.8739866675514799,-0.21870398334942218,0,0,0,0,2.011,20,761.35,0
T0002989,C0087,low_evening_shopper,2026-02-24 20:18:00.000000000,0.9362557807479209,-0.10510967820983869,0,0,0,0,1.967,20,803.06,0
T0002161,C0063,low_evening_shopper,2026-02-24 20:19:00.000000000,0.5608136408361141,-0.9993037453704048,0,0,0,0,1.938,20,467.05,0
T0002868,C0084,low_evening_shopper,2026-02-24 20:38:00.000000000,0.8003688614784427,-0.3988654501051287,0,0,0,0,0.903,20,701.11,0
T0003292,C0096,low_evening_shopper,2026-02-24 20:44:00.000000000,0.7178569521573575,-0.4584206201676149,0,1,0,0,0.994,20,641.73,0
T0003099,C0090,low_evening_shopper,2026-02-24 20:46:00.000000000,0.7691622622358549,-1.032998805429681,0,0,0,0,1.091,20,552.12,0
T0006193,C0177,low_evening_shopper,2026-02-24 20:47:00.000000000,1.1125429985955033,0.19980656703973398,0,0,0,0,2.068,20,919.56,0
T0001691,C0048,low_evening_shopper,2026-02-24 20:51:00.000000000,2.282034662696813,3.368317063306109,0,0,0,0,1.934,20,1832.39,0
T0000683,C0018,low_evening_shopper,2026-02-24 20:56:00.000000000,1.2210179975758861,0.4245015835669857,0,0,0,0,4.919,20,990.93,0
T0003608,C0105,low_evening_shopper,2026-02-24 21:04:00.000000000,0.8220466291421311,-0.7806681677224334,0,0,0,0,0.976,21,564.8,0
T0006031,C0173,mid_weekend,2026-02-24 21:09:00.000000000,0.48776249899068574,-1.0025233692364164,0,0,0,0,4.317,21,1464.73,0
T0004526,C0132,low_evening_shopper,2026-02-24 21:20:00.000000000,0.9299097359436903,-0.270746537929424,0,0,0,0,0.997,21,601.57,0
T0001885,C0054,low_evening_shopper,2026-02-24 21:37:00.000000000,1.0669967038238208,0.1140540386441335,0,0,0,0,1.04,21,776.9,0
T0000017,C0000,low_evening_shopper,2026-02-24 21:39:00.000000000,1.0768729732452509,0.13385081636281085,0,0,0,0,2.062,21,963.39,0
T0005600,C0162,low_evening_shopper,2026-02-24 21:47:00.000000000,0.6988200602896268,-0.8799348986211353,0,0,0,0,8.08,21,577.35,0
T0001692,C0048,low_evening_shopper,2026-02-24 21:54:00.000000000,0.5160060525478225,-1.1232891472337734,0,0,0,0,0.044,21,437.43,0
T0003951,C0114,low_evening_shopper,2026-02-24 22:37:00.000000000,0.9351169247150587,-0.16712470155536477,0,0,0,0,7.115,22,767.15,0
T0001440,C0042,low_evening_shopper,2026-02-24 22:41:00.000000000,0.623664005171398,-0.5432394056455994,0,0,0,0,2.207,22,592.33,0
T0005711,C0165,low_evening_shopper,2026-02-24 22:56:00.000000000,0.7984707299505931,-0.6779099484835225,0,0,0,0,1.103,22,528.81,0
T0000301,C0009,low_evening_shopper,2026-02-24 23:24:00.000000000,0.8933248230124232,-0.34623929147260485,0,0,0,0,1.149,23,601.62,0
T0002738,C0080,mid_weekend,2026-02-25 07:47:00.000000000,0.6106905283503512,-1.2018114168507985,0,0,0,0,0.551,7,1495.84,0
T0006033,C0173,mid_weekend,2026-02-25 11:09:00.000000000,0.702391449933396,-0.5768536000089018,0,0,0,1,-0.135,11,2059.31,0
T0003396,C0099,low_evening_shopper,2026-02-25 11:12:00.000000000,1.1993447519630085,0.8016649651620583,1,1,0,0,4.544,11,861.44,0
T0005997,C0172,high_business,2026-02-25 11:20:00.000000000,0.681277347567488,-0.5839502582968048,0,0,0,0,0.96,11,9761.94,0
T0002041,C0059,mid_weekend,2026-02-25 11:49:00.000000000,1.0048427998520564,0.007620975530240803,0,0,0,0,0.664,11,3399.0,0
T0002739,C0080,mid_weekend,2026-02-25 12:35:00.000000000,0.7564476096671736,-0.7381175023392008,0,0,0,0,0.2,12,1830.32,0
T0005478,C0158,mid_weekend,2026-02-25 12:47:00.000000000,0.5171689598340014,-0.7025667727072586,0,0,0,0,0.849,12,1571.86,0
T0006345,C0143,mid_weekend,2026-02-25 12:52:00.994249555,2.1270918255865827,2.0600952813886795,0,0,1,7,0.848,12,6184.22,1
T0005808,C0167,mid_weekend,2026-02-25 12:54:00.000000000,1.2993443871862564,0.5980565020306632,0,0,0,0,1.778,12,3559.12,0
T0006163,C0176,mid_weekend,2026-02-25 13:45:00.000000000,0.6739958757311725,-0.5023088226628587,0,0,0,0,1.956,13,2365.62,0
T0006034,C0173,mid_weekend,2026-02-25 14:15:00.000000000,0.6324938430293517,-0.713303919069908,0,0,0,1,0.129,14,1837.13,0
T0005998,C0172,high_business,2026-02-25 14:16:00.000000000,0.6025305899886623,-0.7284845389447299,0,0,0,0,0.122,14,8572.44,0
T0000530,C0014,mid_weekend,2026-02-25 14:19:00.000000000,1.0402532235010495,0.10411720083693958,0,0,0,0,2.037,14,2781.82,0
T0006032,C0173,mid_weekend,2026-02-25 14:24:00.000000000,0.7917486941043174,-0.4008089859259431,0,0,0,0,0.719,14,2336.99,0
T0004508,C0131,mid_weekend,2026-02-25 15:17:00.000000000,0.5814038278959806,-0.9487841416800837,0,0,0,0,0.863,15,1607.48,0
T0003929,C0113,mid_weekend,2026-02-25 15:30:00.000000000,1.1758368669474981,0.5204563095592639,0,0,0,0,1.119,15,3318.29,0
T0005332,C0155,mid_weekend,2026-02-25 15:35:00.000000000,0.894124583571934,-0.19697697900375674,0,1,0,1,-0.047,15,2628.99,0
T0002740,C0080,mid_weekend,2026-02-25 15:41:00.000000000,1.0715011239592516,0.21664819118206866,0,0,0,0,0.129,15,2573.5,0
T0000086,C0002,mid_weekend,2026-02-25 15:43:00.000000000,0.9454314386624528,-0.10366107178369993,0,0,0,0,1.127,15,2869.15,0
T0005331,C0155,mid_weekend,2026-02-25 16:43:00.000000000,0.8964170785184994,-0.19053855833987282,0,0,0,0,1.042,16,2643.79,0
T0001352,C0038,mid_weekend,2026-02-25 16:44:00.000000000,3.0281743973003192,3.1887874202645676,0,0,0,0,1.203,16,9506.51,0
T0005102,C0149,mid_weekend,2026-02-25 16:50:00.000000000,0.5848889807450842,-0.628955250933618,0,0,0,0,6.053,16,2019.58,0
T0004900,C0143,mid_weekend,2026-02-25 17:04:00.000000000,1.1558183973829563,0.28480472724155254,0,1,0,0,1.023,17,3360.38,0
T0002042,C0059,mid_weekend,2026-02-25 17:08:00.000000000,0.8314624658792719,-0.26811750762133285,0,0,0,0,0.222,17,2812.81,0
T0002558,C0075,low_evening_shopper,2026-02-25 17:14:00.000000000,0.5747804498109312,-0.729137030649696,0,0,0,0,1.949,17,529.83,0
T0005601,C0162,low_evening_shopper,2026-02-25 17:27:00.000000000,0.9746545015598321,-0.07324347565330598,0,0,0,0,0.819,17,789.07,0
T0002353,C0068,mid_weekend,2026-02-25 17:55:00.000000000,0.44439476362229774,-1.8128364299698958,0,0,0,0,4.112,17,1228.36,0
T0000786,C0021,low_evening_shopper,2026-02-25 18:03:00.000000000,0.5128611321055331,-0.6395891355483461,0,1,0,0,1.936,18,490.96,0
T0006301,C0179,mid_weekend,2026-02-25 18:09:00.000000000,1.267305471322835,0.9769187509568644,0,0,0,0,1.294,18,3316.45,0
T0005509,C0159,low_evening_shopper,2026-02-25 18:10:00.000000000,0.8762651994757378,-0.2345016578873386,0,0,0,0,3.962,18,704.68,0
T0003515,C0102,low_evening_shopper,2026-02-25 18:14:00.000000000,0.9754646670503563,-0.0418684967128178,0,0,0,0,4.957,18,858.66,0
T0001278,C0035,mid_weekend,2026-02-25 18:20:00.000000000,0.521915370063338,-1.03888062755897,0,0,0,0,2.149,18,1480.31,0
T0002769,C0081,low_evening_shopper,2026-02-25 18:32:00.000000000,1.0100004841619163,0.037560585565790276,0,0,0,0,2.815,18,748.99,0
T0002838,C0083,mid_weekend,2026-02-25 18:36:00.000000000,0.9033684589112916,-0.3076818249692526,0,0,0,0,1.201,18,2356.71,0
T0001075,C0029,mid_weekend,2026-02-25 18:46:00.000000000,0.6963322177300749,-0.3311386606016724,0,0,0,0,1.994,18,2010.09,0
T0004220,C0122,mid_weekend,2026-02-25 18:50:00.000000000,1.0993044460463863,0.304971075012216,0,0,0,0,2.355,18,2843.8,0
T0003397,C0099,low_evening_shopper,2026-02-25 19:00:00.000000000,1.0873567753417546,0.35796185145923576,0,0,0,0,0.325,19,788.42,0
T0004144,C0120,low_evening_shopper,2026-02-25 19:13:00.000000000,1.0944003784984566,0.37195434489445345,0,0,0,0,0.981,19,796.02,0
T0005251,C0153,low_evening_shopper,2026-02-25 19:15:00.000000000,1.038556948677255,0.1496593676435607,0,0,0,0,1.861,19,671.82,0
T0001441,C0042,low_evening_shopper,2026-02-25 19:18:00.000000000,0.8889616275170965,-0.16017467479476805,0,1,0,0,0.859,19,827.57,0
T0000116,C0003,low_evening_shopper,2026-02-25 19:27:00.000000000,0.8257108538764172,-0.35659702839136953,0,0,0,0,1.054,19,750.2,0
T0003517,C0102,low_evening_shopper,2026-02-25 19:30:00.000000000,1.1921471783233686,0.34577025373605336,0,0,0,1,-0.028,19,1053.57,0
T0005131,C0150,low_evening_shopper,2026-02-25 19:35:00.000000000,0.692242576472289,-0.6361937865195086,0,0,0,0,0.997,19,529.58,0
T0005947,C0171,low_evening_shopper,2026-02-25 19:43:00.000000000,0.8411601220349857,-0.6588403874404687,0,0,0,0,2.914,19,594.93,0
T0000970,C0026,mid_weekend,2026-02-25 19:44:00.000000000,0.8827261772755775,-0.1897344226626825,0,0,0,0,1.224,19,2903.79,0
T0002162,C0063,low_evening_shopper,2026-02-25 19:49:00.000000000,0.5361946171797097,-1.0312019835525719,0,0,0,0,0.979,19,435.65,0
T0000210,C0005,mid_weekend,2026-02-25 19:53:00.000000000,0.9150958144150756,-0.15459612280166155,0,0,0,0,1.263,19,2830.12,0
T0002652,C0078,low_evening_shopper,2026-02-25 19:55:00.000000000,1.2050312873830615,0.26784438017923307,0,0,0,0,4.015,19,1045.85,0
T0001101,C0030,low_evening_shopper,2026-02-25 19:58:00.000000000,2.3742333180393826,2.551602574150795,0,0,0,0,1.938,19,2038.18,0
T0003516,C0102,low_evening_shopper,2026-02-25 20:11:00.000000000,1.109323578342213,0.19115924692706654,0,0,0,0,0.081,20,975.29,0
T0003370,C0098,mid_weekend,2026-02-25 20:15:00.000000000,0.8163037407139793,-0.3543726888198423,0,0,0,0,4.035,20,2479.33,0
T0005023,C0147,low_evening_shopper,2026-02-25 20:19:00.000000000,0.8755562050209619,-0.24763557916927206,0,0,0,0,3.099,20,759.98,0
T0001774,C0051,low_evening_shopper,2026-02-25 20:23:00.000000000,1.2286586156240684,0.5052354054521175,0,0,0,0,2.119,20,873.72,0
T0000230,C0006,low_evening_shopper,2026-02-25 20:24:00.000000000,0.9287889837847075,-0.31661833303892506,0,0,0,0,3.045,20,694.45,0
T0003609,C0105,low_evening_shopper,2026-02-25 20:54:00.000000000,1.2663757864189353,1.1701872888400466,0,0,0,0,0.993,20,863.35,0
T0000302,C0009,low_evening_shopper,2026-02-25 21:05:00.000000000,1.2323944258708497,0.767461411260926,0,0,0,0,0.903,21,825.55,0
T0004901,C0143,mid_weekend,2026-02-25 21:12:00.000000000,0.9581343060072193,-0.07785579825666725,0,0,0,0,0.172,21,2797.7,0
T0003952,C0114,low_evening_shopper,2026-02-25 21:13:00.000000000,0.8924448025065538,-0.288480882762748,0,0,0,0,0.942,21,727.83,0
T0001375,C0039,low_evening_shopper,2026-02-25 22:13:00.000000000,1.2050455555422839,0.8489971753975537,0,0,0,0,1.155,22,754.3,0
T0000303,C0009,low_evening_shopper,2026-02-25 22:22:00.000000000,0.9201591601270847,-0.26941618369741116,0,0,0,0,0.053,22,623.21,0
T0000550,C0015,low_evening_shopper,2026-02-25 22:40:00.000000000,0.945989980992358,-0.10055055186623577,0,0,0,0,1.133,22,782.08,0
T0000684,C0018,low_evening_shopper,2026-02-25 22:47:00.000000000,1.3456372440689857,0.6810823067084852,0,0,0,0,1.077,22,1101.72,0
T0003100,C0090,low_evening_shopper,2026-02-25 23:38:00.000000000,1.2133714989635367,0.9452081230310269,0,0,0,0,1.119,23,862.61,0
T0005999,C0172,high_business,2026-02-26 08:04:00.000000000,0.36580285292116266,-1.158387477890004,0,0,0,0,0.742,8,5159.45,0
T0001531,C0044,mid_weekend,2026-02-26 10:53:00.000000000,0.7439172495676846,-0.5572124385307419,0,0,0,0,1.815,10,2024.48,0
T0004796,C0140,mid_weekend,2026-02-26 11:14:00.000000000,1.0241081132969991,0.04815788333232477,0,1,0,0,2.698,11,2937.96,0
T0004221,C0122,mid_weekend,2026-02-26 11:57:00.000000000,0.7156317934239226,-0.8866240156399013,0,0,0,0,0.713,11,1856.24,0
T0000211,C0005,mid_weekend,2026-02-26 12:05:00.000000000,0.7213711693074367,-0.5120718475664091,0,0,0,0,0.675,12,2226.68,0
T0004699,C0137,mid_weekend,2026-02-26 13:11:00.000000000,1.3897406055221444,0.6493324515820497,0,0,0,0,2.885,13,4516.63,0
T0006000,C0172,high_business,2026-02-26 13:28:00.000000000,0.9566438612112814,-0.07786411491484456,0,0,0,0,0.225,13,13310.87,0
T0001355,C0038,mid_weekend,2026-02-26 13:41:00.000000000,0.4839405952216824,-0.7761128331844774,0,0,0,2,-0.045,13,1659.94,0
T0005103,C0149,mid_weekend,2026-02-26 13:51:00.000000000,0.6001297512497852,-0.6035851252373112,0,0,0,0,0.876,13,2041.48,0
T0000873,C0023,mid_weekend,2026-02-26 14:16:00.000000000,0.8470200181029768,-0.23535105394104922,0,0,0,0,3.076,14,3006.74,0
T0002839,C0083,mid_weekend,2026-02-26 14:34:00.000000000,1.0526656858559167,0.16974110124733807,0,0,0,0,0.832,14,2737.35,0
T0001354,C0038,mid_weekend,2026-02-26 14:46:00.000000000,0.9014669004048137,-0.14550032191273632,0,0,0,1,-0.05,14,3105.98,0
T0006420,C0029,mid_weekend,2026-02-26 14:59:00.638562675,5.24457148387479,4.646496451393104,0,0,0,1,0.842,14,15018.4,1
T0002043,C0059,mid_weekend,2026-02-26 15:31:00.000000000,0.4693666906761882,-0.8494585506257954,0,0,0,0,0.933,15,1582.28,0
T0001353,C0038,mid_weekend,2026-02-26 15:58:00.000000000,0.9256913595671715,-0.10749429225006006,0,0,0,0,0.968,15,3200.77,0
T0003578,C0104,mid_weekend,2026-02-26 16:56:00.000000000,1.3494604407646653,1.6422684818823015,0,0,0,0,3.044,16,3418.53,0
T0006035,C0173,mid_weekend,2026-02-26 17:00:00.000000000,0.8943803011058785,-0.20429170716523512,0,0,0,0,1.115,17,2568.87,0
T0001356,C0038,mid_weekend,2026-02-26 17:02:00.000000000,0.6367394635443905,-0.5390472598443419,0,0,0,0,0.14,17,2135.04,0
T0003293,C0096,low_evening_shopper,2026-02-26 17:15:00.000000000,2.789439141779318,2.927801970618224,0,0,0,0,1.855,17,2454.54,0
T0003799,C0110,mid_weekend,2026-02-26 17:15:00.000000000,0.9231008270626042,-0.17707533631783226,0,0,0,0,2.186,17,2681.83,0
T0005479,C0158,mid_weekend,2026-02-26 17:20:00.000000000,0.7087111603462232,-0.4213579591752333,0,0,0,0,1.19,17,2126.66,0
T0003610,C0105,low_evening_shopper,2026-02-26 17:28:00.000000000,1.2275798995069664,1.004340471460021,0,0,0,0,0.857,17,846.19,0
T0001279,C0035,mid_weekend,2026-02-26 17:30:00.000000000,0.5981714741056876,-0.8635769199226512,0,0,0,0,0.965,17,1678.97,0
T0001655,C0047,mid_weekend,2026-02-26 17:52:00.000000000,1.2637124154859039,1.325382282712816,0,0,0,0,2.873,17,2930.2,0
T0001005,C0027,low_evening_shopper,2026-02-26 18:15:00.000000000,0.7590058143551813,-0.7689393973243063,0,0,0,0,4.007,18,505.11,0
T0005252,C0153,low_evening_shopper,2026-02-26 18:20:00.000000000,1.0517472182078076,0.20635730873427288,0,0,0,0,0.962,18,681.66,0
T0000900,C0024,low_evening_shopper,2026-02-26 18:28:00.000000000,0.8918819879606958,-0.36162390845793635,0,0,0,0,9.816,18,587.89,0
T0001532,C0044,mid_weekend,2026-02-26 18:49:00.000000000,0.7371917707430087,-0.5734121813512773,0,1,0,0,0.331,18,1991.5,0
T0003953,C0114,low_evening_shopper,2026-02-26 19:13:00.000000000,1.0235840861888297,0.06525114367492268,0,1,0,0,0.917,19,827.29,0
T0004527,C0132,low_evening_shopper,2026-02-26 19:15:00.000000000,0.8627229153832772,-0.5440243935332497,0,0,0,0,1.913,19,555.66,0
T0005334,C0155,mid_weekend,2026-02-26 19:18:00.000000000,0.7566754794975808,-0.4589253811176027,0,0,0,1,-0.028,19,2201.22,0
T0003371,C0098,mid_weekend,2026-02-26 19:19:00.000000000,0.6423358459512696,-0.6940514162821859,0,0,0,0,0.961,19,1942.79,0
T0005602,C0162,low_evening_shopper,2026-02-26 19:20:00.000000000,0.5950681222399024,-1.2064327953462874,0,0,0,0,1.078,19,481.0,0
T0006194,C0177,low_evening_shopper,2026-02-26 19:21:00.000000000,1.0638708455402464,0.1170694489645022,0,0,0,0,1.94,19,884.53,0
T0003058,C0089,mid_weekend,2026-02-26 19:32:00.000000000,0.5855868662553221,-0.6301795043764823,0,0,0,0,2.032,19,1760.56,0
T0002383,C0069,low_evening_shopper,2026-02-26 19:34:00.000000000,0.7660832735268541,-0.41478650004676804,0,0,0,0,1.98,19,662.4,0
T0002770,C0081,low_evening_shopper,2026-02-26 19:50:00.000000000,0.9252450647947688,-0.2901467934869185,0,0,0,0,1.054,19,686.57,0
T0005333,C0155,mid_weekend,2026-02-26 19:58:00.000000000,0.7257748700254921,-0.5157815810802088,0,0,0,0,1.183,19,2127.54,0
T0005948,C0171,low_evening_shopper,2026-02-26 20:16:00.000000000,1.4662018931500722,1.9471863573122827,0,0,0,0,1.023,20,1028.78,0
T0002163,C0063,low_evening_shopper,2026-02-26 20:18:00.000000000,0.693307020365078,-0.6651109461114685,0,0,0,0,1.02,20,549.55,0
T0000117,C0003,low_evening_shopper,2026-02-26 20:28:00.000000000,0.7322334556681368,-0.5543901385535203,0,0,0,0,1.042,20,660.23,0
T0004626,C0135,low_evening_shopper,2026-02-26 20:36:00.000000000,0.8027417399975633,-0.3310219301807242,0,0,0,0,3.028,20,641.72,0
T0002271,C0066,low_evening_shopper,2026-02-26 20:41:00.000000000,0.8379935446704451,-0.2718001879083072,0,0,0,0,4.951,20,622.08,0
T0000304,C0009,low_evening_shopper,2026-02-26 20:53:00.000000000,0.7999017090168274,-0.6874631420888675,0,0,0,0,0.938,20,539.8,0
T0002869,C0084,low_evening_shopper,2026-02-26 20:54:00.000000000,0.9757605333402929,-0.049515973557280095,0,0,0,0,2.011,20,839.24,0
T0002990,C0087,low_evening_shopper,2026-02-26 21:06:00.000000000,0.7544420266844767,-0.4127612545434439,0,0,0,0,2.033,21,645.32,0
T0003170,C0093,low_evening_shopper,2026-02-26 21:17:00.000000000,1.330475612760077,1.841672291265287,0,0,0,0,5.04,21,833.54,0
T0000087,C0002,mid_weekend,2026-02-26 21:20:00.000000000,1.1558826065647259,0.3010932581685036,0,1,0,0,1.234,21,3500.73,0
T0003101,C0090,low_evening_shopper,2026-02-26 21:26:00.000000000,1.1125864654683921,0.5044380402116668,0,0,0,0,0.908,21,797.71,0
T0000787,C0021,low_evening_shopper,2026-02-26 21:34:00.000000000,0.21307721603976681,-1.025289056021986,0,0,0,0,1.147,21,199.84,0
T0006065,C0174,low_evening_shopper,2026-02-26 21:49:00.000000000,0.7896923149040549,-0.2771352750353805,0,0,0,0,4.951,21,721.55,0
T0002559,C0075,low_evening_shopper,2026-02-26 22:04:00.000000000,0.8204349232090569,-0.30558937302684813,0,0,0,0,1.201,22,742.88,0
T0003518,C0102,low_evening_shopper,2026-02-26 22:10:00.000000000,0.8737240760907907,-0.2339783293177196,0,0,0,0,1.111,22,778.9,0
T0000788,C0021,low_evening_shopper,2026-02-26 23:07:00.000000000,0.9084229474387595,-0.11553969480009106,0,0,0,0,0.065,23,825.17,0
T0004700,C0137,mid_weekend,2026-02-26 23:44:00.000000000,1.619020590385956,1.0523319229841466,0,0,0,0,0.44,23,5322.11,0
T0001376,C0039,low_evening_shopper,2026-02-27 05:06:00.000000000,1.0134942023597673,0.05695344126266316,1,0,0,0,1.287,5,641.25,0
T0004902,C0143,mid_weekend,2026-02-27 08:28:00.000000000,1.021802713561126,0.041054954203603077,0,0,0,0,1.469,8,2980.23,0
T0006001,C0172,high_business,2026-02-27 09:41:00.000000000,0.665036536396488,-0.6073457557751083,0,0,0,0,0.842,9,9245.05,0
T0000752,C0020,mid_weekend,2026-02-27 10:03:00.000000000,1.023843388081034,0.05744464461587283,0,0,0,0,2.841,10,2729.74,0
T0001076,C0029,mid_weekend,2026-02-27 12:38:00.000000000,1.0146895280091757,0.016080507456394312,0,0,0,0,1.744,12,2905.67,0
T0003800,C0110,mid_weekend,2026-02-27 12:44:00.000000000,0.8591791943802257,-0.3295124153634157,0,0,0,0,0.812,12,2488.74,0
T0003931,C0113,mid_weekend,2026-02-27 13:07:00.000000000,0.5321292845477072,-1.4051845272341486,0,0,0,1,-0.253,13,1500.26,0
T0001280,C0035,mid_weekend,2026-02-27 13:23:00.000000000,0.9679959281996248,-0.06838927968626504,0,0,0,0,0.828,13,2693.77,0
T0003801,C0110,mid_weekend,2026-02-27 14:08:00.000000000,0.5385231694130858,-1.0924650451317568,0,0,0,0,0.058,14,1551.77,0
T0000685,C0018,low_evening_shopper,2026-02-27 14:21:00.000000000,1.146107334596505,0.2948920627236873,1,0,0,0,1.649,14,950.83,0
T0003372,C0098,mid_weekend,2026-02-27 15:11:00.000000000,0.91647407475409,-0.16174829668433724,0,0,0,0,0.828,15,2749.92,0
T0004904,C0143,mid_weekend,2026-02-27 15:32:00.000000000,1.09197675237565,0.178325955703531,0,0,0,1,-0.013,15,3196.13,0
T0001533,C0044,mid_weekend,2026-02-27 15:37:00.000000000,2.1245107335376785,2.4589654393607665,0,0,0,0,0.867,15,5697.4,0
T0004903,C0143,mid_weekend,2026-02-27 15:50:00.000000000,1.115015717210697,0.2196052038114689,0,0,0,0,0.307,15,3253.97,0
T0004993,C0146,mid_weekend,2026-02-27 16:34:00.000000000,0.7574227371129437,-0.7537497153085471,0,0,0,0,4.897,16,2002.84,0
T0005104,C0149,mid_weekend,2026-02-27 16:45:00.000000000,0.8103157546414397,-0.2855812875777271,0,0,0,0,1.121,16,2718.47,0
T0001281,C0035,mid_weekend,2026-02-27 17:06:00.000000000,1.4189965453827835,0.9041783515749562,0,1,0,0,0.155,17,3946.2,0
T0000874,C0023,mid_weekend,2026-02-27 17:15:00.000000000,0.6039470364164967,-0.6155626070031508,0,0,0,0,1.124,17,2133.64,0
T0003102,C0090,low_evening_shopper,2026-02-27 17:49:00.000000000,1.0688930138308281,0.31461193150549666,0,0,0,0,0.849,17,769.7,0
T0004797,C0140,mid_weekend,2026-02-27 17:55:00.000000000,1.4189502145103445,0.8467747828758379,0,0,0,0,1.278,17,4072.86,0
T0001377,C0039,low_evening_shopper,2026-02-27 18:10:00.000000000,0.8161283095623594,-0.7966792885679516,0,0,0,0,0.544,18,516.72,0
T0001886,C0054,low_evening_shopper,2026-02-27 18:31:00.000000000,1.0139867173593693,0.02458336959298488,0,0,0,0,2.871,18,741.05,0
T0000875,C0023,mid_weekend,2026-02-27 18:40:00.000000000,0.6637005337587589,-0.5214398375745001,0,0,0,0,0.059,18,2316.59,0
T0002771,C0081,low_evening_shopper,2026-02-27 18:46:00.000000000,0.9948561748924737,-0.02043816680973212,0,0,0,0,0.956,18,734.97,0
T0004701,C0137,mid_weekend,2026-02-27 18:55:00.000000000,0.8734150920630929,-0.21876305100103885,0,0,0,0,0.799,18,2921.9,0
T0003930,C0113,mid_weekend,2026-02-27 19:12:00.000000000,0.7795595278639729,-0.6610234039558792,0,0,0,0,2.154,19,2209.18,0
T0002384,C0069,low_evening_shopper,2026-02-27 19:16:00.000000000,0.789991720119617,-0.3764133780172349,0,0,0,0,0.988,19,674.2,0
T0000789,C0021,low_evening_shopper,2026-02-27 19:22:00.000000000,0.9285697300926691,-0.09155871360037628,0,0,0,0,0.844,19,840.5,0
T0001578,C0045,low_evening_shopper,2026-02-27 19:29:00.000000000,1.0630295726309993,0.09968175758342011,0,0,0,0,3.018,19,857.2,0
T0003295,C0096,low_evening_shopper,2026-02-27 20:04:00.000000000,0.6831292869753273,-0.4700165431313882,0,0,0,1,-0.05,20,637.02,0
T0002560,C0075,low_evening_shopper,2026-02-27 20:06:00.000000000,0.8446041454617286,-0.26747299674331443,0,0,0,0,0.918,20,759.27,0
T0000551,C0015,low_evening_shopper,2026-02-27 20:27:00.000000000,0.6006454417031151,-0.7605413440922871,0,0,0,0,1.908,20,495.23,0
T0000231,C0006,low_evening_shopper,2026-02-27 20:31:00.000000000,0.7416435835323543,-1.1726683673787706,0,0,0,0,2.005,20,552.44,0
T0002653,C0078,low_evening_shopper,2026-02-27 20:40:00.000000000,1.028234945760214,0.038162741586589596,0,0,0,0,2.031,20,901.56,0
T0004145,C0120,low_evening_shopper,2026-02-27 20:42:00.000000000,0.9892340249147852,-0.043420860704622546,0,0,0,0,2.062,20,722.48,0
T0006066,C0174,low_evening_shopper,2026-02-27 20:47:00.000000000,2.7537593585706097,2.3416480391269965,0,0,0,0,0.957,20,2489.67,0
T0002272,C0066,low_evening_shopper,2026-02-27 21:14:00.000000000,0.9405026771049159,-0.10089030160365192,0,1,0,0,1.023,21,694.28,0
T0003294,C0096,low_evening_shopper,2026-02-27 21:16:00.000000000,0.370320304201655,-0.9614277412072897,0,0,0,0,1.167,21,356.55,0
T0004073,C0117,low_evening_shopper,2026-02-27 21:27:00.000000000,1.3019286800381442,0.6529835942905801,0,0,0,0,3.918,21,1096.48,0
T0000018,C0000,low_evening_shopper,2026-02-27 21:35:00.000000000,0.7344204449769764,-0.4785608341700897,0,0,0,0,2.997,21,660.0,0
T0005835,C0168,low_evening_shopper,2026-02-27 21:55:00.000000000,0.6138766740195034,-0.5608320665686815,0,0,0,0,4.108,21,540.5,0
T0004528,C0132,low_evening_shopper,2026-02-27 22:19:00.000000000,1.357167198914354,1.4347863569771098,0,0,0,0,1.128,22,867.07,0
T0002654,C0078,low_evening_shopper,2026-02-27 22:26:00.000000000,1.165661376935675,0.22974019850087565,0,0,0,0,0.074,22,1023.43,0
T0003398,C0099,low_evening_shopper,2026-02-27 22:35:00.000000000,0.9345426183106537,-0.2748276707739471,0,0,0,0,2.149,22,680.31,0
T0003611,C0105,low_evening_shopper,2026-02-27 22:54:00.000000000,0.9692177118000217,-0.1371698333172345,0,0,0,0,1.226,22,674.18,0
T0002164,C0063,low_evening_shopper,2026-02-27 23:36:00.000000000,0.947087043090312,-0.11466437117513034,0,1,0,0,1.137,23,739.2,0
T0006378,C0000,low_evening_shopper,2026-02-28 04:19:00.812052640,2.626970102121569,2.953460400710416,1,1,0,0,0.281,4,2325.94,1
T0004906,C0143,mid_weekend,2026-02-28 12:35:00.000000000,1.1928494502201223,0.3851659103176395,0,0,0,1,-0.076,12,3513.99,0
T0002840,C0083,mid_weekend,2026-02-28 13:47:00.000000000,0.9067091596333109,-0.3060229253861517,0,0,0,0,1.967,13,2361.81,0
T0001282,C0035,mid_weekend,2026-02-28 13:47:00.000000000,1.192357335942636,0.41950253319289754,0,0,0,0,0.862,13,3344.28,0
T0003693,C0107,mid_weekend,2026-02-28 13:49:00.000000000,3.9202198401978956,4.325642662919652,0,0,0,0,5.088,13,11771.43,0
T0004905,C0143,mid_weekend,2026-02-28 14:24:00.000000000,1.1708244237596266,0.33605399303040645,0,0,0,0,0.953,14,3434.79,0
T0002741,C0080,mid_weekend,2026-02-28 14:26:00.000000000,0.9788055724867611,-0.06527684672945022,0,0,0,0,2.948,14,2355.81,0
T0004798,C0140,mid_weekend,2026-02-28 15:16:00.000000000,0.8313297450512293,-0.3451401288825371,0,0,0,0,0.89,15,2407.93,0
T0001656,C0047,mid_weekend,2026-02-28 15:22:00.000000000,1.004750748072115,0.02380243171995933,0,0,0,0,1.896,15,2355.34,0
T0000876,C0023,mid_weekend,2026-02-28 15:49:00.000000000,0.6142945079371112,-0.5986453998594562,0,0,0,0,0.881,15,2122.94,0
T0003059,C0089,mid_weekend,2026-02-28 16:18:00.000000000,3.4934249708425935,3.780060551690003,0,0,0,0,1.865,16,10378.56,0
T0004509,C0131,mid_weekend,2026-02-28 16:35:00.000000000,0.685439167364373,-0.7074095893909343,0,0,0,0,3.054,16,1877.87,0
T0002044,C0059,mid_weekend,2026-02-28 16:48:00.000000000,0.728834683117544,-0.4306813756479617,0,0,0,0,2.053,16,2430.36,0
T0003579,C0104,mid_weekend,2026-02-28 16:51:00.000000000,0.882713368746418,-0.5419272943313156,0,1,0,0,1.997,16,2267.4,0
T0005335,C0155,mid_weekend,2026-02-28 17:45:00.000000000,0.9089915415691038,-0.17238105060301276,0,0,0,0,1.935,17,2626.93,0
T0001775,C0051,low_evening_shopper,2026-02-28 18:30:00.000000000,0.9859238683946057,-0.032508295218853164,0,0,0,0,2.922,18,712.56,0
T0003171,C0093,low_evening_shopper,2026-02-28 18:30:00.000000000,1.4143918728952158,2.2302223684895806,0,0,0,0,1.884,18,900.06,0
T0001077,C0029,mid_weekend,2026-02-28 18:33:00.000000000,0.8471967720348046,-0.1695223837335205,0,1,0,0,1.247,18,2426.95,0
T0003373,C0098,mid_weekend,2026-02-28 18:36:00.000000000,0.955936680354722,-0.0860905584069936,0,0,0,0,1.142,18,2863.12,0
T0002355,C0068,mid_weekend,2026-02-28 18:52:00.000000000,0.5590893167603329,-1.3815119365860558,0,0,0,1,-0.047,18,1513.76,0
T0003399,C0099,low_evening_shopper,2026-02-28 19:27:00.000000000,1.2925315433525493,1.2501940523901052,0,0,0,0,0.869,19,938.23,0
T0002991,C0087,low_evening_shopper,2026-02-28 19:30:00.000000000,0.7195794621859999,-0.4748910130948998,0,0,0,0,1.933,19,609.2,0
T0000901,C0024,low_evening_shopper,2026-02-28 19:31:00.000000000,0.9785514387891197,-0.074636660553789,0,0,0,0,2.044,19,637.27,0
T0002870,C0084,low_evening_shopper,2026-02-28 19:48:00.000000000,0.8903416854125864,-0.23347243026212142,0,0,0,0,1.954,19,764.23,0
T0003103,C0090,low_evening_shopper,2026-02-28 19:59:00.000000000,1.4561547144836915,2.1243179401060948,0,0,0,0,1.09,19,1051.24,0
T0002354,C0068,mid_weekend,2026-02-28 20:00:00.000000000,0.9814468638175553,-0.057161519922445295,0,0,0,0,3.087,20,2659.01,0
T0004529,C0132,low_evening_shopper,2026-02-28 20:00:00.000000000,1.4773339331491013,1.9062012268356419,0,0,0,0,0.903,20,962.57,0
T0000305,C0009,low_evening_shopper,2026-02-28 20:14:00.000000000,1.3937888818221646,1.3574082152700861,0,0,0,0,1.973,20,932.39,0
T0006195,C0177,low_evening_shopper,2026-02-28 20:17:00.000000000,0.6999941565280265,-0.5657763581893754,0,0,0,0,2.039,20,583.86,0
T0001887,C0054,low_evening_shopper,2026-02-28 20:20:00.000000000,0.8775598425684279,-0.22125990284704186,0,1,0,0,1.076,20,641.82,0
T0004074,C0117,low_evening_shopper,2026-02-28 20:25:00.000000000,0.7187955344748046,-0.62354430464924,0,0,0,0,0.957,20,612.98,0
T0003830,C0111,low_evening_shopper,2026-02-28 20:32:00.000000000,1.614338045852266,1.8829111061127386,0,0,0,0,4.082,20,1040.02,0
T0001378,C0039,low_evening_shopper,2026-02-28 20:36:00.000000000,0.9229258245082061,-0.3341851030293689,0,0,0,0,1.101,20,579.22,0
T0005024,C0147,low_evening_shopper,2026-02-28 20:36:00.000000000,1.0990714737151508,0.2008979011429321,0,0,0,0,3.012,20,947.74,0
T0000686,C0018,low_evening_shopper,2026-02-28 20:37:00.000000000,0.9722602923739485,-0.0572708578847308,0,0,0,0,1.261,20,810.97,0
T0005369,C0156,low_evening_shopper,2026-02-28 20:45:00.000000000,1.3815776371336796,0.6778032329558085,0,0,0,0,8.085,20,1080.2,0
T0005253,C0153,low_evening_shopper,2026-02-28 20:52:00.000000000,1.2759651457968049,1.1293035730430727,0,0,0,0,2.106,20,829.02,0
T0002165,C0063,low_evening_shopper,2026-02-28 20:55:00.000000000,1.0266015187582898,0.0589028047916463,0,0,0,0,0.888,20,799.24,0
T0002166,C0063,low_evening_shopper,2026-02-28 21:04:00.000000000,0.8171218836293249,-0.41493832273384756,0,1,0,1,0.006,21,636.93,0
T0002992,C0087,low_evening_shopper,2026-02-28 21:24:00.000000000,0.867361823704714,-0.2256670001869037,0,0,0,0,0.079,21,726.08,0
T0006067,C0174,low_evening_shopper,2026-02-28 21:37:00.000000000,0.7174354411192332,-0.37301070155973337,0,0,0,0,1.035,21,702.8,0
T0000232,C0006,low_evening_shopper,2026-02-28 21:38:00.000000000,0.8107784188905867,-0.8413535566857157,0,0,0,0,1.047,21,596.14,0
T0000790,C0021,low_evening_shopper,2026-02-28 23:56:00.000000000,0.616260100431652,-0.49984076202512046,0,0,0,0,1.19,23,556.33,0
T0003374,C0098,mid_weekend,2026-03-01 04:59:00.000000000,0.9772975816651414,-0.04478977259540439,1,0,0,0,0.433,4,2924.35,0
T0003060,C0089,mid_weekend,2026-03-01 10:55:00.000000000,0.9286803960393498,-0.0992037345458885,0,0,0,0,0.776,10,2950.09,0
T0003580,C0104,mid_weekend,2026-03-01 11:07:00.000000000,4.260744124020729,15.209792942108718,0,0,0,0,0.761,11,10895.07,0
T0005336,C0155,mid_weekend,2026-03-01 11:48:00.000000000,0.784549391229516,-0.41241582696724854,0,0,0,0,0.752,11,2261.87,0
T0000753,C0020,mid_weekend,2026-03-01 12:18:00.000000000,0.5471736104244502,-1.1041406824234263,0,0,0,0,2.094,12,1459.65,0
T0005481,C0158,mid_weekend,2026-03-01 13:25:00.000000000,0.8533709906887177,-0.21420386885682557,0,0,0,1,-0.028,13,2528.99,0
T0003581,C0104,mid_weekend,2026-03-01 13:57:00.000000000,1.0977904608493392,0.16842324246286086,0,0,0,0,0.118,13,3146.15,0
T0005480,C0158,mid_weekend,2026-03-01 14:06:00.000000000,0.801150373518269,-0.2885695176784412,0,0,0,0,2.865,14,2386.09,0
T0000754,C0020,mid_weekend,2026-03-01 14:10:00.000000000,0.8855699322588091,-0.2756232105989279,0,0,0,0,0.078,14,2338.58,0
T0006164,C0176,mid_weekend,2026-03-01 14:18:00.000000000,0.7134828085976823,-0.442149375609457,0,0,0,0,4.023,14,2480.89,0
T0005105,C0149,mid_weekend,2026-03-01 14:22:00.000000000,0.5542918603055059,-0.6772772310489747,0,0,0,0,1.901,14,1847.8,0
T0001283,C0035,mid_weekend,2026-03-01 14:22:00.000000000,0.8165215440298904,-0.40504429721467833,0,0,0,0,1.024,14,2298.96,0
T0005106,C0149,mid_weekend,2026-03-01 14:52:00.000000000,0.8810167465903037,-0.17982204354775105,0,0,0,1,0.021,14,2894.74,0
T0005482,C0158,mid_weekend,2026-03-01 14:53:00.000000000,0.818626988917004,-0.2671426148121776,0,0,0,1,0.061,14,2417.35,0
T0000971,C0026,mid_weekend,2026-03-01 14:54:00.000000000,0.7344551872465216,-0.4353897524167197,0,0,0,0,3.799,14,2405.92,0
T0006165,C0176,mid_weekend,2026-03-01 15:28:00.000000000,0.6524461350892179,-0.5381599438660675,0,0,0,0,0.049,15,2250.6,0
T0004510,C0131,mid_weekend,2026-03-01 16:05:00.000000000,0.7536078375508101,-0.5534099405905039,0,0,0,0,0.979,16,2050.81,0
T0005132,C0150,low_evening_shopper,2026-03-01 16:08:00.000000000,1.1672219064873286,0.3456778651697701,0,0,0,0,3.856,16,881.96,0
T0002742,C0080,mid_weekend,2026-03-01 16:09:00.000000000,1.1452671829936982,0.45363865234169,0,0,0,0,1.072,16,2754.79,0
T0004994,C0146,mid_weekend,2026-03-01 16:59:00.000000000,1.0092912548741695,0.028856163093249027,0,0,0,0,2.017,16,2651.81,0
T0004702,C0137,mid_weekend,2026-03-01 17:55:00.000000000,0.689486279403291,-0.5419657100692071,0,0,0,0,1.958,17,2298.48,0
T0001284,C0035,mid_weekend,2026-03-01 18:13:00.000000000,0.5115841497066552,-1.083289721895519,0,1,0,0,0.16,18,1435.21,0
T0003375,C0098,mid_weekend,2026-03-01 18:26:00.000000000,0.9497608476878359,-0.10011662414633138,0,0,0,0,0.56,18,2840.61,0
T0000118,C0003,low_evening_shopper,2026-03-01 18:35:00.000000000,0.8434325938183269,-0.3253617086693822,0,0,0,0,2.922,18,752.01,0
T0005713,C0165,low_evening_shopper,2026-03-01 18:36:00.000000000,1.0153625407407119,0.052937990085880605,0,0,0,1,-0.119,18,670.39,0
T0003400,C0099,low_evening_shopper,2026-03-01 18:55:00.000000000,0.7010685284291941,-1.2799100210864633,0,0,0,0,0.978,18,515.1,0
T0006068,C0174,low_evening_shopper,2026-03-01 19:11:00.000000000,0.6819119474799881,-0.42293098925358286,0,0,0,0,0.899,19,659.42,0
T0000088,C0002,mid_weekend,2026-03-01 19:26:00.000000000,0.4875489137723782,-1.0119571056914567,0,0,0,0,2.921,19,1484.82,0
T0004703,C0137,mid_weekend,2026-03-01 19:36:00.000000000,0.7714345128264672,-0.3994607896637512,0,0,0,0,0.07,19,2550.08,0
T0002167,C0063,low_evening_shopper,2026-03-01 19:39:00.000000000,3.7471948996558013,6.2990841755627764,0,0,0,0,0.941,19,2897.62,0
T0001442,C0042,low_evening_shopper,2026-03-01 19:39:00.000000000,1.095474996960101,0.14042756035216072,0,0,0,0,4.015,19,1014.16,0
T0002993,C0087,low_evening_shopper,2026-03-01 19:42:00.000000000,1.810178965671783,1.3971757260952844,0,0,0,0,0.929,19,1507.59,0
T0004146,C0120,low_evening_shopper,2026-03-01 19:55:00.000000000,0.9738309507639173,-0.10776129116930308,0,0,0,0,1.967,19,710.91,0
T0002561,C0075,low_evening_shopper,2026-03-01 19:56:00.000000000,0.5892107409856385,-0.715774326077403,0,0,0,0,1.993,19,526.51,0
T0004627,C0135,low_evening_shopper,2026-03-01 20:08:00.000000000,0.8498091584017712,-0.2551707259060389,0,1,0,0,2.981,20,672.96,0
T0005949,C0171,low_evening_shopper,2026-03-01 20:20:00.000000000,1.028854317761104,0.11618038227034859,0,0,0,0,3.003,20,737.93,0
T0001657,C0047,mid_weekend,2026-03-01 20:30:00.000000000,3.3310224432533566,11.921962893674586,0,0,0,0,1.214,20,7810.07,0
T0003172,C0093,low_evening_shopper,2026-03-01 20:35:00.000000000,1.162453518989125,0.8234013385814687,0,0,0,0,1.087,20,753.67,0
T0001579,C0045,low_evening_shopper,2026-03-01 20:43:00.000000000,0.8637088422936561,-0.21965455425750285,0,0,0,0,2.051,20,697.94,0
T0002060,C0060,low_evening_shopper,2026-03-01 21:09:00.000000000,0.89452548532216,-0.4000229977475837,0,0,0,0,7.037,21,626.98,0
T0006069,C0174,low_evening_shopper,2026-03-01 21:11:00.000000000,0.6130477492345118,-0.516775257686583,0,0,0,0,0.083,21,584.63,0
T0002871,C0084,low_evening_shopper,2026-03-01 21:13:00.000000000,0.9621938142143126,-0.08289921740245954,0,0,0,0,1.059,21,818.94,0
T0005603,C0162,low_evening_shopper,2026-03-01 21:22:00.000000000,0.7950562918266726,-0.5896742068076631,0,0,0,0,3.085,21,627.34,0
T0005712,C0165,low_evening_shopper,2026-03-01 21:28:00.000000000,1.1305695818887431,0.44062557854522194,0,0,0,0,4.939,21,742.72,0
T0001776,C0051,low_evening_shopper,2026-03-01 21:41:00.000000000,1.3084449788168544,0.7366261934459156,0,0,0,0,1.133,21,944.76,0
T0005370,C0156,low_evening_shopper,2026-03-01 21:52:00.000000000,0.6641344514327585,-0.611381531051561,0,0,0,0,1.047,21,526.6,0
T0005510,C0159,low_evening_shopper,2026-03-01 22:15:00.000000000,0.8766070421507233,-0.23861520787985002,0,0,0,0,4.17,22,700.11,0
T0002385,C0069,low_evening_shopper,2026-03-01 22:16:00.000000000,0.804498022416144,-0.3547153787783309,0,0,0,0,2.125,22,678.99,0
T0003296,C0096,low_evening_shopper,2026-03-01 22:24:00.000000000,0.8854602623006095,-0.17057147989229396,0,0,0,0,2.097,22,813.23,0
T0003519,C0102,low_evening_shopper,2026-03-01 22:45:00.000000000,0.5116058076361804,-0.9191172982369595,0,0,0,0,3.024,22,453.58,0
T0004824,C0141,low_evening_shopper,2026-03-01 22:59:00.000000000,0.5004471505457384,-1.6922344495972237,0,0,0,0,6.142,22,355.09,0
T0000019,C0000,low_evening_shopper,2026-03-01 23:26:00.000000000,0.5894264887890063,-0.7453226406044112,0,0,0,0,2.077,23,521.88,0
T0006402,C0000,low_evening_shopper,2026-03-02 03:38:00.502443605,2.504014180467102,2.70519530535569,1,1,0,1,0.175,3,2169.16,1
T0000391,C0011,mid_weekend,2026-03-02 09:05:00.000000000,0.6185207811270546,-0.6427308848849554,0,0,0,0,5.676,9,1889.13,0
T0002743,C0080,mid_weekend,2026-03-02 09:59:00.000000000,1.1960365264857529,0.6215956270253647,0,0,0,0,0.743,9,2888.51,0
T0000089,C0002,mid_weekend,2026-03-02 10:45:00.000000000,0.9323360861507876,-0.13128290556618136,0,0,0,0,0.638,10,2789.24,0
T0005483,C0158,mid_weekend,2026-03-02 11:02:00.000000000,1.1499744239299958,0.2224191880348581,0,0,0,0,0.84,11,3381.13,0
T0000972,C0026,mid_weekend,2026-03-02 11:03:00.000000000,0.8935363323993514,-0.17544942524399246,0,0,0,0,0.84,11,2900.24,0
T0003583,C0104,mid_weekend,2026-03-02 12:25:00.000000000,0.9617878142248891,-0.06858889068199128,0,0,0,1,-0.209,12,2774.39,0
T0002841,C0083,mid_weekend,2026-03-02 13:13:00.000000000,1.1189444550319245,0.3946851337122618,0,0,0,0,1.976,13,2906.14,0
T0006166,C0176,mid_weekend,2026-03-02 13:42:00.000000000,0.6053291104340796,-0.6113389955536838,0,0,0,0,0.926,13,2068.46,0
T0000973,C0026,mid_weekend,2026-03-02 14:41:00.000000000,0.8881193430680911,-0.18676715581311779,0,0,0,0,0.151,14,2872.43,0
T0001078,C0029,mid_weekend,2026-03-02 14:43:00.000000000,1.1067258821342747,0.11941085214743705,0,0,0,0,1.84,14,3158.31,0
T0006435,C0068,mid_weekend,2026-03-02 16:16:00.024377040,4.704855970853295,11.091796255852218,0,0,0,1,1.892,16,12552.82,1
T0004799,C0140,mid_weekend,2026-03-02 16:37:00.000000000,0.937439280126335,-0.12877088286459956,0,1,0,0,2.056,16,2705.53,0
T0004907,C0143,mid_weekend,2026-03-02 16:47:00.000000000,0.8923617050651865,-0.21819905794248512,0,0,0,0,2.175,16,2640.86,0
T0003932,C0113,mid_weekend,2026-03-02 16:49:00.000000000,0.8999855228574444,-0.29409479229827773,0,0,0,0,3.154,16,2510.4,0
T0005485,C0158,mid_weekend,2026-03-02 16:59:00.000000000,1.6349281916991416,0.9562895557221006,0,0,0,1,-0.043,16,4786.49,0
T0002842,C0083,mid_weekend,2026-03-02 17:05:00.000000000,1.0032752225661978,0.011050178210232218,0,0,0,0,0.161,17,2615.12,0
T0000877,C0023,mid_weekend,2026-03-02 17:21:00.000000000,0.7457751172532152,-0.3939143041873492,0,0,0,0,2.064,17,2548.92,0
T0003582,C0104,mid_weekend,2026-03-02 17:26:00.000000000,1.087860960977472,0.15455849304079583,0,0,0,0,1.145,17,3128.58,0
T0002356,C0068,mid_weekend,2026-03-02 17:27:00.000000000,1.0412114582619034,0.12547590783378118,0,0,0,0,1.941,17,2777.7,0
T0003954,C0114,low_evening_shopper,2026-03-02 17:31:00.000000000,1.011271018179391,0.03251092577909226,0,0,0,0,3.929,17,818.83,0
T0001285,C0035,mid_weekend,2026-03-02 17:59:00.000000000,0.7836246825377756,-0.4747169270265342,0,0,0,0,0.99,17,2177.75,0
T0005484,C0158,mid_weekend,2026-03-02 18:01:00.000000000,0.6601667875806125,-0.5114378442427192,0,0,0,0,0.291,18,1947.78,0
T0002655,C0078,low_evening_shopper,2026-03-02 18:36:00.000000000,0.47760926625532146,-0.7461919488787675,0,0,0,0,2.84,18,422.49,0
T0003298,C0096,low_evening_shopper,2026-03-02 19:02:00.000000000,1.8207906440679056,1.2437026160427218,0,0,0,1,-0.06,19,1637.47,0
T0006399,C0054,low_evening_shopper,2026-03-02 19:26:00.183707457,3.189233758418716,4.029115621694161,0,1,1,2,1.963,19,2318.22,1
T0001379,C0039,low_evening_shopper,2026-03-02 19:29:00.000000000,1.2977500659388426,1.3134334276018051,0,0,0,0,1.953,19,811.6,0
T0005371,C0156,low_evening_shopper,2026-03-02 20:03:00.000000000,1.0170978476810328,0.031107481407895283,0,0,0,0,0.924,20,796.79,0
T0002656,C0078,low_evening_shopper,2026-03-02 20:05:00.000000000,0.7096936378626403,-0.40944187286229106,0,0,0,0,0.062,20,613.53,0
T0000791,C0021,low_evening_shopper,2026-03-02 20:22:00.000000000,1.7852358378733408,1.0227507458491225,0,0,0,0,1.851,20,1589.55,0
T0003297,C0096,low_evening_shopper,2026-03-02 20:29:00.000000000,0.6393212132597149,-0.5465357133798039,0,0,0,0,0.92,20,584.11,0
T0001006,C0027,low_evening_shopper,2026-03-02 20:41:00.000000000,0.9148001855706673,-0.2715754471137276,0,0,0,0,4.101,20,602.41,0
T0000902,C0024,low_evening_shopper,2026-03-02 20:46:00.000000000,1.2465829571721567,0.9022822342921327,0,0,0,0,2.052,20,810.08,0
T0003718,C0108,low_evening_shopper,2026-03-02 21:03:00.000000000,0.9562978800983054,-0.052004248134374355,0,0,0,0,6.099,21,890.05,0
T0001580,C0045,low_evening_shopper,2026-03-02 21:36:00.000000000,0.9626793953563322,-0.06082612339970659,0,0,0,0,1.037,21,774.49,0
T0005511,C0159,low_evening_shopper,2026-03-02 23:06:00.000000000,0.7041497349037499,-0.5830970421778154,0,0,0,0,1.035,23,558.72,0
T0006400,C0002,mid_weekend,2026-03-03 01:46:00.853749820,3.1749040608546113,4.281018201712748,1,1,0,2,0.626,1,9476.83,1
T0003584,C0104,mid_weekend,2026-03-03 11:06:00.000000000,0.5974528191487175,-0.7339098837598942,0,0,0,0,0.945,11,1721.23,0
T0000090,C0002,mid_weekend,2026-03-03 11:17:00.000000000,0.9077663535971469,-0.1815501924378546,0,0,0,0,1.022,11,2709.61,0
T0004995,C0146,mid_weekend,2026-03-03 11:32:00.000000000,0.9722178101677945,-0.08743191818849701,0,0,0,0,1.773,11,2555.01,0
T0001286,C0035,mid_weekend,2026-03-03 12:33:00.000000000,1.8352744343365093,1.8386304096923902,0,0,0,0,0.774,12,5079.53,0
T0004996,C0146,mid_weekend,2026-03-03 12:53:00.000000000,0.9500458704419077,-0.15908505385555347,0,0,0,0,0.056,12,2495.01,0
T0000974,C0026,mid_weekend,2026-03-03 12:57:00.000000000,0.8032295513402091,-0.33251494033731566,0,0,0,0,0.928,12,2588.49,0
T0006167,C0176,mid_weekend,2026-03-03 13:26:00.000000000,0.8165565378186984,-0.2835833552160937,0,0,0,0,0.989,13,2761.26,0
T0005486,C0158,mid_weekend,2026-03-03 13:57:00.000000000,3.2110225247882562,3.381069678759611,0,0,0,0,0.874,13,9533.37,0
T0004704,C0137,mid_weekend,2026-03-03 14:25:00.000000000,0.772051676781533,-0.4004615201190448,0,1,0,0,1.784,14,2536.77,0
T0003933,C0113,mid_weekend,2026-03-03 14:27:00.000000000,0.9938962860413932,-0.018093195642547924,0,0,0,0,0.901,14,2766.19,0
T0002045,C0059,mid_weekend,2026-03-03 16:52:00.000000000,0.5076225782459727,-0.7842260312401221,0,0,0,0,3.003,16,1683.53,0
T0003802,C0110,mid_weekend,2026-03-03 17:26:00.000000000,0.7551023335718565,-0.5686671310664951,0,0,0,0,4.138,17,2140.0,0
T0004423,C0129,low_evening_shopper,2026-03-03 18:04:00.000000000,0.7566746165356829,-0.45981084636831193,0,0,0,0,7.027,18,602.81,0
T0001658,C0047,mid_weekend,2026-03-03 18:30:00.000000000,0.9730395027796085,-0.06025522516033635,0,0,0,0,1.917,18,2485.98,0
T0005254,C0153,low_evening_shopper,2026-03-03 19:08:00.000000000,1.1864717648692216,0.7688622529176701,0,0,0,0,2.928,19,780.55,0
T0000792,C0021,low_evening_shopper,2026-03-03 19:14:00.000000000,0.7247849997632635,-0.3681038429317554,0,0,0,0,0.953,19,662.81,0
T0006070,C0174,low_evening_shopper,2026-03-03 19:24:00.000000000,0.7317861034877534,-0.3580182667497496,0,0,0,0,1.926,19,686.61,0
T0001380,C0039,low_evening_shopper,2026-03-03 19:42:00.000000000,1.0467583673049905,0.20603883490344096,0,0,0,0,1.009,19,663.11,0
T0000233,C0006,low_evening_shopper,2026-03-03 19:45:00.000000000,0.8209561254793044,-0.7951187567212882,0,0,0,0,2.922,19,598.19,0
T0002386,C0069,low_evening_shopper,2026-03-03 20:14:00.000000000,0.6053850671595346,-0.7251245227850927,0,0,0,0,1.915,20,505.95,0
T0005372,C0156,low_evening_shopper,2026-03-03 20:20:00.000000000,1.1761505588716819,0.32634438577217145,0,0,0,0,1.012,20,921.94,0
T0001693,C0048,low_evening_shopper,2026-03-03 20:21:00.000000000,1.5426640829549856,1.2287128329579309,0,0,0,0,6.935,20,1281.37,0
T0000020,C0000,low_evening_shopper,2026-03-03 20:28:00.000000000,1.0295529462162087,0.053155643772420144,0,0,0,0,1.876,20,891.88,0
T0005950,C0171,low_evening_shopper,2026-03-03 20:45:00.000000000,3.7350934806855367,11.283189980902044,0,0,0,0,2.017,20,2682.46,0
T0004628,C0135,low_evening_shopper,2026-03-03 20:49:00.000000000,1.2472693500049987,0.42642495968007904,0,0,0,0,2.028,20,980.97,0
T0004424,C0129,low_evening_shopper,2026-03-03 21:13:00.000000000,0.9514165875747781,-0.09229530204893267,0,0,0,0,0.131,21,751.8,0
T0003520,C0102,low_evening_shopper,2026-03-03 21:25:00.000000000,0.8495140786438204,-0.2785461410477308,0,0,0,0,1.944,21,737.84,0
T0001777,C0051,low_evening_shopper,2026-03-03 21:31:00.000000000,0.8088568450908658,-0.4725992233730917,0,0,0,0,1.993,21,595.29,0
T0003521,C0102,low_evening_shopper,2026-03-03 21:58:00.000000000,1.004141364407014,0.007764511185323251,0,0,0,1,0.023,21,866.89,0
T0000903,C0024,low_evening_shopper,2026-03-03 21:59:00.000000000,2.3575813495391635,5.140025094243038,0,0,0,0,1.051,21,1566.4,0
T0002061,C0060,low_evening_shopper,2026-03-03 22:07:00.000000000,1.2038457185420388,0.7904088757404302,0,0,0,0,2.04,22,837.85,0
T0005836,C0168,low_evening_shopper,2026-03-03 22:18:00.000000000,0.9344876011889408,-0.09502872011126888,0,0,0,0,4.016,22,811.02,0
T0006037,C0173,mid_weekend,2026-03-04 03:37:00.000000000,0.8725303249599314,-0.24489077295692047,1,0,0,1,-0.48,3,2578.02,0
T0006415,C0146,mid_weekend,2026-03-04 04:01:00.351879786,8.068528677253703,22.755461559106855,1,1,1,4,0.631,4,21163.76,1
T0002872,C0084,low_evening_shopper,2026-03-04 06:21:00.000000000,0.9556959582616692,-0.10051764749991962,1,0,0,0,2.381,6,811.21,0
T0002358,C0068,mid_weekend,2026-03-04 12:18:00.000000000,0.7233840436918112,-0.8611956326052436,0,0,0,1,-0.052,12,1921.1,0
T0002357,C0068,mid_weekend,2026-03-04 13:33:00.000000000,0.8133338495728654,-0.5783554964982767,0,0,0,0,1.837,13,2172.66,0
T0004908,C0143,mid_weekend,2026-03-04 13:50:00.000000000,0.5080454240780164,-1.0059858085954423,0,0,0,0,1.877,13,1499.75,0
T0000755,C0020,mid_weekend,2026-03-04 13:54:00.000000000,0.8855986019418727,-0.2776768044906074,0,0,0,0,2.989,13,2332.84,0
T0002843,C0083,mid_weekend,2026-03-04 13:58:00.000000000,0.7312918884023585,-0.9203071236019209,0,1,0,0,1.87,13,1906.35,0
T0003804,C0110,mid_weekend,2026-03-04 14:09:00.000000000,0.7605190609111288,-0.569292646193324,0,0,0,1,-0.105,14,2148.34,0
T0006038,C0173,mid_weekend,2026-03-04 14:11:00.000000000,0.8300493144972536,-0.32968847351393316,0,0,0,1,0.44,14,2443.82,0
T0000975,C0026,mid_weekend,2026-03-04 14:17:00.000000000,0.7729037524788803,-0.3868366744622685,0,0,0,0,1.056,14,2475.45,0
T0004705,C0137,mid_weekend,2026-03-04 14:19:00.000000000,0.7698847164096975,-0.40632491053183717,0,0,0,0,0.996,14,2514.87,0
T0001659,C0047,mid_weekend,2026-03-04 14:28:00.000000000,2.6702223446977804,3.7999093845144234,0,0,0,0,0.832,14,6815.22,0
T0003585,C0104,mid_weekend,2026-03-04 14:38:00.000000000,2.405689917691522,2.5492871358308213,0,0,0,0,1.147,14,6840.66,0
T0005487,C0158,mid_weekend,2026-03-04 14:50:00.000000000,2.9717652658256353,2.859437920776647,0,0,0,0,1.037,14,9247.11,0
T0006303,C0179,mid_weekend,2026-03-04 14:59:00.000000000,0.808189512807205,-0.7231777806617461,0,0,0,1,-0.001,14,2137.78,0
T0006302,C0179,mid_weekend,2026-03-04 15:00:00.000000000,1.0134196817633234,0.04962765334038101,0,0,0,0,6.869,15,2679.31,0
T0006036,C0173,mid_weekend,2026-03-04 15:08:00.000000000,2.116416989377109,2.183720914547699,0,0,0,0,5.922,15,6059.97,0
T0001535,C0044,mid_weekend,2026-03-04 15:15:00.000000000,0.9676583189439735,-0.06948928421436187,0,0,0,1,-0.106,15,2677.28,0
T0000392,C0011,mid_weekend,2026-03-04 15:28:00.000000000,0.6835458095736333,-0.5316028252333891,0,0,0,0,2.266,15,2058.24,0
T0001536,C0044,mid_weekend,2026-03-04 15:53:00.000000000,0.6180333716663899,-0.8306804544494545,0,0,0,2,0.026,15,1708.53,0
T0004997,C0146,mid_weekend,2026-03-04 16:14:00.000000000,2.1510720352393085,3.705603586236297,0,0,0,0,1.14,16,5642.26,0
T0003803,C0110,mid_weekend,2026-03-04 16:40:00.000000000,1.157196031171249,0.3663059114768247,0,0,0,0,0.968,16,3251.85,0
T0001079,C0029,mid_weekend,2026-03-04 17:31:00.000000000,0.8321667310367019,-0.19057571367916568,0,0,0,0,2.117,17,2380.97,0
T0001534,C0044,mid_weekend,2026-03-04 17:47:00.000000000,1.0482509083717104,0.10218293279074793,0,0,0,0,5.09,17,2896.58,0
T0000091,C0002,mid_weekend,2026-03-04 17:52:00.000000000,0.9660661825173353,-0.06766053752698319,0,0,0,0,1.274,17,2875.05,0
T0000976,C0026,mid_weekend,2026-03-04 17:53:00.000000000,0.9003337332510288,-0.17083088156540452,0,0,0,0,0.15,17,2863.74,0
T0004075,C0117,low_evening_shopper,2026-03-04 18:19:00.000000000,1.0160583778438077,0.03565720592578845,0,0,0,0,3.913,18,856.74,0
T0000756,C0020,mid_weekend,2026-03-04 18:28:00.000000000,1.049716688367741,0.12158112048478577,0,0,0,0,0.19,18,2758.43,0
T0003832,C0111,low_evening_shopper,2026-03-04 18:31:00.000000000,1.4505237960993378,1.37927819515626,0,0,0,1,-0.069,18,963.36,0
T0006426,C0146,mid_weekend,2026-03-04 18:33:00.180357322,4.512799728143677,11.186946310359856,0,0,0,2,1.292,18,11851.52,1
T0006039,C0173,mid_weekend,2026-03-04 18:50:00.000000000,0.8685414370295919,-0.2569703024205962,0,0,0,0,0.194,18,2545.4,0
T0002062,C0060,low_evening_shopper,2026-03-04 19:05:00.000000000,1.2765992612732158,1.1005155622261293,0,0,0,0,0.874,19,899.8,0
T0006196,C0177,low_evening_shopper,2026-03-04 19:10:00.000000000,0.7655177499222403,-0.4432876497464625,0,0,0,0,3.953,19,629.39,0
T0003522,C0102,low_evening_shopper,2026-03-04 19:11:00.000000000,0.943070768910724,-0.10886576478218372,0,0,0,0,0.884,19,814.29,0
T0000119,C0003,low_evening_shopper,2026-03-04 19:18:00.000000000,0.7070859936149876,-0.6160609054243198,0,0,0,0,3.03,19,626.49,0
T0001443,C0042,low_evening_shopper,2026-03-04 19:48:00.000000000,0.9395228184669739,-0.09151980570258664,0,1,0,0,3.006,19,873.74,0
T0006304,C0179,mid_weekend,2026-03-04 19:49:00.000000000,0.9043533504228567,-0.3613564613222281,0,0,0,0,0.201,19,2375.76,0
T0003831,C0111,low_evening_shopper,2026-03-04 20:11:00.000000000,1.0037927495711079,0.011329651516903539,0,0,0,0,3.985,20,666.55,0
T0000552,C0015,low_evening_shopper,2026-03-04 20:30:00.000000000,0.6690122597733786,-0.6250749099455285,0,0,0,0,5.002,20,541.11,0
T0005714,C0165,low_evening_shopper,2026-03-04 20:40:00.000000000,1.3850301415561772,1.352754029575856,0,0,0,0,3.086,20,914.98,0
T0005512,C0159,low_evening_shopper,2026-03-04 20:49:00.000000000,1.2395013628139064,0.4731319385939234,0,0,0,0,1.905,20,968.95,0
T0006450,C0177,low_evening_shopper,2026-03-04 21:10:00.456352276,3.6348650627639527,5.021712793823026,0,1,1,0,0.083,21,2956.63,1
T0005951,C0171,low_evening_shopper,2026-03-04 21:13:00.000000000,1.2598184036248194,0.4796777403011117,0,0,0,0,1.019,21,1012.37,0
T0002168,C0063,low_evening_shopper,2026-03-04 21:20:00.000000000,0.9798678698115191,-0.03226232887612718,0,0,0,0,3.07,21,844.44,0
T0003299,C0096,low_evening_shopper,2026-03-04 21:40:00.000000000,0.3834005615790296,-0.9566889263131754,0,0,0,0,2.11,21,356.59,0
T0003934,C0113,mid_weekend,2026-03-04 21:55:00.000000000,0.7517630392789271,-0.7438768360970741,0,0,0,0,1.311,21,2092.01,0
T0004825,C0141,low_evening_shopper,2026-03-04 22:28:00.000000000,1.0718762979339507,0.22706456107536022,0,0,0,0,2.978,22,740.54,0
T0004076,C0117,low_evening_shopper,2026-03-04 22:35:00.000000000,0.8871434712418051,-0.25570930182217355,0,0,0,0,0.178,22,748.5,0
T0001581,C0045,low_evening_shopper,2026-03-04 23:05:00.000000000,0.7375131465346523,-0.4341214668625906,0,0,0,0,2.062,23,592.65,0
T0006330,C0047,mid_weekend,2026-03-05 02:29:00.964396331,5.167993082846213,8.31152853447279,1,1,1,5,0.501,2,13977.11,1
T0003719,C0108,low_evening_shopper,2026-03-05 05:38:00.000000000,1.0439803455859504,0.053318264106511616,1,0,0,0,2.358,5,969.96,0
T0001537,C0044,mid_weekend,2026-03-05 12:06:00.000000000,0.5039764164821535,-1.0728215807054167,0,0,0,0,0.842,12,1379.92,0
T0002844,C0083,mid_weekend,2026-03-05 12:40:00.000000000,1.3711103080474196,1.264475172870159,0,0,0,0,0.946,12,3546.81,0
T0006168,C0176,mid_weekend,2026-03-05 13:02:00.000000000,0.749631162885732,-0.38985613192420404,0,0,0,0,1.983,13,2523.02,0
T0004998,C0146,mid_weekend,2026-03-05 13:06:00.000000000,0.8517844335979063,-0.43072450071397406,0,0,0,0,0.869,13,2295.46,0
T0005488,C0158,mid_weekend,2026-03-05 13:51:00.000000000,0.6805610009107047,-0.450301732177442,0,0,0,0,0.959,13,2206.51,0
T0004706,C0137,mid_weekend,2026-03-05 15:13:00.000000000,0.6164035932654058,-0.6806128074349957,0,0,0,0,1.038,15,2001.93,0
T0000393,C0011,mid_weekend,2026-03-05 15:15:00.000000000,1.0469408778145588,0.07899648943815028,0,0,0,0,0.991,15,3116.83,0
T0003062,C0089,mid_weekend,2026-03-05 15:33:00.000000000,0.8833015229490917,-0.16683312231551603,0,0,0,1,-0.017,15,2808.1,0
T0004909,C0143,mid_weekend,2026-03-05 15:39:00.000000000,0.7360810244325182,-0.533714031773906,0,0,0,0,1.076,15,2148.61,0
T0001660,C0047,mid_weekend,2026-03-05 15:47:00.000000000,1.0189817772538536,0.03785215225602064,0,0,0,0,1.055,15,2755.89,0
T0006412,C0110,mid_weekend,2026-03-05 15:52:00.243209224,1.2956269457500023,0.7051836245557673,0,0,1,7,0.967,15,3631.66,1
T0003061,C0089,mid_weekend,2026-03-05 15:57:00.000000000,1.1027330476890087,0.14457166991260906,0,0,0,0,4.21,15,3496.25,0
T0005338,C0155,mid_weekend,2026-03-05 16:46:00.000000000,0.6180563719983375,-0.7370799551316467,0,0,0,1,-0.042,16,1760.36,0
T0005489,C0158,mid_weekend,2026-03-05 16:58:00.000000000,0.6047173067075611,-0.558187238675683,0,0,0,0,0.13,16,1947.56,0
T0002744,C0080,mid_weekend,2026-03-05 17:29:00.000000000,1.0320095357911774,0.10290560454234671,0,0,0,0,3.312,17,2505.58,0
T0005337,C0155,mid_weekend,2026-03-05 17:46:00.000000000,0.7365945223555342,-0.5068764159583792,0,0,0,0,4.249,17,2111.89,0
T0000553,C0015,low_evening_shopper,2026-03-05 17:48:00.000000000,1.9910411297862343,1.8702828413111043,0,0,0,0,0.887,17,1586.17,0
T0001538,C0044,mid_weekend,2026-03-05 18:11:00.000000000,0.5160007820319216,-1.0326040821086453,0,0,0,0,0.253,18,1395.75,0
T0002063,C0060,low_evening_shopper,2026-03-05 18:32:00.000000000,0.9497669193320828,-0.20228549981964938,0,0,0,0,0.977,18,680.33,0
T0000878,C0023,mid_weekend,2026-03-05 19:04:00.000000000,0.611574812951555,-0.6047788310995672,0,0,0,0,3.072,19,2075.49,0
T0004530,C0132,low_evening_shopper,2026-03-05 19:14:00.000000000,1.016862596939365,0.06498113677701736,0,0,0,0,4.968,19,679.19,0
T0003401,C0099,low_evening_shopper,2026-03-05 19:28:00.000000000,0.7088590431795719,-1.2177805507950155,0,0,0,0,4.023,19,514.6,0
T0000904,C0024,low_evening_shopper,2026-03-05 19:35:00.000000000,0.9151491722850204,-0.20874162842716096,0,0,0,0,1.9,19,676.82,0
T0001007,C0027,low_evening_shopper,2026-03-05 20:05:00.000000000,1.390475406129096,1.2649590778506754,0,0,0,0,2.975,20,912.39,0
T0005255,C0153,low_evening_shopper,2026-03-05 20:28:00.000000000,0.9227848752469952,-0.32403104050456333,0,0,0,0,2.056,20,612.0,0
T0005952,C0171,low_evening_shopper,2026-03-05 20:51:00.000000000,0.7160139084328073,-0.5387941023632637,0,0,0,0,0.985,20,581.6,0
T0003720,C0108,low_evening_shopper,2026-03-05 20:54:00.000000000,0.631139675363998,-0.4567791238363777,0,0,0,0,0.636,20,587.38,0
T0002873,C0084,low_evening_shopper,2026-03-05 20:55:00.000000000,0.3616006787013146,-1.4943149691322937,0,0,0,0,1.607,20,306.03,0
T0002657,C0078,low_evening_shopper,2026-03-05 21:01:00.000000000,0.6067745792048145,-0.5577276379789747,0,0,0,0,3.039,21,518.21,0
T0001778,C0051,low_evening_shopper,2026-03-05 21:17:00.000000000,1.3319783147585145,0.8311192529438638,0,0,0,0,1.99,21,969.27,0
T0005604,C0162,low_evening_shopper,2026-03-05 21:20:00.000000000,0.7092566453835191,-0.8428906638660044,0,0,0,0,3.999,21,553.27,0
T0002273,C0066,low_evening_shopper,2026-03-05 21:32:00.000000000,0.8116015257293328,-0.3242314761143367,0,0,0,0,6.013,21,597.93,0
T0001444,C0042,low_evening_shopper,2026-03-05 21:37:00.000000000,0.6746487875470129,-0.50245770294191,0,0,0,0,1.076,21,625.69,0
T0001582,C0045,low_evening_shopper,2026-03-05 21:51:00.000000000,1.021231149050603,0.035273969978364426,0,1,0,0,0.949,21,814.11,0
T0000306,C0009,low_evening_shopper,2026-03-05 21:55:00.000000000,0.9531941923427607,-0.1614337620301102,0,0,0,0,5.07,21,648.11,0
T0002169,C0063,low_evening_shopper,2026-03-05 22:57:00.000000000,0.9809477347686864,-0.03113565982473254,0,0,0,0,1.067,22,844.69,0
T0000757,C0020,mid_weekend,2026-03-05 23:50:00.000000000,3.2924963602469592,5.67057404294274,0,0,0,0,1.224,23,8660.94,0
T0003956,C0114,low_evening_shopper,2026-03-06 01:43:00.000000000,1.0168985802536517,0.049052066514817805,1,0,0,1,-0.642,1,803.38,0
T0002845,C0083,mid_weekend,2026-03-06 05:22:00.000000000,1.3212679121664317,1.0975128704956496,1,0,0,0,0.696,5,3453.11,0
T0005491,C0158,mid_weekend,2026-03-06 07:30:00.000000000,2.1330480433526264,1.5985968750963209,0,0,0,1,-0.138,7,6764.38,0
T0002746,C0080,mid_weekend,2026-03-06 08:50:00.000000000,0.8719327342013146,-0.42294927365446683,0,0,0,1,-0.331,8,2118.5,0
T0005490,C0158,mid_weekend,2026-03-06 10:49:00.000000000,0.6335819755547415,-0.5169306782185386,0,0,0,0,0.744,10,2024.07,0
T0001661,C0047,mid_weekend,2026-03-06 11:11:00.000000000,0.60421525134712,-0.8037226128077043,0,0,0,0,0.808,11,1635.2,0
T0004800,C0140,mid_weekend,2026-03-06 11:19:00.000000000,0.981556848873693,-0.038307282306125075,0,0,0,0,3.779,11,2829.16,0
T0003805,C0110,mid_weekend,2026-03-06 12:30:00.000000000,0.591592964745253,-0.9742078129017198,0,0,0,0,1.931,12,1658.24,0
T0003064,C0089,mid_weekend,2026-03-06 13:21:00.000000000,0.82063687072653,-0.26102856486125714,0,0,0,1,-0.185,13,2591.06,0
T0006169,C0176,mid_weekend,2026-03-06 13:28:00.000000000,0.6647845376576774,-0.5243187812587496,0,1,0,0,1.018,13,2223.45,0
T0006171,C0176,mid_weekend,2026-03-06 13:43:00.000000000,0.6100271793485847,-0.6122635914453102,0,0,0,2,-0.258,13,2010.0,0
T0006040,C0173,mid_weekend,2026-03-06 13:46:00.000000000,1.0136334574383778,0.0268911245142013,0,0,0,0,1.789,13,2960.34,0
T0004801,C0140,mid_weekend,2026-03-06 14:35:00.000000000,0.9360958358932816,-0.13405493266064863,0,0,0,0,0.136,14,2697.11,0
T0000758,C0020,mid_weekend,2026-03-06 15:15:00.000000000,1.6007964570798336,1.2212939713421243,0,0,0,0,0.642,15,4407.92,0
T0003935,C0113,mid_weekend,2026-03-06 15:32:00.000000000,0.8284460988782071,-0.5138823414693268,0,0,0,0,1.734,15,2293.23,0
T0004999,C0146,mid_weekend,2026-03-06 16:21:00.000000000,1.1007700757080046,0.2946541177447532,0,0,0,0,1.135,16,2956.23,0
T0003806,C0110,mid_weekend,2026-03-06 16:27:00.000000000,1.1896126746549343,0.44708982283684834,0,0,0,0,0.165,16,3291.95,0
T0000879,C0023,mid_weekend,2026-03-06 16:37:00.000000000,0.6805046830503859,-0.4965739798992553,0,0,0,0,0.898,16,2285.17,0
T0002745,C0080,mid_weekend,2026-03-06 16:47:00.000000000,0.995945942654169,-0.01321738828477431,0,0,0,0,0.971,16,2420.06,0
T0001662,C0047,mid_weekend,2026-03-06 16:52:00.000000000,0.6661684781195474,-0.6731972649447339,0,0,0,0,0.237,16,1779.08,0
T0003955,C0114,low_evening_shopper,2026-03-06 17:07:00.000000000,0.6239141989534637,-1.1266228875445594,0,0,0,0,3.983,17,505.59,0
T0006429,C0045,low_evening_shopper,2026-03-06 17:23:00.419193913,3.6893863138504064,4.538154254838834,0,1,1,1,0.814,17,2942.97,1
T0006305,C0179,mid_weekend,2026-03-06 17:37:00.000000000,0.6888344507438046,-1.189781627956034,0,0,0,0,1.908,17,1803.62,0
T0003063,C0089,mid_weekend,2026-03-06 17:48:00.000000000,0.8459521414198208,-0.22236010432975478,0,0,0,0,1.094,17,2681.32,0
T0006198,C0177,low_evening_shopper,2026-03-06 17:53:00.000000000,0.6155651388885606,-0.7248978608425692,0,1,0,1,-0.152,17,491.41,0
T0005339,C0155,mid_weekend,2026-03-06 17:53:00.000000000,1.2496566795587674,0.4800618969141889,0,0,0,0,1.047,17,3526.13,0
T0002846,C0083,mid_weekend,2026-03-06 18:03:00.000000000,0.8918096082836645,-0.3719449333880838,0,0,0,0,0.528,18,2350.97,0
T0005606,C0162,low_evening_shopper,2026-03-06 18:59:00.000000000,0.8664641214783674,-0.3772108548918298,0,1,0,1,-0.14,18,653.49,0
T0004147,C0120,low_evening_shopper,2026-03-06 19:10:00.000000000,0.9943251469446215,-0.023819802894674585,0,0,0,0,4.969,19,725.11,0
T0002658,C0078,low_evening_shopper,2026-03-06 19:18:00.000000000,0.5483815041291049,-0.639508325363995,0,0,0,0,0.928,19,460.97,0
T0001445,C0042,low_evening_shopper,2026-03-06 19:18:00.000000000,1.966475178158457,1.4963477130147407,0,0,0,0,0.903,19,1797.96,0
T0002274,C0066,low_evening_shopper,2026-03-06 19:23:00.000000000,1.0811256273554972,0.14082297759361398,0,0,0,0,0.91,19,791.66,0
T0003721,C0108,low_evening_shopper,2026-03-06 19:41:00.000000000,0.8631673653315212,-0.16966161480064718,0,0,0,0,0.949,19,792.35,0
T0006170,C0176,mid_weekend,2026-03-06 19:55:00.000000000,0.7171762123271133,-0.4427236448122283,0,0,0,0,0.269,19,2379.07,0
T0006071,C0174,low_evening_shopper,2026-03-06 20:11:00.000000000,0.75907620260957,-0.32387168370277253,0,0,0,0,3.033,20,704.58,0
T0002874,C0084,low_evening_shopper,2026-03-06 20:36:00.000000000,1.0146528380749895,0.03185910182244803,0,0,0,0,0.987,20,824.45,0
T0005025,C0147,low_evening_shopper,2026-03-06 20:40:00.000000000,0.7721089992250517,-0.47599280369923264,0,0,0,0,6.003,20,669.1,0
T0002994,C0087,low_evening_shopper,2026-03-06 20:41:00.000000000,2.1718264229773028,2.048379539738301,0,0,0,0,5.041,20,1863.06,0
T0004629,C0135,low_evening_shopper,2026-03-06 20:50:00.000000000,0.7035399894317003,-0.5262900036689184,0,0,0,0,3.001,20,559.28,0
T0005133,C0150,low_evening_shopper,2026-03-06 21:23:00.000000000,1.1431258591547009,0.3029714793728189,0,0,0,0,5.219,21,869.31,0
T0003833,C0111,low_evening_shopper,2026-03-06 21:29:00.000000000,2.342126902524363,4.1174062312430975,0,1,0,0,2.124,21,1587.37,0
T0006197,C0177,low_evening_shopper,2026-03-06 21:32:00.000000000,0.5732447949297693,-0.8133389161022333,0,0,0,0,2.099,21,466.28,0
T0002772,C0081,low_evening_shopper,2026-03-06 22:07:00.000000000,0.8205566988025439,-0.7334417421669109,0,0,0,0,7.14,22,606.03,0
T0005605,C0162,low_evening_shopper,2026-03-06 22:20:00.000000000,0.6372393191412147,-1.0446083747268782,0,0,0,0,1.042,22,489.48,0
T0000307,C0009,low_evening_shopper,2026-03-06 22:25:00.000000000,1.034551146103667,0.12133367710489822,0,0,0,0,1.021,22,702.11,0
T0002747,C0080,mid_weekend,2026-03-06 22:32:00.000000000,0.8422622513400818,-0.5247129976390762,0,0,0,0,0.571,22,2039.86,0
T0005256,C0153,low_evening_shopper,2026-03-06 23:15:00.000000000,0.7532630647240316,-1.0519926074601407,0,0,0,0,1.116,23,497.96,0
T0000977,C0026,mid_weekend,2026-03-07 09:03:00.000000000,2.4715155727834754,2.5515512442374177,0,0,0,0,2.632,9,7838.23,0
T0004802,C0140,mid_weekend,2026-03-07 11:15:00.000000000,0.9742349665999351,-0.05451774211077206,0,0,0,0,0.861,11,2803.41,0
T0000759,C0020,mid_weekend,2026-03-07 11:28:00.000000000,0.9040875080526674,-0.19640806516562226,0,0,0,0,0.842,11,2519.39,0
T0002359,C0068,mid_weekend,2026-03-07 12:16:00.000000000,1.022583647966843,0.07001945029081148,0,0,0,0,2.999,12,2692.93,0
T0003936,C0113,mid_weekend,2026-03-07 12:45:00.000000000,0.9133602194474657,-0.26061882834941025,0,0,0,0,0.884,12,2519.24,0
T0000394,C0011,mid_weekend,2026-03-07 13:18:00.000000000,0.7156302391606975,-0.487770646661254,0,0,0,0,1.919,13,2133.94,0
T0003066,C0089,mid_weekend,2026-03-07 14:35:00.000000000,0.9247465835397451,-0.11129519755329904,0,0,0,1,-0.003,14,2899.06,0
T0003065,C0089,mid_weekend,2026-03-07 14:40:00.000000000,0.8852285892854361,-0.16822319160771174,0,0,0,0,1.055,14,2782.78,0
T0005340,C0155,mid_weekend,2026-03-07 15:48:00.000000000,0.889139335820387,-0.21644615522086597,0,1,0,0,0.913,15,2523.78,0
T0006041,C0173,mid_weekend,2026-03-07 15:53:00.000000000,1.4913614586688229,0.9821827820628999,0,0,0,0,1.088,15,4357.08,0
T0000905,C0024,low_evening_shopper,2026-03-07 17:23:00.000000000,0.8548861838027311,-0.3685295045401351,0,0,0,0,1.908,17,628.13,0
T0004707,C0137,mid_weekend,2026-03-07 17:50:00.000000000,0.7668765866854866,-0.41252603734640786,0,0,0,0,2.109,17,2467.33,0
T0006306,C0179,mid_weekend,2026-03-07 18:06:00.000000000,0.9989873675251156,-0.003808458322128438,0,0,0,0,1.02,18,2588.58,0
T0005373,C0156,low_evening_shopper,2026-03-07 18:15:00.000000000,0.7907283880264686,-0.3959470751273043,0,0,0,0,3.913,18,623.46,0
T0001080,C0029,mid_weekend,2026-03-07 18:18:00.000000000,0.6385002680387504,-0.4136219447122151,0,0,0,0,3.033,18,1819.56,0
T0001663,C0047,mid_weekend,2026-03-07 18:32:00.000000000,1.2071213524156148,0.4169715106369743,0,0,0,0,1.069,18,3189.04,0
T0002387,C0069,low_evening_shopper,2026-03-07 18:50:00.000000000,0.7786864572427955,-0.40386209874136203,0,1,0,0,3.942,18,638.55,0
T0004630,C0135,low_evening_shopper,2026-03-07 19:01:00.000000000,0.9752691333010858,-0.044040302109089775,0,0,0,0,0.924,19,765.71,0
T0005134,C0150,low_evening_shopper,2026-03-07 19:41:00.000000000,0.9871524609761154,-0.027813645101677956,0,0,0,0,0.929,19,754.68,0
T0005000,C0146,mid_weekend,2026-03-07 19:49:00.000000000,1.109561052863211,0.3244850407549496,0,0,0,0,1.144,19,2986.66,0
T0005026,C0147,low_evening_shopper,2026-03-07 20:06:00.000000000,1.059621333821609,0.12554533837007395,0,0,0,0,0.976,20,908.28,0
T0004532,C0132,low_evening_shopper,2026-03-07 20:36:00.000000000,0.551291475257607,-1.8203913299780745,0,0,0,1,-0.047,20,368.81,0
T0001779,C0051,low_evening_shopper,2026-03-07 20:39:00.000000000,1.0495732284907575,0.12763572020887964,0,0,0,0,1.974,20,777.86,0
T0006072,C0174,low_evening_shopper,2026-03-07 21:12:00.000000000,1.0347448610813708,0.04709590868509571,0,0,0,0,1.042,21,951.55,0
T0002170,C0063,low_evening_shopper,2026-03-07 21:12:00.000000000,0.7632944553349232,-0.3941940825474703,0,0,0,0,1.927,21,656.79,0
T0003834,C0111,low_evening_shopper,2026-03-07 21:17:00.000000000,0.3970430974375723,-1.5187584453028014,0,0,0,0,0.992,21,284.8,0
T0001888,C0054,low_evening_shopper,2026-03-07 21:30:00.000000000,1.2259102057129554,0.41577184570761044,0,0,0,0,7.049,21,891.1,0
T0004531,C0132,low_evening_shopper,2026-03-07 21:44:00.000000000,1.0156939339767295,0.06209448583362524,0,0,0,0,2.104,21,678.98,0
T0002659,C0078,low_evening_shopper,2026-03-07 21:46:00.000000000,0.8132736354749246,-0.2629043511071335,0,0,0,0,1.103,21,671.77,0
T0005715,C0165,low_evening_shopper,2026-03-07 21:50:00.000000000,1.007266666255369,0.02553527763429672,0,0,0,0,3.049,21,674.57,0
T0000554,C0015,low_evening_shopper,2026-03-07 21:54:00.000000000,0.6847777132690972,-0.5911042445432843,0,0,0,0,2.171,21,569.04,0
T0000308,C0009,low_evening_shopper,2026-03-07 21:58:00.000000000,1.4141086498408264,1.4845803235806754,0,0,0,0,0.981,21,960.97,0
T0005257,C0153,low_evening_shopper,2026-03-07 22:18:00.000000000,1.00825220179031,0.03479359503431096,0,0,0,0,0.96,22,659.95,0
T0003722,C0108,low_evening_shopper,2026-03-07 22:40:00.000000000,0.8645170072871707,-0.17014733579141167,0,0,0,0,1.124,22,789.71,0
T0006172,C0176,mid_weekend,2026-03-07 23:34:00.000000000,0.7734990025837027,-0.3550114032747122,0,0,0,0,1.41,23,2525.51,0
T0000021,C0000,low_evening_shopper,2026-03-08 02:08:00.000000000,0.8338941017639042,-0.3069604586764291,1,0,0,0,4.236,2,723.45,0
T0006448,C0089,mid_weekend,2026-03-08 04:48:00.287820292,2.3679991053807394,2.025342400502222,1,1,0,2,0.592,4,7430.18,1
T0001539,C0044,mid_weekend,2026-03-08 06:48:00.000000000,0.6986111823623432,-0.6352888895044252,0,0,0,0,2.526,6,1867.93,0
T0000309,C0009,low_evening_shopper,2026-03-08 07:35:00.000000000,1.2346770193030248,0.8370018260807659,1,0,0,0,0.401,7,851.91,0
T0000093,C0002,mid_weekend,2026-03-08 08:39:00.000000000,0.671169870259824,-0.677778937526983,0,0,0,1,-0.23,8,2003.98,0
T0002748,C0080,mid_weekend,2026-03-08 12:18:00.000000000,0.8379685379287476,-0.5417764023184481,0,0,0,0,1.574,12,2021.65,0
T0003067,C0089,mid_weekend,2026-03-08 13:06:00.000000000,1.0591863538730037,0.08840119055544535,0,0,0,0,0.938,13,3314.71,0
T0004803,C0140,mid_weekend,2026-03-08 13:16:00.000000000,0.7002404050396336,-0.6402479788198635,0,0,0,0,1.084,13,2013.96,0
T0000092,C0002,mid_weekend,2026-03-08 14:10:00.000000000,1.1433426612781565,0.29005508430115745,0,0,0,0,3.846,14,3399.02,0
T0006174,C0176,mid_weekend,2026-03-08 14:32:00.000000000,0.947185922617188,-0.08332795335198843,0,0,0,1,-0.162,14,3055.53,0
T0000880,C0023,mid_weekend,2026-03-08 16:05:00.000000000,0.877207845791634,-0.19116553383682058,0,0,0,0,1.978,16,2920.94,0
T0000760,C0020,mid_weekend,2026-03-08 17:11:00.000000000,0.5144703566835565,-1.0018859183811533,0,0,0,0,1.238,17,1430.96,0
T0000761,C0020,mid_weekend,2026-03-08 17:29:00.000000000,1.3645577209936588,0.7453488254293729,0,0,0,1,0.013,17,3759.98,0
T0006173,C0176,mid_weekend,2026-03-08 18:25:00.000000000,0.6905204767500195,-0.4874540640404877,0,0,0,0,0.785,18,2242.98,0
T0000762,C0020,mid_weekend,2026-03-08 18:29:00.000000000,0.712429239636509,-0.5945481307362106,0,1,0,1,0.042,18,1976.57,0
T0006387,C0120,low_evening_shopper,2026-03-08 18:59:00.001654345,3.6267246464604597,11.241230366176278,0,0,0,1,1.992,18,2644.22,1
T0003402,C0099,low_evening_shopper,2026-03-08 19:04:00.000000000,1.0143650897147132,0.0589325026486072,0,0,0,0,2.983,19,728.13,0
T0002875,C0084,low_evening_shopper,2026-03-08 19:36:00.000000000,0.4777692178092779,-1.171385706586932,0,0,0,0,1.958,19,388.54,0
T0005716,C0165,low_evening_shopper,2026-03-08 19:42:00.000000000,1.232013154852385,0.8299308145169096,0,0,0,0,0.911,19,825.29,0
T0004425,C0129,low_evening_shopper,2026-03-08 19:59:00.000000000,1.011471342056021,0.02211491144891671,0,0,0,0,4.949,19,798.01,0
T0001583,C0045,low_evening_shopper,2026-03-08 20:03:00.000000000,0.6932260286144903,-0.5176604684322925,0,0,0,0,2.925,20,552.98,0
T0004533,C0132,low_evening_shopper,2026-03-08 20:10:00.000000000,1.1211226780813153,0.4593150466958082,0,0,0,0,0.982,20,734.72,0
T0001889,C0054,low_evening_shopper,2026-03-08 20:31:00.000000000,1.0210255138672326,0.03991419210565102,0,0,0,0,0.959,20,750.16,0
T0000793,C0021,low_evening_shopper,2026-03-08 20:32:00.000000000,0.6740401851606244,-0.43837202556259725,0,0,0,0,5.054,20,610.75,0
T0006073,C0174,low_evening_shopper,2026-03-08 20:53:00.000000000,0.054301483431200843,-1.307920029053758,0,1,0,0,0.987,20,50.0,0
T0003957,C0114,low_evening_shopper,2026-03-08 20:54:00.000000000,0.7146282256682245,-0.8563637153808934,0,0,0,0,2.799,20,565.18,0
T0003523,C0102,low_evening_shopper,2026-03-08 21:17:00.000000000,0.7640709401062551,-0.4586914933244036,0,0,0,0,4.088,21,658.34,0
T0006074,C0174,low_evening_shopper,2026-03-08 21:23:00.000000000,0.9374035254054685,-0.08269451203062667,0,0,0,1,0.021,21,833.99,0
T0002660,C0078,low_evening_shopper,2026-03-08 21:28:00.000000000,1.8206706996142399,1.1678502772586554,0,0,0,0,0.988,21,1493.49,0
T0006199,C0177,low_evening_shopper,2026-03-08 21:32:00.000000000,1.2603778989005747,0.48818436647692687,0,0,0,0,2.152,21,990.06,0
T0001584,C0045,low_evening_shopper,2026-03-08 22:52:00.000000000,2.232134054489885,2.083048753232771,0,0,0,0,0.117,22,1764.93,0
T0000555,C0015,low_evening_shopper,2026-03-08 22:59:00.000000000,0.6685268998160198,-0.6220949533222262,0,0,0,0,1.045,22,548.24,0
T0004148,C0120,low_evening_shopper,2026-03-08 23:49:00.000000000,0.8289873194764618,-0.7318616448631865,0,0,0,0,2.194,23,604.41,0
T0004077,C0117,low_evening_shopper,2026-03-09 00:30:00.000000000,0.670710344269192,-0.7562211061491286,1,0,0,0,4.08,0,563.53,0
T0000395,C0011,mid_weekend,2026-03-09 11:14:00.000000000,0.7555956474383648,-0.42067932957364235,0,0,0,0,1.914,11,2231.76,0
T0001540,C0044,mid_weekend,2026-03-09 11:32:00.000000000,0.8486316083415022,-0.3190844130405662,0,0,0,0,1.197,11,2253.14,0
T0002749,C0080,mid_weekend,2026-03-09 12:41:00.000000000,0.8739491575401008,-0.4234559336435291,0,0,0,0,1.016,12,2100.32,0
T0003068,C0089,mid_weekend,2026-03-09 13:50:00.000000000,0.9935561753394889,-0.009748046339262547,0,0,0,0,1.031,13,3113.51,0
T0001081,C0029,mid_weekend,2026-03-09 15:07:00.000000000,0.9877365949428165,-0.014050360549220502,0,0,0,0,1.867,15,2791.13,0
T0000881,C0023,mid_weekend,2026-03-09 15:47:00.000000000,0.6110353871187949,-0.611246877132462,0,0,0,0,0.988,15,2028.23,0
T0006307,C0179,mid_weekend,2026-03-09 15:49:00.000000000,1.2747737112877813,1.0504574540622271,0,0,0,0,1.905,15,3303.09,0
T0005001,C0146,mid_weekend,2026-03-09 15:59:00.000000000,2.9259564117316796,5.7758174351919065,0,0,0,0,1.84,15,7895.12,0
T0000978,C0026,mid_weekend,2026-03-09 17:01:00.000000000,3.146641267619932,3.613555486003889,0,0,0,0,2.332,17,10398.91,0
T0004631,C0135,low_evening_shopper,2026-03-09 17:20:00.000000000,0.8880485899293659,-0.20326295108123527,0,0,0,0,1.93,17,696.54,0
T0005607,C0162,low_evening_shopper,2026-03-09 17:30:00.000000000,0.6578925179769349,-0.9806333499482168,0,0,0,0,2.938,17,493.03,0
T0005717,C0165,low_evening_shopper,2026-03-09 18:25:00.000000000,0.8586832510221196,-0.5122726133405897,0,0,0,0,0.947,18,579.66,0
T0001890,C0054,low_evening_shopper,2026-03-09 18:54:00.000000000,0.8746450703402554,-0.24379397583887694,0,0,0,0,0.933,18,643.22,0
T0004826,C0141,low_evening_shopper,2026-03-09 19:12:00.000000000,0.6436501693660074,-1.157650117884785,0,0,0,0,4.864,19,446.29,0
T0000310,C0009,low_evening_shopper,2026-03-09 19:30:00.000000000,1.1999722061848113,0.7234043991708646,0,0,0,0,1.497,19,834.9,0
T0003403,C0099,low_evening_shopper,2026-03-09 19:37:00.000000000,1.2576208891678273,1.077521378062775,0,0,0,0,1.023,19,903.23,0
T0005258,C0153,low_evening_shopper,2026-03-09 19:44:00.000000000,0.829453882724263,-0.7335262849225674,0,0,0,0,1.893,19,543.09,0
T0002876,C0084,low_evening_shopper,2026-03-09 19:45:00.000000000,0.5465114836885202,-0.9796623941659455,0,1,0,0,1.006,19,431.55,0
T0004427,C0129,low_evening_shopper,2026-03-09 20:23:00.000000000,0.828289581982755,-0.33584575194659655,0,0,0,1,-0.078,20,646.95,0
T0005837,C0168,low_evening_shopper,2026-03-09 20:31:00.000000000,0.6419967474998702,-0.5275068941885338,0,0,0,0,5.926,20,555.87,0
T0001009,C0027,low_evening_shopper,2026-03-09 20:32:00.000000000,0.9126532957039245,-0.17017923719604836,0,0,0,1,-0.011,20,665.92,0
T0005341,C0155,mid_weekend,2026-03-09 20:33:00.000000000,0.7131681961917028,-0.5648741574873178,0,1,0,0,2.198,20,2019.08,0
T0004428,C0129,low_evening_shopper,2026-03-09 20:41:00.000000000,0.40468723501693127,-1.1739587662056596,0,0,0,2,0.013,20,314.49,0
T0001008,C0027,low_evening_shopper,2026-03-09 20:48:00.000000000,3.466970678740228,8.031010251910306,0,0,0,0,4.03,20,2310.47,0
T0002388,C0069,low_evening_shopper,2026-03-09 21:02:00.000000000,0.817388947527278,-0.33640225948150637,0,0,0,0,2.092,21,663.55,0
T0002995,C0087,low_evening_shopper,2026-03-09 21:08:00.000000000,0.5713519046477117,-0.7413610637259795,0,0,0,0,3.019,21,510.63,0
T0005135,C0150,low_evening_shopper,2026-03-09 21:31:00.000000000,1.081774170544014,0.1801963241390195,0,0,0,0,2.076,21,826.63,0
T0005027,C0147,low_evening_shopper,2026-03-09 21:35:00.000000000,0.769765894418085,-0.4973820529633169,0,0,0,0,2.062,21,661.61,0
T0000120,C0003,low_evening_shopper,2026-03-09 21:50:00.000000000,0.8791252998073674,-0.25448854069480736,0,0,0,0,5.106,21,770.14,0
T0005374,C0156,low_evening_shopper,2026-03-09 22:02:00.000000000,0.8952007110490466,-0.19969548614375796,0,1,0,0,2.158,22,701.07,0
T0004426,C0129,low_evening_shopper,2026-03-09 22:16:00.000000000,0.6580990403001812,-0.6699120287903773,0,0,0,0,1.095,22,519.4,0
T0004078,C0117,low_evening_shopper,2026-03-09 22:25:00.000000000,0.9370869901700988,-0.14393958950180258,0,0,0,0,0.913,22,778.08,0
T0000906,C0024,low_evening_shopper,2026-03-10 09:43:00.000000000,0.9662456288888253,-0.08761216173712333,1,0,0,0,2.681,9,702.59,0
T0003808,C0110,mid_weekend,2026-03-10 14:05:00.000000000,0.5266218064338015,-1.1535774115835449,0,0,0,1,-0.034,14,1465.56,0
T0003807,C0110,mid_weekend,2026-03-10 14:54:00.000000000,0.9976447290583998,-0.005654929185816165,0,0,0,0,3.935,14,2776.59,0
T0000979,C0026,mid_weekend,2026-03-10 15:34:00.000000000,0.8694202509702508,-0.2023575469929588,0,0,0,0,0.94,15,3044.56,0
T0003937,C0113,mid_weekend,2026-03-10 15:58:00.000000000,0.6170370431549604,-1.161056243606798,0,0,0,0,3.134,15,1698.91,0
T0006042,C0173,mid_weekend,2026-03-10 16:20:00.000000000,1.1635817085089148,0.3312464592004325,0,0,0,0,3.019,16,3441.22,0
T0002847,C0083,mid_weekend,2026-03-10 16:44:00.000000000,1.153505175868594,0.5323246185894954,0,0,0,0,3.945,16,3032.19,0
T0005342,C0155,mid_weekend,2026-03-10 17:00:00.000000000,0.8278062949931574,-0.3395661160960065,0,0,0,0,0.852,17,2328.35,0
T0002360,C0068,mid_weekend,2026-03-10 18:22:00.000000000,0.9816838644772408,-0.05767638097736263,0,0,0,0,3.254,18,2586.94,0
T0000794,C0021,low_evening_shopper,2026-03-10 18:45:00.000000000,1.1046663318807581,0.14114754667704058,0,0,0,0,1.926,18,990.42,0
T0005028,C0147,low_evening_shopper,2026-03-10 19:49:00.000000000,1.0637466865552567,0.13865585172624342,0,0,0,0,0.926,19,905.14,0
T0003835,C0111,low_evening_shopper,2026-03-10 19:50:00.000000000,0.7958323861212334,-0.48916317992972935,0,0,0,0,2.94,19,556.51,0
T0004632,C0135,low_evening_shopper,2026-03-10 19:54:00.000000000,2.888089857300781,3.4781568761337374,0,0,0,0,1.107,19,2255.52,0
T0002275,C0066,low_evening_shopper,2026-03-10 19:58:00.000000000,0.8534321064084357,-0.25906785755957346,0,0,0,0,4.024,19,626.52,0
T0000396,C0011,mid_weekend,2026-03-10 20:09:00.000000000,1.342546412226404,0.5929365406854071,0,0,0,0,1.372,20,3934.13,0
T0006200,C0177,low_evening_shopper,2026-03-10 20:28:00.000000000,0.6857507479099082,-0.6047250640091676,0,0,0,0,1.956,20,544.29,0
T0003524,C0102,low_evening_shopper,2026-03-10 21:22:00.000000000,0.8159004253461286,-0.36007145318249006,0,0,0,0,2.003,21,697.08,0
T0006454,C0069,low_evening_shopper,2026-03-10 21:27:00.717872124,4.359370946053138,6.262012640372053,0,1,1,1,1.017,21,3510.79,1
T0000907,C0024,low_evening_shopper,2026-03-10 21:30:00.000000000,0.8835400103799766,-0.3121068152856655,0,0,0,0,0.491,21,641.01,0
T0005375,C0156,low_evening_shopper,2026-03-10 21:39:00.000000000,0.48349680730311423,-0.9960519416499523,0,0,0,0,0.984,21,377.41,0
T0004149,C0120,low_evening_shopper,2026-03-10 22:39:00.000000000,0.9487592466841154,-0.21988031162210972,0,0,0,0,1.951,22,687.35,0
T0002171,C0063,low_evening_shopper,2026-03-10 22:44:00.000000000,0.820360353831572,-0.30132054534087377,0,0,0,0,3.064,22,699.7,0
T0004429,C0129,low_evening_shopper,2026-03-10 22:58:00.000000000,0.8940940504377053,-0.20430814626154464,0,0,0,0,1.095,22,683.0,0
T0004079,C0117,low_evening_shopper,2026-03-10 23:14:00.000000000,0.8377025906814544,-0.37694075623301504,0,0,0,0,1.034,23,694.05,0
T0001446,C0042,low_evening_shopper,2026-03-10 23:36:00.000000000,0.6918603186119744,-0.48485140188719744,0,0,0,0,4.179,23,658.05,0
T0002750,C0080,mid_weekend,2026-03-11 09:03:00.000000000,0.9946189464766233,-0.01819955426410493,0,0,0,0,1.849,9,2383.32,0
T0004708,C0137,mid_weekend,2026-03-11 10:29:00.000000000,0.9795229568051937,-0.03639737583470177,0,0,0,0,3.694,10,3134.0,0
T0000882,C0023,mid_weekend,2026-03-11 12:19:00.000000000,0.8377783150963205,-0.2544781505800125,0,1,0,0,1.856,12,2753.82,0
T0004710,C0137,mid_weekend,2026-03-11 12:39:00.000000000,0.9800121954929987,-0.03627595447345072,0,0,0,1,-0.058,12,3128.69,0
T0002848,C0083,mid_weekend,2026-03-11 12:50:00.000000000,0.8135321198910851,-0.6552877437267224,0,0,0,0,0.838,12,2146.93,0
T0003069,C0089,mid_weekend,2026-03-11 12:55:00.000000000,0.3906570400555832,-0.932079453711838,0,0,0,0,1.962,12,1224.03,0
T0003809,C0110,mid_weekend,2026-03-11 13:39:00.000000000,0.9401528960023285,-0.14327127881677143,0,0,0,0,0.982,13,2581.01,0
T0005002,C0146,mid_weekend,2026-03-11 13:44:00.000000000,1.0642339156026877,0.15448805972037216,0,0,0,0,1.906,13,2991.86,0
T0004709,C0137,mid_weekend,2026-03-11 14:03:00.000000000,0.9244615271262024,-0.13578977082195196,0,0,0,0,0.149,14,2956.42,0
T0003810,C0110,mid_weekend,2026-03-11 14:08:00.000000000,2.9687602268046485,4.770673486659137,0,0,0,1,0.02,14,8136.62,0
T0000908,C0024,low_evening_shopper,2026-03-11 14:13:00.000000000,1.4436221295629803,1.2152436695993698,1,0,0,0,0.697,14,1039.72,0
T0000397,C0011,mid_weekend,2026-03-11 14:26:00.000000000,1.0971372634665753,0.17171977620728868,0,0,0,0,0.762,14,3249.41,0
T0001082,C0029,mid_weekend,2026-03-11 16:16:00.000000000,0.9737753489491786,-0.03038478651780281,0,0,0,0,2.048,16,2750.91,0
T0004804,C0140,mid_weekend,2026-03-11 16:47:00.000000000,0.5233952175708247,-1.0179683029883244,0,0,0,0,3.147,16,1496.66,0
T0006201,C0177,low_evening_shopper,2026-03-11 17:18:00.000000000,0.8655523166323869,-0.2588449574082203,0,1,0,0,0.868,17,678.69,0
T0002389,C0069,low_evening_shopper,2026-03-11 17:54:00.000000000,0.6836699072594534,-0.5896539805021758,0,0,0,0,1.869,17,550.59,0
T0002849,C0083,mid_weekend,2026-03-11 18:35:00.000000000,0.33564913924564393,-2.340859024440383,0,0,0,0,0.24,18,881.65,0
T0006075,C0174,low_evening_shopper,2026-03-11 18:37:00.000000000,0.8497388132480144,-0.20155982654324853,0,0,0,0,2.885,18,754.37,0
T0001891,C0054,low_evening_shopper,2026-03-11 18:44:00.000000000,1.056040650292099,0.11068873052325828,0,0,0,0,1.993,18,772.39,0
T0002877,C0084,low_evening_shopper,2026-03-11 18:54:00.000000000,0.8421884614086711,-0.33357804195030044,0,0,0,0,1.965,18,649.16,0
T0005376,C0156,low_evening_shopper,2026-03-11 19:32:00.000000000,1.0964144021915616,0.18312580707542203,0,0,0,0,0.912,19,842.44,0
T0001585,C0045,low_evening_shopper,2026-03-11 20:10:00.000000000,0.6081629397333083,-0.6563988791393022,0,0,0,0,2.888,20,497.33,0
T0005513,C0159,low_evening_shopper,2026-03-11 20:27:00.000000000,1.0352268703035035,0.07174068732323449,0,0,0,0,6.985,20,818.5,0
T0005838,C0168,low_evening_shopper,2026-03-11 20:29:00.000000000,0.7854085311681926,-0.3163044033173278,0,0,0,0,1.999,20,671.65,0
T0005136,C0150,low_evening_shopper,2026-03-11 20:34:00.000000000,0.7354222816974659,-0.594679448937603,0,0,0,0,1.96,20,563.56,0
T0003723,C0108,low_evening_shopper,2026-03-11 21:39:00.000000000,0.6133601156826765,-0.4916053931692507,0,0,0,0,3.958,21,557.67,0
T0003958,C0114,low_evening_shopper,2026-03-11 21:44:00.000000000,0.5819600188371234,-1.244819236111193,0,1,0,0,3.035,21,452.53,0
T0003525,C0102,low_evening_shopper,2026-03-11 22:30:00.000000000,0.5333054173360764,-0.920988486532225,0,0,0,0,1.047,22,452.75,0
T0005003,C0146,mid_weekend,2026-03-11 23:25:00.000000000,1.2983230885793189,0.7260563006330284,0,0,0,0,0.403,23,3654.93,0
T0000909,C0024,low_evening_shopper,2026-03-11 23:31:00.000000000,0.9445651909296691,-0.15406210211780216,0,0,0,0,0.388,23,698.04,0
T0004430,C0129,low_evening_shopper,2026-03-11 23:37:00.000000000,0.6507939874838053,-0.6808212867869335,0,0,0,0,1.027,23,495.68,0
T0005514,C0159,low_evening_shopper,2026-03-12 04:13:00.000000000,1.1001639461525325,0.20909740516652997,1,0,0,0,0.324,4,871.23,0
T0003526,C0102,low_evening_shopper,2026-03-12 08:50:00.000000000,0.8186994927839418,-0.3532795226348583,1,0,0,0,0.431,8,684.22,0
T0000398,C0011,mid_weekend,2026-03-12 09:05:00.000000000,0.7870091572938802,-0.383318609847183,0,0,0,0,0.777,9,2337.76,0
T0006309,C0179,mid_weekend,2026-03-12 10:16:00.000000000,0.8554189868340353,-0.543818363991206,0,0,0,1,-0.058,10,2211.2,0
T0006308,C0179,mid_weekend,2026-03-12 11:39:00.000000000,0.6409060758471002,-1.383110898289235,0,0,0,0,2.826,11,1674.92,0
T0002850,C0083,mid_weekend,2026-03-12 13:55:00.000000000,1.1600481178940383,0.5275408502584601,0,0,0,0,0.806,13,2997.74,0
T0006310,C0179,mid_weekend,2026-03-12 15:31:00.000000000,0.8516432253586853,-0.5615664222975468,0,0,0,0,0.219,15,2192.08,0
T0001541,C0044,mid_weekend,2026-03-12 16:47:00.000000000,0.9284873173784678,-0.15179135904911117,0,0,0,0,3.219,16,2456.68,0
T0001083,C0029,mid_weekend,2026-03-12 17:10:00.000000000,0.9279873695698854,-0.08432909548826986,0,0,0,0,1.038,17,2620.03,0
T0000311,C0009,low_evening_shopper,2026-03-12 17:35:00.000000000,1.0377535873146895,0.13870451620876478,0,0,0,0,2.92,17,727.01,0
T0001447,C0042,low_evening_shopper,2026-03-12 17:58:00.000000000,0.9072241561882004,-0.14646767227491064,0,0,0,0,1.765,17,852.25,0
T0005030,C0147,low_evening_shopper,2026-03-12 18:15:00.000000000,0.6880359378131383,-0.6930127435064339,0,0,0,1,-0.06,18,579.51,0
T0006043,C0173,mid_weekend,2026-03-12 18:45:00.000000000,0.5409939733001377,-0.943508401506887,0,0,0,0,2.101,18,1606.34,0
T0005515,C0159,low_evening_shopper,2026-03-12 18:59:00.000000000,1.1169481017802758,0.2504712049685756,0,0,0,0,0.615,18,888.38,0
T0004805,C0140,mid_weekend,2026-03-12 19:12:00.000000000,1.119206652738139,0.25228116847660353,0,0,0,0,1.101,19,3171.61,0
T0005839,C0168,low_evening_shopper,2026-03-12 19:16:00.000000000,1.0608835218916601,0.09047185957618069,0,0,0,0,0.949,19,900.73,0
T0006202,C0177,low_evening_shopper,2026-03-12 19:20:00.000000000,0.5508598910084377,-0.8757038473930919,0,0,0,0,1.085,19,429.79,0
T0002996,C0087,low_evening_shopper,2026-03-12 19:41:00.000000000,0.7362654179589078,-0.4530767818720093,0,0,0,0,2.94,19,648.3,0
T0005029,C0147,low_evening_shopper,2026-03-12 19:42:00.000000000,0.6807465389453613,-0.7109450443210173,0,0,0,0,1.995,19,580.78,0
T0004535,C0132,low_evening_shopper,2026-03-12 20:07:00.000000000,0.8623675381115765,-0.5218312459065922,0,0,0,1,-0.062,20,579.13,0
T0003404,C0099,low_evening_shopper,2026-03-12 20:08:00.000000000,1.28677210825808,1.2079079669444348,0,0,0,0,3.022,20,932.67,0
T0002172,C0063,low_evening_shopper,2026-03-12 20:09:00.000000000,2.3274633514711836,2.2493029596648593,0,0,0,0,1.892,20,1972.41,0
T0001780,C0051,low_evening_shopper,2026-03-12 20:18:00.000000000,0.8964445516276074,-0.27452637486488873,0,1,0,0,4.985,20,666.1,0
T0003959,C0114,low_evening_shopper,2026-03-12 20:31:00.000000000,1.312495430077436,0.8974418334977764,0,0,0,0,0.949,20,996.88,0
T0006076,C0174,low_evening_shopper,2026-03-12 21:03:00.000000000,0.827688719813248,-0.2337533884304649,0,0,0,0,1.101,21,731.11,0
T0001664,C0047,mid_weekend,2026-03-12 21:06:00.000000000,1.1135861735983483,0.2331988599674889,0,0,0,0,5.107,21,2960.98,0
T0002276,C0066,low_evening_shopper,2026-03-12 21:28:00.000000000,1.207528594634398,0.3704761275052506,0,0,0,0,2.062,21,882.53,0
T0004534,C0132,low_evening_shopper,2026-03-12 21:37:00.000000000,1.4648242828715752,1.8035365393810205,0,0,0,0,4.06,21,965.02,0
T0000795,C0021,low_evening_shopper,2026-03-12 21:38:00.000000000,0.18071157712295938,-1.1258494560692105,0,0,0,0,2.12,21,162.55,0
T0001010,C0027,low_evening_shopper,2026-03-12 21:39:00.000000000,0.95169327572844,-0.09554826493152363,0,0,0,0,3.047,21,692.16,0
T0000883,C0023,mid_weekend,2026-03-12 21:45:00.000000000,0.26761907526350204,-1.1576468332310699,0,0,0,0,1.393,21,876.2,0
T0004633,C0135,low_evening_shopper,2026-03-12 22:28:00.000000000,0.6181093270353795,-0.6374157623672405,0,0,0,0,2.107,22,516.48,0
T0004080,C0117,low_evening_shopper,2026-03-12 22:52:00.000000000,4.214976480329284,7.535621069550428,0,0,0,0,1.985,22,3473.27,0
T0000980,C0026,mid_weekend,2026-03-13 12:33:00.000000000,1.198658277658772,0.31083094643354786,0,0,0,0,2.874,12,4182.68,0
T0002661,C0078,low_evening_shopper,2026-03-13 13:59:00.000000000,0.9341490381256499,-0.09591706614885924,1,0,0,0,4.688,13,788.74,0
T0000884,C0023,mid_weekend,2026-03-13 15:15:00.000000000,0.6072373866810147,-0.6077731409034622,0,0,0,0,0.729,15,1953.46,0
T0002851,C0083,mid_weekend,2026-03-13 16:37:00.000000000,1.2561351443567446,0.854919278561118,0,0,0,0,1.113,16,3258.41,0
T0003070,C0089,mid_weekend,2026-03-13 17:33:00.000000000,0.9551205484055131,-0.06785113280008155,0,0,0,0,2.193,17,2952.99,0
T0002997,C0087,low_evening_shopper,2026-03-13 18:05:00.000000000,0.9265902265363446,-0.12670816857672224,0,0,0,0,0.933,18,808.71,0
T0000399,C0011,mid_weekend,2026-03-13 18:13:00.000000000,0.7317400140498712,-0.4859278577923337,0,0,0,0,1.381,18,2159.97,0
T0002751,C0080,mid_weekend,2026-03-13 18:17:00.000000000,0.9284229629013152,-0.24485248527562767,0,0,0,0,2.385,18,2224.43,0
T0000796,C0021,low_evening_shopper,2026-03-13 18:32:00.000000000,0.9546530777750122,-0.060557861309424386,0,0,0,0,0.871,18,837.4,0
T0005004,C0146,mid_weekend,2026-03-13 18:40:00.000000000,0.568753105888978,-1.0614513844738949,0,0,0,0,1.802,18,1611.06,0
T0002852,C0083,mid_weekend,2026-03-13 18:44:00.000000000,1.017122677780792,0.05768415666821102,0,0,0,0,0.088,18,2654.13,0
T0002662,C0078,low_evening_shopper,2026-03-13 18:54:00.000000000,0.9686763041626874,-0.04632021678508533,0,0,0,0,0.205,18,816.03,0
T0000312,C0009,low_evening_shopper,2026-03-13 19:11:00.000000000,1.6476544117358594,2.422391413337746,0,0,0,0,1.067,19,1155.74,0
T0003836,C0111,low_evening_shopper,2026-03-13 19:33:00.000000000,0.9880800730500675,-0.028772333479692408,0,0,0,0,2.988,19,685.3,0
T0005516,C0159,low_evening_shopper,2026-03-13 19:54:00.000000000,0.7494603929445238,-0.5500813859407464,0,0,0,0,1.038,19,599.0,0
T0001448,C0042,low_evening_shopper,2026-03-13 20:46:00.000000000,0.7573884297912676,-0.3890482658957466,0,0,0,0,1.117,20,708.95,0
T0004150,C0120,low_evening_shopper,2026-03-13 20:55:00.000000000,0.6373125791759231,-1.580630445894347,0,0,0,0,2.928,20,460.87,0
T0006203,C0177,low_evening_shopper,2026-03-13 20:56:00.000000000,0.9310255589010695,-0.13294459181911455,0,0,0,0,1.067,20,714.74,0
T0003173,C0093,low_evening_shopper,2026-03-13 21:04:00.000000000,0.9569163484055652,-0.22161326734847875,0,0,0,0,12.02,21,624.79,0
T0005840,C0168,low_evening_shopper,2026-03-13 22:12:00.000000000,0.8437260045472035,-0.2364914637513428,0,0,0,0,1.122,22,717.76,0
T0005608,C0162,low_evening_shopper,2026-03-13 22:44:00.000000000,0.9640722129593697,-0.10157331637702761,0,0,0,0,4.218,22,711.24,0
T0005377,C0156,low_evening_shopper,2026-03-13 22:50:00.000000000,1.0467288601595819,0.09030068328160681,0,0,0,0,2.138,22,806.54,0
T0003724,C0108,low_evening_shopper,2026-03-13 23:03:00.000000000,0.8292364011848374,-0.21711560907757174,0,0,0,0,2.058,23,744.23,0
T0004634,C0135,low_evening_shopper,2026-03-13 23:31:00.000000000,0.7654559919969721,-0.3904027120172848,0,0,0,0,1.044,23,630.88,0
T0006405,C0051,low_evening_shopper,2026-03-14 02:06:00.529255206,8.355601358351896,19.865326418746434,1,1,1,7,1.242,2,6176.48,1
T0003072,C0089,mid_weekend,2026-03-14 08:12:00.000000000,0.8702888468452094,-0.19784870411468294,0,0,0,1,-0.262,8,2666.9,0
T0003938,C0113,mid_weekend,2026-03-14 09:04:00.000000000,1.1005908335171481,0.30166553762309745,0,0,0,0,3.712,9,3007.09,0
T0003939,C0113,mid_weekend,2026-03-14 13:41:00.000000000,0.7683251327034435,-0.7024492029327225,0,0,0,0,0.192,13,2103.4,0
T0000885,C0023,mid_weekend,2026-03-14 13:47:00.000000000,1.242594661580087,0.37476557005288313,0,0,0,0,0.939,13,3960.86,0
T0003071,C0089,mid_weekend,2026-03-14 14:29:00.000000000,0.6205775994685455,-0.5792504431224694,0,0,0,0,0.872,14,1916.84,0
T0001665,C0047,mid_weekend,2026-03-14 15:01:00.000000000,0.8968893382661088,-0.2155367034822591,0,0,0,0,1.747,15,2393.0,0
T0003174,C0093,low_evening_shopper,2026-03-14 17:01:00.000000000,0.9573473989806358,-0.22348390113601246,0,0,0,0,0.831,17,623.95,0
T0000556,C0015,low_evening_shopper,2026-03-14 17:15:00.000000000,3.2429013467460024,4.206786244527503,0,0,0,0,5.761,17,2624.13,0
T0000981,C0026,mid_weekend,2026-03-14 17:31:00.000000000,0.6321978030127716,-0.5855122032839187,0,0,0,0,1.207,17,2217.57,0
T0005378,C0156,low_evening_shopper,2026-03-14 18:01:00.000000000,1.0515164903810004,0.10112895998059972,0,0,0,0,0.799,18,811.31,0
T0004431,C0129,low_evening_shopper,2026-03-14 18:06:00.000000000,0.9265619041329938,-0.142889620188466,0,0,0,0,2.77,18,699.06,0
T0005259,C0153,low_evening_shopper,2026-03-14 18:14:00.000000000,1.3282214171914346,1.4154653483173514,0,0,0,0,4.938,18,864.17,0
T0004151,C0120,low_evening_shopper,2026-03-14 18:34:00.000000000,0.7131852392431235,-1.2053367453981232,0,0,0,0,0.902,18,509.29,0
T0006077,C0174,low_evening_shopper,2026-03-14 19:08:00.000000000,0.597645579087511,-0.5512772458394243,0,0,0,0,1.92,19,524.98,0
T0003960,C0114,low_evening_shopper,2026-03-14 19:12:00.000000000,0.958452992387967,-0.12204295120520291,0,0,0,0,1.945,19,739.95,0
T0005841,C0168,low_evening_shopper,2026-03-14 19:37:00.000000000,0.7005352358805477,-0.4577868738168818,0,0,0,0,0.892,19,593.04,0
T0001892,C0054,low_evening_shopper,2026-03-14 20:59:00.000000000,0.7346872389775355,-0.5364165447779172,0,0,0,0,3.094,20,538.61,0
T0001011,C0027,low_evening_shopper,2026-03-14 21:09:00.000000000,0.7599232205877314,-0.4826605543830872,0,0,0,0,1.979,21,551.73,0
T0001542,C0044,mid_weekend,2026-03-14 21:24:00.000000000,0.851201849331455,-0.3188155978905532,0,0,0,0,2.192,21,2248.61,0
T0002878,C0084,low_evening_shopper,2026-03-14 21:39:00.000000000,1.0687382335329296,0.14748574397335104,0,0,0,0,3.115,21,817.28,0
T0001449,C0042,low_evening_shopper,2026-03-14 22:08:00.000000000,0.9199139274512973,-0.1293332640481227,0,0,0,0,1.057,22,853.35,0
T0004635,C0135,low_evening_shopper,2026-03-14 22:44:00.000000000,0.5637616049494711,-0.7310841260403778,0,0,0,0,0.967,22,460.89,0
T0006044,C0173,mid_weekend,2026-03-14 22:45:00.000000000,1.0145765464810819,0.02968164076582447,0,0,0,0,2.167,22,2979.59,0
T0003405,C0099,low_evening_shopper,2026-03-14 22:49:00.000000000,0.7027453532426864,-1.2556250276319607,0,1,0,0,2.112,22,514.39,0
T0003527,C0102,low_evening_shopper,2026-03-14 22:54:00.000000000,1.1851707044953643,0.3639083962277391,0,0,0,0,2.586,22,984.7,0
T0006442,C0099,low_evening_shopper,2026-03-15 01:26:00.380603712,2.167471626946296,4.840522282837805,1,1,0,2,0.109,1,1570.82,1
T0005031,C0147,low_evening_shopper,2026-03-15 11:02:00.000000000,0.8351324119122162,-0.365655118513991,1,0,0,0,2.699,11,694.96,0
T0000886,C0023,mid_weekend,2026-03-15 11:25:00.000000000,0.7053097590591016,-0.46230882719331945,0,0,0,0,0.901,11,2260.62,0
T0002752,C0080,mid_weekend,2026-03-15 12:42:00.000000000,0.6441523455813059,-1.2282715073581327,0,0,0,0,1.767,12,1540.88,0
T0002853,C0083,mid_weekend,2026-03-15 13:39:00.000000000,0.7353833710776476,-0.9020833337258763,0,0,0,0,1.788,13,1919.69,0
T0000982,C0026,mid_weekend,2026-03-15 14:35:00.000000000,0.5012766319342203,-0.7932429110759582,0,0,0,0,0.878,14,1741.75,0
T0001450,C0042,low_evening_shopper,2026-03-15 16:17:00.000000000,0.9572351722449728,-0.07010733560744262,0,0,0,0,0.756,16,885.43,0
T0006078,C0174,low_evening_shopper,2026-03-15 17:31:00.000000000,0.8562254542617803,-0.1966933364912857,0,0,0,0,0.933,17,742.66,0
T0005842,C0168,low_evening_shopper,2026-03-15 18:00:00.000000000,1.1712377096524427,0.2625821926223789,0,0,0,0,0.933,18,982.51,0
T0000313,C0009,low_evening_shopper,2026-03-15 18:06:00.000000000,0.917580743657211,-0.2933498762677543,0,0,0,0,1.955,18,657.08,0
T0005609,C0162,low_evening_shopper,2026-03-15 18:21:00.000000000,2.685038109720452,4.862226136051623,0,0,0,0,1.817,18,1977.79,0
T0000910,C0024,low_evening_shopper,2026-03-15 19:06:00.000000000,0.986022103997841,-0.03982365792333649,0,0,0,0,3.816,19,726.44,0
T0003406,C0099,low_evening_shopper,2026-03-15 19:09:00.000000000,1.0766747032444566,0.3179057368099431,0,0,0,0,0.847,19,780.29,0
T0000314,C0009,low_evening_shopper,2026-03-15 19:50:00.000000000,0.9581880464903876,-0.15060820737246386,0,0,0,0,0.072,19,684.39,0
T0005137,C0150,low_evening_shopper,2026-03-15 19:52:00.000000000,0.9334457765847579,-0.1499253183340339,0,0,0,0,3.971,19,708.99,0
T0004152,C0120,low_evening_shopper,2026-03-15 20:22:00.000000000,1.0010449899770306,0.004320552878942059,0,0,0,0,1.075,20,708.02,0
T0002278,C0066,low_evening_shopper,2026-03-15 20:33:00.000000000,1.2542130410288204,0.47048970324131223,0,0,0,1,-0.013,20,925.17,0
T0002277,C0066,low_evening_shopper,2026-03-15 20:52:00.000000000,1.1113518707829317,0.20259571115023936,0,0,0,0,2.975,20,817.19,0
T0002390,C0069,low_evening_shopper,2026-03-15 21:29:00.000000000,1.140213373729108,0.2615786828195585,0,0,0,0,4.149,21,906.16,0
T0005610,C0162,low_evening_shopper,2026-03-15 21:37:00.000000000,0.44797487580966094,-1.2359731161385197,0,0,0,0,0.136,21,353.14,0
T0004536,C0132,low_evening_shopper,2026-03-15 21:55:00.000000000,1.516842778172461,1.9782540510397815,0,0,0,0,3.075,21,1013.03,0
T0000797,C0021,low_evening_shopper,2026-03-15 22:00:00.000000000,0.7651343810725943,-0.31792275149394317,0,0,0,0,2.144,22,670.26,0
T0001893,C0054,low_evening_shopper,2026-03-15 22:06:00.000000000,1.1861728498587396,0.3779254530156705,0,0,0,0,1.047,22,860.37,0
T0001781,C0051,low_evening_shopper,2026-03-15 22:34:00.000000000,1.0046690008068955,0.012609620729065227,0,0,0,0,3.094,22,742.65,0
T0002879,C0084,low_evening_shopper,2026-03-15 22:39:00.000000000,0.817803698025208,-0.40168009289597567,0,0,0,0,1.042,22,627.43,0
T0003725,C0108,low_evening_shopper,2026-03-15 22:46:00.000000000,0.8749684246571052,-0.16058567360352663,0,0,0,0,1.988,22,780.94,0
T0006440,C0027,low_evening_shopper,2026-03-16 01:28:00.017138756,8.464885701991664,15.086457055653499,1,1,1,6,1.18,1,6094.97,1
T0000557,C0015,low_evening_shopper,2026-03-16 10:37:00.000000000,0.8579207163790579,-0.22771113868268805,1,0,0,0,1.724,10,754.11,0
T0002855,C0083,mid_weekend,2026-03-16 13:42:00.000000000,1.0867911763248643,0.29281986957056866,0,0,0,1,-0.171,13,2801.93,0
T0006311,C0179,mid_weekend,2026-03-16 16:49:00.000000000,0.9544514986569176,-0.1734082849276617,0,0,0,0,4.054,16,2446.29,0
T0002753,C0080,mid_weekend,2026-03-16 17:00:00.000000000,0.8947064211719931,-0.3587770854743014,0,0,0,0,1.179,17,2123.68,0
T0001012,C0027,low_evening_shopper,2026-03-16 17:05:00.000000000,0.22178115606356225,-1.5727717328694013,0,0,0,0,1.831,17,159.69,0
T0006204,C0177,low_evening_shopper,2026-03-16 17:10:00.000000000,1.1537594390706818,0.3007999664796407,0,0,0,0,2.843,17,883.63,0
T0001666,C0047,mid_weekend,2026-03-16 17:35:00.000000000,1.1200514735796727,0.2537768934746881,0,0,0,0,2.107,17,2979.36,0
T0001543,C0044,mid_weekend,2026-03-16 17:37:00.000000000,1.362030184480642,0.7808598128718235,0,0,0,0,1.842,17,3586.43,0
T0002854,C0083,mid_weekend,2026-03-16 17:48:00.000000000,0.6996331078033928,-1.0202543888033104,0,0,0,0,1.173,17,1815.63,0
T0003838,C0111,low_evening_shopper,2026-03-16 17:59:00.000000000,0.6880851216484195,-0.7749846457788785,0,0,0,1,-0.059,17,474.12,0
T0003407,C0099,low_evening_shopper,2026-03-16 18:04:00.000000000,1.3525701364213767,1.4872297885096961,0,0,0,0,0.955,18,982.67,0
T0003837,C0111,low_evening_shopper,2026-03-16 19:24:00.000000000,0.8360387701978494,-0.4034161333597164,0,0,0,0,2.994,19,579.58,0
T0001894,C0054,low_evening_shopper,2026-03-16 20:09:00.000000000,1.3569034055946838,0.7421064967229045,0,0,0,0,0.919,20,991.25,0
T0000887,C0023,mid_weekend,2026-03-16 20:19:00.000000000,0.8678540373547576,-0.20778679075733006,0,0,0,0,1.371,20,2763.38,0
T0002361,C0068,mid_weekend,2026-03-16 20:24:00.000000000,0.6846297662899351,-1.0070045800751748,0,0,0,0,6.085,20,1803.2,0
T0005138,C0150,low_evening_shopper,2026-03-16 20:30:00.000000000,1.0166623672409554,0.03805971172625051,0,0,0,0,1.026,20,770.54,0
T0003175,C0093,low_evening_shopper,2026-03-16 20:35:00.000000000,0.9525632052689278,-0.2529912347153959,0,0,0,0,2.149,20,619.77,0
T0003839,C0111,low_evening_shopper,2026-03-16 20:39:00.000000000,0.9997313307684713,-0.0006651175362135996,0,0,0,0,0.111,20,681.18,0
T0000911,C0024,low_evening_shopper,2026-03-16 20:58:00.000000000,1.1365981986067377,0.39952790744926864,0,0,0,0,1.078,20,836.76,0
T0005379,C0156,low_evening_shopper,2026-03-16 21:47:00.000000000,1.6570503352530903,1.3097985319702572,0,0,0,0,2.157,21,1280.35,0
T0001586,C0045,low_evening_shopper,2026-03-16 21:51:00.000000000,0.5542868228209693,-0.7446112281965622,0,0,0,0,5.07,21,448.47,0
T0003726,C0108,low_evening_shopper,2026-03-16 21:58:00.000000000,0.9406888447350837,-0.07706239171649704,0,0,0,0,0.967,21,836.32,0
T0002279,C0066,low_evening_shopper,2026-03-16 22:12:00.000000000,1.3427223455528978,0.6458576370494595,0,0,0,0,1.069,22,997.46,0
T0004537,C0132,low_evening_shopper,2026-03-16 22:50:00.000000000,1.1025724927049503,0.3806911621663291,0,0,0,0,1.038,22,751.0,0
T0003528,C0102,low_evening_shopper,2026-03-16 22:53:00.000000000,0.6680079588029563,-0.6653507627382736,0,0,0,0,1.999,22,558.23,0
T0005611,C0162,low_evening_shopper,2026-03-16 23:29:00.000000000,1.0405013917434098,0.08786343443542917,0,0,0,0,1.078,23,802.13,0
T0002856,C0083,mid_weekend,2026-03-17 08:47:00.000000000,1.1385858780389682,0.4730634661836181,0,0,0,0,0.795,8,2940.89,0
T0001545,C0044,mid_weekend,2026-03-17 09:29:00.000000000,0.814887115425181,-0.4049864193982649,0,0,0,1,-0.237,9,2151.01,0
T0006312,C0179,mid_weekend,2026-03-17 12:29:00.000000000,0.5317132293907452,-1.8050686753425509,0,0,0,0,0.819,12,1361.07,0
T0003940,C0113,mid_weekend,2026-03-17 13:50:00.000000000,0.6772277160888013,-0.9791715060607442,0,0,0,0,3.006,13,1845.74,0
T0000888,C0023,mid_weekend,2026-03-17 14:05:00.000000000,0.7259518791994475,-0.4342205732200477,0,0,0,0,0.74,14,2304.9,0
T0001544,C0044,mid_weekend,2026-03-17 15:11:00.000000000,0.7505721890961512,-0.544473373335416,0,0,0,0,0.899,15,1991.59,0
T0001667,C0047,mid_weekend,2026-03-17 16:18:00.000000000,0.7773514098147286,-0.47872597640223535,0,0,0,0,0.947,16,2074.86,0
T0005260,C0153,low_evening_shopper,2026-03-17 16:21:00.000000000,1.0072811459042046,0.031252388961539125,0,0,0,0,2.922,16,663.04,0
T0001451,C0042,low_evening_shopper,2026-03-17 17:38:00.000000000,0.8790203368017969,-0.20152613925488708,0,0,0,0,2.056,17,811.88,0
T0001013,C0027,low_evening_shopper,2026-03-17 18:00:00.000000000,1.0066989367728816,0.012891760381188597,0,0,0,0,1.038,18,706.05,0
T0005139,C0150,low_evening_shopper,2026-03-17 18:20:00.000000000,0.844967002788064,-0.35996752853754577,0,1,0,0,0.91,18,640.74,0
T0001782,C0051,low_evening_shopper,2026-03-17 18:37:00.000000000,0.9777854981823448,-0.06148995937847513,0,0,0,0,1.835,18,722.94,0
T0000316,C0009,low_evening_shopper,2026-03-17 18:41:00.000000000,2.2453318288919997,4.405516190837352,0,0,0,1,-0.047,18,1581.71,0
T0003176,C0093,low_evening_shopper,2026-03-17 19:08:00.000000000,1.0291006866548413,0.15779130079850523,0,0,0,0,0.94,19,668.35,0
T0004153,C0120,low_evening_shopper,2026-03-17 19:19:00.000000000,1.1336527433964814,0.5617457635427707,0,0,0,0,1.956,19,801.83,0
T0006205,C0177,low_evening_shopper,2026-03-17 19:34:00.000000000,1.1370576298325115,0.27369516116546416,0,0,0,0,1.1,19,875.3,0
T0005612,C0162,low_evening_shopper,2026-03-17 19:40:00.000000000,0.7447107035285144,-0.5655864963407656,0,0,0,0,0.841,19,575.0,0
T0000315,C0009,low_evening_shopper,2026-03-17 19:49:00.000000000,0.5753322383381857,-1.5508851411619122,0,0,0,0,1.999,19,410.41,0
T0005032,C0147,low_evening_shopper,2026-03-17 20:07:00.000000000,0.5125421568049577,-1.0922849881356433,0,0,0,0,2.378,20,423.91,0
T0002173,C0063,low_evening_shopper,2026-03-17 20:23:00.000000000,0.5353742055929686,-0.7731567228560586,0,0,0,0,5.01,20,474.47,0
T0004432,C0129,low_evening_shopper,2026-03-17 21:31:00.000000000,0.6660025818126382,-0.6571379617857006,0,0,0,0,3.142,21,501.5,0
T0005517,C0159,low_evening_shopper,2026-03-17 22:46:00.000000000,0.617864187635508,-0.8426474792047068,0,0,0,0,4.119,22,488.87,0
T0002280,C0066,low_evening_shopper,2026-03-17 22:57:00.000000000,0.8688842998580639,-0.25140189845185057,0,0,0,0,1.031,22,651.44,0
T0000400,C0011,mid_weekend,2026-03-18 09:23:00.000000000,1.1609774178012127,0.2925996910007747,0,0,0,0,4.632,9,3400.74,0
T0006045,C0173,mid_weekend,2026-03-18 11:19:00.000000000,0.664258647154911,-0.6919750388537952,0,0,0,0,3.524,11,1951.45,0
T0000889,C0023,mid_weekend,2026-03-18 12:25:00.000000000,0.6988387326871224,-0.4785679614570183,0,0,0,0,0.931,12,2205.88,0
T0006313,C0179,mid_weekend,2026-03-18 16:58:00.000000000,1.003347210982631,0.01238101210396227,0,0,0,0,1.187,16,2535.85,0
T0001546,C0044,mid_weekend,2026-03-18 17:02:00.000000000,1.374421993703191,0.8231389773793876,0,0,0,0,1.315,17,3614.28,0
T0000401,C0011,mid_weekend,2026-03-18 17:02:00.000000000,0.572694760016104,-0.7902894975661517,0,0,0,0,0.319,17,1685.04,0
T0005519,C0159,low_evening_shopper,2026-03-18 17:35:00.000000000,1.2461457725458176,0.5419284198934963,0,0,0,1,-0.095,17,963.9,0
T0000798,C0021,low_evening_shopper,2026-03-18 18:23:00.000000000,0.8228910677866347,-0.24126086047894876,0,0,0,0,2.849,18,716.02,0
T0005033,C0147,low_evening_shopper,2026-03-18 18:27:00.000000000,1.0225415608796697,0.04949846367237375,0,0,0,0,0.931,18,831.0,0
T0005614,C0162,low_evening_shopper,2026-03-18 18:56:00.000000000,0.7303019734008646,-0.6118510765506965,0,0,0,1,-0.022,18,565.25,0
T0002362,C0068,mid_weekend,2026-03-18 19:01:00.000000000,1.391420648236284,1.239134072350855,0,0,0,0,1.942,19,3632.66,0
T0001783,C0051,low_evening_shopper,2026-03-18 19:21:00.000000000,1.6881630198255222,1.9475319218509235,0,0,0,0,1.031,19,1246.91,0
T0005613,C0162,low_evening_shopper,2026-03-18 19:27:00.000000000,1.3363016152252496,0.7476651728766446,0,0,0,0,0.991,19,1022.01,0
T0005843,C0168,low_evening_shopper,2026-03-18 19:32:00.000000000,0.5563247842728001,-0.6933545951941895,0,0,0,0,3.064,19,469.03,0
T0002363,C0068,mid_weekend,2026-03-18 19:38:00.000000000,0.7568608558627552,-0.7727160456785631,0,0,0,1,0.026,19,1996.88,0
T0005518,C0159,low_evening_shopper,2026-03-18 19:52:00.000000000,0.7890715499464387,-0.4611039817674983,0,0,0,0,0.879,19,615.16,0
T0003961,C0114,low_evening_shopper,2026-03-18 20:33:00.000000000,0.7414589363998608,-0.7772771580043816,0,0,0,0,4.056,20,571.24,0
T0004538,C0132,low_evening_shopper,2026-03-18 20:41:00.000000000,1.112053714440884,0.42427520689956805,0,0,0,0,1.91,20,760.33,0
T0005140,C0150,low_evening_shopper,2026-03-18 20:54:00.000000000,1.18638412764246,0.4365500137331723,0,0,0,0,1.107,20,895.42,0
T0006079,C0174,low_evening_shopper,2026-03-18 21:02:00.000000000,0.8971122584774602,-0.14223371712364377,0,0,0,0,3.147,21,774.73,0
T0002880,C0084,low_evening_shopper,2026-03-18 22:58:00.000000000,2.5799512738793586,3.5227980797963694,0,0,0,0,3.013,22,1963.0,0
T0002281,C0066,low_evening_shopper,2026-03-18 23:39:00.000000000,0.5913148078022384,-0.790736415672523,0,0,0,0,1.029,23,441.8,0
T0003074,C0089,mid_weekend,2026-03-19 13:44:00.000000000,1.0545055777421806,0.08436101612776485,0,0,0,1,-0.022,13,3215.1,0
T0003073,C0089,mid_weekend,2026-03-19 14:16:00.000000000,0.8796680438780395,-0.1848799064705845,0,1,0,0,5.253,14,2688.5,0
T0002364,C0068,mid_weekend,2026-03-19 14:30:00.000000000,0.5368017479182885,-1.4707867016256984,0,0,0,0,0.786,14,1407.22,0
T0000890,C0023,mid_weekend,2026-03-19 16:19:00.000000000,0.6474186698966814,-0.5613173185875551,0,0,0,0,1.163,16,2030.75,0
T0000402,C0011,mid_weekend,2026-03-19 16:26:00.000000000,0.9600344999429806,-0.0734519371291315,0,0,0,0,0.975,16,2792.09,0
T0003962,C0114,low_evening_shopper,2026-03-19 17:16:00.000000000,0.9157041713195065,-0.2528762667952707,0,0,0,0,0.863,17,696.79,0
T0004082,C0117,low_evening_shopper,2026-03-19 18:25:00.000000000,0.9106803564085167,-0.1420885342440494,0,0,0,1,-0.028,18,829.98,0
T0004154,C0120,low_evening_shopper,2026-03-19 18:25:00.000000000,1.0951747376519063,0.4061224841742499,0,0,0,0,1.962,18,777.85,0
T0002365,C0068,mid_weekend,2026-03-19 18:26:00.000000000,2.775605066055981,5.493617180828073,0,0,0,0,0.164,18,7189.81,0
T0003075,C0089,mid_weekend,2026-03-19 18:33:00.000000000,0.7677967979628076,-0.36333124244254544,0,0,0,0,0.201,18,2343.45,0
T0005844,C0168,low_evening_shopper,2026-03-19 18:45:00.000000000,0.8473636480754722,-0.23732306969119732,0,0,0,0,0.967,18,705.35,0
T0004081,C0117,low_evening_shopper,2026-03-19 19:06:00.000000000,1.0668825204180659,0.10451963809477587,0,0,0,0,6.843,19,970.32,0
T0001014,C0027,low_evening_shopper,2026-03-19 19:17:00.000000000,1.2736525770698077,0.5354498266527515,0,0,0,0,2.053,19,893.47,0
T0006206,C0177,low_evening_shopper,2026-03-19 19:39:00.000000000,0.8391330988464407,-0.3275990306854556,0,0,0,0,2.003,19,648.82,0
T0005261,C0153,low_evening_shopper,2026-03-19 19:42:00.000000000,0.7013675127258362,-1.3047948527287185,0,0,0,0,2.14,19,461.79,0
T0003177,C0093,low_evening_shopper,2026-03-19 20:07:00.000000000,0.8151127967435006,-1.0222322127654955,0,0,0,0,2.041,20,529.95,0
T0004539,C0132,low_evening_shopper,2026-03-19 20:12:00.000000000,1.079380609889298,0.3063204225876476,0,0,0,0,0.98,20,740.95,0
T0001668,C0047,mid_weekend,2026-03-19 20:17:00.000000000,0.7850711535281568,-0.4643085412096479,0,0,0,0,2.166,20,2082.51,0
T0000558,C0015,low_evening_shopper,2026-03-19 21:01:00.000000000,0.7210195585172594,-0.452808408272138,0,0,0,0,3.433,21,630.44,0
T0001784,C0051,low_evening_shopper,2026-03-19 21:35:00.000000000,0.7069444792501005,-0.8091955758914318,0,0,0,0,1.093,21,537.79,0
T0004433,C0129,low_evening_shopper,2026-03-19 21:44:00.000000000,1.055581865345359,0.10923468827749631,0,0,0,0,2.009,21,788.05,0
T0006314,C0179,mid_weekend,2026-03-19 21:47:00.000000000,1.1071689117182608,0.4017632366793973,0,0,0,0,1.201,21,2798.49,0
T0000799,C0021,low_evening_shopper,2026-03-19 22:25:00.000000000,0.8894911307381026,-0.15179871338678735,0,0,0,0,1.168,22,770.17,0
T0003840,C0111,low_evening_shopper,2026-03-19 22:29:00.000000000,0.8513354834949761,-0.37454477635993966,0,0,0,0,3.076,22,580.06,0
T0006351,C0168,low_evening_shopper,2026-03-19 22:52:00.534085885,4.216540765164647,5.046658718819264,0,0,0,1,0.172,22,3494.99,1
T0001452,C0042,low_evening_shopper,2026-03-19 23:04:00.000000000,1.1277145301559224,0.215363591491619,0,0,0,0,2.226,23,1037.38,0
T0006316,C0179,mid_weekend,2026-03-20 08:13:00.000000000,0.9843910359819176,-0.06011160483217286,0,0,0,1,-0.078,8,2496.81,0
T0006315,C0179,mid_weekend,2026-03-20 10:05:00.000000000,1.02915291908051,0.11079465744012101,0,0,0,0,0.512,10,2608.45,0
T0006317,C0179,mid_weekend,2026-03-20 14:20:00.000000000,0.7091949270290785,-1.133348951937169,0,0,0,0,0.255,14,1798.12,0
T0000403,C0011,mid_weekend,2026-03-20 15:18:00.000000000,0.6767429527218563,-0.6014078799936932,0,0,0,0,0.953,15,1966.12,0
T0002857,C0083,mid_weekend,2026-03-20 16:13:00.000000000,0.9070737866389826,-0.3207394692754997,0,0,0,0,3.31,16,2349.67,0
T0006318,C0179,mid_weekend,2026-03-20 16:18:00.000000000,1.31727338100983,1.2242470973587354,0,0,0,0,0.082,16,3316.74,0
T0006207,C0177,low_evening_shopper,2026-03-20 17:06:00.000000000,3.2085811300149127,4.539077742439511,0,0,0,0,0.894,17,2468.4,0
T0005520,C0159,low_evening_shopper,2026-03-20 17:56:00.000000000,1.3833534494229638,0.8625444143441383,0,0,0,0,2.015,17,1079.44,0
T0001453,C0042,low_evening_shopper,2026-03-20 18:40:00.000000000,0.8628716155274924,-0.23585248012021054,0,0,0,0,0.817,18,797.02,0
T0000404,C0011,mid_weekend,2026-03-20 18:47:00.000000000,1.0750840374275235,0.13969792314195978,0,0,0,0,0.145,18,3097.52,0
T0001587,C0045,low_evening_shopper,2026-03-20 19:16:00.000000000,0.5484560891130286,-0.7500591632801115,0,0,0,0,3.892,19,438.55,0
T0005615,C0162,low_evening_shopper,2026-03-20 20:16:00.000000000,1.0523980049936958,0.11908571468157503,0,0,0,0,2.056,20,806.97,0
T0005845,C0168,low_evening_shopper,2026-03-20 20:23:00.000000000,0.7255353856397759,-0.43062657347771177,0,0,0,0,1.068,20,601.38,0
T0005380,C0156,low_evening_shopper,2026-03-20 20:36:00.000000000,1.0954401358057642,0.19190624780216625,0,0,0,0,3.951,20,861.45,0
T0003963,C0114,low_evening_shopper,2026-03-20 20:41:00.000000000,0.6257258427772807,-1.1431310287929124,0,0,0,0,1.142,20,474.31,0
T0003408,C0099,low_evening_shopper,2026-03-20 20:55:00.000000000,0.6819085960004176,-1.3329815252257393,0,0,0,0,4.119,20,500.88,0
T0000800,C0021,low_evening_shopper,2026-03-20 21:01:00.000000000,0.7979733621609748,-0.28041093847609017,0,0,0,0,0.942,21,688.86,0
T0004434,C0129,low_evening_shopper,2026-03-20 21:18:00.000000000,1.0818201174552398,0.16305102514923184,0,0,0,0,0.982,21,808.76,0
T0000559,C0015,low_evening_shopper,2026-03-20 21:49:00.000000000,0.8912292056260698,-0.17734421162390568,0,0,0,0,1.033,21,771.5,0
T0004827,C0141,low_evening_shopper,2026-03-20 23:22:00.000000000,0.7258942142544391,-0.86965576430022,0,0,0,0,11.174,23,494.77,0
T0006319,C0179,mid_weekend,2026-03-21 16:56:00.000000000,0.8020460118346303,-0.7653535698203424,0,0,0,0,1.026,16,2034.36,0
T0005381,C0156,low_evening_shopper,2026-03-21 17:53:00.000000000,0.6598020980790024,-0.6946398327761321,0,0,0,0,0.887,17,520.17,0
T0002881,C0084,low_evening_shopper,2026-03-21 18:40:00.000000000,0.9096166373532292,-0.17747558416800435,0,0,0,0,2.821,18,739.64,0
T0006080,C0174,low_evening_shopper,2026-03-21 19:14:00.000000000,0.825164984417199,-0.24451440442569097,0,0,0,0,2.925,19,710.44,0
T0000801,C0021,low_evening_shopper,2026-03-21 19:37:00.000000000,0.9893307481455796,-0.014912390754467824,0,0,0,0,0.942,19,849.51,0
T0005141,C0150,low_evening_shopper,2026-03-21 20:37:00.000000000,1.3568600663028234,0.8506796091003067,0,0,0,0,2.988,20,1029.7,0
T0004155,C0120,low_evening_shopper,2026-03-21 20:40:00.000000000,1.068698683056505,0.29780629144003723,0,0,0,0,2.094,20,761.24,0
T0005142,C0150,low_evening_shopper,2026-03-21 20:40:00.000000000,0.9112166701097686,-0.21471173614463418,0,1,0,1,0.002,20,698.56,0
T0004828,C0141,low_evening_shopper,2026-03-21 20:40:00.000000000,1.1515624236068183,0.47790095204992783,0,0,0,0,0.887,20,775.13,0
T0006081,C0174,low_evening_shopper,2026-03-21 20:40:00.000000000,1.0923344654719744,0.1302533665736821,0,0,0,0,0.06,20,935.77,0
T0004540,C0132,low_evening_shopper,2026-03-21 20:52:00.000000000,0.931475497484981,-0.2694096103216481,0,0,0,0,2.028,20,641.17,0
T0003964,C0114,low_evening_shopper,2026-03-21 20:58:00.000000000,1.4449890367380414,1.329790510287167,0,0,0,0,1.012,20,1077.51,0
T0005262,C0153,low_evening_shopper,2026-03-21 21:03:00.000000000,0.9027431211247244,-0.41625194307230784,0,0,0,0,2.056,21,588.46,0
T0001548,C0044,mid_weekend,2026-03-22 13:37:00.000000000,1.0755210702939035,0.16857070167882368,0,0,0,1,-0.026,13,2838.75,0
T0001547,C0044,mid_weekend,2026-03-22 14:14:00.000000000,0.8085888574446558,-0.42538603502334627,0,0,0,0,3.883,14,2142.24,0
T0000802,C0021,low_evening_shopper,2026-03-22 16:08:00.000000000,0.7028615214032862,-0.42062263918748033,0,0,0,0,0.855,16,603.36,0
T0005521,C0159,low_evening_shopper,2026-03-22 18:23:00.000000000,0.9669541746328612,-0.07570446203001205,0,0,0,0,2.019,18,764.49,0
T0004541,C0132,low_evening_shopper,2026-03-22 19:34:00.000000000,2.9539841452880657,7.786315544655367,0,0,0,0,0.946,19,2028.69,0
T0005143,C0150,low_evening_shopper,2026-03-22 19:35:00.000000000,0.7347370150879917,-0.6485865749769834,0,0,0,0,0.955,19,561.87,0
T0000803,C0021,low_evening_shopper,2026-03-22 20:50:00.000000000,0.9269562556006661,-0.10370935748981416,0,0,0,0,0.196,20,789.82,0
T0004829,C0141,low_evening_shopper,2026-03-22 20:53:00.000000000,0.6587352364014675,-1.1020396491007134,0,0,0,0,1.009,20,446.32,0
T0002882,C0084,low_evening_shopper,2026-03-22 21:29:00.000000000,0.6667203868053077,-0.6655445705689704,0,0,0,0,1.117,21,540.09,0
T0005263,C0153,low_evening_shopper,2026-03-22 21:40:00.000000000,1.2078617982548787,0.898992109033863,0,0,0,0,1.026,21,784.88,0
T0006208,C0177,low_evening_shopper,2026-03-22 22:35:00.000000000,0.9150422784782134,-0.14843461426706495,0,0,0,0,2.228,22,751.07,0
T0005846,C0168,low_evening_shopper,2026-03-22 23:04:00.000000000,2.663960583659867,2.6205227076303723,0,0,0,0,2.112,23,2191.72,0
T0000406,C0011,mid_weekend,2026-03-23 14:02:00.000000000,0.8830965590711644,-0.20828556309622356,0,0,0,1,-0.006,14,2653.9,0
T0000405,C0011,mid_weekend,2026-03-23 14:11:00.000000000,2.6848680391080895,3.179907222261408,0,0,0,0,2.808,14,7750.12,0
T0006320,C0179,mid_weekend,2026-03-23 14:55:00.000000000,0.47994598593497945,-2.0114459258713273,0,1,0,0,1.916,14,1211.89,0
T0000891,C0023,mid_weekend,2026-03-23 15:16:00.000000000,1.0189537660563042,0.030171296281371347,0,0,0,0,3.956,15,3173.15,0
T0003529,C0102,low_evening_shopper,2026-03-23 19:22:00.000000000,0.6282004278797546,-0.7440959205116436,0,0,0,0,6.853,19,519.68,0
T0000804,C0021,low_evening_shopper,2026-03-23 19:24:00.000000000,0.5410817532988755,-0.6584166538079536,0,0,0,0,0.94,19,460.21,0
T0003409,C0099,low_evening_shopper,2026-03-23 19:31:00.000000000,0.9088487498077445,-0.37421586161295,0,0,0,0,2.942,19,661.14,0
T0003178,C0093,low_evening_shopper,2026-03-23 19:47:00.000000000,0.6251298992348724,-2.0586716034344628,0,0,0,0,3.986,19,403.74,0
T0000560,C0015,low_evening_shopper,2026-03-23 19:52:00.000000000,2.3981333533857776,2.309967911200604,0,0,0,0,2.919,19,2068.18,0
T0002663,C0078,low_evening_shopper,2026-03-23 20:07:00.000000000,0.5424419753352672,-0.6874421650225249,0,0,0,0,10.051,20,456.49,0
T0002883,C0084,low_evening_shopper,2026-03-23 20:13:00.000000000,1.0133094748719615,0.026530863079602427,0,0,0,0,0.947,20,809.91,0
T0001454,C0042,low_evening_shopper,2026-03-23 20:13:00.000000000,0.6373821840320629,-0.6303970303099685,0,0,0,0,3.065,20,586.22,0
T0005144,C0150,low_evening_shopper,2026-03-23 21:12:00.000000000,1.1376793704207755,0.3369225747668929,0,0,0,0,1.067,21,863.78,0
T0000317,C0009,low_evening_shopper,2026-03-23 21:34:00.000000000,1.0289287207982931,0.08624221409170488,0,0,0,0,6.12,21,750.61,0
T0005522,C0159,low_evening_shopper,2026-03-23 22:40:00.000000000,0.9068510110656118,-0.21678264819041598,0,0,0,0,1.178,22,716.19,0
T0001015,C0027,low_evening_shopper,2026-03-23 22:45:00.000000000,0.8353117834631154,-0.3287283546390527,0,0,0,0,4.144,22,590.98,0
T0000407,C0011,mid_weekend,2026-03-24 10:10:00.000000000,0.9885108875126318,-0.020649825414228808,0,1,0,0,0.839,10,2962.42,0
T0000408,C0011,mid_weekend,2026-03-24 14:35:00.000000000,2.3569536182689608,2.467097318446968,0,0,0,0,0.184,14,7061.55,0
T0000561,C0015,low_evening_shopper,2026-03-24 19:04:00.000000000,0.56641921986366,-0.7026253380905768,0,0,0,0,0.967,19,511.25,0
T0003530,C0102,low_evening_shopper,2026-03-24 19:32:00.000000000,0.8197942575800905,-0.3591601759614208,0,0,0,0,1.007,19,670.76,0
T0000805,C0021,low_evening_shopper,2026-03-24 19:33:00.000000000,1.271115518562812,0.38739252880407415,0,0,0,0,1.006,19,1069.33,0
T0003965,C0114,low_evening_shopper,2026-03-24 19:39:00.000000000,1.3864954009835277,1.159740791087739,0,0,0,0,2.945,19,1053.06,0
T0001786,C0051,low_evening_shopper,2026-03-24 19:59:00.000000000,1.1836734038416097,0.5105246254244777,0,1,0,1,-0.078,19,884.14,0
T0001588,C0045,low_evening_shopper,2026-03-24 20:29:00.000000000,0.9681985865321096,-0.05251879994965418,0,0,0,0,4.051,20,765.21,0
T0000318,C0009,low_evening_shopper,2026-03-24 20:50:00.000000000,0.3739312055035042,-1.894235375594271,0,0,0,0,0.969,20,273.0,0
T0002282,C0066,low_evening_shopper,2026-03-24 20:51:00.000000000,0.8788606314562761,-0.23309869124751395,0,0,0,0,5.883,20,649.76,0
T0005264,C0153,low_evening_shopper,2026-03-24 21:18:00.000000000,1.2400700935527071,1.0485984074036412,0,0,0,0,1.985,21,811.05,0
T0001785,C0051,low_evening_shopper,2026-03-24 21:52:00.000000000,0.8507281098643964,-0.41033878605406354,0,0,0,0,5.012,21,639.26,0
T0003966,C0114,low_evening_shopper,2026-03-24 22:20:00.000000000,1.2855528006820165,0.8650696297985931,0,0,0,0,0.112,22,991.49,0
T0004435,C0129,low_evening_shopper,2026-03-24 22:47:00.000000000,1.3155789090818844,0.6377616476787595,0,0,0,0,4.062,22,985.48,0
T0000409,C0011,mid_weekend,2026-03-25 15:03:00.000000000,1.050008539787154,0.0888616676128477,0,0,0,0,1.019,15,3242.9,0
T0003179,C0093,low_evening_shopper,2026-03-25 17:29:00.000000000,1.3863574718612057,1.9908830732178917,0,0,0,0,1.904,17,883.81,0
T0000806,C0021,low_evening_shopper,2026-03-25 18:05:00.000000000,0.9921676975953383,-0.011375460576466741,0,0,0,0,0.939,18,839.92,0
T0001787,C0051,low_evening_shopper,2026-03-25 18:13:00.000000000,1.1044783710616712,0.29675959500693605,0,0,0,0,0.926,18,830.81,0
T0001455,C0042,low_evening_shopper,2026-03-25 19:23:00.000000000,0.8315939181397267,-0.2922851753612566,0,0,0,0,1.965,19,756.44,0
T0006209,C0177,low_evening_shopper,2026-03-25 19:47:00.000000000,1.2438527342132768,0.4312362137954896,0,0,0,0,2.883,19,1018.4,0
T0003180,C0093,low_evening_shopper,2026-03-25 20:02:00.000000000,1.197137675950225,0.9835552421586874,0,0,0,0,0.106,20,773.01,0
T0006413,C0051,low_evening_shopper,2026-03-25 20:44:00.397155412,1.6302606477791968,1.7901859009137704,0,0,1,8,0.953,20,1226.32,1
T0005145,C0150,low_evening_shopper,2026-03-25 20:55:00.000000000,0.969068127495624,-0.07687432937826728,0,0,0,0,1.988,20,738.43,0
T0002391,C0069,low_evening_shopper,2026-03-25 21:13:00.000000000,0.9833612201282738,-0.03181516745055838,0,0,0,0,9.989,21,785.89,0
T0003967,C0114,low_evening_shopper,2026-03-26 17:17:00.000000000,1.307414738182982,0.9466468081018424,0,0,0,0,1.79,17,1019.42,0
T0001589,C0045,low_evening_shopper,2026-03-26 18:12:00.000000000,0.9398690066260504,-0.10048565123118434,0,0,0,0,1.905,18,742.23,0
T0001788,C0051,low_evening_shopper,2026-03-26 18:54:00.000000000,1.0360932672480037,0.10470561023018748,0,0,0,0,1.028,18,782.39,0
T0005847,C0168,low_evening_shopper,2026-03-26 19:24:00.000000000,1.105428489020272,0.16163443938685867,0,0,0,0,3.847,19,949.29,0
T0000807,C0021,low_evening_shopper,2026-03-26 19:40:00.000000000,0.7166885632713467,-0.4161575772382139,0,0,0,0,1.066,19,606.61,0
T0000410,C0011,mid_weekend,2026-03-26 19:41:00.000000000,0.6811741040163868,-0.5735193248851752,0,0,0,0,1.193,19,2106.11,0
T0003410,C0099,low_evening_shopper,2026-03-26 19:45:00.000000000,1.4229512979344743,1.7541793826665169,0,0,0,0,3.01,19,1032.34,0
T0000562,C0015,low_evening_shopper,2026-03-26 19:59:00.000000000,0.7323879637373341,-0.43125251787686736,0,0,0,0,2.038,19,651.81,0
T0005265,C0153,low_evening_shopper,2026-03-26 21:07:00.000000000,1.0257292764842305,0.11308663174343471,0,0,0,0,1.992,21,675.74,0
T0005147,C0150,low_evening_shopper,2026-03-26 21:15:00.000000000,0.8674044579716182,-0.33798990451723343,0,0,0,1,-0.042,21,660.83,0
T0003531,C0102,low_evening_shopper,2026-03-26 22:05:00.000000000,0.9638526008956603,-0.07258560096492751,0,0,0,0,2.106,22,784.57,0
T0005146,C0150,low_evening_shopper,2026-03-26 22:15:00.000000000,1.023810583866583,0.05989743028600713,0,0,0,0,1.056,22,779.52,0
T0002664,C0078,low_evening_shopper,2026-03-26 23:04:00.000000000,1.228373684376376,0.3410460533798911,0,0,0,0,3.123,23,1018.47,0
T0004830,C0141,low_evening_shopper,2026-03-26 23:47:00.000000000,0.9598125091974664,-0.1274967639874505,0,0,0,0,4.121,23,641.07,0
T0006323,C0179,mid_weekend,2026-03-27 12:59:00.000000000,0.7707608720020026,-0.8575976018772341,0,0,0,2,-0.19,12,1946.39,0
T0006321,C0179,mid_weekend,2026-03-27 13:27:00.000000000,1.3470882121605166,1.285393995980786,0,1,0,0,3.939,13,3362.16,0
T0000563,C0015,low_evening_shopper,2026-03-27 17:03:00.000000000,1.021103016149302,0.034163242277269655,0,0,0,0,0.878,17,901.16,0
T0006322,C0179,mid_weekend,2026-03-27 17:32:00.000000000,1.1978460919797054,0.7333282683729903,0,0,0,0,0.17,17,3012.23,0
T0005523,C0159,low_evening_shopper,2026-03-27 17:54:00.000000000,1.0331552075388228,0.07814163070684015,0,0,0,0,3.801,17,813.48,0
T0005148,C0150,low_evening_shopper,2026-03-27 19:20:00.000000000,0.8969866809025931,-0.26461784466851873,0,0,0,0,0.92,19,681.16,0
T0006210,C0177,low_evening_shopper,2026-03-27 19:22:00.000000000,0.9215716192978631,-0.14132533751542734,0,0,0,0,1.983,19,759.79,0
T0005266,C0153,low_evening_shopper,2026-03-27 19:33:00.000000000,1.1858383207798293,0.8295609878332689,0,0,0,0,0.935,19,781.81,0
T0004542,C0132,low_evening_shopper,2026-03-27 19:38:00.000000000,1.0828542400516308,0.2075209551848146,0,0,0,0,5.003,19,790.54,0
T0001590,C0045,low_evening_shopper,2026-03-27 19:51:00.000000000,1.01086110457637,0.018346394216422535,0,0,0,0,1.069,19,797.12,0
T0003841,C0111,low_evening_shopper,2026-03-27 19:57:00.000000000,1.1867558609533861,0.4750745434400709,0,0,0,0,7.894,19,804.59,0
T0005267,C0153,low_evening_shopper,2026-03-27 20:02:00.000000000,0.925075899951173,-0.33783207344708577,0,0,0,1,0.02,20,613.13,0
T0000808,C0021,low_evening_shopper,2026-03-27 20:10:00.000000000,0.6806384754959055,-0.47052122946281094,0,0,0,0,1.021,20,572.47,0
T0002392,C0069,low_evening_shopper,2026-03-27 20:17:00.000000000,0.8662417833544082,-0.2606534070638834,0,0,0,0,1.961,20,691.85,0
T0001456,C0042,low_evening_shopper,2026-03-27 20:19:00.000000000,0.7793721862243722,-0.3862694625300243,0,0,0,0,2.039,20,705.42,0
T0001789,C0051,low_evening_shopper,2026-03-27 20:36:00.000000000,1.3065162386028315,0.9065021417800949,0,0,0,0,1.071,20,987.86,0
T0002283,C0066,low_evening_shopper,2026-03-27 21:36:00.000000000,0.9327014548887096,-0.13066097075691288,0,0,0,0,3.031,21,687.48,0
T0005848,C0168,low_evening_shopper,2026-03-27 21:43:00.000000000,1.0774357267441208,0.12055488932361674,0,0,0,0,1.097,21,927.75,0
T0006354,C0153,low_evening_shopper,2026-03-28 01:06:00.144258837,8.525877554107483,33.93405587737109,1,1,1,5,0.231,1,5650.87,1
T0006324,C0179,mid_weekend,2026-03-28 13:18:00.000000000,1.0826719141691326,0.30870483921482983,0,0,0,0,1.013,13,2721.0,0
T0004831,C0141,low_evening_shopper,2026-03-28 18:45:00.000000000,1.1051496310965858,0.3398134551808925,0,0,0,0,1.79,18,736.95,0
T0001790,C0051,low_evening_shopper,2026-03-28 19:08:00.000000000,1.1448846069731016,0.4345664952299297,0,0,0,0,0.939,19,874.8,0
T0005268,C0153,low_evening_shopper,2026-03-28 19:30:00.000000000,0.9791794839078899,-0.09486279679792971,0,0,0,0,0.978,19,647.64,0
T0001457,C0042,low_evening_shopper,2026-03-28 19:41:00.000000000,0.9496598228438788,-0.08866850482135392,0,0,0,0,0.974,19,854.14,0
T0003532,C0102,low_evening_shopper,2026-03-28 20:29:00.000000000,0.6297836037989489,-0.7531443640392487,0,0,0,0,1.933,20,512.12,0
T0004543,C0132,low_evening_shopper,2026-03-28 20:43:00.000000000,1.4565075405477834,1.1639124166430546,0,0,0,0,1.045,20,1066.08,0
T0001591,C0045,low_evening_shopper,2026-03-28 21:28:00.000000000,0.4119860464495524,-1.0055591622120144,0,0,0,0,1.067,21,324.96,0
T0005382,C0156,low_evening_shopper,2026-03-28 21:42:00.000000000,0.6910402669766995,-0.6296443420782728,0,0,0,0,7.159,21,540.04,0
T0005149,C0150,low_evening_shopper,2026-03-28 22:16:00.000000000,0.7798920573134757,-0.5703821810963472,0,0,0,0,1.122,22,590.78,0
T0002884,C0084,low_evening_shopper,2026-03-28 22:38:00.000000000,0.7717254365478952,-0.46428112627667145,0,0,0,0,5.101,22,617.13,0
T0003842,C0111,low_evening_shopper,2026-03-28 23:40:00.000000000,1.2147800761257233,0.5567176909620666,0,0,0,0,1.155,23,828.56,0
T0000412,C0011,mid_weekend,2026-03-29 05:33:00.000000000,0.9701966206806963,-0.053954425470705995,1,0,0,1,-0.547,5,2967.72,0
T0002885,C0084,low_evening_shopper,2026-03-29 16:03:00.000000000,0.6372404446134893,-0.7425461392984156,0,0,0,0,0.726,16,505.28,0
T0000411,C0011,mid_weekend,2026-03-29 18:41:00.000000000,0.8229396727653955,-0.31865491521853967,0,0,0,0,2.958,18,2526.79,0
T0003968,C0114,low_evening_shopper,2026-03-29 19:16:00.000000000,0.7124317032571109,-0.8978962323477802,0,0,0,0,3.083,19,561.82,0
T0003411,C0099,low_evening_shopper,2026-03-29 19:18:00.000000000,0.9415379767289836,-0.23870997902172622,0,0,0,0,2.981,19,691.33,0
T0004156,C0120,low_evening_shopper,2026-03-29 20:23:00.000000000,1.0020357074475448,0.008963843186548056,0,0,0,0,7.988,20,715.2,0
T0005849,C0168,low_evening_shopper,2026-03-29 21:38:00.000000000,0.9797581811332606,-0.031970669293094056,0,0,0,0,1.997,21,845.28,0
T0006326,C0179,mid_weekend,2026-03-30 13:12:00.000000000,0.5495688928363297,-1.7187238272107492,0,0,0,1,-0.108,13,1386.5,0
T0006325,C0179,mid_weekend,2026-03-30 15:48:00.000000000,1.1076774316063183,0.40653482693119913,0,0,0,0,2.104,15,2788.54,0
T0003412,C0099,low_evening_shopper,2026-03-30 17:56:00.000000000,0.8071970959064939,-0.7964861896996072,0,0,0,0,0.943,17,591.73,0
T0001592,C0045,low_evening_shopper,2026-03-30 19:11:00.000000000,0.97312898124438,-0.045330106315429934,0,0,0,0,1.905,19,757.07,0
T0005850,C0168,low_evening_shopper,2026-03-30 19:15:00.000000000,0.929830035646275,-0.11214902537197108,0,0,0,0,0.901,19,801.81,0
T0003181,C0093,low_evening_shopper,2026-03-30 19:17:00.000000000,1.4318071218527952,2.170298749387002,0,0,0,0,4.969,19,930.42,0
T0000564,C0015,low_evening_shopper,2026-03-30 19:23:00.000000000,0.6558610899899473,-0.5661092688155633,0,0,0,0,3.097,19,579.19,0
T0004544,C0132,low_evening_shopper,2026-03-30 19:55:00.000000000,1.0171889030563148,0.04422146155166872,0,0,0,0,1.967,19,754.82,0
T0002393,C0069,low_evening_shopper,2026-03-30 21:01:00.000000000,0.7763343524825288,-0.4414025761794304,0,0,0,0,3.031,21,616.97,0
T0003843,C0111,low_evening_shopper,2026-03-30 21:07:00.000000000,1.0027860791232377,0.007350904164675592,0,0,0,0,1.894,21,688.55,0
T0005269,C0153,low_evening_shopper,2026-03-30 21:53:00.000000000,0.6355727526076104,-1.682161256105275,0,0,0,0,2.099,21,420.14,0
T0004157,C0120,low_evening_shopper,2026-03-30 22:37:00.000000000,1.4686655055827067,2.0939253718879582,0,0,0,0,1.093,22,1048.31,0
T0000319,C0009,low_evening_shopper,2026-03-30 22:40:00.000000000,1.3155425109404633,0.9084671845251622,0,0,0,0,6.076,22,944.22,0
T0006327,C0179,mid_weekend,2026-03-31 13:07:00.000000000,1.072246110132547,0.26829512064116107,0,0,0,0,0.997,13,2681.27,0
T0006329,C0179,mid_weekend,2026-03-31 15:19:00.000000000,1.0928738575480719,0.34848743366950496,0,0,0,1,-0.065,15,2725.95,0
T0000413,C0011,mid_weekend,2026-03-31 16:45:00.000000000,0.9527665311365355,-0.08635752472812043,0,0,0,0,2.467,16,2912.59,0
T0006328,C0179,mid_weekend,2026-03-31 16:53:00.000000000,0.7929213741309957,-0.7770567687156607,0,0,0,0,0.157,16,1985.54,0
T0002285,C0066,low_evening_shopper,2026-03-31 18:28:00.000000000,0.8953406689610738,-0.20846738834998543,0,0,0,1,-0.152,18,663.29,0
T0004158,C0120,low_evening_shopper,2026-03-31 19:11:00.000000000,0.789389062832046,-0.9127618877639527,0,0,0,0,0.857,19,570.79,0
T0001791,C0051,low_evening_shopper,2026-03-31 19:30:00.000000000,0.8122055903228702,-0.5738627147626679,0,0,0,0,3.015,19,623.6,0
T0001458,C0042,low_evening_shopper,2026-03-31 19:57:00.000000000,0.8959666657203589,-0.1855620911938086,0,0,0,0,3.011,19,804.72,0
T0003182,C0093,low_evening_shopper,2026-03-31 20:33:00.000000000,3.9171983142883735,14.095893805095056,0,0,0,0,1.053,20,2579.84,0
T0004545,C0132,low_evening_shopper,2026-03-31 20:48:00.000000000,1.1795319880818533,0.46904690476118727,0,0,0,0,1.037,20,875.73,0
T0002284,C0066,low_evening_shopper,2026-03-31 22:07:00.000000000,1.282115328751365,0.5535093638542742,0,0,0,0,4.022,22,943.48,0
T0006211,C0177,low_evening_shopper,2026-03-31 22:23:00.000000000,0.7369335398295992,-0.4795809025096327,0,0,0,0,4.126,22,606.24,0
T0000565,C0015,low_evening_shopper,2026-04-01 18:08:00.000000000,0.5778231797863272,-0.6945250799245013,0,0,0,0,1.948,18,505.11,0
T0001792,C0051,low_evening_shopper,2026-04-01 18:23:00.000000000,0.98503250404034,-0.04596859017560643,0,0,0,0,0.953,18,751.71,0
T0003413,C0099,low_evening_shopper,2026-04-01 18:26:00.000000000,1.1292676782352793,0.5340029813337024,0,0,0,0,2.021,18,823.52,0
T0004832,C0141,low_evening_shopper,2026-04-01 19:04:00.000000000,1.501678147552615,1.6564000495342723,0,0,0,0,4.013,19,1005.42,0
T0000566,C0015,low_evening_shopper,2026-04-01 20:46:00.000000000,0.6107744057659865,-0.6374510627287474,0,0,0,0,0.11,20,527.48,0
T0003844,C0111,low_evening_shopper,2026-04-01 20:56:00.000000000,1.394195212306489,1.0562748753232498,0,0,0,0,1.992,20,957.39,0
T0001593,C0045,low_evening_shopper,2026-04-01 21:13:00.000000000,0.9351552604637965,-0.11058443890769408,0,0,0,0,2.085,21,727.09,0
T0005524,C0159,low_evening_shopper,2026-04-01 21:21:00.000000000,0.8526136540219514,-0.3532567116468463,0,0,0,0,5.144,21,672.02,0
T0002886,C0084,low_evening_shopper,2026-04-01 21:27:00.000000000,0.8017839948086434,-0.4038709213801455,0,0,0,0,3.225,21,627.51,0
T0002394,C0069,low_evening_shopper,2026-04-01 22:43:00.000000000,1.0176089704203395,0.03498467162637487,0,0,0,0,2.071,22,802.25,0
T0003845,C0111,low_evening_shopper,2026-04-02 19:42:00.000000000,0.888963599244681,-0.30061344065137796,0,0,0,0,0.949,19,617.53,0
T0005851,C0168,low_evening_shopper,2026-04-02 20:01:00.000000000,0.7234267188703161,-0.4465766181942524,0,0,0,0,3.032,20,622.78,0
T0003414,C0099,low_evening_shopper,2026-04-02 21:23:00.000000000,1.0557621362136103,0.2333648862979421,0,0,0,0,1.123,21,772.53,0
T0002395,C0069,low_evening_shopper,2026-04-02 21:49:00.000000000,1.0303623497332033,0.0614262016954224,0,0,0,0,0.963,21,812.8,0
T0002887,C0084,low_evening_shopper,2026-04-02 21:49:00.000000000,0.5739964012189118,-0.8748640613008746,0,0,0,0,1.015,21,446.17,0
T0004436,C0129,low_evening_shopper,2026-04-02 22:03:00.000000000,0.9248640244704169,-0.15409525752548797,0,0,0,0,8.969,22,698.01,0
T0000567,C0015,low_evening_shopper,2026-04-02 23:28:00.000000000,0.6689307975660926,-0.5409076259012803,0,0,0,0,1.113,23,571.46,0
T0000414,C0011,mid_weekend,2026-04-03 13:05:00.000000000,0.8912216417823138,-0.20073281692124934,0,1,0,0,2.847,13,2721.82,0
T0001459,C0042,low_evening_shopper,2026-04-03 18:17:00.000000000,0.7820688468837627,-0.3927903849694237,0,0,0,0,2.931,18,700.44,0
T0003846,C0111,low_evening_shopper,2026-04-03 19:00:00.000000000,1.2216204091262237,0.6060485505557818,0,0,0,0,0.971,19,845.92,0
T0000415,C0011,mid_weekend,2026-04-03 19:03:00.000000000,1.030195887877041,0.05614225557425444,0,0,0,0,0.249,19,3139.41,0
T0001793,C0051,low_evening_shopper,2026-04-03 19:53:00.000000000,1.4322572148046413,1.3481273118813637,0,0,0,0,2.062,19,1092.5,0
T0000320,C0009,low_evening_shopper,2026-04-03 20:15:00.000000000,0.8588762135347889,-0.41074115888352414,0,0,0,0,3.899,20,621.57,0
T0005526,C0159,low_evening_shopper,2026-04-03 20:16:00.000000000,0.7207805316403364,-0.6842950080885388,0,1,0,1,-0.044,20,564.74,0
T0003184,C0093,low_evening_shopper,2026-04-03 20:26:00.000000000,0.9315780463932118,-0.14038924666315641,0,0,0,1,-0.049,20,670.46,0
T0001594,C0045,low_evening_shopper,2026-04-03 20:32:00.000000000,0.9163035000442453,-0.14411899150422217,0,0,0,0,1.972,20,711.4,0
T0005852,C0168,low_evening_shopper,2026-04-03 20:39:00.000000000,0.8688867073733482,-0.21234151154379236,0,0,0,0,1.026,20,743.19,0
T0005525,C0159,low_evening_shopper,2026-04-03 21:19:00.000000000,0.9497678393058323,-0.12148800427320186,0,0,0,0,1.999,21,745.26,0
T0003183,C0093,low_evening_shopper,2026-04-03 21:36:00.000000000,1.1368856430175296,0.2759017322659138,0,0,0,0,3.044,21,814.93,0
T0003969,C0114,low_evening_shopper,2026-04-03 21:40:00.000000000,1.0946203933623742,0.29357531004313986,0,0,0,0,5.1,21,854.35,0
T0005383,C0156,low_evening_shopper,2026-04-03 21:52:00.000000000,0.8274266094344578,-0.3516866010638768,0,0,0,0,6.007,21,641.63,0
T0000416,C0011,mid_weekend,2026-04-04 14:49:00.000000000,0.7416160690618865,-0.4854575717256479,0,0,0,0,0.824,14,2261.33,0
T0002888,C0084,low_evening_shopper,2026-04-04 19:14:00.000000000,0.9783853826994148,-0.04394957539298215,0,0,0,0,1.892,19,749.7,0
T0003185,C0093,low_evening_shopper,2026-04-04 19:19:00.000000000,1.1829657247282401,0.38004112350364483,0,0,0,0,0.953,19,849.71,0
T0005270,C0153,low_evening_shopper,2026-04-04 19:28:00.000000000,0.9881854154177969,-0.052806209271117226,0,0,0,0,4.899,19,646.96,0
T0005528,C0159,low_evening_shopper,2026-04-04 19:37:00.000000000,1.100902460719908,0.2501420242755206,0,0,0,1,-0.033,19,853.97,0
T0005527,C0159,low_evening_shopper,2026-04-04 20:25:00.000000000,0.9278290107751661,-0.17684403503237622,0,0,0,0,1.006,20,721.17,0
T0003970,C0114,low_evening_shopper,2026-04-04 21:05:00.000000000,1.0313213180921394,0.09907523171312228,0,0,0,0,0.976,21,807.58,0
T0000321,C0009,low_evening_shopper,2026-04-04 23:08:00.000000000,0.5907853257628648,-1.1996319288942634,0,0,0,0,1.12,23,426.0,0
T0003187,C0093,low_evening_shopper,2026-04-05 18:11:00.000000000,1.168106572962345,0.3608378597054884,0,0,0,1,-0.094,18,845.44,0
T0005271,C0153,low_evening_shopper,2026-04-05 19:13:00.000000000,1.2125916901044473,0.962290540800582,0,0,0,0,0.99,19,793.64,0
T0003186,C0093,low_evening_shopper,2026-04-05 20:27:00.000000000,1.0935546716915656,0.19768593586741268,0,0,0,0,1.047,20,789.48,0
T0005384,C0156,low_evening_shopper,2026-04-05 20:34:00.000000000,0.7432701578820752,-0.5266648711512023,0,0,0,0,1.946,20,573.95,0
T0004546,C0132,low_evening_shopper,2026-04-05 20:44:00.000000000,3.363785986092555,6.278248190761601,0,0,0,0,4.997,20,2510.22,0
T0001460,C0042,low_evening_shopper,2026-04-05 20:59:00.000000000,0.7851633185594656,-0.3893706248392144,0,0,0,0,2.112,20,699.18,0
T0005529,C0159,low_evening_shopper,2026-04-05 21:25:00.000000000,0.7300759036008045,-0.6796604684944503,0,0,0,0,1.075,21,567.87,0
T0002665,C0078,low_evening_shopper,2026-04-05 21:31:00.000000000,0.7506188375416335,-0.3803866980910269,0,0,0,0,9.935,21,626.8,0
T0006212,C0177,low_evening_shopper,2026-04-05 21:31:00.000000000,1.117638597864208,0.2152045185986581,0,0,0,0,4.964,21,912.9,0
T0001794,C0051,low_evening_shopper,2026-04-05 21:34:00.000000000,0.8506220964346534,-0.466624205633979,0,0,0,0,2.07,21,657.34,0
T0003847,C0111,low_evening_shopper,2026-04-06 18:29:00.000000000,1.1201006901577337,0.33344293632076677,0,0,0,0,2.978,18,780.4,0
T0000569,C0015,low_evening_shopper,2026-04-06 19:09:00.000000000,1.0642495615653624,0.10593073215096702,0,0,0,1,-0.019,19,897.31,0
T0000322,C0009,low_evening_shopper,2026-04-06 19:11:00.000000000,1.2318788556885978,0.6694444319528823,0,0,0,0,1.835,19,879.2,0
T0000568,C0015,low_evening_shopper,2026-04-06 19:36:00.000000000,0.842696298220623,-0.2572047826394575,0,0,0,0,3.839,19,713.46,0
T0000570,C0015,low_evening_shopper,2026-04-06 23:38:00.000000000,0.32201620796855096,-1.1341331146145839,0,0,0,0,0.187,23,271.95,0
T0000571,C0015,low_evening_shopper,2026-04-07 20:09:00.000000000,0.8317539346229262,-0.2757975156423283,0,0,0,0,0.855,20,690.53,0
T0005272,C0153,low_evening_shopper,2026-04-07 20:18:00.000000000,1.1676550632796254,0.7638475682997106,0,0,0,0,2.045,20,768.29,0
T0002666,C0078,low_evening_shopper,2026-04-07 20:19:00.000000000,0.7380369749185165,-0.4018270672155582,0,0,0,0,1.95,20,611.63,0
T0004437,C0129,low_evening_shopper,2026-04-07 20:49:00.000000000,1.1946859194146462,0.40318657391666546,0,0,0,0,4.949,20,900.07,0
T0001461,C0042,low_evening_shopper,2026-04-07 20:52:00.000000000,3.633318566222712,4.799070899975475,0,0,0,0,1.995,20,3217.62,0
T0000323,C0009,low_evening_shopper,2026-04-07 21:55:00.000000000,1.6282383339563151,1.8366581967893658,0,0,0,0,1.114,21,1168.65,0
T0005385,C0156,low_evening_shopper,2026-04-07 21:55:00.000000000,0.9552038273067662,-0.09213813912142028,0,0,0,0,2.056,21,733.09,0
T0002889,C0084,low_evening_shopper,2026-04-07 21:56:00.000000000,1.18483754774469,0.3817693912385194,0,0,0,0,3.112,21,907.26,0
T0003415,C0099,low_evening_shopper,2026-04-07 21:59:00.000000000,0.40182888109711273,-2.5379294885110903,0,0,0,0,5.025,21,294.45,0
T0003971,C0114,low_evening_shopper,2026-04-07 22:50:00.000000000,0.9006516516529897,-0.31991123629332613,0,0,0,0,3.073,22,705.99,0
T0005386,C0156,low_evening_shopper,2026-04-07 22:56:00.000000000,1.923246263670586,1.9192437258928967,0,0,0,0,0.042,22,1474.5,0
T0005387,C0156,low_evening_shopper,2026-04-08 18:25:00.000000000,0.7006852686974411,-0.617296081545396,0,0,0,0,0.812,18,548.47,0
T0003188,C0093,low_evening_shopper,2026-04-08 18:47:00.000000000,0.8045945057246079,-0.4262156224166439,0,0,0,0,3.025,18,584.92,0
T0001595,C0045,low_evening_shopper,2026-04-08 18:48:00.000000000,1.179354554965834,0.3116090392878865,0,0,0,0,4.928,18,913.96,0
T0005530,C0159,low_evening_shopper,2026-04-08 19:05:00.000000000,1.012059655166635,0.03037081716037188,0,1,0,0,2.903,19,781.61,0
T0002286,C0066,low_evening_shopper,2026-04-08 19:13:00.000000000,0.9066014160515249,-0.18768620744365458,0,0,0,0,8.031,19,669.99,0
T0000324,C0009,low_evening_shopper,2026-04-08 19:35:00.000000000,0.7564207904382335,-0.703800117813592,0,0,0,0,0.903,19,551.03,0
T0006213,C0177,low_evening_shopper,2026-04-08 19:36:00.000000000,0.9726888139672941,-0.05075875307274503,0,1,0,0,2.92,19,796.96,0
T0003972,C0114,low_evening_shopper,2026-04-08 20:08:00.000000000,1.2188961582660847,0.7130458202498116,0,0,0,0,0.887,20,952.39,0
T0001462,C0042,low_evening_shopper,2026-04-08 20:20:00.000000000,1.319405204076808,0.5005358737956342,0,0,0,0,0.978,20,1245.37,0
T0003848,C0111,low_evening_shopper,2026-04-08 21:34:00.000000000,0.4345049657093109,-1.5944477912053812,0,0,0,0,2.128,21,303.71,0
T0005853,C0168,low_evening_shopper,2026-04-08 23:53:00.000000000,1.104060136130033,0.16988154816781187,0,0,0,0,5.135,23,941.53,0
T0000325,C0009,low_evening_shopper,2026-04-09 17:31:00.000000000,0.6534211701114201,-1.0017665101600943,0,0,0,0,0.914,17,473.31,0
T0003189,C0093,low_evening_shopper,2026-04-09 18:15:00.000000000,1.4559836965337924,1.000211503726276,0,0,0,0,0.978,18,1053.15,0
T0003416,C0099,low_evening_shopper,2026-04-09 19:14:00.000000000,3.3583388082874337,9.263886005728864,0,0,0,0,1.885,19,2424.1,0
T0003849,C0111,low_evening_shopper,2026-04-09 22:21:00.000000000,1.0820830165124466,0.22369282319595293,0,0,0,0,1.033,22,745.1,0
T0002287,C0066,low_evening_shopper,2026-04-09 23:37:00.000000000,1.2717175146385629,0.5509411093415316,0,0,0,0,1.183,23,937.83,0
T0002667,C0078,low_evening_shopper,2026-04-10 17:17:00.000000000,2.2763212108119832,1.9672238179018495,0,0,0,0,2.874,17,1871.91,0
T0004438,C0129,low_evening_shopper,2026-04-10 18:29:00.000000000,0.63441947268614,-0.7678268253030582,0,0,0,0,2.903,18,480.08,0
T0003850,C0111,low_evening_shopper,2026-04-10 19:11:00.000000000,0.9492994576644076,-0.14018014955868596,0,0,0,0,0.868,19,655.04,0
T0000326,C0009,low_evening_shopper,2026-04-10 19:23:00.000000000,1.139855084255462,0.4011469317762313,0,0,0,0,1.078,19,819.15,0
T0004547,C0132,low_evening_shopper,2026-04-10 20:22:00.000000000,0.6551620813072586,-0.6839114574602934,0,0,0,0,4.985,20,521.02,0
T0000572,C0015,low_evening_shopper,2026-04-10 20:32:00.000000000,2.402011353130569,2.3151044575569912,0,0,0,0,3.016,20,1985.99,0
T0003417,C0099,low_evening_shopper,2026-04-10 21:46:00.000000000,0.8374314098622442,-0.3887524338364525,0,0,0,0,1.106,21,639.24,0
T0004548,C0132,low_evening_shopper,2026-04-10 22:01:00.000000000,0.6191751080699093,-0.7538160261550606,0,1,0,0,0.069,22,487.81,0
T0003973,C0114,low_evening_shopper,2026-04-11 18:03:00.000000000,1.2337880619680885,0.7729179851196631,0,0,0,0,2.913,18,970.62,0
T0004549,C0132,low_evening_shopper,2026-04-11 18:13:00.000000000,1.1274817171517522,0.25129361110292114,0,0,0,0,0.842,18,879.37,0
T0001596,C0045,low_evening_shopper,2026-04-11 19:00:00.000000000,2.33997756335118,2.3597780577136156,0,0,0,0,3.008,19,1820.33,0
T0003190,C0093,low_evening_shopper,2026-04-11 20:28:00.000000000,0.981562026566853,-0.04091777484413748,0,0,0,0,2.092,20,718.08,0
T0003418,C0099,low_evening_shopper,2026-04-11 20:30:00.000000000,0.9290465731673918,-0.17075693037896578,0,0,0,0,0.947,20,706.43,0
T0003191,C0093,low_evening_shopper,2026-04-11 20:42:00.000000000,0.9968548834366839,-0.0070630663433542,0,1,0,1,0.01,20,728.94,0
T0004550,C0132,low_evening_shopper,2026-04-11 21:48:00.000000000,1.2234798769029671,0.4473819340720797,0,0,0,0,0.149,21,957.36,0
T0001463,C0042,low_evening_shopper,2026-04-12 09:07:00.000000000,0.8012651869217279,-0.31679362877519057,1,0,0,0,3.533,9,762.2,0
T0003192,C0093,low_evening_shopper,2026-04-12 18:43:00.000000000,3.246021676680536,5.104702296318696,0,0,0,0,0.917,18,2373.46,0
T0004552,C0132,low_evening_shopper,2026-04-12 19:35:00.000000000,1.2598231134529916,0.5283362909446339,0,0,0,1,-0.047,19,983.8,0
T0005531,C0159,low_evening_shopper,2026-04-12 19:51:00.000000000,0.9621790179269433,-0.0965214930744742,0,0,0,0,4.032,19,743.32,0
T0003974,C0114,low_evening_shopper,2026-04-12 19:54:00.000000000,2.6227256430986405,5.43761166937572,0,0,0,0,1.077,19,2077.91,0
T0004551,C0132,low_evening_shopper,2026-04-12 20:42:00.000000000,0.6895105344702566,-0.6314229831282248,0,0,0,0,0.954,20,542.55,0
T0006214,C0177,low_evening_shopper,2026-04-12 22:08:00.000000000,0.8270266709507079,-0.32544038970606054,0,0,0,0,4.106,22,677.14,0
T0003419,C0099,low_evening_shopper,2026-04-12 23:01:00.000000000,0.9295931350498459,-0.17110596296394726,0,0,0,0,1.105,23,705.68,0
T0006215,C0177,low_evening_shopper,2026-04-13 19:10:00.000000000,0.9881706880140144,-0.022412648468309582,0,0,0,0,0.876,19,805.58,0
T0003193,C0093,low_evening_shopper,2026-04-13 19:42:00.000000000,1.014505716564223,0.027697748308054992,0,0,0,0,1.041,19,780.54,0
T0003851,C0111,low_evening_shopper,2026-04-13 22:19:00.000000000,0.8400317873066113,-0.4472474009338247,0,0,0,0,3.131,22,578.91,0
T0003195,C0093,low_evening_shopper,2026-04-14 19:36:00.000000000,0.7241705718464129,-0.5352980174009009,0,0,0,1,-0.052,19,554.65,0
T0001464,C0042,low_evening_shopper,2026-04-14 20:14:00.000000000,0.8046625030414482,-0.31328724179355266,0,0,0,0,2.463,20,761.81,0
T0003975,C0114,low_evening_shopper,2026-04-14 20:34:00.000000000,0.597821031341183,-1.0481770437791935,0,0,0,0,2.028,20,496.24,0
T0003194,C0093,low_evening_shopper,2026-04-14 20:51:00.000000000,0.7821036241979696,-0.4210045224132563,0,0,0,0,1.048,20,601.93,0
T0004553,C0132,low_evening_shopper,2026-04-14 21:04:00.000000000,0.9657263713623506,-0.07074006022796678,0,0,0,0,2.062,21,758.8,0
T0006216,C0177,low_evening_shopper,2026-04-14 21:51:00.000000000,0.7108068422959127,-0.5545690884384377,0,0,0,0,1.112,21,579.3,0
T0000573,C0015,low_evening_shopper,2026-04-14 23:14:00.000000000,0.5681883844582508,-0.7023066781175042,0,0,0,0,4.112,23,485.46,0
T0000574,C0015,low_evening_shopper,2026-04-15 19:09:00.000000000,0.774421697477017,-0.36540919408682704,0,0,0,0,0.83,19,655.02,0
T0002890,C0084,low_evening_shopper,2026-04-15 19:36:00.000000000,1.0432504535030656,0.09107732789820353,0,0,0,0,7.903,19,803.46,0
T0001465,C0042,low_evening_shopper,2026-04-15 20:03:00.000000000,0.6190270366003423,-0.6147356083707622,0,0,0,0,0.992,20,583.4,0
T0004439,C0129,low_evening_shopper,2026-04-15 20:06:00.000000000,1.4332174956921975,0.906769856932586,0,1,0,0,5.067,20,1075.75,0
T0002668,C0078,low_evening_shopper,2026-04-15 20:31:00.000000000,1.3503646152650155,0.5388783128553409,0,0,0,0,5.135,20,1150.96,0
T0006217,C0177,low_evening_shopper,2026-04-15 22:59:00.000000000,0.9020477555789609,-0.18811775056576296,0,0,0,0,1.047,22,730.09,0
T0000327,C0009,low_evening_shopper,2026-04-16 00:57:00.000000000,0.9801472439144993,-0.057663162829175836,1,0,0,0,5.232,0,706.57,0
T0004554,C0132,low_evening_shopper,2026-04-16 18:35:00.000000000,3.3355384339565264,4.873381082298573,0,0,0,0,1.897,18,2618.76,0
T0003976,C0114,low_evening_shopper,2026-04-16 19:51:00.000000000,0.8722469965666043,-0.32881382167468903,0,0,0,0,1.97,19,715.72,0
T0002891,C0084,low_evening_shopper,2026-04-16 20:04:00.000000000,1.0612819292185591,0.13120436091162369,0,0,0,0,1.019,20,818.41,0
T0001466,C0042,low_evening_shopper,2026-04-16 20:25:00.000000000,0.44606049561216043,-0.8925137704785578,0,0,0,0,1.015,20,416.75,0
T0006218,C0177,low_evening_shopper,2026-04-16 21:10:00.000000000,0.6771363708402452,-0.6257127771483212,0,0,0,0,0.924,21,546.81,0
T0003852,C0111,low_evening_shopper,2026-04-16 21:38:00.000000000,1.112473720538306,0.3163533973998704,0,0,0,0,2.972,21,763.67,0
T0006219,C0177,low_evening_shopper,2026-04-17 19:12:00.000000000,1.1399728997780272,0.27118758109839447,0,0,0,0,0.918,19,913.81,0
T0003977,C0114,low_evening_shopper,2026-04-17 19:53:00.000000000,0.9593677763115335,-0.10552896186317325,0,0,0,0,1.001,19,784.41,0
T0000328,C0009,low_evening_shopper,2026-04-17 20:08:00.000000000,0.9464027334791608,-0.1573221175825766,0,0,0,0,1.799,20,681.95,0
T0004555,C0132,low_evening_shopper,2026-04-17 20:11:00.000000000,0.6584236902157954,-0.6118668663682136,0,0,0,0,1.067,20,544.37,0
T0001597,C0045,low_evening_shopper,2026-04-17 20:59:00.000000000,0.6747320158706804,-0.5632614297525907,0,0,0,0,6.083,20,539.55,0
T0000575,C0015,low_evening_shopper,2026-04-17 21:06:00.000000000,0.6406809018944202,-0.5848767180965389,0,0,0,0,2.081,21,539.12,0
T0001467,C0042,low_evening_shopper,2026-04-17 22:58:00.000000000,0.7295658227903322,-0.43142426833913783,0,0,0,0,1.106,22,673.23,0
T0002669,C0078,low_evening_shopper,2026-04-18 18:01:00.000000000,1.1574198305187275,0.24694989181408286,0,0,0,0,2.896,18,996.1,0
T0003978,C0114,low_evening_shopper,2026-04-18 18:06:00.000000000,0.6831387298385113,-0.8332538084818693,0,0,0,0,0.926,18,557.95,0
T0002892,C0084,low_evening_shopper,2026-04-18 18:16:00.000000000,0.9775190474308505,-0.048931124318164675,0,0,0,0,1.925,18,755.18,0
T0001598,C0045,low_evening_shopper,2026-04-18 19:26:00.000000000,1.0468096953637516,0.08109386043418097,0,0,0,0,0.935,19,831.52,0
T0002893,C0084,low_evening_shopper,2026-04-18 19:49:00.000000000,0.7528589353854204,-0.5454011707504816,0,0,0,0,0.065,19,581.25,0
T0000329,C0009,low_evening_shopper,2026-04-18 20:30:00.000000000,0.972003748373706,-0.0829482419921777,0,0,0,0,1.015,20,699.59,0
T0000576,C0015,low_evening_shopper,2026-04-18 20:40:00.000000000,0.6170568937921578,-0.6229770352603893,0,0,0,0,0.982,20,515.1,0
T0004556,C0132,low_evening_shopper,2026-04-18 20:54:00.000000000,0.8714314489331823,-0.2301842676710171,0,0,0,0,1.03,20,715.02,0
T0003979,C0114,low_evening_shopper,2026-04-19 17:53:00.000000000,0.8601914254579102,-0.36615468840283266,0,0,0,0,0.991,17,696.69,0
T0002894,C0084,low_evening_shopper,2026-04-19 18:49:00.000000000,1.0306756996861914,0.06790539050193888,0,0,0,0,0.958,18,790.27,0
T0003853,C0111,low_evening_shopper,2026-04-19 20:15:00.000000000,0.902849033272015,-0.2769784207093605,0,0,0,0,2.942,20,621.43,0
T0002670,C0078,low_evening_shopper,2026-04-19 20:55:00.000000000,1.0952832474320766,0.15205537431080152,0,1,0,0,1.121,20,946.64,0
T0004557,C0132,low_evening_shopper,2026-04-19 21:03:00.000000000,0.7201833633597381,-0.5048025786091346,0,0,0,0,1.006,21,589.26,0
T0000330,C0009,low_evening_shopper,2026-04-19 23:06:00.000000000,0.42448411093987815,-1.7220739742722415,0,1,0,0,1.108,23,305.34,0
T0001599,C0045,low_evening_shopper,2026-04-20 19:11:00.000000000,0.7745867460122576,-0.3948175111237397,0,0,0,0,1.99,19,615.86,0
T0003854,C0111,low_evening_shopper,2026-04-20 20:10:00.000000000,0.6288166274930437,-1.0674007674238335,0,0,0,0,0.997,20,431.84,0
T0004440,C0129,low_evening_shopper,2026-04-20 21:12:00.000000000,0.8654349292061251,-0.28491800751437885,0,0,0,0,5.046,21,655.7,0
T0001600,C0045,low_evening_shopper,2026-04-21 19:44:00.000000000,0.8756838832808871,-0.21860395006647526,0,0,0,0,1.023,19,693.16,0
T0002895,C0084,low_evening_shopper,2026-04-21 20:36:00.000000000,0.9377891385807763,-0.13971995995986247,0,0,0,0,2.074,20,719.65,0
T0000577,C0015,low_evening_shopper,2026-04-21 21:49:00.000000000,0.9193079285778918,-0.13106488696046323,0,0,0,0,3.048,21,761.02,0
T0004558,C0132,low_evening_shopper,2026-04-22 19:08:00.000000000,1.173270478383808,0.31323850837470535,0,0,0,0,2.92,19,954.27,0
T0000331,C0009,low_evening_shopper,2026-04-22 21:48:00.000000000,1.2175054735246176,0.6310319405903413,0,0,0,0,2.946,21,865.5,0
T0006220,C0177,low_evening_shopper,2026-04-22 22:03:00.000000000,0.5152198444084308,-0.9520171672964919,0,0,0,0,5.119,22,414.29,0
T0003980,C0114,low_evening_shopper,2026-04-22 22:19:00.000000000,0.8730584415209253,-0.33501962657988305,0,1,0,0,3.185,22,704.58,0
T0004559,C0132,low_evening_shopper,2026-04-22 22:45:00.000000000,0.6085389537592241,-0.7170216753074679,0,0,0,0,0.151,22,496.74,0
T0002896,C0084,low_evening_shopper,2026-04-23 17:24:00.000000000,1.0489244421134443,0.11114398181885908,0,0,0,0,1.867,17,803.61,0
T0006221,C0177,low_evening_shopper,2026-04-23 19:34:00.000000000,2.316455361313667,2.5611836061968263,0,0,0,0,0.897,19,1843.03,0
T0003981,C0114,low_evening_shopper,2026-04-23 21:56:00.000000000,1.0935789023944495,0.2489735257689314,0,0,0,0,0.984,21,879.74,0
T0000332,C0009,low_evening_shopper,2026-04-23 23:44:00.000000000,3.315593373882026,6.7888001972405885,0,0,0,0,1.081,23,2367.23,0
T0004560,C0132,low_evening_shopper,2026-04-24 17:32:00.000000000,0.8265456928270067,-0.3167788928257368,0,0,0,0,1.783,17,669.3,0
T0004441,C0129,low_evening_shopper,2026-04-24 19:45:00.000000000,1.3166701044425033,0.6752190616608065,0,0,0,0,3.94,19,994.72,0
T0006222,C0177,low_evening_shopper,2026-04-24 19:45:00.000000000,0.9939051761971144,-0.011542316235767165,0,0,0,0,1.008,19,812.92,0
T0000578,C0015,low_evening_shopper,2026-04-24 20:01:00.000000000,1.0073934312649329,0.01211562813085302,0,0,0,0,2.925,20,832.51,0
T0006223,C0177,low_evening_shopper,2026-04-25 17:02:00.000000000,0.5971516816896465,-0.7708844897359609,0,0,0,0,0.887,17,488.35,0
T0002671,C0078,low_evening_shopper,2026-04-25 19:31:00.000000000,0.5516999477234061,-0.7266085082724297,0,0,0,0,5.942,19,478.02,0
T0006355,C0078,low_evening_shopper,2026-04-26 01:11:00.340200653,5.240380312786453,6.836535052112132,1,1,1,7,0.236,1,4488.35,1
T0006339,C0177,low_evening_shopper,2026-04-26 04:31:00.941165740,7.281056032976315,12.019342275199712,1,1,1,5,1.365,4,5954.5,1
T0000333,C0009,low_evening_shopper,2026-04-26 17:15:00.000000000,1.3676742363572163,0.824861103074633,0,1,0,0,2.73,17,1020.81,0
T0000579,C0015,low_evening_shopper,2026-04-26 17:29:00.000000000,0.5172544792106496,-0.7995692118447132,0,0,0,0,1.894,17,427.52,0
T0006224,C0177,low_evening_shopper,2026-04-26 18:54:00.000000000,0.8486150645244909,-0.28853924415444465,0,0,0,0,1.078,18,688.3,0
T0002897,C0084,low_evening_shopper,2026-04-26 18:57:00.000000000,1.057721754412273,0.13298902366320245,0,0,0,0,3.065,18,811.37,0
T0000334,C0009,low_evening_shopper,2026-04-26 21:21:00.000000000,0.8423248834299197,-0.35738347700137785,0,0,0,0,0.171,21,633.14,0
T0002672,C0078,low_evening_shopper,2026-04-26 22:11:00.000000000,0.5508772946507011,-0.7240961449509561,0,0,0,0,1.111,22,471.82,0
T0002898,C0084,low_evening_shopper,2026-04-27 19:06:00.000000000,0.4580172592964544,-1.266163200867457,0,0,0,0,1.006,19,351.85,0
T0006225,C0177,low_evening_shopper,2026-04-27 20:43:00.000000000,3.9660791115737046,5.688709336004157,0,0,0,0,1.076,20,3207.08,0
T0000580,C0015,low_evening_shopper,2026-04-27 21:10:00.000000000,1.0142095988225037,0.023392807811731947,0,0,0,0,1.153,21,830.01,0
T0003855,C0111,low_evening_shopper,2026-04-27 21:12:00.000000000,1.0462865706699451,0.13181219281734943,0,0,0,0,7.043,21,712.47,0
T0002673,C0078,low_evening_shopper,2026-04-27 21:31:00.000000000,1.0940485485119482,0.15085138313743945,0,0,0,0,0.972,21,926.52,0
T0000582,C0015,low_evening_shopper,2026-04-28 19:46:00.000000000,0.5750583569327967,-0.7154523554629767,0,0,0,1,-0.032,19,472.01,0
T0000581,C0015,low_evening_shopper,2026-04-28 20:32:00.000000000,1.1367641161539341,0.2274996277234938,0,0,0,0,0.974,20,930.57,0
T0003982,C0114,low_evening_shopper,2026-04-28 20:36:00.000000000,0.9289115836228776,-0.19177767442317606,0,0,0,0,4.944,20,748.98,0
T0003856,C0111,low_evening_shopper,2026-04-28 21:06:00.000000000,1.0301871482387677,0.08700921350517238,0,0,0,0,0.996,21,702.23,0
T0003857,C0111,low_evening_shopper,2026-04-28 21:59:00.000000000,0.7614108245476043,-0.6956899426679023,0,0,0,1,0.037,21,519.36,0
T0002899,C0084,low_evening_shopper,2026-04-29 22:17:00.000000000,1.0538827106251334,0.12336935996502962,0,0,0,0,2.133,22,798.89,0
T0003858,C0111,low_evening_shopper,2026-04-30 20:09:00.000000000,1.0814643776808466,0.23766643152984362,0,0,0,0,1.924,20,733.92,0
T0002900,C0084,low_evening_shopper,2026-04-30 21:25:00.000000000,0.7878900258250909,-0.4920733187161062,0,0,0,0,0.964,21,598.02,0
T0002901,C0084,low_evening_shopper,2026-05-01 16:09:00.000000000,0.6917932353489472,-0.7178828008079989,0,0,0,0,0.781,16,522.49,0
T0002902,C0084,low_evening_shopper,2026-05-01 22:28:00.000000000,4.345846037829972,7.782659903420985,0,0,0,0,0.263,22,3259.3,0
T0002903,C0084,low_evening_shopper,2026-05-02 23:52:00.000000000,2.462071968296793,2.4124250947069372,0,0,0,0,1.058,23,1983.8,0
T0002904,C0084,low_evening_shopper,2026-05-03 21:48:00.000000000,0.8051235271365108,-0.31603638790308547,0,0,0,0,0.914,21,669.34,0
T0003983,C0114,low_evening_shopper,2026-05-04 21:57:00.000000000,1.0166732874557032,0.04542839489851744,0,0,0,0,6.056,21,818.36,0
T0000583,C0015,low_evening_shopper,2026-05-04 22:07:00.000000000,0.7419409102321359,-0.4330085536009824,0,0,0,0,6.098,22,604.01,0
T0003859,C0111,low_evening_shopper,2026-05-07 17:20:00.000000000,0.6061670462411513,-1.1624249115209633,0,0,0,0,6.883,17,412.07,0
T0003984,C0114,low_evening_shopper,2026-05-08 21:10:00.000000000,2.560077734348242,4.302490496959488,0,0,0,0,3.967,21,2061.49,0
T0003860,C0111,low_evening_shopper,2026-05-09 21:04:00.000000000,1.1777737759629006,0.5187836257644899,0,0,0,0,2.156,21,794.21,0
T0003861,C0111,low_evening_shopper,2026-05-14 21:46:00.000000000,1.0867910165555907,0.25606839240727647,0,0,0,0,5.029,21,735.46,0
