transaction_id,customer_id,persona,timestamp,amount,merchant,beneficiary,is_fraud
T0006082,C0175,high_business,2026-01-01 11:09:00.000000000,11791.89,TajHotels,payroll,0
T0003328,C0098,mid_weekend,2026-01-01 12:13:00.000000000,1985.74,IRCTC,family_upi,0
T0001233,C0035,mid_weekend,2026-01-01 13:35:00.000000000,2010.0,Myntra,self_upi,0
T0003327,C0098,mid_weekend,2026-01-01 14:17:00.000000000,3007.73,Myntra,self_upi,0
T0003586,C0105,low_evening_shopper,2026-01-01 22:09:00.000000000,830.63,LocalKirana,self_upi,0
T0006083,C0175,high_business,2026-01-02 08:14:00.000000000,14141.45,Indigo,self_neft,0
T0006084,C0175,high_business,2026-01-02 09:01:00.000000000,11633.56,OfficeSupplies,payroll,0
T0004083,C0118,high_business,2026-01-02 12:35:00.000000000,14734.48,Indigo,self_neft,0
T0003329,C0098,mid_weekend,2026-01-02 15:26:00.000000000,6818.24,IRCTC,self_upi,0
T0005107,C0150,low_evening_shopper,2026-01-02 19:38:00.000000000,644.21,BigBazaar,friend_a,0
T0001897,C0055,high_business,2026-01-03 10:56:00.000000000,12719.55,OfficeSupplies,self_neft,0
T0001898,C0055,high_business,2026-01-03 11:17:00.000000000,10878.41,Indigo,payroll,0
T0001896,C0055,high_business,2026-01-03 11:35:00.000000000,10264.26,TajHotels,payroll,0
T0004159,C0121,high_business,2026-01-03 11:57:00.000000000,12558.09,OfficeSupplies,payroll,0
T0005035,C0148,high_business,2026-01-03 12:04:00.000000000,9110.8,TajHotels,payroll,0
T0005034,C0148,high_business,2026-01-03 12:24:00.000000000,13737.54,TajHotels,payroll,0
T0001234,C0035,mid_weekend,2026-01-03 12:38:00.000000000,2682.78,Zomato,self_upi,0
T0001895,C0055,high_business,2026-01-03 13:27:00.000000000,10756.61,Indigo,self_neft,0
T0004636,C0136,high_business,2026-01-03 13:44:00.000000000,11410.78,Indigo,self_neft,0
T0004084,C0118,high_business,2026-01-03 14:58:00.000000000,9508.46,OfficeSupplies,payroll,0
T0000709,C0020,mid_weekend,2026-01-03 15:53:00.000000000,2199.02,BookMyShow,family_upi,0
T0006129,C0176,mid_weekend,2026-01-03 17:23:00.000000000,2168.17,IRCTC,family_upi,0
T0003150,C0093,low_evening_shopper,2026-01-03 20:36:00.000000000,620.05,BigBazaar,friend_a,0
T0005108,C0150,low_evening_shopper,2026-01-03 20:48:00.000000000,806.48,NewShop_17,self_upi,0
T0002243,C0066,low_evening_shopper,2026-01-03 22:29:00.000000000,584.2,NewShop_6,friend_a,0
T0004160,C0121,high_business,2026-01-04 09:00:00.000000000,11386.18,OfficeSupplies,vendor_x,0
T0005718,C0166,high_business,2026-01-04 09:10:00.000000000,16225.86,OfficeSupplies,self_neft,0
T0001385,C0040,high_business,2026-01-04 09:43:00.000000000,9578.66,TajHotels,self_neft,0
T0005037,C0148,high_business,2026-01-04 09:54:00.000000000,10149.85,Indigo,self_neft,0
T0006085,C0175,high_business,2026-01-04 10:19:00.000000000,7200.01,Indigo,payroll,0
T0001384,C0040,high_business,2026-01-04 10:26:00.000000000,16153.03,TajHotels,vendor_x,0
T0001899,C0055,high_business,2026-01-04 10:49:00.000000000,33066.99,Indigo,vendor_x,0
T0002064,C0061,high_business,2026-01-04 10:56:00.000000000,15089.87,OfficeSupplies,self_neft,0
T0001383,C0040,high_business,2026-01-04 11:26:00.000000000,11353.02,OfficeSupplies,vendor_x,0
T0004163,C0121,high_business,2026-01-04 11:37:00.000000000,11250.81,AWS,self_neft,0
T0004162,C0121,high_business,2026-01-04 11:41:00.000000000,14139.97,TajHotels,payroll,0
T0001381,C0040,high_business,2026-01-04 11:50:00.000000000,11397.47,AWS,self_neft,0
T0001469,C0043,high_business,2026-01-04 12:07:00.000000000,8463.67,AWS,vendor_x,0
T0001382,C0040,high_business,2026-01-04 12:27:00.000000000,14600.82,Indigo,self_neft,0
T0004161,C0121,high_business,2026-01-04 12:36:00.000000000,46317.26,OfficeSupplies,payroll,0
T0001386,C0040,high_business,2026-01-04 12:39:00.000000000,33453.42,AWS,self_neft,0
T0006086,C0175,high_business,2026-01-04 12:40:00.000000000,10685.09,OfficeSupplies,self_neft,0
T0005719,C0166,high_business,2026-01-04 12:58:00.000000000,14093.22,AWS,self_neft,0
T0005038,C0148,high_business,2026-01-04 13:04:00.000000000,14957.63,AWS,payroll,0
T0000710,C0020,mid_weekend,2026-01-04 13:27:00.000000000,2503.19,NewShop_38,self_upi,0
T0001468,C0043,high_business,2026-01-04 13:48:00.000000000,15152.18,Indigo,payroll,0
T0005039,C0148,high_business,2026-01-04 13:57:00.000000000,13657.63,OfficeSupplies,payroll,0
T0004752,C0140,mid_weekend,2026-01-04 13:58:00.000000000,1767.05,Myntra,self_upi,0
T0001236,C0035,mid_weekend,2026-01-04 14:00:00.000000000,1883.91,BookMyShow,family_upi,0
T0004753,C0140,mid_weekend,2026-01-04 14:49:00.000000000,2662.14,IRCTC,self_upi,0
T0005036,C0148,high_business,2026-01-04 15:20:00.000000000,12715.93,TajHotels,payroll,0
T0001235,C0035,mid_weekend,2026-01-04 15:21:00.000000000,2039.3,Myntra,self_upi,0
T0000711,C0020,mid_weekend,2026-01-04 15:36:00.000000000,2492.13,Zomato,family_upi,0
T0003330,C0098,mid_weekend,2026-01-04 16:46:00.000000000,2716.95,IRCTC,self_upi,0
T0001838,C0053,mid_weekend,2026-01-04 18:21:00.000000000,2319.27,BookMyShow,family_upi,0
T0005109,C0150,low_evening_shopper,2026-01-04 18:24:00.000000000,510.32,Swiggy,self_upi,0
T0005809,C0168,low_evening_shopper,2026-01-04 18:59:00.000000000,2299.61,Amazon,self_upi,0
T0001549,C0045,low_evening_shopper,2026-01-04 19:08:00.000000000,582.53,Swiggy,friend_a,0
T0000763,C0021,low_evening_shopper,2026-01-04 19:50:00.000000000,1046.93,Amazon,self_upi,0
T0000417,C0012,low_evening_shopper,2026-01-04 20:08:00.000000000,590.52,BigBazaar,self_upi,0
T0003076,C0090,low_evening_shopper,2026-01-04 20:12:00.000000000,753.33,NewShop_15,self_upi,0
T0003587,C0105,low_evening_shopper,2026-01-04 21:37:00.000000000,669.08,Amazon,self_upi,0
T0005928,C0171,low_evening_shopper,2026-01-04 22:43:00.000000000,665.13,LocalKirana,self_upi,0
T0001387,C0040,high_business,2026-01-05 07:47:00.000000000,13254.11,AWS,vendor_x,0
T0001471,C0043,high_business,2026-01-05 08:45:00.000000000,10954.87,Indigo,self_neft,0
T0004165,C0121,high_business,2026-01-05 09:03:00.000000000,10345.95,AWS,payroll,0
T0001103,C0031,high_business,2026-01-05 09:10:00.000000000,10534.5,TajHotels,self_neft,0
T0001473,C0043,high_business,2026-01-05 09:34:00.000000000,12257.74,AWS,vendor_x,0
T0001470,C0043,high_business,2026-01-05 10:17:00.000000000,12133.01,AWS,vendor_x,0
T0001388,C0040,high_business,2026-01-05 11:30:00.000000000,15172.08,AWS,self_neft,0
T0006087,C0175,high_business,2026-01-05 12:50:00.000000000,14137.32,OfficeSupplies,vendor_x,0
T0004164,C0121,high_business,2026-01-05 13:01:00.000000000,23273.85,AWS,self_neft,0
T0003535,C0103,high_business,2026-01-05 13:12:00.000000000,11864.19,Indigo,vendor_x,0
T0003331,C0098,mid_weekend,2026-01-05 13:15:00.000000000,2379.32,IRCTC,self_upi,0
T0003534,C0103,high_business,2026-01-05 13:52:00.000000000,30246.32,AWS,payroll,0
T0001900,C0055,high_business,2026-01-05 13:52:00.000000000,14787.43,NewShop_8,self_neft,0
T0004338,C0127,high_business,2026-01-05 13:55:00.000000000,14373.66,TajHotels,vendor_x,0
T0002065,C0061,high_business,2026-01-05 14:12:00.000000000,9386.06,TajHotels,payroll,0
T0001237,C0035,mid_weekend,2026-01-05 14:39:00.000000000,2158.77,Myntra,family_upi,0
T0001102,C0031,high_business,2026-01-05 14:44:00.000000000,32600.78,OfficeSupplies,vendor_x,0
T0003533,C0103,high_business,2026-01-05 14:54:00.000000000,14243.59,AWS,vendor_x,0
T0001472,C0043,high_business,2026-01-05 15:52:00.000000000,13020.33,TajHotels,payroll,0
T0001839,C0053,mid_weekend,2026-01-05 15:57:00.000000000,2004.74,Zomato,family_upi,0
T0003862,C0112,high_business,2026-01-05 16:59:00.000000000,9460.01,OfficeSupplies,payroll,0
T0004637,C0136,high_business,2026-01-05 17:24:00.000000000,15147.08,OfficeSupplies,payroll,0
T0004754,C0140,mid_weekend,2026-01-05 18:24:00.000000000,2547.84,BookMyShow,self_upi,0
T0005232,C0153,low_evening_shopper,2026-01-05 19:09:00.000000000,610.75,NewShop_11,friend_a,0
T0001550,C0045,low_evening_shopper,2026-01-05 19:29:00.000000000,706.38,BigBazaar,friend_a,0
T0000712,C0020,mid_weekend,2026-01-05 19:52:00.000000000,2099.71,BookMyShow,self_upi,0
T0005110,C0150,low_evening_shopper,2026-01-05 20:32:00.000000000,478.35,Amazon,friend_a,0
T0001403,C0041,mid_weekend,2026-01-05 20:41:00.000000000,2674.26,BookMyShow,self_upi,0
T0001915,C0056,mid_weekend,2026-01-05 21:28:00.000000000,2836.45,Myntra,family_upi,0
T0005929,C0171,low_evening_shopper,2026-01-05 21:48:00.000000000,939.88,Amazon,self_upi,0
T0001104,C0031,high_business,2026-01-06 08:13:00.000000000,11165.5,TajHotels,payroll,0
T0001389,C0040,high_business,2026-01-06 08:29:00.000000000,6943.06,OfficeSupplies,payroll,0
T0001903,C0055,high_business,2026-01-06 09:09:00.000000000,12711.02,Indigo,vendor_x,0
T0001305,C0037,high_business,2026-01-06 09:21:00.000000000,47072.37,AWS,self_neft,0
T0001905,C0055,high_business,2026-01-06 09:52:00.000000000,9587.57,TajHotels,vendor_x,0
T0001306,C0037,high_business,2026-01-06 10:01:00.000000000,9385.72,OfficeSupplies,vendor_x,0
T0006092,C0175,high_business,2026-01-06 10:02:00.000000000,13772.48,AWS,self_neft,0
T0006090,C0175,high_business,2026-01-06 10:08:00.000000000,12373.94,Indigo,payroll,0
T0003866,C0112,high_business,2026-01-06 10:12:00.000000000,23972.78,OfficeSupplies,self_neft,0
T0001901,C0055,high_business,2026-01-06 10:45:00.000000000,11834.95,AWS,self_neft,0
T0002066,C0061,high_business,2026-01-06 10:56:00.000000000,17148.77,OfficeSupplies,self_neft,0
T0001840,C0053,mid_weekend,2026-01-06 11:04:00.000000000,2599.7,Myntra,family_upi,0
T0003864,C0112,high_business,2026-01-06 11:07:00.000000000,27582.14,Indigo,payroll,0
T0005720,C0166,high_business,2026-01-06 11:27:00.000000000,14301.08,OfficeSupplies,payroll,0
T0003865,C0112,high_business,2026-01-06 11:34:00.000000000,15956.79,NewShop_38,self_neft,0
T0005040,C0148,high_business,2026-01-06 11:41:00.000000000,5736.02,TajHotels,payroll,0
T0001904,C0055,high_business,2026-01-06 11:44:00.000000000,11154.15,AWS,payroll,0
T0001475,C0043,high_business,2026-01-06 11:55:00.000000000,9712.06,OfficeSupplies,payroll,0
T0001307,C0037,high_business,2026-01-06 12:05:00.000000000,16903.63,AWS,payroll,0
T0006091,C0175,high_business,2026-01-06 12:08:00.000000000,19389.67,Indigo,vendor_x,0
T0001474,C0043,high_business,2026-01-06 12:11:00.000000000,7989.77,Indigo,payroll,0
T0001902,C0055,high_business,2026-01-06 12:13:00.000000000,17472.97,TajHotels,self_neft,0
T0003867,C0112,high_business,2026-01-06 12:19:00.000000000,12669.97,TajHotels,payroll,0
T0003863,C0112,high_business,2026-01-06 12:23:00.000000000,15191.88,AWS,payroll,0
T0004339,C0127,high_business,2026-01-06 12:31:00.000000000,8782.56,OfficeSupplies,vendor_x,0
T0004184,C0122,mid_weekend,2026-01-06 12:54:00.000000000,6191.58,Myntra,self_upi,0
T0006089,C0175,high_business,2026-01-06 12:57:00.000000000,13628.46,AWS,self_neft,0
T0006088,C0175,high_business,2026-01-06 13:08:00.000000000,13863.54,TajHotels,payroll,0
T0005721,C0166,high_business,2026-01-06 13:28:00.000000000,42009.47,TajHotels,vendor_x,0
T0003536,C0103,high_business,2026-01-06 13:42:00.000000000,11824.06,TajHotels,self_neft,0
T0003868,C0112,high_business,2026-01-06 13:53:00.000000000,8318.61,AWS,vendor_x,0
T0004956,C0146,mid_weekend,2026-01-06 15:07:00.000000000,1033.98,Myntra,family_upi,0
T0004463,C0131,mid_weekend,2026-01-06 16:51:00.000000000,2412.52,Myntra,self_upi,0
T0005111,C0150,low_evening_shopper,2026-01-06 18:07:00.000000000,2138.68,Amazon,friend_a,0
T0000282,C0009,low_evening_shopper,2026-01-06 19:29:00.000000000,556.21,LocalKirana,self_upi,0
T0005233,C0153,low_evening_shopper,2026-01-06 19:42:00.000000000,871.9,Amazon,self_upi,0
T0003376,C0099,low_evening_shopper,2026-01-06 19:46:00.000000000,696.96,NewShop_5,self_upi,0
T0005343,C0156,low_evening_shopper,2026-01-06 19:49:00.000000000,575.9,LocalKirana,friend_a,0
T0001238,C0035,mid_weekend,2026-01-06 19:59:00.000000000,3267.37,IRCTC,family_upi,0
T0004957,C0146,mid_weekend,2026-01-06 20:00:00.000000000,3095.2,IRCTC,self_upi,0
T0005810,C0168,low_evening_shopper,2026-01-06 20:01:00.000000000,584.29,BigBazaar,self_upi,0
T0000765,C0021,low_evening_shopper,2026-01-06 20:08:00.000000000,935.88,Amazon,friend_a,0
T0000764,C0021,low_evening_shopper,2026-01-06 20:08:00.000000000,805.33,Amazon,friend_a,0
T0001404,C0041,mid_weekend,2026-01-06 20:11:00.000000000,2408.51,Myntra,self_upi,0
T0004371,C0128,mid_weekend,2026-01-06 20:21:00.000000000,1946.21,NewShop_33,family_upi,0
T0000418,C0012,low_evening_shopper,2026-01-06 20:26:00.000000000,799.86,LocalKirana,self_upi,0
T0004122,C0120,low_evening_shopper,2026-01-06 20:42:00.000000000,1002.41,Amazon,self_upi,0
T0004806,C0141,low_evening_shopper,2026-01-06 21:19:00.000000000,860.82,Amazon,friend_a,0
T0004050,C0117,low_evening_shopper,2026-01-06 21:35:00.000000000,539.76,BigBazaar,friend_a,0
T0001287,C0036,low_evening_shopper,2026-01-06 23:31:00.000000000,902.76,Amazon,self_upi,0
T0002067,C0061,high_business,2026-01-07 08:57:00.000000000,13637.07,Indigo,self_neft,0
T0003869,C0112,high_business,2026-01-07 09:11:00.000000000,12880.42,AWS,vendor_x,0
T0000584,C0016,high_business,2026-01-07 09:37:00.000000000,9832.87,TajHotels,self_neft,0
T0001909,C0055,high_business,2026-01-07 09:51:00.000000000,10298.33,OfficeSupplies,self_neft,0
T0005042,C0148,high_business,2026-01-07 09:55:00.000000000,10053.56,OfficeSupplies,payroll,0
T0001016,C0028,high_business,2026-01-07 10:01:00.000000000,27038.08,TajHotels,vendor_x,0
T0005722,C0166,high_business,2026-01-07 10:03:00.000000000,11169.69,OfficeSupplies,payroll,0
T0001908,C0055,high_business,2026-01-07 10:04:00.000000000,11392.15,OfficeSupplies,vendor_x,0
T0004638,C0136,high_business,2026-01-07 10:18:00.000000000,13272.45,NewShop_3,payroll,0
T0006093,C0175,high_business,2026-01-07 10:21:00.000000000,14726.85,Indigo,vendor_x,0
T0004245,C0124,high_business,2026-01-07 10:23:00.000000000,6569.88,TajHotels,vendor_x,0
T0003870,C0112,high_business,2026-01-07 10:34:00.000000000,11708.54,TajHotels,payroll,0
T0004639,C0136,high_business,2026-01-07 10:59:00.000000000,9170.69,Indigo,payroll,0
T0001017,C0028,high_business,2026-01-07 11:02:00.000000000,12641.37,NewShop_37,payroll,0
T0001405,C0041,mid_weekend,2026-01-07 11:06:00.000000000,2360.75,IRCTC,self_upi,0
T0001906,C0055,high_business,2026-01-07 11:16:00.000000000,11624.61,Indigo,vendor_x,0
T0000586,C0016,high_business,2026-01-07 11:51:00.000000000,11867.11,AWS,vendor_x,0
T0004640,C0136,high_business,2026-01-07 11:54:00.000000000,7871.46,TajHotels,self_neft,0
T0004085,C0118,high_business,2026-01-07 11:57:00.000000000,21991.88,OfficeSupplies,vendor_x,0
T0003104,C0091,high_business,2026-01-07 12:08:00.000000000,12135.81,AWS,payroll,0
T0003105,C0091,high_business,2026-01-07 12:21:00.000000000,13254.61,OfficeSupplies,self_neft,0
T0003537,C0103,high_business,2026-01-07 12:33:00.000000000,18165.28,OfficeSupplies,payroll,0
T0002068,C0061,high_business,2026-01-07 12:40:00.000000000,15674.32,Indigo,self_neft,0
T0005041,C0148,high_business,2026-01-07 12:51:00.000000000,46127.67,OfficeSupplies,payroll,0
T0000585,C0016,high_business,2026-01-07 13:05:00.000000000,8445.68,TajHotels,self_neft,0
T0001910,C0055,high_business,2026-01-07 13:37:00.000000000,11678.9,OfficeSupplies,payroll,0
T0004185,C0122,mid_weekend,2026-01-07 13:38:00.000000000,1921.66,BookMyShow,family_upi,0
T0001018,C0028,high_business,2026-01-07 13:39:00.000000000,10479.13,AWS,payroll,0
T0004958,C0146,mid_weekend,2026-01-07 13:45:00.000000000,2113.86,IRCTC,family_upi,0
T0000487,C0014,mid_weekend,2026-01-07 13:50:00.000000000,2120.05,BookMyShow,family_upi,0
T0000912,C0025,high_business,2026-01-07 13:51:00.000000000,29757.98,AWS,vendor_x,0
T0001390,C0040,high_business,2026-01-07 14:13:00.000000000,9334.17,OfficeSupplies,vendor_x,0
T0004464,C0131,mid_weekend,2026-01-07 14:23:00.000000000,3420.94,Myntra,family_upi,0
T0003122,C0092,mid_weekend,2026-01-07 14:53:00.000000000,3117.52,IRCTC,family_upi,0
T0000610,C0017,mid_weekend,2026-01-07 15:20:00.000000000,2834.44,Zomato,family_upi,0
T0001907,C0055,high_business,2026-01-07 15:40:00.000000000,14083.87,OfficeSupplies,self_neft,0
T0002607,C0077,mid_weekend,2026-01-07 15:47:00.000000000,2410.05,BookMyShow,self_upi,0
T0001239,C0035,mid_weekend,2026-01-07 16:19:00.000000000,2093.92,Myntra,self_upi,0
T0003332,C0098,mid_weekend,2026-01-07 16:21:00.000000000,2541.75,Zomato,self_upi,0
T0000485,C0014,mid_weekend,2026-01-07 16:44:00.000000000,1550.83,BookMyShow,family_upi,0
T0004166,C0121,high_business,2026-01-07 16:56:00.000000000,13611.91,TajHotels,vendor_x,0
T0001240,C0035,mid_weekend,2026-01-07 17:32:00.000000000,2565.22,BookMyShow,self_upi,0
T0000486,C0014,mid_weekend,2026-01-07 17:45:00.000000000,2840.3,Zomato,self_upi,0
T0003888,C0113,mid_weekend,2026-01-07 18:00:00.000000000,2832.8,Myntra,self_upi,0
T0004711,C0138,low_evening_shopper,2026-01-07 18:01:00.000000000,1019.92,BigBazaar,friend_a,0
T0004186,C0122,mid_weekend,2026-01-07 18:36:00.000000000,2230.27,Myntra,self_upi,0
T0004372,C0128,mid_weekend,2026-01-07 18:58:00.000000000,1473.12,IRCTC,self_upi,0
T0001551,C0045,low_evening_shopper,2026-01-07 19:14:00.000000000,657.25,Amazon,self_upi,0
T0003151,C0093,low_evening_shopper,2026-01-07 19:28:00.000000000,859.01,NewShop_36,self_upi,0
T0004807,C0141,low_evening_shopper,2026-01-07 19:33:00.000000000,650.88,Amazon,self_upi,0
T0004312,C0126,low_evening_shopper,2026-01-07 20:01:00.000000000,2694.23,LocalKirana,friend_a,0
T0001167,C0033,low_evening_shopper,2026-01-07 20:27:00.000000000,1981.92,LocalKirana,self_upi,0
T0006130,C0176,mid_weekend,2026-01-07 21:00:00.000000000,1863.54,BookMyShow,self_upi,0
T0003377,C0099,low_evening_shopper,2026-01-07 22:12:00.000000000,964.38,Amazon,friend_a,0
T0001669,C0048,low_evening_shopper,2026-01-07 23:53:00.000000000,799.44,Amazon,friend_a,0
T0003152,C0093,low_evening_shopper,2026-01-08 01:08:00.000000000,717.07,Amazon,friend_a,0
T0004394,C0129,low_evening_shopper,2026-01-08 05:06:00.000000000,836.29,LocalKirana,self_upi,0
T0001019,C0028,high_business,2026-01-08 06:13:00.000000000,11245.22,TajHotels,payroll,0
T0003539,C0103,high_business,2026-01-08 06:31:00.000000000,9245.99,OfficeSupplies,vendor_x,0
T0004171,C0121,high_business,2026-01-08 07:07:00.000000000,11675.31,NewShop_24,vendor_x,0
T0001105,C0031,high_business,2026-01-08 07:40:00.000000000,16495.48,OfficeSupplies,vendor_x,0
T0004169,C0121,high_business,2026-01-08 08:08:00.000000000,8794.87,TajHotels,self_neft,0
T0005616,C0163,high_business,2026-01-08 08:10:00.000000000,10946.11,Indigo,vendor_x,0
T0006095,C0175,high_business,2026-01-08 08:51:00.000000000,9417.6,OfficeSupplies,payroll,0
T0003107,C0091,high_business,2026-01-08 08:58:00.000000000,14268.75,Indigo,vendor_x,0
T0003873,C0112,high_business,2026-01-08 09:10:00.000000000,10324.27,TajHotels,payroll,0
T0004167,C0121,high_business,2026-01-08 09:23:00.000000000,39793.13,Indigo,vendor_x,0
T0006131,C0176,mid_weekend,2026-01-08 09:24:00.000000000,2964.32,NewShop_2,family_upi,0
T0001391,C0040,high_business,2026-01-08 09:25:00.000000000,14802.22,OfficeSupplies,payroll,0
T0000689,C0019,high_business,2026-01-08 09:26:00.000000000,8660.21,OfficeSupplies,vendor_x,0
T0006094,C0175,high_business,2026-01-08 09:38:00.000000000,14228.24,OfficeSupplies,payroll,0
T0005555,C0161,mid_weekend,2026-01-08 09:59:00.000000000,2663.51,BookMyShow,self_upi,0
T0003871,C0112,high_business,2026-01-08 10:01:00.000000000,14572.98,AWS,payroll,0
T0006352,C0055,high_business,2026-01-08 10:09:00.892121066,36936.67,P2P_33,new_wallet_2860,1
T0004341,C0127,high_business,2026-01-08 10:10:00.000000000,7257.15,TajHotels,vendor_x,0
T0001477,C0043,high_business,2026-01-08 10:17:00.000000000,13575.38,TajHotels,vendor_x,0
T0003538,C0103,high_business,2026-01-08 10:18:00.000000000,17164.36,Indigo,vendor_x,0
T0001913,C0055,high_business,2026-01-08 10:20:00.000000000,10315.24,NewShop_11,payroll,0
T0005618,C0163,high_business,2026-01-08 10:27:00.000000000,14338.53,Indigo,payroll,0
T0004641,C0136,high_business,2026-01-08 10:30:00.000000000,12095.54,OfficeSupplies,vendor_x,0
T0004168,C0121,high_business,2026-01-08 10:30:00.000000000,23137.47,AWS,vendor_x,0
T0000690,C0019,high_business,2026-01-08 10:46:00.000000000,10043.17,Indigo,self_neft,0
T0004340,C0127,high_business,2026-01-08 10:49:00.000000000,11353.03,Indigo,payroll,0
T0001914,C0055,high_business,2026-01-08 11:06:00.000000000,41012.19,TajHotels,vendor_x,0
T0000488,C0014,mid_weekend,2026-01-08 11:39:00.000000000,2756.49,Myntra,family_upi,0
T0001476,C0043,high_business,2026-01-08 11:41:00.000000000,11230.84,AWS,self_neft,0
T0006096,C0175,high_business,2026-01-08 11:44:00.000000000,16531.06,AWS,payroll,0
T0005855,C0169,high_business,2026-01-08 11:59:00.000000000,15905.31,Indigo,vendor_x,0
T0000687,C0019,high_business,2026-01-08 12:02:00.000000000,15531.52,AWS,payroll,0
T0000688,C0019,high_business,2026-01-08 12:05:00.000000000,10804.17,AWS,self_neft,0
T0001393,C0040,high_business,2026-01-08 12:08:00.000000000,11462.27,AWS,payroll,0
T0004172,C0121,high_business,2026-01-08 12:11:00.000000000,9992.59,OfficeSupplies,self_neft,0
T0003106,C0091,high_business,2026-01-08 12:22:00.000000000,9625.07,TajHotels,payroll,0
T0005723,C0166,high_business,2026-01-08 12:23:00.000000000,12378.39,TajHotels,payroll,0
T0001912,C0055,high_business,2026-01-08 12:28:00.000000000,10131.2,OfficeSupplies,vendor_x,0
T0001499,C0044,mid_weekend,2026-01-08 12:28:00.000000000,2822.32,Zomato,family_upi,0
T0005854,C0169,high_business,2026-01-08 12:50:00.000000000,8293.59,TajHotels,payroll,0
T0000587,C0016,high_business,2026-01-08 13:05:00.000000000,10942.71,AWS,self_neft,0
T0003874,C0112,high_business,2026-01-08 13:06:00.000000000,16263.23,Indigo,payroll,0
T0003108,C0091,high_business,2026-01-08 13:16:00.000000000,11771.2,TajHotels,vendor_x,0
T0004642,C0136,high_business,2026-01-08 13:19:00.000000000,11740.23,TajHotels,payroll,0
T0001911,C0055,high_business,2026-01-08 13:27:00.000000000,12333.92,AWS,self_neft,0
T0003875,C0112,high_business,2026-01-08 13:27:00.000000000,11182.16,OfficeSupplies,payroll,0
T0001392,C0040,high_business,2026-01-08 13:30:00.000000000,24589.47,TajHotels,vendor_x,0
T0005554,C0161,mid_weekend,2026-01-08 13:38:00.000000000,2171.98,Myntra,self_upi,0
T0004170,C0121,high_business,2026-01-08 13:42:00.000000000,16100.83,Indigo,payroll,0
T0003872,C0112,high_business,2026-01-08 13:46:00.000000000,10079.34,AWS,payroll,0
T0001498,C0044,mid_weekend,2026-01-08 14:07:00.000000000,6247.51,IRCTC,family_upi,0
T0000713,C0020,mid_weekend,2026-01-08 14:28:00.000000000,2339.49,Zomato,self_upi,0
T0004643,C0136,high_business,2026-01-08 14:53:00.000000000,7425.4,NewShop_1,payroll,0
T0005617,C0163,high_business,2026-01-08 15:11:00.000000000,3255.71,OfficeSupplies,self_neft,0
T0004959,C0146,mid_weekend,2026-01-08 15:25:00.000000000,2502.74,BookMyShow,family_upi,0
T0004465,C0131,mid_weekend,2026-01-08 15:34:00.000000000,3264.2,BookMyShow,family_upi,0
T0004755,C0140,mid_weekend,2026-01-08 15:48:00.000000000,2411.12,Zomato,self_upi,0
T0004187,C0122,mid_weekend,2026-01-08 16:08:00.000000000,2598.33,Zomato,self_upi,0
T0001916,C0056,mid_weekend,2026-01-08 17:25:00.000000000,2404.73,IRCTC,family_upi,0
T0000420,C0012,low_evening_shopper,2026-01-08 17:30:00.000000000,2669.32,Amazon,friend_a,0
T0001917,C0056,mid_weekend,2026-01-08 17:35:00.000000000,4859.29,Myntra,self_upi,0
T0004960,C0146,mid_weekend,2026-01-08 17:37:00.000000000,3131.85,Zomato,self_upi,0
T0001497,C0044,mid_weekend,2026-01-08 17:46:00.000000000,3033.99,Zomato,self_upi,0
T0003333,C0098,mid_weekend,2026-01-08 17:49:00.000000000,2613.18,BookMyShow,self_upi,0
T0005556,C0161,mid_weekend,2026-01-08 17:58:00.000000000,1860.77,IRCTC,family_upi,0
T0003889,C0113,mid_weekend,2026-01-08 18:01:00.000000000,2562.6,Zomato,family_upi,0
T0004373,C0128,mid_weekend,2026-01-08 18:35:00.000000000,6033.13,Myntra,family_upi,0
T0003588,C0105,low_evening_shopper,2026-01-08 18:44:00.000000000,917.65,Amazon,self_upi,0
T0000167,C0005,mid_weekend,2026-01-08 18:58:00.000000000,2021.85,BookMyShow,family_upi,0
T0004313,C0126,low_evening_shopper,2026-01-08 19:16:00.000000000,634.34,Amazon,friend_a,0
T0000419,C0012,low_evening_shopper,2026-01-08 19:21:00.000000000,486.09,LocalKirana,friend_a,0
T0005811,C0168,low_evening_shopper,2026-01-08 19:47:00.000000000,579.87,BigBazaar,friend_a,0
T0000766,C0021,low_evening_shopper,2026-01-08 20:08:00.000000000,796.48,Amazon,self_upi,0
T0000283,C0009,low_evening_shopper,2026-01-08 20:08:00.000000000,640.21,LocalKirana,self_upi,0
T0001995,C0059,mid_weekend,2026-01-08 20:55:00.000000000,2645.78,Zomato,self_upi,0
T0003123,C0092,mid_weekend,2026-01-08 21:12:00.000000000,2354.46,Myntra,family_upi,0
T0005234,C0153,low_evening_shopper,2026-01-08 21:24:00.000000000,504.02,Swiggy,friend_a,0
T0003077,C0090,low_evening_shopper,2026-01-08 21:47:00.000000000,448.15,NewShop_18,friend_a,0
T0004222,C0123,low_evening_shopper,2026-01-08 22:08:00.000000000,316.41,LocalKirana,friend_a,0
T0004123,C0120,low_evening_shopper,2026-01-08 22:33:00.000000000,961.6,BigBazaar,self_upi,0
T0002245,C0066,low_evening_shopper,2026-01-08 22:34:00.000000000,532.85,Swiggy,self_upi,0
T0002244,C0066,low_evening_shopper,2026-01-08 22:44:00.000000000,792.48,NewShop_9,self_upi,0
T0001406,C0041,mid_weekend,2026-01-08 23:56:00.000000000,2648.91,Myntra,self_upi,0
T0003541,C0103,high_business,2026-01-09 08:06:00.000000000,14060.26,AWS,vendor_x,0
T0006099,C0175,high_business,2026-01-09 08:15:00.000000000,11502.03,OfficeSupplies,self_neft,0
T0003302,C0097,high_business,2026-01-09 08:24:00.000000000,9210.11,NewShop_16,vendor_x,0
T0005043,C0148,high_business,2026-01-09 09:14:00.000000000,3760.44,TajHotels,self_neft,0
T0002175,C0064,high_business,2026-01-09 09:22:00.000000000,43728.1,AWS,payroll,0
T0004174,C0121,high_business,2026-01-09 09:30:00.000000000,11126.15,AWS,payroll,0
T0000913,C0025,high_business,2026-01-09 09:31:00.000000000,8545.92,TajHotels,vendor_x,0
T0001399,C0040,high_business,2026-01-09 09:41:00.000000000,9449.44,AWS,self_neft,0
T0000914,C0025,high_business,2026-01-09 09:42:00.000000000,9416.26,TajHotels,vendor_x,0
T0001401,C0040,high_business,2026-01-09 09:47:00.000000000,12554.05,OfficeSupplies,vendor_x,0
T0001394,C0040,high_business,2026-01-09 09:48:00.000000000,8684.72,OfficeSupplies,vendor_x,0
T0001308,C0037,high_business,2026-01-09 09:49:00.000000000,12902.62,NewShop_27,payroll,0
T0004086,C0118,high_business,2026-01-09 09:51:00.000000000,11963.25,AWS,vendor_x,0
T0004343,C0127,high_business,2026-01-09 10:00:00.000000000,11164.16,TajHotels,vendor_x,0
T0003300,C0097,high_business,2026-01-09 10:04:00.000000000,12416.41,NewShop_1,vendor_x,0
T0004342,C0127,high_business,2026-01-09 10:08:00.000000000,13763.7,TajHotels,payroll,0
T0001106,C0031,high_business,2026-01-09 10:11:00.000000000,11968.11,TajHotels,self_neft,0
T0001397,C0040,high_business,2026-01-09 10:15:00.000000000,11066.19,OfficeSupplies,payroll,0
T0001478,C0043,high_business,2026-01-09 10:19:00.000000000,11314.92,TajHotels,vendor_x,0
T0002174,C0064,high_business,2026-01-09 10:52:00.000000000,10561.21,AWS,payroll,0
T0003540,C0103,high_business,2026-01-09 10:54:00.000000000,11814.03,TajHotels,payroll,0
T0004937,C0145,high_business,2026-01-09 10:59:00.000000000,18171.76,Indigo,payroll,0
T0003301,C0097,high_business,2026-01-09 11:14:00.000000000,13994.99,OfficeSupplies,self_neft,0
T0004936,C0145,high_business,2026-01-09 11:27:00.000000000,11797.2,OfficeSupplies,self_neft,0
T0001398,C0040,high_business,2026-01-09 11:27:00.000000000,13452.26,OfficeSupplies,vendor_x,0
T0002905,C0085,high_business,2026-01-09 11:27:00.000000000,12291.55,AWS,vendor_x,0
T0002176,C0064,high_business,2026-01-09 11:32:00.000000000,11061.68,TajHotels,self_neft,0
T0001309,C0037,high_business,2026-01-09 11:40:00.000000000,30261.41,Indigo,self_neft,0
T0004865,C0143,mid_weekend,2026-01-09 11:44:00.000000000,3477.69,Zomato,family_upi,0
T0004442,C0130,high_business,2026-01-09 11:47:00.000000000,14204.39,TajHotels,self_neft,0
T0003110,C0091,high_business,2026-01-09 11:50:00.000000000,12223.78,OfficeSupplies,payroll,0
T0001500,C0044,mid_weekend,2026-01-09 12:08:00.000000000,2892.87,Zomato,self_upi,0
T0004466,C0131,mid_weekend,2026-01-09 12:22:00.000000000,2666.69,IRCTC,family_upi,0
T0001996,C0059,mid_weekend,2026-01-09 12:36:00.000000000,3023.91,Myntra,family_upi,0
T0004173,C0121,high_business,2026-01-09 12:37:00.000000000,12522.79,TajHotels,self_neft,0
T0005856,C0169,high_business,2026-01-09 12:39:00.000000000,14731.15,OfficeSupplies,self_neft,0
T0001400,C0040,high_business,2026-01-09 12:40:00.000000000,10013.99,Indigo,self_neft,0
T0006100,C0175,high_business,2026-01-09 12:41:00.000000000,13462.51,Indigo,payroll,0
T0001795,C0052,high_business,2026-01-09 12:53:00.000000000,12103.56,AWS,payroll,0
T0005724,C0166,high_business,2026-01-09 12:57:00.000000000,10032.93,TajHotels,payroll,0
T0001395,C0040,high_business,2026-01-09 13:03:00.000000000,10616.38,Indigo,payroll,0
T0001407,C0041,mid_weekend,2026-01-09 13:06:00.000000000,2538.44,Myntra,family_upi,0
T0001396,C0040,high_business,2026-01-09 13:38:00.000000000,10601.52,Indigo,vendor_x,0
T0003109,C0091,high_business,2026-01-09 13:43:00.000000000,13378.01,Indigo,vendor_x,0
T0003303,C0097,high_business,2026-01-09 13:53:00.000000000,12053.58,TajHotels,vendor_x,0
T0006098,C0175,high_business,2026-01-09 14:21:00.000000000,13085.01,AWS,payroll,0
T0000611,C0017,mid_weekend,2026-01-09 14:32:00.000000000,2558.56,Zomato,self_upi,0
T0004246,C0124,high_business,2026-01-09 14:51:00.000000000,9697.74,OfficeSupplies,payroll,0
T0002608,C0077,mid_weekend,2026-01-09 14:54:00.000000000,3520.01,Zomato,family_upi,0
T0002177,C0064,high_business,2026-01-09 14:58:00.000000000,38766.14,AWS,vendor_x,0
T0001841,C0053,mid_weekend,2026-01-09 15:02:00.000000000,3092.74,IRCTC,self_upi,0
T0005663,C0164,mid_weekend,2026-01-09 15:37:00.000000000,2578.87,Zomato,self_upi,0
T0003334,C0098,mid_weekend,2026-01-09 16:02:00.000000000,2608.96,IRCTC,family_upi,0
T0000714,C0020,mid_weekend,2026-01-09 16:34:00.000000000,2872.45,IRCTC,family_upi,0
T0006097,C0175,high_business,2026-01-09 16:40:00.000000000,33134.41,Indigo,payroll,0
T0001918,C0056,mid_weekend,2026-01-09 16:50:00.000000000,3455.13,BookMyShow,self_upi,0
T0001501,C0044,mid_weekend,2026-01-09 17:35:00.000000000,2558.17,BookMyShow,family_upi,0
T0003890,C0113,mid_weekend,2026-01-09 17:51:00.000000000,3078.7,IRCTC,self_upi,0
T0001408,C0041,mid_weekend,2026-01-09 17:56:00.000000000,2820.69,IRCTC,family_upi,0
T0001168,C0033,low_evening_shopper,2026-01-09 18:00:00.000000000,724.0,BigBazaar,self_upi,0
T0001038,C0029,mid_weekend,2026-01-09 18:12:00.000000000,2846.01,IRCTC,family_upi,0
T0004712,C0138,low_evening_shopper,2026-01-09 18:34:00.000000000,939.02,Amazon,self_upi,0
T0000767,C0021,low_evening_shopper,2026-01-09 19:33:00.000000000,902.49,Amazon,self_upi,0
T0001422,C0042,low_evening_shopper,2026-01-09 19:40:00.000000000,799.62,Amazon,self_upi,0
T0001288,C0036,low_evening_shopper,2026-01-09 19:47:00.000000000,780.1,BigBazaar,friend_a,0
T0002246,C0066,low_evening_shopper,2026-01-09 20:03:00.000000000,1032.38,Amazon,friend_a,0
T0003378,C0099,low_evening_shopper,2026-01-09 20:13:00.000000000,810.65,BigBazaar,self_upi,0
T0004910,C0144,low_evening_shopper,2026-01-09 20:30:00.000000000,463.62,NewShop_11,self_upi,0
T0005344,C0156,low_evening_shopper,2026-01-09 21:08:00.000000000,593.09,LocalKirana,friend_a,0
T0001039,C0029,mid_weekend,2026-01-09 21:24:00.000000000,1484.46,Myntra,self_upi,0
T0004314,C0126,low_evening_shopper,2026-01-09 22:33:00.000000000,832.5,LocalKirana,friend_a,0
T0004051,C0117,low_evening_shopper,2026-01-09 22:34:00.000000000,745.4,BigBazaar,friend_a,0
T0002967,C0087,low_evening_shopper,2026-01-09 22:34:00.000000000,2084.73,NewShop_20,self_upi,0
T0003078,C0090,low_evening_shopper,2026-01-09 23:56:00.000000000,596.2,NewShop_17,self_upi,0
T0001402,C0040,high_business,2026-01-10 04:05:00.000000000,11367.8,TajHotels,vendor_x,0
T0001479,C0043,high_business,2026-01-10 05:19:00.000000000,34814.59,NewShop_9,self_neft,0
T0000612,C0017,mid_weekend,2026-01-10 07:53:00.000000000,10082.75,IRCTC,self_upi,0
T0000121,C0004,high_business,2026-01-10 08:07:00.000000000,12174.8,OfficeSupplies,self_neft,0
T0000917,C0025,high_business,2026-01-10 08:17:00.000000000,8443.48,AWS,self_neft,0
T0004176,C0121,high_business,2026-01-10 08:53:00.000000000,12436.4,AWS,payroll,0
T0001020,C0028,high_business,2026-01-10 09:21:00.000000000,14578.53,AWS,self_neft,0
T0000915,C0025,high_business,2026-01-10 09:23:00.000000000,9434.79,TajHotels,self_neft,0
T0003305,C0097,high_business,2026-01-10 09:35:00.000000000,11923.29,TajHotels,self_neft,0
T0002609,C0077,mid_weekend,2026-01-10 09:36:00.000000000,3162.57,Myntra,family_upi,0
T0001602,C0046,high_business,2026-01-10 09:52:00.000000000,11138.71,Indigo,self_neft,0
T0001310,C0037,high_business,2026-01-10 10:00:00.000000000,16595.78,AWS,payroll,0
T0004444,C0130,high_business,2026-01-10 10:13:00.000000000,18473.57,Indigo,self_neft,0
T0004757,C0140,mid_weekend,2026-01-10 10:22:00.000000000,2245.68,Zomato,family_upi,0
T0003876,C0112,high_business,2026-01-10 10:30:00.000000000,12233.91,TajHotels,payroll,0
T0004344,C0127,high_business,2026-01-10 10:33:00.000000000,28242.76,Indigo,self_neft,0
T0003111,C0091,high_business,2026-01-10 10:41:00.000000000,13735.99,OfficeSupplies,vendor_x,0
T0004175,C0121,high_business,2026-01-10 10:46:00.000000000,9942.84,TajHotels,vendor_x,0
T0004938,C0145,high_business,2026-01-10 10:47:00.000000000,11957.57,AWS,payroll,0
T0001107,C0031,high_business,2026-01-10 10:56:00.000000000,12318.42,AWS,payroll,0
T0000918,C0025,high_business,2026-01-10 11:00:00.000000000,10107.43,TajHotels,payroll,0
T0003304,C0097,high_business,2026-01-10 11:09:00.000000000,15481.46,TajHotels,self_neft,0
T0000614,C0017,mid_weekend,2026-01-10 11:14:00.000000000,1780.36,BookMyShow,family_upi,0
T0001480,C0043,high_business,2026-01-10 11:36:00.000000000,10926.96,AWS,self_neft,0
T0005857,C0169,high_business,2026-01-10 11:37:00.000000000,9813.59,TajHotels,self_neft,0
T0005725,C0166,high_business,2026-01-10 11:42:00.000000000,16209.35,AWS,payroll,0
T0004939,C0145,high_business,2026-01-10 12:10:00.000000000,7699.75,AWS,self_neft,0
T0004866,C0143,mid_weekend,2026-01-10 12:28:00.000000000,2768.44,Myntra,family_upi,0
T0000916,C0025,high_business,2026-01-10 12:37:00.000000000,17345.44,Indigo,payroll,0
T0004756,C0140,mid_weekend,2026-01-10 12:38:00.000000000,2074.29,IRCTC,family_upi,0
T0004247,C0124,high_business,2026-01-10 12:47:00.000000000,9308.02,Indigo,payroll,0
T0002906,C0085,high_business,2026-01-10 12:50:00.000000000,41474.85,OfficeSupplies,self_neft,0
T0004087,C0118,high_business,2026-01-10 12:50:00.000000000,10253.29,NewShop_1,self_neft,0
T0004345,C0127,high_business,2026-01-10 12:58:00.000000000,14114.56,Indigo,payroll,0
T0000122,C0004,high_business,2026-01-10 13:08:00.000000000,15590.75,TajHotels,payroll,0
T0001311,C0037,high_business,2026-01-10 13:08:00.000000000,15197.91,OfficeSupplies,payroll,0
T0003877,C0112,high_business,2026-01-10 13:12:00.000000000,6165.76,OfficeSupplies,payroll,0
T0006132,C0176,mid_weekend,2026-01-10 13:20:00.000000000,2853.85,Zomato,family_upi,0
T0004088,C0118,high_business,2026-01-10 13:21:00.000000000,7739.03,OfficeSupplies,payroll,0
T0002178,C0064,high_business,2026-01-10 13:34:00.000000000,14561.53,Indigo,vendor_x,0
T0005726,C0166,high_business,2026-01-10 13:35:00.000000000,12737.39,TajHotels,payroll,0
T0005044,C0148,high_business,2026-01-10 13:43:00.000000000,12337.77,NewShop_27,vendor_x,0
T0002179,C0064,high_business,2026-01-10 13:53:00.000000000,18583.99,OfficeSupplies,vendor_x,0
T0001021,C0028,high_business,2026-01-10 13:56:00.000000000,11735.05,OfficeSupplies,payroll,0
T0005619,C0163,high_business,2026-01-10 13:57:00.000000000,11867.45,OfficeSupplies,vendor_x,0
T0001601,C0046,high_business,2026-01-10 14:04:00.000000000,17193.75,Indigo,payroll,0
T0004443,C0130,high_business,2026-01-10 14:33:00.000000000,12519.33,TajHotels,vendor_x,0
T0004188,C0122,mid_weekend,2026-01-10 15:03:00.000000000,2558.17,Zomato,self_upi,0
T0006364,C0121,high_business,2026-01-10 15:08:00.907123201,30180.46,TajHotels,quick_payee_907,1
T0001241,C0035,mid_weekend,2026-01-10 15:11:00.000000000,2315.05,BookMyShow,self_upi,0
T0002707,C0080,mid_weekend,2026-01-10 15:13:00.000000000,2228.47,BookMyShow,family_upi,0
T0003335,C0098,mid_weekend,2026-01-10 15:20:00.000000000,2578.29,Zomato,self_upi,0
T0004961,C0146,mid_weekend,2026-01-10 15:23:00.000000000,2735.84,BookMyShow,self_upi,0
T0004758,C0140,mid_weekend,2026-01-10 15:40:00.000000000,2582.32,IRCTC,self_upi,0
T0006101,C0175,high_business,2026-01-10 15:52:00.000000000,10702.72,Indigo,payroll,0
T0005768,C0167,mid_weekend,2026-01-10 16:23:00.000000000,1764.79,BookMyShow,self_upi,0
T0000613,C0017,mid_weekend,2026-01-10 16:40:00.000000000,6523.42,BookMyShow,family_upi,0
T0004467,C0131,mid_weekend,2026-01-10 17:54:00.000000000,2666.97,IRCTC,self_upi,0
T0005727,C0166,high_business,2026-01-10 17:58:00.000000000,12597.65,OfficeSupplies,self_neft,0
T0005112,C0150,low_evening_shopper,2026-01-10 18:16:00.000000000,783.83,Amazon,friend_a,0
T0004374,C0128,mid_weekend,2026-01-10 18:21:00.000000000,3473.77,IRCTC,family_upi,0
T0001670,C0048,low_evening_shopper,2026-01-10 19:04:00.000000000,1081.32,BigBazaar,self_upi,0
T0000715,C0020,mid_weekend,2026-01-10 19:48:00.000000000,2938.9,BookMyShow,family_upi,0
T0005345,C0156,low_evening_shopper,2026-01-10 19:51:00.000000000,793.33,BigBazaar,self_upi,0
T0000168,C0005,mid_weekend,2026-01-10 20:39:00.000000000,2210.66,BookMyShow,self_upi,0
T0005687,C0165,low_evening_shopper,2026-01-10 20:43:00.000000000,677.0,Amazon,friend_a,0
T0002515,C0074,mid_weekend,2026-01-10 20:57:00.000000000,2393.2,Zomato,self_upi,0
T0003153,C0093,low_evening_shopper,2026-01-10 21:12:00.000000000,585.84,BigBazaar,self_upi,0
T0000421,C0012,low_evening_shopper,2026-01-10 21:29:00.000000000,453.77,BigBazaar,friend_a,0
T0003275,C0096,low_evening_shopper,2026-01-10 21:57:00.000000000,395.63,LocalKirana,self_upi,0
T0004395,C0129,low_evening_shopper,2026-01-11 05:55:00.000000000,1562.69,Amazon,self_upi,0
T0002069,C0061,high_business,2026-01-11 08:10:00.000000000,10845.37,OfficeSupplies,self_neft,0
T0002180,C0064,high_business,2026-01-11 08:17:00.000000000,10676.2,TajHotels,vendor_x,0
T0004090,C0118,high_business,2026-01-11 08:25:00.000000000,8684.41,TajHotels,vendor_x,0
T0001796,C0052,high_business,2026-01-11 08:33:00.000000000,11729.06,Indigo,self_neft,0
T0003542,C0103,high_business,2026-01-11 09:17:00.000000000,10921.99,AWS,payroll,0
T0004446,C0130,high_business,2026-01-11 09:40:00.000000000,10143.62,OfficeSupplies,vendor_x,0
T0003306,C0097,high_business,2026-01-11 09:52:00.000000000,9994.71,TajHotels,vendor_x,0
T0001798,C0052,high_business,2026-01-11 10:17:00.000000000,10053.23,Indigo,vendor_x,0
T0006106,C0175,high_business,2026-01-11 10:25:00.000000000,15039.45,TajHotels,vendor_x,0
T0001109,C0031,high_business,2026-01-11 11:08:00.000000000,15914.43,AWS,payroll,0
T0006105,C0175,high_business,2026-01-11 11:10:00.000000000,10809.35,TajHotels,self_neft,0
T0005728,C0166,high_business,2026-01-11 11:14:00.000000000,14850.95,AWS,self_neft,0
T0004178,C0121,high_business,2026-01-11 11:17:00.000000000,12728.84,Indigo,payroll,0
T0005729,C0166,high_business,2026-01-11 11:29:00.000000000,14900.54,TajHotels,payroll,0
T0000489,C0014,mid_weekend,2026-01-11 11:29:00.000000000,2026.15,IRCTC,family_upi,0
T0004177,C0121,high_business,2026-01-11 11:29:00.000000000,11298.92,TajHotels,self_neft,0
T0005620,C0163,high_business,2026-01-11 11:29:00.000000000,9358.93,TajHotels,payroll,0
T0002493,C0073,high_business,2026-01-11 11:30:00.000000000,12953.42,Indigo,payroll,0
T0000123,C0004,high_business,2026-01-11 11:31:00.000000000,10571.38,AWS,payroll,0
T0001108,C0031,high_business,2026-01-11 11:31:00.000000000,7100.12,TajHotels,payroll,0
T0006102,C0175,high_business,2026-01-11 11:32:00.000000000,14469.57,AWS,vendor_x,0
T0004449,C0130,high_business,2026-01-11 11:41:00.000000000,11237.19,Indigo,self_neft,0
T0001694,C0049,high_business,2026-01-11 11:44:00.000000000,12977.33,OfficeSupplies,vendor_x,0
T0004448,C0130,high_business,2026-01-11 11:50:00.000000000,11680.41,TajHotels,vendor_x,0
T0000490,C0014,mid_weekend,2026-01-11 12:13:00.000000000,2055.39,NewShop_33,family_upi,0
T0004346,C0127,high_business,2026-01-11 12:18:00.000000000,11550.16,Indigo,vendor_x,0
T0001919,C0056,mid_weekend,2026-01-11 12:41:00.000000000,1741.85,BookMyShow,family_upi,0
T0004089,C0118,high_business,2026-01-11 12:42:00.000000000,10779.13,AWS,payroll,0
T0006104,C0175,high_business,2026-01-11 13:11:00.000000000,10158.66,Indigo,self_neft,0
T0004445,C0130,high_business,2026-01-11 13:12:00.000000000,10111.09,OfficeSupplies,payroll,0
T0004644,C0136,high_business,2026-01-11 13:19:00.000000000,15773.7,AWS,payroll,0
T0001481,C0043,high_business,2026-01-11 13:21:00.000000000,34429.91,AWS,vendor_x,0
T0000615,C0017,mid_weekend,2026-01-11 13:28:00.000000000,3028.55,Myntra,self_upi,0
T0002708,C0080,mid_weekend,2026-01-11 13:31:00.000000000,2752.75,Myntra,family_upi,0
T0004347,C0127,high_business,2026-01-11 13:41:00.000000000,15664.34,AWS,vendor_x,0
T0002494,C0073,high_business,2026-01-11 13:51:00.000000000,12075.24,AWS,self_neft,0
T0004447,C0130,high_business,2026-01-11 13:53:00.000000000,11184.2,Indigo,payroll,0
T0004645,C0136,high_business,2026-01-11 13:54:00.000000000,13570.68,TajHotels,vendor_x,0
T0006103,C0175,high_business,2026-01-11 13:57:00.000000000,17168.41,TajHotels,vendor_x,0
T0001797,C0052,high_business,2026-01-11 14:03:00.000000000,9232.08,AWS,vendor_x,0
T0000691,C0019,high_business,2026-01-11 14:07:00.000000000,14526.95,Indigo,payroll,0
T0004091,C0118,high_business,2026-01-11 14:07:00.000000000,13220.91,AWS,self_neft,0
T0000491,C0014,mid_weekend,2026-01-11 14:09:00.000000000,2782.27,NewShop_11,family_upi,0
T0003891,C0113,mid_weekend,2026-01-11 14:10:00.000000000,2977.47,Myntra,family_upi,0
T0005557,C0161,mid_weekend,2026-01-11 14:41:00.000000000,2177.01,Myntra,family_upi,0
T0000919,C0025,high_business,2026-01-11 14:42:00.000000000,10185.46,Indigo,self_neft,0
T0001920,C0056,mid_weekend,2026-01-11 14:42:00.000000000,2234.52,Zomato,self_upi,0
T0004189,C0122,mid_weekend,2026-01-11 15:24:00.000000000,2149.27,IRCTC,self_upi,0
T0000492,C0014,mid_weekend,2026-01-11 16:12:00.000000000,2773.18,Myntra,self_upi,0
T0005664,C0164,mid_weekend,2026-01-11 16:15:00.000000000,2025.91,Myntra,family_upi,0
T0003462,C0101,mid_weekend,2026-01-11 16:25:00.000000000,6518.17,Zomato,self_upi,0
T0004468,C0131,mid_weekend,2026-01-11 17:06:00.000000000,2324.45,Myntra,self_upi,0
T0005902,C0170,mid_weekend,2026-01-11 17:13:00.000000000,1291.06,Zomato,self_upi,0
T0005901,C0170,mid_weekend,2026-01-11 17:41:00.000000000,3075.51,IRCTC,family_upi,0
T0006133,C0176,mid_weekend,2026-01-11 18:06:00.000000000,2623.94,Zomato,family_upi,0
T0004962,C0146,mid_weekend,2026-01-11 18:20:00.000000000,1888.56,Myntra,family_upi,0
T0001409,C0041,mid_weekend,2026-01-11 18:35:00.000000000,3251.65,IRCTC,self_upi,0
T0001040,C0029,mid_weekend,2026-01-11 18:46:00.000000000,1875.33,IRCTC,family_upi,0
T0003124,C0092,mid_weekend,2026-01-11 18:48:00.000000000,2612.02,BookMyShow,self_upi,0
T0004911,C0144,low_evening_shopper,2026-01-11 19:14:00.000000000,1167.71,LocalKirana,friend_a,0
T0004052,C0117,low_evening_shopper,2026-01-11 19:53:00.000000000,942.38,BigBazaar,self_upi,0
T0000422,C0012,low_evening_shopper,2026-01-11 19:58:00.000000000,487.49,LocalKirana,self_upi,0
T0001842,C0053,mid_weekend,2026-01-11 20:00:00.000000000,2981.25,BookMyShow,family_upi,0
T0003154,C0093,low_evening_shopper,2026-01-11 20:05:00.000000000,686.13,Amazon,friend_a,0
T0004450,C0130,high_business,2026-01-11 20:08:00.000000000,10543.26,AWS,self_neft,0
T0005769,C0167,mid_weekend,2026-01-11 20:11:00.000000000,2355.64,Myntra,family_upi,0
T0003276,C0096,low_evening_shopper,2026-01-11 20:19:00.000000000,842.34,BigBazaar,friend_a,0
T0001084,C0030,low_evening_shopper,2026-01-11 20:52:00.000000000,514.01,LocalKirana,self_upi,0
T0000284,C0009,low_evening_shopper,2026-01-11 21:00:00.000000000,722.93,BigBazaar,self_upi,0
T0005812,C0168,low_evening_shopper,2026-01-11 21:13:00.000000000,661.61,BigBazaar,self_upi,0
T0005346,C0156,low_evening_shopper,2026-01-11 21:16:00.000000000,500.65,LocalKirana,self_upi,0
T0004396,C0129,low_evening_shopper,2026-01-11 21:21:00.000000000,890.96,LocalKirana,friend_a,0
T0004397,C0129,low_evening_shopper,2026-01-11 21:48:00.000000000,722.93,BigBazaar,friend_a,0
T0002181,C0064,high_business,2026-01-11 22:05:00.000000000,7955.77,TajHotels,vendor_x,0
T0004606,C0135,low_evening_shopper,2026-01-11 22:32:00.000000000,858.7,LocalKirana,self_upi,0
T0001289,C0036,low_evening_shopper,2026-01-11 23:00:00.000000000,555.45,Amazon,self_upi,0
T0003728,C0109,high_business,2026-01-12 00:31:00.000000000,10183.18,AWS,payroll,0
T0006449,C0166,high_business,2026-01-12 01:29:00.351472472,37648.04,NightPOS_22,self_neft,1
T0005047,C0148,high_business,2026-01-12 07:14:00.000000000,9372.98,OfficeSupplies,vendor_x,0
T0005075,C0149,mid_weekend,2026-01-12 08:34:00.000000000,3225.91,IRCTC,self_upi,0
T0003307,C0097,high_business,2026-01-12 08:35:00.000000000,11543.76,OfficeSupplies,self_neft,0
T0002070,C0061,high_business,2026-01-12 08:45:00.000000000,11769.83,AWS,payroll,0
T0005045,C0148,high_business,2026-01-12 08:46:00.000000000,11011.5,TajHotels,vendor_x,0
T0003729,C0109,high_business,2026-01-12 08:57:00.000000000,12425.14,TajHotels,payroll,0
T0001110,C0031,high_business,2026-01-12 09:03:00.000000000,11035.3,AWS,self_neft,0
T0000588,C0016,high_business,2026-01-12 09:27:00.000000000,31791.36,AWS,payroll,0
T0003112,C0091,high_business,2026-01-12 09:35:00.000000000,11133.95,OfficeSupplies,vendor_x,0
T0006134,C0176,mid_weekend,2026-01-12 09:39:00.000000000,2768.67,Zomato,self_upi,0
T0002071,C0061,high_business,2026-01-12 09:51:00.000000000,8576.88,TajHotels,vendor_x,0
T0001972,C0058,high_business,2026-01-12 09:58:00.000000000,11770.92,Indigo,vendor_x,0
T0005046,C0148,high_business,2026-01-12 10:12:00.000000000,14716.95,AWS,vendor_x,0
T0003727,C0109,high_business,2026-01-12 10:24:00.000000000,10788.21,AWS,payroll,0
T0004348,C0127,high_business,2026-01-12 10:29:00.000000000,10442.17,NewShop_22,self_neft,0
T0000920,C0025,high_business,2026-01-12 10:48:00.000000000,12899.56,Indigo,vendor_x,0
T0001799,C0052,high_business,2026-01-12 10:57:00.000000000,13099.93,OfficeSupplies,self_neft,0
T0003878,C0112,high_business,2026-01-12 11:00:00.000000000,16820.0,OfficeSupplies,vendor_x,0
T0005558,C0161,mid_weekend,2026-01-12 11:04:00.000000000,2467.42,Myntra,self_upi,0
T0004940,C0145,high_business,2026-01-12 11:09:00.000000000,13196.47,OfficeSupplies,self_neft,0
T0001502,C0044,mid_weekend,2026-01-12 11:13:00.000000000,2104.68,Myntra,self_upi,0
T0005048,C0148,high_business,2026-01-12 11:14:00.000000000,10528.59,TajHotels,vendor_x,0
T0001971,C0058,high_business,2026-01-12 11:15:00.000000000,19863.94,AWS,vendor_x,0
T0004180,C0121,high_business,2026-01-12 11:16:00.000000000,12971.69,OfficeSupplies,self_neft,0
T0000124,C0004,high_business,2026-01-12 11:21:00.000000000,13120.81,OfficeSupplies,vendor_x,0
T0001695,C0049,high_business,2026-01-12 11:23:00.000000000,14040.65,TajHotels,vendor_x,0
T0004941,C0145,high_business,2026-01-12 11:27:00.000000000,11813.5,OfficeSupplies,vendor_x,0
T0000125,C0004,high_business,2026-01-12 11:28:00.000000000,14350.72,AWS,vendor_x,0
T0002182,C0064,high_business,2026-01-12 11:31:00.000000000,15520.83,OfficeSupplies,payroll,0
T0006226,C0178,high_business,2026-01-12 11:53:00.000000000,10036.91,Indigo,payroll,0
T0004451,C0130,high_business,2026-01-12 12:02:00.000000000,9324.27,AWS,self_neft,0
T0004469,C0131,mid_weekend,2026-01-12 12:04:00.000000000,6427.05,Zomato,family_upi,0
T0000617,C0017,mid_weekend,2026-01-12 12:12:00.000000000,2542.3,IRCTC,family_upi,0
T0003731,C0109,high_business,2026-01-12 12:20:00.000000000,14295.52,NewShop_19,vendor_x,0
T0003730,C0109,high_business,2026-01-12 12:21:00.000000000,13874.7,OfficeSupplies,vendor_x,0
T0005621,C0163,high_business,2026-01-12 12:21:00.000000000,11593.06,OfficeSupplies,payroll,0
T0002495,C0073,high_business,2026-01-12 12:22:00.000000000,11806.31,OfficeSupplies,self_neft,0
T0003421,C0100,high_business,2026-01-12 12:24:00.000000000,9859.85,AWS,payroll,0
T0005858,C0169,high_business,2026-01-12 12:32:00.000000000,8002.8,TajHotels,vendor_x,0
T0006398,C0130,high_business,2026-01-12 12:44:00.180123396,38303.17,P2P_2,new_wallet_7811,1
T0000693,C0019,high_business,2026-01-12 12:47:00.000000000,11535.97,TajHotels,payroll,0
T0001111,C0031,high_business,2026-01-12 13:03:00.000000000,11018.16,TajHotels,vendor_x,0
T0004190,C0122,mid_weekend,2026-01-12 13:22:00.000000000,1654.93,BookMyShow,self_upi,0
T0000022,C0001,high_business,2026-01-12 13:22:00.000000000,9742.68,OfficeSupplies,self_neft,0
T0003543,C0103,high_business,2026-01-12 13:25:00.000000000,11370.22,AWS,self_neft,0
T0003420,C0100,high_business,2026-01-12 13:28:00.000000000,37641.45,AWS,vendor_x,0
T0001410,C0041,mid_weekend,2026-01-12 13:37:00.000000000,1733.8,Zomato,self_upi,0
T0001113,C0031,high_business,2026-01-12 13:41:00.000000000,31707.96,Indigo,payroll,0
T0002907,C0085,high_business,2026-01-12 13:49:00.000000000,8052.05,Indigo,self_neft,0
T0000692,C0019,high_business,2026-01-12 13:54:00.000000000,8033.86,AWS,payroll,0
T0001112,C0031,high_business,2026-01-12 13:57:00.000000000,13973.79,Indigo,payroll,0
T0000843,C0023,mid_weekend,2026-01-12 14:08:00.000000000,7744.9,Zomato,family_upi,0
T0005076,C0149,mid_weekend,2026-01-12 14:14:00.000000000,1853.17,IRCTC,family_upi,0
T0004179,C0121,high_business,2026-01-12 14:21:00.000000000,8457.28,OfficeSupplies,vendor_x,0
T0005049,C0148,high_business,2026-01-12 14:21:00.000000000,11614.24,Indigo,payroll,0
T0005442,C0158,mid_weekend,2026-01-12 14:43:00.000000000,2431.19,Myntra,family_upi,0
T0000842,C0023,mid_weekend,2026-01-12 14:46:00.000000000,2505.36,Zomato,family_upi,0
T0004867,C0143,mid_weekend,2026-01-12 14:51:00.000000000,2796.32,Zomato,family_upi,0
T0005441,C0158,mid_weekend,2026-01-12 15:01:00.000000000,2429.44,Zomato,self_upi,0
T0004470,C0131,mid_weekend,2026-01-12 15:17:00.000000000,3472.89,Zomato,self_upi,0
T0003024,C0089,mid_weekend,2026-01-12 15:21:00.000000000,4000.81,Myntra,self_upi,0
T0005665,C0164,mid_weekend,2026-01-12 15:24:00.000000000,2287.36,Zomato,family_upi,0
T0000169,C0005,mid_weekend,2026-01-12 15:31:00.000000000,2897.25,IRCTC,family_upi,0
T0000716,C0020,mid_weekend,2026-01-12 15:50:00.000000000,1848.86,BookMyShow,self_upi,0
T0000493,C0014,mid_weekend,2026-01-12 15:52:00.000000000,2637.08,BookMyShow,self_upi,0
T0004760,C0140,mid_weekend,2026-01-12 16:23:00.000000000,2477.88,BookMyShow,self_upi,0
T0000616,C0017,mid_weekend,2026-01-12 16:32:00.000000000,1933.22,BookMyShow,self_upi,0
T0004646,C0136,high_business,2026-01-12 17:28:00.000000000,13981.73,Indigo,self_neft,0
T0005930,C0171,low_evening_shopper,2026-01-12 18:15:00.000000000,801.47,BigBazaar,self_upi,0
T0004124,C0120,low_evening_shopper,2026-01-12 18:28:00.000000000,449.9,Amazon,friend_a,0
T0004223,C0123,low_evening_shopper,2026-01-12 18:40:00.000000000,467.71,Swiggy,self_upi,0
T0004713,C0138,low_evening_shopper,2026-01-12 19:04:00.000000000,635.1,Amazon,self_upi,0
T0002516,C0074,mid_weekend,2026-01-12 19:15:00.000000000,4365.03,BookMyShow,self_upi,0
T0005688,C0165,low_evening_shopper,2026-01-12 19:20:00.000000000,817.15,NewShop_37,friend_a,0
T0001169,C0033,low_evening_shopper,2026-01-12 19:24:00.000000000,844.4,Swiggy,friend_a,0
T0002610,C0077,mid_weekend,2026-01-12 19:32:00.000000000,1799.63,IRCTC,self_upi,0
T0000768,C0021,low_evening_shopper,2026-01-12 19:34:00.000000000,615.4,Swiggy,friend_a,0
T0003379,C0099,low_evening_shopper,2026-01-12 19:38:00.000000000,655.91,LocalKirana,self_upi,0
T0005770,C0167,mid_weekend,2026-01-12 20:14:00.000000000,1360.34,BookMyShow,family_upi,0
T0005113,C0150,low_evening_shopper,2026-01-12 20:44:00.000000000,572.82,Amazon,friend_a,0
T0004759,C0140,mid_weekend,2026-01-12 20:46:00.000000000,2139.95,NewShop_28,self_upi,0
T0000094,C0003,low_evening_shopper,2026-01-12 20:51:00.000000000,689.75,BigBazaar,friend_a,0
T0004714,C0138,low_evening_shopper,2026-01-12 21:04:00.000000000,522.69,Swiggy,friend_a,0
T0001423,C0042,low_evening_shopper,2026-01-12 21:08:00.000000000,3191.91,Amazon,friend_a,0
T0003079,C0090,low_evening_shopper,2026-01-12 21:17:00.000000000,577.58,LocalKirana,friend_a,0
T0004315,C0126,low_evening_shopper,2026-01-12 21:22:00.000000000,565.43,LocalKirana,friend_a,0
T0004607,C0135,low_evening_shopper,2026-01-12 21:29:00.000000000,579.27,BigBazaar,self_upi,0
T0000659,C0018,low_evening_shopper,2026-01-12 21:36:00.000000000,801.1,LocalKirana,friend_a,0
T0001603,C0046,high_business,2026-01-12 21:38:00.000000000,11313.3,OfficeSupplies,payroll,0
T0005347,C0156,low_evening_shopper,2026-01-12 21:47:00.000000000,563.41,Amazon,self_upi,0
T0004398,C0129,low_evening_shopper,2026-01-12 21:48:00.000000000,463.31,Amazon,self_upi,0
T0002709,C0080,mid_weekend,2026-01-12 22:35:00.000000000,1690.36,IRCTC,family_upi,0
T0004912,C0144,low_evening_shopper,2026-01-12 22:53:00.000000000,950.38,Swiggy,self_upi,0
T0001170,C0033,low_evening_shopper,2026-01-12 22:55:00.000000000,783.33,LocalKirana,self_upi,0
T0001242,C0035,mid_weekend,2026-01-12 23:17:00.000000000,2065.68,Zomato,family_upi,0
T0000494,C0014,mid_weekend,2026-01-12 23:25:00.000000000,2275.12,NewShop_22,self_upi,0
T0005586,C0162,low_evening_shopper,2026-01-12 23:36:00.000000000,488.22,Swiggy,friend_a,0
T0003026,C0089,mid_weekend,2026-01-13 01:26:00.000000000,2491.81,BookMyShow,self_upi,0
T0006444,C0148,high_business,2026-01-13 02:51:00.805471173,27256.12,NightPOS_23,self_neft,1
T0002968,C0087,low_evening_shopper,2026-01-13 05:18:00.000000000,680.74,LocalKirana,friend_a,0
T0004471,C0131,mid_weekend,2026-01-13 06:22:00.000000000,1705.7,IRCTC,self_upi,0
T0004191,C0122,mid_weekend,2026-01-13 07:02:00.000000000,2544.67,IRCTC,self_upi,0
T0004455,C0130,high_business,2026-01-13 07:55:00.000000000,10276.83,Indigo,vendor_x,0
T0005730,C0166,high_business,2026-01-13 08:13:00.000000000,11714.04,AWS,self_neft,0
T0004182,C0121,high_business,2026-01-13 08:19:00.000000000,13391.6,OfficeSupplies,payroll,0
T0000589,C0016,high_business,2026-01-13 08:40:00.000000000,13015.34,AWS,self_neft,0
T0000170,C0005,mid_weekend,2026-01-13 08:44:00.000000000,7280.48,IRCTC,family_upi,0
T0004453,C0130,high_business,2026-01-13 08:49:00.000000000,13126.9,AWS,vendor_x,0
T0001023,C0028,high_business,2026-01-13 09:03:00.000000000,9575.33,OfficeSupplies,self_neft,0
T0000235,C0007,high_business,2026-01-13 09:04:00.000000000,19023.92,TajHotels,vendor_x,0
T0002072,C0061,high_business,2026-01-13 09:08:00.000000000,11453.42,TajHotels,vendor_x,0
T0002496,C0073,high_business,2026-01-13 09:09:00.000000000,58102.13,NewShop_9,self_neft,0
T0002074,C0061,high_business,2026-01-13 09:27:00.000000000,9479.1,AWS,vendor_x,0
T0002998,C0088,high_business,2026-01-13 09:31:00.000000000,10861.9,OfficeSupplies,self_neft,0
T0000234,C0007,high_business,2026-01-13 09:37:00.000000000,10424.79,Indigo,payroll,0
T0002184,C0064,high_business,2026-01-13 09:45:00.000000000,12661.89,Indigo,self_neft,0
T0004944,C0145,high_business,2026-01-13 09:52:00.000000000,42919.09,AWS,self_neft,0
T0004943,C0145,high_business,2026-01-13 10:03:00.000000000,11422.1,TajHotels,payroll,0
T0005623,C0163,high_business,2026-01-13 10:11:00.000000000,11624.3,AWS,vendor_x,0
T0001697,C0049,high_business,2026-01-13 10:12:00.000000000,47251.67,TajHotels,payroll,0
T0004945,C0145,high_business,2026-01-13 10:15:00.000000000,11826.6,Indigo,vendor_x,0
T0005077,C0149,mid_weekend,2026-01-13 10:19:00.000000000,2284.58,IRCTC,family_upi,0
T0004647,C0136,high_business,2026-01-13 10:22:00.000000000,12219.28,Indigo,payroll,0
T0001604,C0046,high_business,2026-01-13 10:25:00.000000000,10735.71,NewShop_1,vendor_x,0
T0004456,C0130,high_business,2026-01-13 10:28:00.000000000,10703.0,OfficeSupplies,payroll,0
T0006394,C0103,high_business,2026-01-13 10:35:00.133896186,23978.6,AWS,quick_payee_143,1
T0002710,C0080,mid_weekend,2026-01-13 10:36:00.000000000,2474.95,Myntra,family_upi,0
T0001115,C0031,high_business,2026-01-13 10:38:00.000000000,11567.57,OfficeSupplies,vendor_x,0
T0000495,C0014,mid_weekend,2026-01-13 10:43:00.000000000,2045.43,BookMyShow,self_upi,0
T0001022,C0028,high_business,2026-01-13 10:46:00.000000000,11456.23,TajHotels,payroll,0
T0005859,C0169,high_business,2026-01-13 10:53:00.000000000,10491.45,Indigo,vendor_x,0
T0005051,C0148,high_business,2026-01-13 10:54:00.000000000,13006.87,OfficeSupplies,self_neft,0
T0003544,C0103,high_business,2026-01-13 11:06:00.000000000,15077.48,TajHotels,vendor_x,0
T0004093,C0118,high_business,2026-01-13 11:11:00.000000000,9037.25,AWS,payroll,0
T0006135,C0176,mid_weekend,2026-01-13 11:15:00.000000000,2355.72,Zomato,self_upi,0
T0001114,C0031,high_business,2026-01-13 11:19:00.000000000,12115.9,Indigo,self_neft,0
T0002908,C0085,high_business,2026-01-13 11:20:00.000000000,11914.41,AWS,payroll,0
T0004942,C0145,high_business,2026-01-13 11:21:00.000000000,12116.5,OfficeSupplies,vendor_x,0
T0002185,C0064,high_business,2026-01-13 11:28:00.000000000,10949.38,OfficeSupplies,self_neft,0
T0004183,C0121,high_business,2026-01-13 11:29:00.000000000,6516.53,Indigo,payroll,0
T0006108,C0175,high_business,2026-01-13 11:30:00.000000000,12341.12,Indigo,payroll,0
T0005622,C0163,high_business,2026-01-13 11:37:00.000000000,9164.22,AWS,self_neft,0
T0001116,C0031,high_business,2026-01-13 11:38:00.000000000,15340.96,Indigo,payroll,0
T0004454,C0130,high_business,2026-01-13 11:41:00.000000000,9554.56,AWS,vendor_x,0
T0003113,C0091,high_business,2026-01-13 11:52:00.000000000,11312.99,Indigo,self_neft,0
T0000694,C0019,high_business,2026-01-13 11:57:00.000000000,20103.15,Indigo,payroll,0
T0005903,C0170,mid_weekend,2026-01-13 12:03:00.000000000,2074.1,Myntra,self_upi,0
T0001025,C0028,high_business,2026-01-13 12:04:00.000000000,8753.97,OfficeSupplies,payroll,0
T0004092,C0118,high_business,2026-01-13 12:12:00.000000000,10805.15,Indigo,vendor_x,0
T0002497,C0073,high_business,2026-01-13 12:13:00.000000000,9860.28,AWS,payroll,0
T0001312,C0037,high_business,2026-01-13 12:22:00.000000000,12587.78,OfficeSupplies,vendor_x,0
T0004181,C0121,high_business,2026-01-13 12:25:00.000000000,13625.48,TajHotels,self_neft,0
T0000126,C0004,high_business,2026-01-13 12:31:00.000000000,12839.6,Indigo,self_neft,0
T0000023,C0001,high_business,2026-01-13 12:31:00.000000000,8935.99,OfficeSupplies,self_neft,0
T0004963,C0146,mid_weekend,2026-01-13 12:40:00.000000000,2723.37,Zomato,self_upi,0
T0001313,C0037,high_business,2026-01-13 12:44:00.000000000,8689.35,Indigo,payroll,0
T0001024,C0028,high_business,2026-01-13 12:47:00.000000000,13419.76,AWS,self_neft,0
T0003422,C0100,high_business,2026-01-13 12:47:00.000000000,46467.47,OfficeSupplies,payroll,0
T0000128,C0004,high_business,2026-01-13 12:49:00.000000000,12327.57,NewShop_18,payroll,0
T0002075,C0061,high_business,2026-01-13 12:56:00.000000000,11269.15,OfficeSupplies,payroll,0
T0000127,C0004,high_business,2026-01-13 12:59:00.000000000,9093.93,Indigo,vendor_x,0
T0004249,C0124,high_business,2026-01-13 12:59:00.000000000,9608.91,AWS,payroll,0
T0006227,C0178,high_business,2026-01-13 13:02:00.000000000,12216.81,Indigo,payroll,0
T0005771,C0167,mid_weekend,2026-01-13 13:05:00.000000000,2428.06,Myntra,family_upi,0
T0005666,C0164,mid_weekend,2026-01-13 13:09:00.000000000,3224.78,Zomato,family_upi,0
T0001503,C0044,mid_weekend,2026-01-13 13:12:00.000000000,2043.18,Zomato,family_upi,0
T0001698,C0049,high_business,2026-01-13 13:21:00.000000000,12404.41,TajHotels,vendor_x,0
T0005050,C0148,high_business,2026-01-13 13:27:00.000000000,12442.06,Indigo,payroll,0
T0001800,C0052,high_business,2026-01-13 13:33:00.000000000,11532.4,TajHotels,payroll,0
T0000618,C0017,mid_weekend,2026-01-13 13:39:00.000000000,3031.41,IRCTC,family_upi,0
T0001997,C0059,mid_weekend,2026-01-13 13:40:00.000000000,2553.86,Zomato,family_upi,0
T0002073,C0061,high_business,2026-01-13 13:43:00.000000000,13429.73,AWS,self_neft,0
T0004648,C0136,high_business,2026-01-13 13:43:00.000000000,8207.72,TajHotels,self_neft,0
T0003308,C0097,high_business,2026-01-13 13:46:00.000000000,6542.01,TajHotels,self_neft,0
T0004452,C0130,high_business,2026-01-13 13:48:00.000000000,16869.86,OfficeSupplies,vendor_x,0
T0002211,C0065,mid_weekend,2026-01-13 13:56:00.000000000,2267.22,IRCTC,self_upi,0
T0000844,C0023,mid_weekend,2026-01-13 14:00:00.000000000,2185.93,BookMyShow,family_upi,0
T0002209,C0065,mid_weekend,2026-01-13 14:03:00.000000000,11007.71,BookMyShow,family_upi,0
T0004248,C0124,high_business,2026-01-13 14:07:00.000000000,14477.81,Indigo,vendor_x,0
T0006107,C0175,high_business,2026-01-13 14:14:00.000000000,10554.46,OfficeSupplies,self_neft,0
T0002076,C0061,high_business,2026-01-13 14:17:00.000000000,14924.71,OfficeSupplies,self_neft,0
T0001696,C0049,high_business,2026-01-13 14:35:00.000000000,7323.86,TajHotels,payroll,0
T0000695,C0019,high_business,2026-01-13 14:35:00.000000000,13962.98,TajHotels,self_neft,0
T0005150,C0151,high_business,2026-01-13 14:41:00.000000000,13101.55,TajHotels,payroll,0
T0003025,C0089,mid_weekend,2026-01-13 15:09:00.000000000,2293.0,Zomato,self_upi,0
T0000921,C0025,high_business,2026-01-13 15:26:00.000000000,13765.95,AWS,payroll,0
T0002183,C0064,high_business,2026-01-13 15:28:00.000000000,11277.78,AWS,self_neft,0
T0005904,C0170,mid_weekend,2026-01-13 15:36:00.000000000,2382.27,BookMyShow,family_upi,0
T0005953,C0172,high_business,2026-01-13 15:43:00.000000000,7958.09,NewShop_16,payroll,0
T0003027,C0089,mid_weekend,2026-01-13 16:39:00.000000000,2878.73,Zomato,family_upi,0
T0004761,C0140,mid_weekend,2026-01-13 16:57:00.000000000,3089.13,BookMyShow,family_upi,0
T0001243,C0035,mid_weekend,2026-01-13 17:00:00.000000000,1702.49,IRCTC,self_upi,0
T0004868,C0143,mid_weekend,2026-01-13 17:37:00.000000000,1839.15,Zomato,self_upi,0
T0004472,C0131,mid_weekend,2026-01-13 17:57:00.000000000,3908.38,Myntra,family_upi,0
T0002471,C0072,low_evening_shopper,2026-01-13 18:15:00.000000000,914.75,Swiggy,friend_a,0
T0004225,C0123,low_evening_shopper,2026-01-13 18:27:00.000000000,589.64,Amazon,self_upi,0
T0004224,C0123,low_evening_shopper,2026-01-13 18:40:00.000000000,573.18,Swiggy,friend_a,0
T0000660,C0018,low_evening_shopper,2026-01-13 18:51:00.000000000,770.19,BigBazaar,friend_a,0
T0002212,C0065,mid_weekend,2026-01-13 18:52:00.000000000,6128.76,BookMyShow,self_upi,0
T0001411,C0041,mid_weekend,2026-01-13 18:55:00.000000000,2455.99,IRCTC,family_upi,0
T0003336,C0098,mid_weekend,2026-01-13 19:03:00.000000000,2154.46,Myntra,family_upi,0
T0004715,C0138,low_evening_shopper,2026-01-13 19:27:00.000000000,2300.5,LocalKirana,friend_a,0
T0005813,C0168,low_evening_shopper,2026-01-13 19:35:00.000000000,544.91,BigBazaar,friend_a,0
T0000717,C0020,mid_weekend,2026-01-13 19:42:00.000000000,2867.41,BookMyShow,family_upi,0
T0004913,C0144,low_evening_shopper,2026-01-13 20:18:00.000000000,928.92,BigBazaar,self_upi,0
T0001290,C0036,low_evening_shopper,2026-01-13 20:23:00.000000000,866.41,Swiggy,self_upi,0
T0002366,C0069,low_evening_shopper,2026-01-13 20:26:00.000000000,786.45,Swiggy,friend_a,0
T0002210,C0065,mid_weekend,2026-01-13 20:38:00.000000000,2793.4,IRCTC,family_upi,0
T0002809,C0083,mid_weekend,2026-01-13 20:44:00.000000000,2212.48,NewShop_17,family_upi,0
T0003380,C0099,low_evening_shopper,2026-01-13 20:51:00.000000000,867.06,BigBazaar,self_upi,0
T0000095,C0003,low_evening_shopper,2026-01-13 21:03:00.000000000,697.54,NewShop_5,self_upi,0
T0001171,C0033,low_evening_shopper,2026-01-13 21:28:00.000000000,622.39,BigBazaar,self_upi,0
T0004316,C0126,low_evening_shopper,2026-01-13 21:47:00.000000000,383.17,LocalKirana,self_upi,0
T0001801,C0052,high_business,2026-01-13 21:56:00.000000000,28893.86,Indigo,vendor_x,0
T0001552,C0045,low_evening_shopper,2026-01-13 22:56:00.000000000,744.8,NewShop_18,self_upi,0
T0003463,C0101,mid_weekend,2026-01-13 23:50:00.000000000,4435.6,Zomato,self_upi,0
T0006349,C0020,mid_weekend,2026-01-14 01:07:00.239122445,6334.73,NightPOS_13,family_upi,1
T0003000,C0088,high_business,2026-01-14 05:49:00.000000000,14236.7,NewShop_1,vendor_x,0
T0003424,C0100,high_business,2026-01-14 06:29:00.000000000,15880.99,Indigo,self_neft,0
T0003117,C0091,high_business,2026-01-14 06:52:00.000000000,12550.1,Indigo,vendor_x,0
T0002500,C0073,high_business,2026-01-14 07:00:00.000000000,9830.72,OfficeSupplies,self_neft,0
T0001026,C0028,high_business,2026-01-14 07:08:00.000000000,12778.57,AWS,vendor_x,0
T0003423,C0100,high_business,2026-01-14 07:53:00.000000000,11591.45,TajHotels,vendor_x,0
T0005860,C0169,high_business,2026-01-14 08:19:00.000000000,37681.18,AWS,self_neft,0
T0001482,C0043,high_business,2026-01-14 08:28:00.000000000,16421.97,Indigo,self_neft,0
T0002498,C0073,high_business,2026-01-14 08:33:00.000000000,12593.82,Indigo,vendor_x,0
T0002187,C0064,high_business,2026-01-14 08:35:00.000000000,15083.73,TajHotels,payroll,0
T0003892,C0113,mid_weekend,2026-01-14 08:44:00.000000000,2664.74,Zomato,self_upi,0
T0004094,C0118,high_business,2026-01-14 08:45:00.000000000,52158.4,TajHotels,vendor_x,0
T0003118,C0091,high_business,2026-01-14 08:52:00.000000000,10666.2,AWS,vendor_x,0
T0004351,C0127,high_business,2026-01-14 09:07:00.000000000,11339.21,Indigo,payroll,0
T0000130,C0004,high_business,2026-01-14 09:09:00.000000000,14761.7,AWS,payroll,0
T0002999,C0088,high_business,2026-01-14 10:01:00.000000000,13852.24,AWS,payroll,0
T0005389,C0157,high_business,2026-01-14 10:01:00.000000000,7760.17,Indigo,self_neft,0
T0004252,C0124,high_business,2026-01-14 10:02:00.000000000,20691.42,TajHotels,vendor_x,0
T0003002,C0088,high_business,2026-01-14 10:05:00.000000000,12738.22,TajHotels,self_neft,0
T0001802,C0052,high_business,2026-01-14 10:11:00.000000000,12489.27,TajHotels,payroll,0
T0003115,C0091,high_business,2026-01-14 10:12:00.000000000,9514.02,AWS,vendor_x,0
T0003114,C0091,high_business,2026-01-14 10:12:00.000000000,11090.05,TajHotels,vendor_x,0
T0002077,C0061,high_business,2026-01-14 10:12:00.000000000,11247.27,Indigo,vendor_x,0
T0001118,C0031,high_business,2026-01-14 10:22:00.000000000,13858.52,AWS,payroll,0
T0000129,C0004,high_business,2026-01-14 10:23:00.000000000,12086.53,AWS,payroll,0
T0004352,C0127,high_business,2026-01-14 10:23:00.000000000,7269.69,Indigo,vendor_x,0
T0001974,C0058,high_business,2026-01-14 10:27:00.000000000,8720.18,AWS,self_neft,0
T0004251,C0124,high_business,2026-01-14 10:30:00.000000000,7883.94,Indigo,self_neft,0
T0004250,C0124,high_business,2026-01-14 10:39:00.000000000,9768.92,AWS,self_neft,0
T0004649,C0136,high_business,2026-01-14 10:48:00.000000000,11374.77,OfficeSupplies,payroll,0
T0003425,C0100,high_business,2026-01-14 10:50:00.000000000,12448.98,OfficeSupplies,self_neft,0
T0005388,C0157,high_business,2026-01-14 10:51:00.000000000,12307.57,TajHotels,payroll,0
T0003732,C0109,high_business,2026-01-14 11:01:00.000000000,10466.58,Indigo,payroll,0
T0005152,C0151,high_business,2026-01-14 11:03:00.000000000,11690.68,TajHotels,self_neft,0
T0000131,C0004,high_business,2026-01-14 11:05:00.000000000,12935.97,Indigo,payroll,0
T0002186,C0064,high_business,2026-01-14 11:06:00.000000000,13484.11,TajHotels,self_neft,0
T0003116,C0091,high_business,2026-01-14 11:11:00.000000000,10766.67,TajHotels,vendor_x,0
T0001504,C0044,mid_weekend,2026-01-14 11:20:00.000000000,1934.52,IRCTC,family_upi,0
T0004457,C0130,high_business,2026-01-14 11:25:00.000000000,10542.09,AWS,vendor_x,0
T0004350,C0127,high_business,2026-01-14 11:28:00.000000000,14914.92,Indigo,self_neft,0
T0002910,C0085,high_business,2026-01-14 11:29:00.000000000,13295.49,TajHotels,self_neft,0
T0000237,C0007,high_business,2026-01-14 11:29:00.000000000,5909.06,Indigo,self_neft,0
T0000590,C0016,high_business,2026-01-14 11:33:00.000000000,11866.56,Indigo,vendor_x,0
T0005151,C0151,high_business,2026-01-14 11:35:00.000000000,11031.79,Indigo,payroll,0
T0001699,C0049,high_business,2026-01-14 11:39:00.000000000,13269.08,OfficeSupplies,vendor_x,0
T0001700,C0049,high_business,2026-01-14 11:44:00.000000000,9369.52,OfficeSupplies,vendor_x,0
T0001803,C0052,high_business,2026-01-14 11:50:00.000000000,12715.02,AWS,self_neft,0
T0004964,C0146,mid_weekend,2026-01-14 11:50:00.000000000,3440.64,NewShop_30,self_upi,0
T0005731,C0166,high_business,2026-01-14 11:50:00.000000000,10381.33,OfficeSupplies,payroll,0
T0001505,C0044,mid_weekend,2026-01-14 11:53:00.000000000,1974.82,IRCTC,family_upi,0
T0003001,C0088,high_business,2026-01-14 12:14:00.000000000,10502.67,OfficeSupplies,vendor_x,0
T0001244,C0035,mid_weekend,2026-01-14 12:26:00.000000000,2148.18,BookMyShow,self_upi,0
T0000620,C0017,mid_weekend,2026-01-14 12:26:00.000000000,3468.47,Myntra,self_upi,0
T0001117,C0031,high_business,2026-01-14 12:27:00.000000000,8680.78,AWS,vendor_x,0
T0005772,C0167,mid_weekend,2026-01-14 12:29:00.000000000,3208.22,Zomato,self_upi,0
T0005390,C0157,high_business,2026-01-14 12:35:00.000000000,13703.59,Indigo,payroll,0
T0005861,C0169,high_business,2026-01-14 12:43:00.000000000,10094.79,Indigo,vendor_x,0
T0003338,C0098,mid_weekend,2026-01-14 12:44:00.000000000,2925.56,IRCTC,self_upi,0
T0004376,C0128,mid_weekend,2026-01-14 12:45:00.000000000,3010.37,NewShop_15,self_upi,0
T0004586,C0134,mid_weekend,2026-01-14 12:56:00.000000000,2965.71,NewShop_38,family_upi,0
T0005443,C0158,mid_weekend,2026-01-14 12:57:00.000000000,3033.92,Zomato,family_upi,0
T0000024,C0001,high_business,2026-01-14 12:59:00.000000000,15265.0,OfficeSupplies,self_neft,0
T0002909,C0085,high_business,2026-01-14 13:00:00.000000000,13939.2,AWS,self_neft,0
T0003337,C0098,mid_weekend,2026-01-14 13:01:00.000000000,2538.75,Myntra,self_upi,0
T0001973,C0058,high_business,2026-01-14 13:11:00.000000000,12541.14,AWS,self_neft,0
T0004377,C0128,mid_weekend,2026-01-14 13:33:00.000000000,2040.93,IRCTC,family_upi,0
T0001041,C0029,mid_weekend,2026-01-14 13:34:00.000000000,3024.26,BookMyShow,self_upi,0
T0001998,C0059,mid_weekend,2026-01-14 13:35:00.000000000,2356.73,IRCTC,family_upi,0
T0003125,C0092,mid_weekend,2026-01-14 13:52:00.000000000,2562.03,Myntra,self_upi,0
T0003003,C0088,high_business,2026-01-14 13:53:00.000000000,12299.19,TajHotels,self_neft,0
T0000236,C0007,high_business,2026-01-14 14:04:00.000000000,12742.29,Indigo,self_neft,0
T0003893,C0113,mid_weekend,2026-01-14 14:14:00.000000000,2681.22,Zomato,family_upi,0
T0005773,C0167,mid_weekend,2026-01-14 14:17:00.000000000,2542.31,Zomato,self_upi,0
T0005559,C0161,mid_weekend,2026-01-14 14:19:00.000000000,2506.57,Zomato,self_upi,0
T0000718,C0020,mid_weekend,2026-01-14 14:27:00.000000000,2475.93,IRCTC,family_upi,0
T0004349,C0127,high_business,2026-01-14 14:40:00.000000000,10262.87,Indigo,payroll,0
T0004965,C0146,mid_weekend,2026-01-14 14:57:00.000000000,2097.87,Zomato,self_upi,0
T0006136,C0176,mid_weekend,2026-01-14 15:01:00.000000000,2480.52,Myntra,self_upi,0
T0003663,C0107,mid_weekend,2026-01-14 15:02:00.000000000,2757.52,BookMyShow,self_upi,0
T0001975,C0058,high_business,2026-01-14 15:05:00.000000000,15892.45,Indigo,vendor_x,0
T0003464,C0101,mid_weekend,2026-01-14 15:14:00.000000000,3083.85,IRCTC,self_upi,0
T0000619,C0017,mid_weekend,2026-01-14 15:35:00.000000000,6013.02,Myntra,family_upi,0
T0003309,C0097,high_business,2026-01-14 15:42:00.000000000,16714.68,NewShop_28,payroll,0
T0005079,C0149,mid_weekend,2026-01-14 16:01:00.000000000,2137.4,BookMyShow,self_upi,0
T0004375,C0128,mid_weekend,2026-01-14 16:06:00.000000000,1823.9,Zomato,family_upi,0
T0006109,C0175,high_business,2026-01-14 16:43:00.000000000,12197.09,AWS,payroll,0
T0003227,C0095,mid_weekend,2026-01-14 16:54:00.000000000,2015.83,Myntra,self_upi,0
T0000845,C0023,mid_weekend,2026-01-14 17:16:00.000000000,3772.22,IRCTC,self_upi,0
T0003894,C0113,mid_weekend,2026-01-14 17:32:00.000000000,5207.11,BookMyShow,family_upi,0
T0001245,C0035,mid_weekend,2026-01-14 17:58:00.000000000,2777.41,IRCTC,self_upi,0
T0000496,C0014,mid_weekend,2026-01-14 18:04:00.000000000,3279.61,Myntra,self_upi,0
T0002611,C0077,mid_weekend,2026-01-14 18:23:00.000000000,2408.63,BookMyShow,self_upi,0
T0002213,C0065,mid_weekend,2026-01-14 18:52:00.000000000,3546.84,Myntra,family_upi,0
T0001671,C0048,low_evening_shopper,2026-01-14 19:03:00.000000000,506.61,Swiggy,self_upi,0
T0000423,C0012,low_evening_shopper,2026-01-14 19:08:00.000000000,596.74,BigBazaar,self_upi,0
T0005078,C0149,mid_weekend,2026-01-14 19:23:00.000000000,2503.7,Myntra,family_upi,0
T0002711,C0080,mid_weekend,2026-01-14 19:25:00.000000000,2451.89,Zomato,family_upi,0
T0005444,C0158,mid_weekend,2026-01-14 19:42:00.000000000,2273.05,Myntra,self_upi,0
T0004473,C0131,mid_weekend,2026-01-14 19:46:00.000000000,2110.74,IRCTC,self_upi,0
T0002633,C0078,low_evening_shopper,2026-01-14 20:01:00.000000000,591.01,LocalKirana,friend_a,0
T0004914,C0144,low_evening_shopper,2026-01-14 20:10:00.000000000,455.68,Swiggy,self_upi,0
T0001553,C0045,low_evening_shopper,2026-01-14 20:13:00.000000000,407.45,Swiggy,friend_a,0
T0003694,C0108,low_evening_shopper,2026-01-14 20:15:00.000000000,627.8,Swiggy,self_upi,0
T0002247,C0066,low_evening_shopper,2026-01-14 20:19:00.000000000,883.41,Amazon,friend_a,0
T0005814,C0168,low_evening_shopper,2026-01-14 20:29:00.000000000,641.59,Amazon,self_upi,0
T0002535,C0075,low_evening_shopper,2026-01-14 20:49:00.000000000,679.16,BigBazaar,friend_a,0
T0003589,C0105,low_evening_shopper,2026-01-14 20:54:00.000000000,766.59,Amazon,self_upi,0
T0005689,C0165,low_evening_shopper,2026-01-14 21:01:00.000000000,678.65,Amazon,self_upi,0
T0005667,C0164,mid_weekend,2026-01-14 21:03:00.000000000,2390.03,IRCTC,self_upi,0
T0000285,C0009,low_evening_shopper,2026-01-14 21:15:00.000000000,759.86,BigBazaar,friend_a,0
T0005348,C0156,low_evening_shopper,2026-01-14 21:18:00.000000000,558.93,Swiggy,self_upi,0
T0000096,C0003,low_evening_shopper,2026-01-14 21:30:00.000000000,636.83,Swiggy,friend_a,0
T0002499,C0073,high_business,2026-01-14 21:42:00.000000000,14265.19,Indigo,self_neft,0
T0005235,C0153,low_evening_shopper,2026-01-14 21:43:00.000000000,628.34,LocalKirana,self_upi,0
T0003277,C0096,low_evening_shopper,2026-01-14 22:06:00.000000000,732.28,LocalKirana,self_upi,0
T0001085,C0030,low_evening_shopper,2026-01-14 22:30:00.000000000,636.65,Swiggy,friend_a,0
T0001172,C0033,low_evening_shopper,2026-01-14 23:33:00.000000000,2668.13,BigBazaar,self_upi,0
T0006379,C0130,high_business,2026-01-15 01:42:00.813951723,21819.51,NightPOS_12,self_neft,1
T0005155,C0151,high_business,2026-01-15 06:10:00.000000000,8873.51,TajHotels,self_neft,0
T0005538,C0160,high_business,2026-01-15 06:11:00.000000000,8573.06,TajHotels,payroll,0
T0005863,C0169,high_business,2026-01-15 06:19:00.000000000,14036.02,Indigo,self_neft,0
T0005587,C0162,low_evening_shopper,2026-01-15 06:25:00.000000000,614.46,Amazon,self_upi,0
T0001483,C0043,high_business,2026-01-15 07:41:00.000000000,39204.7,TajHotels,vendor_x,0
T0004356,C0127,high_business,2026-01-15 08:20:00.000000000,10929.7,Indigo,self_neft,0
T0006228,C0178,high_business,2026-01-15 08:32:00.000000000,8938.15,Indigo,payroll,0
T0003311,C0097,high_business,2026-01-15 08:36:00.000000000,9998.78,AWS,vendor_x,0
T0004948,C0145,high_business,2026-01-15 08:49:00.000000000,11110.52,TajHotels,self_neft,0
T0001119,C0031,high_business,2026-01-15 08:55:00.000000000,11369.54,OfficeSupplies,vendor_x,0
T0000026,C0001,high_business,2026-01-15 09:07:00.000000000,9763.18,TajHotels,self_neft,0
T0000171,C0005,mid_weekend,2026-01-15 09:12:00.000000000,2536.28,Myntra,self_upi,0
T0005535,C0160,high_business,2026-01-15 09:18:00.000000000,8568.81,OfficeSupplies,payroll,0
T0005774,C0167,mid_weekend,2026-01-15 09:23:00.000000000,1793.01,BookMyShow,self_upi,0
T0003310,C0097,high_business,2026-01-15 09:26:00.000000000,12891.41,NewShop_17,vendor_x,0
T0002288,C0067,high_business,2026-01-15 09:37:00.000000000,16638.53,TajHotels,payroll,0
T0003879,C0112,high_business,2026-01-15 09:37:00.000000000,13485.37,TajHotels,self_neft,0
T0005153,C0151,high_business,2026-01-15 09:42:00.000000000,11962.51,OfficeSupplies,payroll,0
T0005624,C0163,high_business,2026-01-15 09:42:00.000000000,9413.63,TajHotels,self_neft,0
T0004946,C0145,high_business,2026-01-15 09:52:00.000000000,10308.28,AWS,payroll,0
T0006372,C0091,high_business,2026-01-15 09:56:00.271000781,15219.93,AWS,quick_payee_390,1
T0000239,C0007,high_business,2026-01-15 10:00:00.000000000,11629.82,OfficeSupplies,self_neft,0
T0000132,C0004,high_business,2026-01-15 10:02:00.000000000,10793.02,OfficeSupplies,vendor_x,0
T0000591,C0016,high_business,2026-01-15 10:02:00.000000000,18066.67,AWS,self_neft,0
T0000028,C0001,high_business,2026-01-15 10:07:00.000000000,14289.76,OfficeSupplies,self_neft,0
T0006113,C0175,high_business,2026-01-15 10:08:00.000000000,14303.35,Indigo,vendor_x,0
T0004458,C0130,high_business,2026-01-15 10:09:00.000000000,9655.05,OfficeSupplies,payroll,0
T0002912,C0085,high_business,2026-01-15 10:12:00.000000000,10929.63,OfficeSupplies,self_neft,0
T0001805,C0052,high_business,2026-01-15 10:13:00.000000000,11089.83,TajHotels,self_neft,0
T0003426,C0100,high_business,2026-01-15 10:13:00.000000000,6868.22,NewShop_4,payroll,0
T0005156,C0151,high_business,2026-01-15 10:14:00.000000000,9986.16,Indigo,self_neft,0
T0004355,C0127,high_business,2026-01-15 10:19:00.000000000,7729.32,AWS,vendor_x,0
T0005537,C0160,high_business,2026-01-15 10:38:00.000000000,22569.7,AWS,vendor_x,0
T0005536,C0160,high_business,2026-01-15 10:40:00.000000000,11316.44,AWS,payroll,0
T0003312,C0097,high_business,2026-01-15 10:43:00.000000000,10540.66,Indigo,payroll,0
T0004947,C0145,high_business,2026-01-15 10:47:00.000000000,12479.86,OfficeSupplies,self_neft,0
T0003880,C0112,high_business,2026-01-15 10:49:00.000000000,12368.07,AWS,vendor_x,0
T0006111,C0175,high_business,2026-01-15 10:50:00.000000000,10769.24,AWS,payroll,0
T0003881,C0112,high_business,2026-01-15 10:57:00.000000000,11971.7,Indigo,vendor_x,0
T0000025,C0001,high_business,2026-01-15 11:00:00.000000000,8579.6,TajHotels,vendor_x,0
T0005533,C0160,high_business,2026-01-15 11:07:00.000000000,10385.28,OfficeSupplies,vendor_x,0
T0004353,C0127,high_business,2026-01-15 11:08:00.000000000,11738.58,AWS,vendor_x,0
T0005154,C0151,high_business,2026-01-15 11:17:00.000000000,8676.93,Indigo,self_neft,0
T0005391,C0157,high_business,2026-01-15 11:18:00.000000000,18033.0,Indigo,self_neft,0
T0005954,C0172,high_business,2026-01-15 11:23:00.000000000,12807.67,TajHotels,payroll,0
T0002214,C0065,mid_weekend,2026-01-15 11:28:00.000000000,2537.77,IRCTC,family_upi,0
T0005864,C0169,high_business,2026-01-15 11:32:00.000000000,10437.23,OfficeSupplies,payroll,0
T0000922,C0025,high_business,2026-01-15 11:39:00.000000000,6112.08,AWS,self_neft,0
T0000621,C0017,mid_weekend,2026-01-15 11:45:00.000000000,1599.75,Zomato,family_upi,0
T0002562,C0076,high_business,2026-01-15 11:46:00.000000000,9495.74,AWS,payroll,0
T0005625,C0163,high_business,2026-01-15 11:48:00.000000000,10477.95,Indigo,self_neft,0
T0005532,C0160,high_business,2026-01-15 11:53:00.000000000,10315.93,OfficeSupplies,self_neft,0
T0006112,C0175,high_business,2026-01-15 11:56:00.000000000,16114.04,OfficeSupplies,vendor_x,0
T0001120,C0031,high_business,2026-01-15 12:02:00.000000000,10719.6,TajHotels,self_neft,0
T0003882,C0112,high_business,2026-01-15 12:19:00.000000000,12634.06,OfficeSupplies,vendor_x,0
T0000238,C0007,high_business,2026-01-15 12:25:00.000000000,7854.16,OfficeSupplies,payroll,0
T0001701,C0049,high_business,2026-01-15 12:28:00.000000000,11875.6,OfficeSupplies,vendor_x,0
T0003545,C0103,high_business,2026-01-15 12:30:00.000000000,10796.62,OfficeSupplies,payroll,0
T0004357,C0127,high_business,2026-01-15 12:34:00.000000000,16876.67,TajHotels,payroll,0
T0000696,C0019,high_business,2026-01-15 12:41:00.000000000,14258.44,AWS,payroll,0
T0006110,C0175,high_business,2026-01-15 12:51:00.000000000,12232.19,AWS,vendor_x,0
T0005732,C0166,high_business,2026-01-15 12:55:00.000000000,15856.75,AWS,self_neft,0
T0006331,C0146,mid_weekend,2026-01-15 12:55:00.984813868,6109.8,P2P_5,new_wallet_6226,1
T0003004,C0088,high_business,2026-01-15 12:58:00.000000000,12754.93,TajHotels,self_neft,0
T0004354,C0127,high_business,2026-01-15 13:22:00.000000000,14060.2,AWS,self_neft,0
T0001314,C0037,high_business,2026-01-15 13:43:00.000000000,10871.76,AWS,vendor_x,0
T0005197,C0152,mid_weekend,2026-01-15 13:43:00.000000000,1792.12,NewShop_19,self_upi,0
T0005534,C0160,high_business,2026-01-15 13:46:00.000000000,13401.72,OfficeSupplies,payroll,0
T0005905,C0170,mid_weekend,2026-01-15 13:48:00.000000000,2537.73,IRCTC,self_upi,0
T0005668,C0164,mid_weekend,2026-01-15 13:51:00.000000000,1383.41,IRCTC,self_upi,0
T0000622,C0017,mid_weekend,2026-01-15 13:51:00.000000000,7132.36,BookMyShow,self_upi,0
T0000027,C0001,high_business,2026-01-15 14:16:00.000000000,13609.85,OfficeSupplies,self_neft,0
T0003029,C0089,mid_weekend,2026-01-15 14:27:00.000000000,2844.42,Myntra,self_upi,0
T0002810,C0083,mid_weekend,2026-01-15 14:30:00.000000000,2886.18,BookMyShow,family_upi,0
T0003028,C0089,mid_weekend,2026-01-15 14:32:00.000000000,1813.39,IRCTC,family_upi,0
T0003895,C0113,mid_weekend,2026-01-15 14:39:00.000000000,1224.56,BookMyShow,self_upi,0
T0004192,C0122,mid_weekend,2026-01-15 14:45:00.000000000,3148.58,Myntra,self_upi,0
T0003465,C0101,mid_weekend,2026-01-15 14:51:00.000000000,2011.28,Zomato,self_upi,0
T0004650,C0136,high_business,2026-01-15 15:08:00.000000000,41385.81,AWS,vendor_x,0
T0001843,C0053,mid_weekend,2026-01-15 15:12:00.000000000,2680.14,BookMyShow,self_upi,0
T0004378,C0128,mid_weekend,2026-01-15 15:12:00.000000000,2036.77,IRCTC,family_upi,0
T0001976,C0058,high_business,2026-01-15 15:14:00.000000000,9960.17,OfficeSupplies,payroll,0
T0001042,C0029,mid_weekend,2026-01-15 15:15:00.000000000,2253.2,IRCTC,family_upi,0
T0004762,C0140,mid_weekend,2026-01-15 15:17:00.000000000,10559.48,Zomato,family_upi,0
T0004869,C0143,mid_weekend,2026-01-15 15:18:00.000000000,1116.37,IRCTC,self_upi,0
T0006276,C0179,mid_weekend,2026-01-15 15:19:00.000000000,1965.5,BookMyShow,family_upi,0
T0004253,C0124,high_business,2026-01-15 15:25:00.000000000,12852.56,AWS,vendor_x,0
T0003005,C0088,high_business,2026-01-15 15:37:00.000000000,17336.81,AWS,self_neft,0
T0001804,C0052,high_business,2026-01-15 15:45:00.000000000,14621.14,AWS,vendor_x,0
T0002911,C0085,high_business,2026-01-15 15:46:00.000000000,15082.89,Indigo,payroll,0
T0003228,C0095,mid_weekend,2026-01-15 15:47:00.000000000,2447.86,BookMyShow,self_upi,0
T0006277,C0179,mid_weekend,2026-01-15 16:21:00.000000000,2226.31,NewShop_23,self_upi,0
T0003774,C0110,mid_weekend,2026-01-15 16:24:00.000000000,2815.6,BookMyShow,family_upi,0
T0003126,C0092,mid_weekend,2026-01-15 16:29:00.000000000,1053.24,IRCTC,self_upi,0
T0004029,C0116,mid_weekend,2026-01-15 17:08:00.000000000,2175.75,BookMyShow,self_upi,0
T0004587,C0134,mid_weekend,2026-01-15 17:14:00.000000000,2336.26,BookMyShow,family_upi,0
T0004666,C0137,mid_weekend,2026-01-15 17:20:00.000000000,2681.85,Myntra,family_upi,0
T0003030,C0089,mid_weekend,2026-01-15 17:37:00.000000000,1939.85,Zomato,family_upi,0
T0000846,C0023,mid_weekend,2026-01-15 17:43:00.000000000,7907.04,BookMyShow,family_upi,0
T0004808,C0141,low_evening_shopper,2026-01-15 18:13:00.000000000,685.4,Amazon,self_upi,0
T0003896,C0113,mid_weekend,2026-01-15 18:24:00.000000000,2155.21,Myntra,family_upi,0
T0003278,C0096,low_evening_shopper,2026-01-15 19:07:00.000000000,514.35,Swiggy,self_upi,0
T0004949,C0145,high_business,2026-01-15 19:08:00.000000000,12589.6,OfficeSupplies,vendor_x,0
T0005114,C0150,low_evening_shopper,2026-01-15 19:25:00.000000000,655.38,Swiggy,self_upi,0
T0000661,C0018,low_evening_shopper,2026-01-15 19:30:00.000000000,578.09,BigBazaar,friend_a,0
T0001554,C0045,low_evening_shopper,2026-01-15 19:30:00.000000000,861.76,Swiggy,friend_a,0
T0005862,C0169,high_business,2026-01-15 19:32:00.000000000,11958.7,TajHotels,payroll,0
T0005236,C0153,low_evening_shopper,2026-01-15 19:39:00.000000000,671.83,NewShop_24,self_upi,0
T0000769,C0021,low_evening_shopper,2026-01-15 19:50:00.000000000,673.01,BigBazaar,self_upi,0
T0003155,C0093,low_evening_shopper,2026-01-15 19:53:00.000000000,802.82,LocalKirana,self_upi,0
T0005115,C0150,low_evening_shopper,2026-01-15 19:53:00.000000000,1565.47,BigBazaar,friend_a,0
T0004608,C0135,low_evening_shopper,2026-01-15 19:55:00.000000000,598.4,LocalKirana,self_upi,0
T0000531,C0015,low_evening_shopper,2026-01-15 20:29:00.000000000,971.57,Amazon,friend_a,0
T0001999,C0059,mid_weekend,2026-01-15 20:31:00.000000000,2008.84,Zomato,self_upi,0
T0001424,C0042,low_evening_shopper,2026-01-15 20:38:00.000000000,611.73,LocalKirana,self_upi,0
T0001672,C0048,low_evening_shopper,2026-01-15 20:49:00.000000000,573.82,LocalKirana,self_upi,0
T0002969,C0087,low_evening_shopper,2026-01-15 20:54:00.000000000,988.28,BigBazaar,friend_a,0
T0002248,C0066,low_evening_shopper,2026-01-15 21:08:00.000000000,2735.67,Amazon,friend_a,0
T0001246,C0035,mid_weekend,2026-01-15 21:30:00.000000000,2494.75,Myntra,family_upi,0
T0001555,C0045,low_evening_shopper,2026-01-15 21:33:00.000000000,601.8,LocalKirana,friend_a,0
T0001173,C0033,low_evening_shopper,2026-01-15 21:41:00.000000000,678.18,BigBazaar,self_upi,0
T0005815,C0168,low_evening_shopper,2026-01-15 21:47:00.000000000,977.26,Amazon,friend_a,0
T0001357,C0039,low_evening_shopper,2026-01-15 22:03:00.000000000,1021.03,NewShop_29,friend_a,0
T0004915,C0144,low_evening_shopper,2026-01-15 22:07:00.000000000,526.68,BigBazaar,self_upi,0
T0000286,C0009,low_evening_shopper,2026-01-15 22:15:00.000000000,808.9,Swiggy,friend_a,0
T0002249,C0066,low_evening_shopper,2026-01-15 22:18:00.000000000,766.52,Swiggy,self_upi,0
T0004966,C0146,mid_weekend,2026-01-15 22:25:00.000000000,2584.04,Myntra,self_upi,0
T0004399,C0129,low_evening_shopper,2026-01-15 22:31:00.000000000,503.97,BigBazaar,self_upi,0
T0000719,C0020,mid_weekend,2026-01-15 22:37:00.000000000,2689.21,Zomato,self_upi,0
T0002536,C0075,low_evening_shopper,2026-01-15 23:10:00.000000000,583.93,Swiggy,self_upi,0
T0001121,C0031,high_business,2026-01-16 02:49:00.000000000,8781.52,Indigo,vendor_x,0
T0003229,C0095,mid_weekend,2026-01-16 03:49:00.000000000,1732.57,NewShop_27,self_upi,0
T0002289,C0067,high_business,2026-01-16 06:24:00.000000000,19894.39,TajHotels,payroll,0
T0003740,C0109,high_business,2026-01-16 07:17:00.000000000,11750.97,Indigo,payroll,0
T0002000,C0059,mid_weekend,2026-01-16 07:21:00.000000000,10296.84,Myntra,family_upi,0
T0001487,C0043,high_business,2026-01-16 07:25:00.000000000,11206.19,Indigo,self_neft,0
T0001605,C0046,high_business,2026-01-16 07:35:00.000000000,12300.46,AWS,vendor_x,0
T0003546,C0103,high_business,2026-01-16 07:52:00.000000000,17299.64,OfficeSupplies,vendor_x,0
T0003735,C0109,high_business,2026-01-16 08:33:00.000000000,14003.32,TajHotels,payroll,0
T0001028,C0028,high_business,2026-01-16 08:42:00.000000000,11850.24,OfficeSupplies,vendor_x,0
T0004952,C0145,high_business,2026-01-16 08:46:00.000000000,13606.95,Indigo,payroll,0
T0002291,C0067,high_business,2026-01-16 08:55:00.000000000,10005.29,OfficeSupplies,vendor_x,0
T0005868,C0169,high_business,2026-01-16 09:01:00.000000000,10510.58,OfficeSupplies,vendor_x,0
T0004095,C0118,high_business,2026-01-16 09:09:00.000000000,11507.42,AWS,self_neft,0
T0004561,C0133,high_business,2026-01-16 09:14:00.000000000,11744.48,OfficeSupplies,payroll,0
T0003985,C0115,high_business,2026-01-16 09:15:00.000000000,8359.88,Indigo,vendor_x,0
T0001978,C0058,high_business,2026-01-16 09:19:00.000000000,9676.38,OfficeSupplies,vendor_x,0
T0001977,C0058,high_business,2026-01-16 09:23:00.000000000,5458.13,AWS,self_neft,0
T0003006,C0088,high_business,2026-01-16 09:25:00.000000000,10069.23,NewShop_18,self_neft,0
T0004562,C0133,high_business,2026-01-16 09:26:00.000000000,13679.33,Indigo,vendor_x,0
T0001029,C0028,high_business,2026-01-16 09:41:00.000000000,18379.08,AWS,vendor_x,0
T0000135,C0004,high_business,2026-01-16 09:48:00.000000000,10748.14,OfficeSupplies,self_neft,0
T0002188,C0064,high_business,2026-01-16 09:54:00.000000000,16311.87,Indigo,self_neft,0
T0005733,C0166,high_business,2026-01-16 10:04:00.000000000,5152.62,OfficeSupplies,vendor_x,0
T0004096,C0118,high_business,2026-01-16 10:04:00.000000000,15208.92,NewShop_24,vendor_x,0
T0003741,C0109,high_business,2026-01-16 10:14:00.000000000,12480.68,OfficeSupplies,vendor_x,0
T0000240,C0007,high_business,2026-01-16 10:17:00.000000000,7197.71,TajHotels,vendor_x,0
T0004193,C0122,mid_weekend,2026-01-16 10:17:00.000000000,2739.01,Zomato,family_upi,0
T0002079,C0061,high_business,2026-01-16 10:18:00.000000000,15081.07,OfficeSupplies,payroll,0
T0005866,C0169,high_business,2026-01-16 10:25:00.000000000,14498.3,TajHotels,self_neft,0
T0002913,C0085,high_business,2026-01-16 10:27:00.000000000,11124.87,Indigo,payroll,0
T0000592,C0016,high_business,2026-01-16 10:40:00.000000000,12644.24,Indigo,self_neft,0
T0004097,C0118,high_business,2026-01-16 10:40:00.000000000,13297.1,TajHotels,self_neft,0
T0003734,C0109,high_business,2026-01-16 10:46:00.000000000,8691.08,AWS,vendor_x,0
T0000136,C0004,high_business,2026-01-16 10:51:00.000000000,13549.25,AWS,self_neft,0
T0002078,C0061,high_business,2026-01-16 10:54:00.000000000,10325.29,OfficeSupplies,payroll,0
T0003313,C0097,high_business,2026-01-16 10:56:00.000000000,12108.14,AWS,payroll,0
T0003549,C0103,high_business,2026-01-16 11:01:00.000000000,12603.32,AWS,vendor_x,0
T0004285,C0125,mid_weekend,2026-01-16 11:04:00.000000000,2879.24,BookMyShow,self_upi,0
T0003738,C0109,high_business,2026-01-16 11:06:00.000000000,13192.9,TajHotels,payroll,0
T0004194,C0122,mid_weekend,2026-01-16 11:08:00.000000000,1513.15,Myntra,self_upi,0
T0003548,C0103,high_business,2026-01-16 11:09:00.000000000,13170.5,OfficeSupplies,vendor_x,0
T0005159,C0151,high_business,2026-01-16 11:14:00.000000000,8122.77,TajHotels,self_neft,0
T0001485,C0043,high_business,2026-01-16 11:23:00.000000000,42160.08,AWS,payroll,0
T0001027,C0028,high_business,2026-01-16 11:24:00.000000000,9617.31,Indigo,self_neft,0
T0001484,C0043,high_business,2026-01-16 11:28:00.000000000,11243.71,TajHotels,payroll,0
T0001486,C0043,high_business,2026-01-16 11:40:00.000000000,11028.18,AWS,payroll,0
T0001030,C0028,high_business,2026-01-16 11:40:00.000000000,9210.17,TajHotels,payroll,0
T0003739,C0109,high_business,2026-01-16 11:41:00.000000000,21191.74,AWS,payroll,0
T0002563,C0076,high_business,2026-01-16 11:45:00.000000000,10046.0,OfficeSupplies,self_neft,0
T0003736,C0109,high_business,2026-01-16 11:47:00.000000000,13725.14,Indigo,vendor_x,0
T0002290,C0067,high_business,2026-01-16 11:49:00.000000000,11718.2,AWS,payroll,0
T0003986,C0115,high_business,2026-01-16 11:50:00.000000000,11222.75,Indigo,payroll,0
T0005393,C0157,high_business,2026-01-16 11:52:00.000000000,11497.38,Indigo,payroll,0
T0000241,C0007,high_business,2026-01-16 11:54:00.000000000,12425.44,Indigo,payroll,0
T0005867,C0169,high_business,2026-01-16 11:58:00.000000000,11733.07,NewShop_39,payroll,0
T0000133,C0004,high_business,2026-01-16 12:08:00.000000000,12302.94,Indigo,self_neft,0
T0001247,C0035,mid_weekend,2026-01-16 12:12:00.000000000,2917.33,Myntra,family_upi,0
T0004950,C0145,high_business,2026-01-16 12:19:00.000000000,27466.25,TajHotels,vendor_x,0
T0005560,C0161,mid_weekend,2026-01-16 12:23:00.000000000,1777.23,Zomato,self_upi,0
T0006445,C0037,high_business,2026-01-16 12:37:00.841965536,28766.55,Indigo,quick_payee_360,1
T0005865,C0169,high_business,2026-01-16 12:40:00.000000000,14922.37,AWS,payroll,0
T0004379,C0128,mid_weekend,2026-01-16 12:41:00.000000000,2496.16,IRCTC,self_upi,0
T0003664,C0107,mid_weekend,2026-01-16 12:42:00.000000000,2188.73,Myntra,family_upi,0
T0003339,C0098,mid_weekend,2026-01-16 12:43:00.000000000,7204.2,BookMyShow,self_upi,0
T0005157,C0151,high_business,2026-01-16 12:46:00.000000000,14948.99,AWS,vendor_x,0
T0003119,C0091,high_business,2026-01-16 12:47:00.000000000,17269.54,Indigo,payroll,0
T0000134,C0004,high_business,2026-01-16 12:54:00.000000000,12007.48,TajHotels,vendor_x,0
T0004953,C0145,high_business,2026-01-16 12:57:00.000000000,11854.51,TajHotels,payroll,0
T0005392,C0157,high_business,2026-01-16 12:59:00.000000000,13771.63,AWS,payroll,0
T0001488,C0043,high_business,2026-01-16 13:31:00.000000000,13111.3,Indigo,vendor_x,0
T0005670,C0164,mid_weekend,2026-01-16 13:32:00.000000000,3047.14,IRCTC,family_upi,0
T0005158,C0151,high_business,2026-01-16 13:37:00.000000000,12197.49,OfficeSupplies,self_neft,0
T0003742,C0109,high_business,2026-01-16 13:38:00.000000000,9499.85,OfficeSupplies,self_neft,0
T0005052,C0148,high_business,2026-01-16 13:43:00.000000000,14658.79,AWS,self_neft,0
T0003547,C0103,high_business,2026-01-16 13:47:00.000000000,35884.92,AWS,vendor_x,0
T0003427,C0100,high_business,2026-01-16 13:54:00.000000000,10865.79,TajHotels,self_neft,0
T0003737,C0109,high_business,2026-01-16 13:54:00.000000000,38009.47,OfficeSupplies,vendor_x,0
T0001316,C0037,high_business,2026-01-16 13:59:00.000000000,11398.23,Indigo,self_neft,0
T0002501,C0073,high_business,2026-01-16 14:02:00.000000000,7809.94,OfficeSupplies,vendor_x,0
T0000497,C0014,mid_weekend,2026-01-16 14:02:00.000000000,2380.7,Myntra,self_upi,0
T0001315,C0037,high_business,2026-01-16 14:06:00.000000000,18153.69,NewShop_12,payroll,0
T0005539,C0160,high_business,2026-01-16 14:10:00.000000000,17847.29,Indigo,self_neft,0
T0004870,C0143,mid_weekend,2026-01-16 14:16:00.000000000,2397.72,NewShop_36,self_upi,0
T0000923,C0025,high_business,2026-01-16 14:47:00.000000000,17993.44,TajHotels,vendor_x,0
T0003897,C0113,mid_weekend,2026-01-16 14:59:00.000000000,2880.53,Myntra,family_upi,0
T0004951,C0145,high_business,2026-01-16 15:12:00.000000000,12291.96,TajHotels,vendor_x,0
T0003733,C0109,high_business,2026-01-16 15:28:00.000000000,36709.55,OfficeSupplies,vendor_x,0
T0002215,C0065,mid_weekend,2026-01-16 15:32:00.000000000,2777.57,Zomato,family_upi,0
T0005906,C0170,mid_weekend,2026-01-16 15:42:00.000000000,2389.81,Myntra,self_upi,0
T0000720,C0020,mid_weekend,2026-01-16 15:55:00.000000000,2693.92,IRCTC,family_upi,0
T0004474,C0131,mid_weekend,2026-01-16 15:56:00.000000000,2473.04,Myntra,self_upi,0
T0005080,C0149,mid_weekend,2026-01-16 15:59:00.000000000,2448.93,Zomato,self_upi,0
T0003466,C0101,mid_weekend,2026-01-16 16:04:00.000000000,2259.85,Zomato,self_upi,0
T0004667,C0137,mid_weekend,2026-01-16 16:11:00.000000000,2424.96,Myntra,family_upi,0
T0002440,C0071,mid_weekend,2026-01-16 16:22:00.000000000,3350.03,Myntra,self_upi,0
T0004651,C0136,high_business,2026-01-16 16:31:00.000000000,8697.3,Indigo,vendor_x,0
T0000498,C0014,mid_weekend,2026-01-16 16:56:00.000000000,2460.97,Myntra,family_upi,0
T0002811,C0083,mid_weekend,2026-01-16 17:37:00.000000000,2638.78,IRCTC,self_upi,0
T0001921,C0056,mid_weekend,2026-01-16 18:00:00.000000000,2962.07,Zomato,family_upi,0
T0005816,C0168,low_evening_shopper,2026-01-16 18:08:00.000000000,614.3,Amazon,friend_a,0
T0006175,C0177,low_evening_shopper,2026-01-16 18:08:00.000000000,634.25,Amazon,self_upi,0
T0003156,C0093,low_evening_shopper,2026-01-16 18:23:00.000000000,598.21,Swiggy,friend_a,0
T0002250,C0066,low_evening_shopper,2026-01-16 18:28:00.000000000,929.55,Swiggy,self_upi,0
T0002941,C0086,mid_weekend,2026-01-16 18:31:00.000000000,2194.98,Myntra,family_upi,0
T0000721,C0020,mid_weekend,2026-01-16 18:35:00.000000000,1538.64,BookMyShow,self_upi,0
T0001844,C0053,mid_weekend,2026-01-16 18:48:00.000000000,2899.93,IRCTC,self_upi,0
T0000532,C0015,low_evening_shopper,2026-01-16 18:49:00.000000000,422.35,LocalKirana,self_upi,0
T0001556,C0045,low_evening_shopper,2026-01-16 19:07:00.000000000,683.69,Amazon,self_upi,0
T0003590,C0105,low_evening_shopper,2026-01-16 19:15:00.000000000,905.28,Amazon,self_upi,0
T0004916,C0144,low_evening_shopper,2026-01-16 19:26:00.000000000,447.52,BigBazaar,self_upi,0
T0001358,C0039,low_evening_shopper,2026-01-16 19:28:00.000000000,625.33,BigBazaar,self_upi,0
T0004459,C0130,high_business,2026-01-16 19:30:00.000000000,13766.41,NewShop_38,vendor_x,0
T0000662,C0018,low_evening_shopper,2026-01-16 19:33:00.000000000,646.09,NewShop_22,self_upi,0
T0003941,C0114,low_evening_shopper,2026-01-16 19:48:00.000000000,706.22,LocalKirana,friend_a,0
T0003695,C0108,low_evening_shopper,2026-01-16 19:57:00.000000000,3723.06,LocalKirana,friend_a,0
T0004871,C0143,mid_weekend,2026-01-16 20:03:00.000000000,2400.2,Myntra,self_upi,0
T0005669,C0164,mid_weekend,2026-01-16 20:10:00.000000000,2212.53,Myntra,self_upi,0
T0004809,C0141,low_evening_shopper,2026-01-16 20:18:00.000000000,596.93,Amazon,friend_a,0
T0004053,C0117,low_evening_shopper,2026-01-16 20:45:00.000000000,713.08,Amazon,friend_a,0
T0004400,C0129,low_evening_shopper,2026-01-16 20:52:00.000000000,707.35,BigBazaar,self_upi,0
T0000770,C0021,low_evening_shopper,2026-01-16 21:30:00.000000000,625.64,Swiggy,friend_a,0
T0004967,C0146,mid_weekend,2026-01-16 22:20:00.000000000,1185.09,NewShop_36,self_upi,0
T0003157,C0093,low_evening_shopper,2026-01-16 22:20:00.000000000,543.0,LocalKirana,self_upi,0
T0005817,C0168,low_evening_shopper,2026-01-16 22:25:00.000000000,732.25,Swiggy,self_upi,0
T0000029,C0001,high_business,2026-01-16 22:35:00.000000000,13345.29,AWS,vendor_x,0
T0002634,C0078,low_evening_shopper,2026-01-16 23:27:00.000000000,1508.23,Swiggy,friend_a,0
T0005671,C0164,mid_weekend,2026-01-16 23:47:00.000000000,2615.69,Zomato,family_upi,0
T0001704,C0049,high_business,2026-01-17 00:31:00.000000000,16785.92,TajHotels,payroll,0
T0006438,C0004,high_business,2026-01-17 02:32:00.773575379,28741.93,NightPOS_22,vendor_x,1
T0002292,C0067,high_business,2026-01-17 07:02:00.000000000,12145.28,OfficeSupplies,vendor_x,0
T0000595,C0016,high_business,2026-01-17 07:10:00.000000000,12601.05,AWS,self_neft,0
T0000242,C0007,high_business,2026-01-17 07:24:00.000000000,15054.32,TajHotels,payroll,0
T0003430,C0100,high_business,2026-01-17 07:37:00.000000000,14273.47,AWS,self_neft,0
T0003987,C0115,high_business,2026-01-17 07:45:00.000000000,8673.37,TajHotels,vendor_x,0
T0003431,C0100,high_business,2026-01-17 08:13:00.000000000,13040.01,Indigo,vendor_x,0
T0005053,C0148,high_business,2026-01-17 08:25:00.000000000,11207.14,AWS,payroll,0
T0006229,C0178,high_business,2026-01-17 08:28:00.000000000,15150.88,Indigo,vendor_x,0
T0005082,C0149,mid_weekend,2026-01-17 08:30:00.000000000,2369.01,Zomato,family_upi,0
T0001702,C0049,high_business,2026-01-17 09:09:00.000000000,9868.52,TajHotels,self_neft,0
T0002400,C0070,high_business,2026-01-17 09:09:00.000000000,10380.19,OfficeSupplies,vendor_x,0
T0002396,C0070,high_business,2026-01-17 09:09:00.000000000,11925.59,AWS,payroll,0
T0001318,C0037,high_business,2026-01-17 09:10:00.000000000,34735.81,Indigo,vendor_x,0
T0001703,C0049,high_business,2026-01-17 09:11:00.000000000,12129.56,TajHotels,vendor_x,0
T0003314,C0097,high_business,2026-01-17 09:23:00.000000000,12711.55,TajHotels,vendor_x,0
T0003120,C0091,high_business,2026-01-17 09:24:00.000000000,10230.13,AWS,self_neft,0
T0000926,C0025,high_business,2026-01-17 09:26:00.000000000,33181.58,AWS,payroll,0
T0003340,C0098,mid_weekend,2026-01-17 09:30:00.000000000,2142.71,Myntra,family_upi,0
T0000030,C0001,high_business,2026-01-17 09:33:00.000000000,12226.22,Indigo,payroll,0
T0001981,C0058,high_business,2026-01-17 09:37:00.000000000,10875.04,Indigo,vendor_x,0
T0003743,C0109,high_business,2026-01-17 09:46:00.000000000,8401.23,Indigo,vendor_x,0
T0004100,C0118,high_business,2026-01-17 09:49:00.000000000,14765.82,AWS,payroll,0
T0001980,C0058,high_business,2026-01-17 10:01:00.000000000,11831.22,OfficeSupplies,vendor_x,0
T0001489,C0043,high_business,2026-01-17 10:03:00.000000000,13684.17,NewShop_14,self_neft,0
T0000594,C0016,high_business,2026-01-17 10:07:00.000000000,9741.29,TajHotels,vendor_x,0
T0000925,C0025,high_business,2026-01-17 10:07:00.000000000,8944.99,OfficeSupplies,payroll,0
T0000596,C0016,high_business,2026-01-17 10:09:00.000000000,13873.88,TajHotels,vendor_x,0
T0005869,C0169,high_business,2026-01-17 10:14:00.000000000,11249.29,Indigo,vendor_x,0
T0005626,C0163,high_business,2026-01-17 10:16:00.000000000,15869.14,OfficeSupplies,vendor_x,0
T0004668,C0137,mid_weekend,2026-01-17 10:19:00.000000000,1773.83,Zomato,family_upi,0
T0002773,C0082,high_business,2026-01-17 10:22:00.000000000,8464.51,OfficeSupplies,self_neft,0
T0000623,C0017,mid_weekend,2026-01-17 10:25:00.000000000,2661.02,Myntra,self_upi,0
T0004833,C0142,high_business,2026-01-17 10:28:00.000000000,24597.05,TajHotels,vendor_x,0
T0002293,C0067,high_business,2026-01-17 10:30:00.000000000,10443.06,TajHotels,vendor_x,0
T0000137,C0004,high_business,2026-01-17 10:34:00.000000000,12090.15,Indigo,vendor_x,0
T0001979,C0058,high_business,2026-01-17 10:36:00.000000000,10637.44,AWS,payroll,0
T0004588,C0134,mid_weekend,2026-01-17 10:36:00.000000000,2547.68,BookMyShow,family_upi,0
T0004460,C0130,high_business,2026-01-17 10:38:00.000000000,11379.54,AWS,self_neft,0
T0002399,C0070,high_business,2026-01-17 10:38:00.000000000,9382.71,TajHotels,self_neft,0
T0005398,C0157,high_business,2026-01-17 10:46:00.000000000,10751.42,AWS,payroll,0
T0002774,C0082,high_business,2026-01-17 10:46:00.000000000,9964.11,Indigo,vendor_x,0
T0004099,C0118,high_business,2026-01-17 10:53:00.000000000,8562.91,Indigo,vendor_x,0
T0001031,C0028,high_business,2026-01-17 10:57:00.000000000,8125.39,Indigo,self_neft,0
T0004358,C0127,high_business,2026-01-17 11:06:00.000000000,8695.91,AWS,vendor_x,0
T0005541,C0160,high_business,2026-01-17 11:15:00.000000000,13473.13,AWS,vendor_x,0
T0002402,C0070,high_business,2026-01-17 11:16:00.000000000,10103.0,AWS,self_neft,0
T0002564,C0076,high_business,2026-01-17 11:17:00.000000000,8744.33,Indigo,payroll,0
T0002502,C0073,high_business,2026-01-17 11:17:00.000000000,10069.18,Indigo,payroll,0
T0001125,C0031,high_business,2026-01-17 11:21:00.000000000,35364.26,NewShop_18,vendor_x,0
T0001317,C0037,high_business,2026-01-17 11:25:00.000000000,11579.43,AWS,vendor_x,0
T0004834,C0142,high_business,2026-01-17 11:30:00.000000000,16589.16,OfficeSupplies,vendor_x,0
T0005397,C0157,high_business,2026-01-17 11:32:00.000000000,13437.78,TajHotels,vendor_x,0
T0005540,C0160,high_business,2026-01-17 11:33:00.000000000,7664.34,Indigo,vendor_x,0
T0001124,C0031,high_business,2026-01-17 11:33:00.000000000,10116.23,OfficeSupplies,vendor_x,0
T0002397,C0070,high_business,2026-01-17 11:36:00.000000000,12324.38,AWS,self_neft,0
T0004652,C0136,high_business,2026-01-17 11:38:00.000000000,12939.65,AWS,self_neft,0
T0003988,C0115,high_business,2026-01-17 11:39:00.000000000,12680.84,NewShop_15,payroll,0
T0003007,C0088,high_business,2026-01-17 11:50:00.000000000,9457.52,Indigo,vendor_x,0
T0004563,C0133,high_business,2026-01-17 11:52:00.000000000,11289.61,TajHotels,vendor_x,0
T0003744,C0109,high_business,2026-01-17 11:55:00.000000000,13003.03,OfficeSupplies,vendor_x,0
T0002189,C0064,high_business,2026-01-17 12:00:00.000000000,10946.25,OfficeSupplies,self_neft,0
T0002812,C0083,mid_weekend,2026-01-17 12:07:00.000000000,2503.95,IRCTC,family_upi,0
T0003315,C0097,high_business,2026-01-17 12:09:00.000000000,13909.11,Indigo,vendor_x,0
T0002401,C0070,high_business,2026-01-17 12:18:00.000000000,9314.53,Indigo,vendor_x,0
T0003468,C0101,mid_weekend,2026-01-17 12:25:00.000000000,3014.03,BookMyShow,family_upi,0
T0002775,C0082,high_business,2026-01-17 12:27:00.000000000,12289.98,TajHotels,self_neft,0
T0002517,C0074,mid_weekend,2026-01-17 12:28:00.000000000,3326.38,Zomato,self_upi,0
T0004195,C0122,mid_weekend,2026-01-17 12:30:00.000000000,2472.58,IRCTC,self_upi,0
T0001705,C0049,high_business,2026-01-17 12:32:00.000000000,10986.72,TajHotels,payroll,0
T0005395,C0157,high_business,2026-01-17 12:46:00.000000000,9558.15,Indigo,vendor_x,0
T0001123,C0031,high_business,2026-01-17 12:47:00.000000000,10967.42,OfficeSupplies,payroll,0
T0002080,C0061,high_business,2026-01-17 12:47:00.000000000,14315.37,TajHotels,vendor_x,0
T0000593,C0016,high_business,2026-01-17 12:50:00.000000000,12573.47,OfficeSupplies,self_neft,0
T0002398,C0070,high_business,2026-01-17 13:00:00.000000000,11590.59,Indigo,vendor_x,0
T0005399,C0157,high_business,2026-01-17 13:05:00.000000000,10941.72,AWS,payroll,0
T0006114,C0175,high_business,2026-01-17 13:10:00.000000000,14646.08,Indigo,payroll,0
T0004098,C0118,high_business,2026-01-17 13:11:00.000000000,12928.48,OfficeSupplies,self_neft,0
T0003230,C0095,mid_weekend,2026-01-17 13:23:00.000000000,2629.97,Zomato,self_upi,0
T0001490,C0043,high_business,2026-01-17 13:25:00.000000000,12827.55,Indigo,payroll,0
T0005054,C0148,high_business,2026-01-17 13:28:00.000000000,12102.67,OfficeSupplies,vendor_x,0
T0004669,C0137,mid_weekend,2026-01-17 13:33:00.000000000,2101.14,BookMyShow,family_upi,0
T0003428,C0100,high_business,2026-01-17 13:36:00.000000000,7583.48,Indigo,vendor_x,0
T0005394,C0157,high_business,2026-01-17 13:47:00.000000000,63856.31,OfficeSupplies,payroll,0
T0003429,C0100,high_business,2026-01-17 13:49:00.000000000,10641.17,OfficeSupplies,payroll,0
T0005955,C0172,high_business,2026-01-17 13:50:00.000000000,12748.18,OfficeSupplies,vendor_x,0
T0003121,C0091,high_business,2026-01-17 13:58:00.000000000,7310.58,OfficeSupplies,self_neft,0
T0001806,C0052,high_business,2026-01-17 14:09:00.000000000,10677.81,AWS,vendor_x,0
T0001122,C0031,high_business,2026-01-17 14:11:00.000000000,11124.66,OfficeSupplies,vendor_x,0
T0004286,C0125,mid_weekend,2026-01-17 14:16:00.000000000,1833.29,IRCTC,family_upi,0
T0000924,C0025,high_business,2026-01-17 14:20:00.000000000,7332.35,TajHotels,payroll,0
T0005396,C0157,high_business,2026-01-17 14:29:00.000000000,40107.51,Indigo,payroll,0
T0000499,C0014,mid_weekend,2026-01-17 14:36:00.000000000,1693.66,IRCTC,family_upi,0
T0002565,C0076,high_business,2026-01-17 14:38:00.000000000,15337.24,Indigo,self_neft,0
T0000597,C0016,high_business,2026-01-17 14:40:00.000000000,10128.28,Indigo,payroll,0
T0002294,C0067,high_business,2026-01-17 14:52:00.000000000,12280.59,TajHotels,vendor_x,0
T0003989,C0115,high_business,2026-01-17 15:07:00.000000000,15417.49,AWS,vendor_x,0
T0004764,C0140,mid_weekend,2026-01-17 15:09:00.000000000,2362.51,Myntra,family_upi,0
T0001922,C0056,mid_weekend,2026-01-17 15:15:00.000000000,2434.81,Zomato,self_upi,0
T0001043,C0029,mid_weekend,2026-01-17 15:32:00.000000000,3412.57,BookMyShow,self_upi,0
T0005775,C0167,mid_weekend,2026-01-17 16:29:00.000000000,1077.28,Myntra,family_upi,0
T0002537,C0075,low_evening_shopper,2026-01-17 16:40:00.000000000,687.4,Swiggy,self_upi,0
T0003550,C0103,high_business,2026-01-17 16:44:00.000000000,12322.09,TajHotels,payroll,0
T0000172,C0005,mid_weekend,2026-01-17 16:47:00.000000000,2236.57,Myntra,self_upi,0
T0005081,C0149,mid_weekend,2026-01-17 16:50:00.000000000,6951.04,IRCTC,family_upi,0
T0004102,C0119,mid_weekend,2026-01-17 16:53:00.000000000,2832.74,Zomato,self_upi,0
T0001412,C0041,mid_weekend,2026-01-17 17:06:00.000000000,2913.95,BookMyShow,self_upi,0
T0005198,C0152,mid_weekend,2026-01-17 17:10:00.000000000,1666.08,BookMyShow,family_upi,0
T0001632,C0047,mid_weekend,2026-01-17 17:20:00.000000000,1647.76,NewShop_28,family_upi,0
T0002216,C0065,mid_weekend,2026-01-17 17:35:00.000000000,1736.94,Zomato,family_upi,0
T0000624,C0017,mid_weekend,2026-01-17 17:50:00.000000000,2163.46,IRCTC,family_upi,0
T0005956,C0172,high_business,2026-01-17 17:55:00.000000000,10789.46,Indigo,payroll,0
T0003775,C0110,mid_weekend,2026-01-17 18:07:00.000000000,3488.8,Myntra,self_upi,0
T0003665,C0107,mid_weekend,2026-01-17 18:34:00.000000000,2303.01,BookMyShow,self_upi,0
T0006176,C0177,low_evening_shopper,2026-01-17 18:38:00.000000000,563.31,LocalKirana,self_upi,0
T0001174,C0033,low_evening_shopper,2026-01-17 19:02:00.000000000,732.35,Amazon,friend_a,0
T0003696,C0108,low_evening_shopper,2026-01-17 19:11:00.000000000,559.65,Swiggy,friend_a,0
T0001359,C0039,low_evening_shopper,2026-01-17 19:14:00.000000000,847.68,BigBazaar,self_upi,0
T0004716,C0138,low_evening_shopper,2026-01-17 19:20:00.000000000,840.16,Amazon,self_upi,0
T0003467,C0101,mid_weekend,2026-01-17 19:21:00.000000000,3152.79,Myntra,self_upi,0
T0002970,C0087,low_evening_shopper,2026-01-17 19:42:00.000000000,2662.24,Amazon,friend_a,0
T0005083,C0149,mid_weekend,2026-01-17 19:47:00.000000000,1722.65,Zomato,family_upi,0
T0000847,C0023,mid_weekend,2026-01-17 19:50:00.000000000,1596.92,IRCTC,family_upi,0
T0004054,C0117,low_evening_shopper,2026-01-17 20:06:00.000000000,593.75,LocalKirana,self_upi,0
T0002081,C0061,high_business,2026-01-17 20:11:00.000000000,10940.93,OfficeSupplies,self_neft,0
T0006278,C0179,mid_weekend,2026-01-17 20:13:00.000000000,2126.64,Myntra,self_upi,0
T0002914,C0085,high_business,2026-01-17 20:18:00.000000000,11881.26,Indigo,payroll,0
T0006002,C0173,mid_weekend,2026-01-17 20:20:00.000000000,2375.85,BookMyShow,family_upi,0
T0001868,C0054,low_evening_shopper,2026-01-17 20:36:00.000000000,772.4,LocalKirana,friend_a,0
T0005349,C0156,low_evening_shopper,2026-01-17 20:38:00.000000000,899.86,LocalKirana,self_upi,0
T0005237,C0153,low_evening_shopper,2026-01-17 20:43:00.000000000,537.36,BigBazaar,friend_a,0
T0004917,C0144,low_evening_shopper,2026-01-17 20:45:00.000000000,500.51,Swiggy,friend_a,0
T0000424,C0012,low_evening_shopper,2026-01-17 21:02:00.000000000,883.76,Swiggy,self_upi,0
T0004763,C0140,mid_weekend,2026-01-17 21:04:00.000000000,2289.62,BookMyShow,family_upi,0
T0005005,C0147,low_evening_shopper,2026-01-17 21:07:00.000000000,2418.16,Amazon,friend_a,0
T0001673,C0048,low_evening_shopper,2026-01-17 21:07:00.000000000,821.82,Swiggy,friend_a,0
T0002251,C0066,low_evening_shopper,2026-01-17 21:08:00.000000000,540.39,Amazon,self_upi,0
T0004125,C0120,low_evening_shopper,2026-01-17 21:10:00.000000000,889.17,Amazon,self_upi,0
T0004226,C0123,low_evening_shopper,2026-01-17 21:21:00.000000000,503.59,BigBazaar,friend_a,0
T0000983,C0027,low_evening_shopper,2026-01-17 21:22:00.000000000,670.01,Swiggy,friend_a,0
T0000663,C0018,low_evening_shopper,2026-01-17 21:30:00.000000000,754.37,LocalKirana,friend_a,0
T0003591,C0105,low_evening_shopper,2026-01-17 21:32:00.000000000,923.88,NewShop_3,friend_a,0
T0004475,C0131,mid_weekend,2026-01-17 21:41:00.000000000,2767.38,IRCTC,self_upi,0
T0005116,C0150,low_evening_shopper,2026-01-17 21:41:00.000000000,463.79,Swiggy,self_upi,0
T0005690,C0165,low_evening_shopper,2026-01-17 22:01:00.000000000,940.1,Amazon,self_upi,0
T0000425,C0012,low_evening_shopper,2026-01-17 22:11:00.000000000,783.94,Amazon,friend_a,0
T0002367,C0069,low_evening_shopper,2026-01-17 22:15:00.000000000,690.33,LocalKirana,friend_a,0
T0003432,C0100,high_business,2026-01-17 22:47:00.000000000,10554.16,Indigo,payroll,0
T0001425,C0042,low_evening_shopper,2026-01-17 22:51:00.000000000,406.65,Swiggy,self_upi,0
T0005818,C0168,low_evening_shopper,2026-01-17 22:53:00.000000000,461.73,BigBazaar,friend_a,0
T0004835,C0142,high_business,2026-01-17 23:38:00.000000000,14710.96,Indigo,payroll,0
T0000892,C0024,low_evening_shopper,2026-01-17 23:55:00.000000000,389.15,Swiggy,self_upi,0
T0006404,C0122,mid_weekend,2026-01-18 03:13:00.751244083,7743.84,NightPOS_22,family_upi,1
T0001709,C0049,high_business,2026-01-18 06:44:00.000000000,7922.91,Indigo,vendor_x,0
T0001606,C0046,high_business,2026-01-18 06:51:00.000000000,12445.82,TajHotels,payroll,0
T0000697,C0019,high_business,2026-01-18 07:07:00.000000000,10117.19,AWS,vendor_x,0
T0001607,C0046,high_business,2026-01-18 07:07:00.000000000,11389.11,AWS,payroll,0
T0000698,C0019,high_business,2026-01-18 07:18:00.000000000,12308.27,Indigo,vendor_x,0
T0005275,C0154,high_business,2026-01-18 07:34:00.000000000,13435.23,TajHotels,payroll,0
T0002403,C0070,high_business,2026-01-18 07:35:00.000000000,11144.99,Indigo,self_neft,0
T0001706,C0049,high_business,2026-01-18 07:44:00.000000000,12338.82,AWS,vendor_x,0
T0002915,C0085,high_business,2026-01-18 07:50:00.000000000,9042.05,AWS,self_neft,0
T0002405,C0070,high_business,2026-01-18 08:00:00.000000000,10300.3,Indigo,self_neft,0
T0000600,C0016,high_business,2026-01-18 08:07:00.000000000,12915.84,OfficeSupplies,payroll,0
T0006119,C0175,high_business,2026-01-18 08:16:00.000000000,16321.17,AWS,payroll,0
T0005161,C0151,high_business,2026-01-18 08:22:00.000000000,9391.19,OfficeSupplies,payroll,0
T0000598,C0016,high_business,2026-01-18 08:38:00.000000000,13963.36,Indigo,self_neft,0
T0001807,C0052,high_business,2026-01-18 08:42:00.000000000,11970.82,OfficeSupplies,payroll,0
T0001982,C0058,high_business,2026-01-18 08:42:00.000000000,12732.11,AWS,self_neft,0
T0003745,C0109,high_business,2026-01-18 09:06:00.000000000,7453.42,AWS,vendor_x,0
T0001032,C0028,high_business,2026-01-18 09:16:00.000000000,9826.48,OfficeSupplies,payroll,0
T0000599,C0016,high_business,2026-01-18 09:19:00.000000000,32091.12,Indigo,payroll,0
T0003883,C0112,high_business,2026-01-18 09:25:00.000000000,12894.56,OfficeSupplies,vendor_x,0
T0000699,C0019,high_business,2026-01-18 09:30:00.000000000,12746.08,TajHotels,vendor_x,0
T0001609,C0046,high_business,2026-01-18 09:36:00.000000000,14221.14,OfficeSupplies,self_neft,0
T0002918,C0085,high_business,2026-01-18 09:49:00.000000000,39479.62,Indigo,self_neft,0
T0001710,C0049,high_business,2026-01-18 09:58:00.000000000,11601.97,TajHotels,self_neft,0
T0002408,C0070,high_business,2026-01-18 10:00:00.000000000,13800.19,Indigo,vendor_x,0
T0001808,C0052,high_business,2026-01-18 10:02:00.000000000,16066.23,OfficeSupplies,vendor_x,0
T0006120,C0175,high_business,2026-01-18 10:08:00.000000000,11666.42,AWS,vendor_x,0
T0006117,C0175,high_business,2026-01-18 10:10:00.000000000,13050.55,Indigo,vendor_x,0
T0002296,C0067,high_business,2026-01-18 10:11:00.000000000,14203.38,OfficeSupplies,payroll,0
T0005542,C0160,high_business,2026-01-18 10:17:00.000000000,13349.65,Indigo,self_neft,0
T0001610,C0046,high_business,2026-01-18 10:21:00.000000000,8957.99,AWS,vendor_x,0
T0005734,C0166,high_business,2026-01-18 10:26:00.000000000,14800.45,TajHotels,self_neft,0
T0005273,C0154,high_business,2026-01-18 10:35:00.000000000,12065.59,TajHotels,payroll,0
T0001611,C0046,high_business,2026-01-18 10:35:00.000000000,13540.84,Indigo,payroll,0
T0001608,C0046,high_business,2026-01-18 10:40:00.000000000,10686.45,AWS,self_neft,0
T0002916,C0085,high_business,2026-01-18 10:45:00.000000000,13551.41,TajHotels,vendor_x,0
T0003884,C0112,high_business,2026-01-18 11:11:00.000000000,12147.1,TajHotels,vendor_x,0
T0002404,C0070,high_business,2026-01-18 11:11:00.000000000,9136.86,OfficeSupplies,vendor_x,0
T0000257,C0008,mid_weekend,2026-01-18 11:14:00.000000000,2556.9,Zomato,self_upi,0
T0004101,C0118,high_business,2026-01-18 11:16:00.000000000,34045.02,AWS,vendor_x,0
T0006115,C0175,high_business,2026-01-18 11:17:00.000000000,13948.14,Indigo,payroll,0
T0006118,C0175,high_business,2026-01-18 11:23:00.000000000,13963.13,AWS,vendor_x,0
T0000501,C0014,mid_weekend,2026-01-18 11:28:00.000000000,2302.37,NewShop_32,family_upi,0
T0003746,C0109,high_business,2026-01-18 11:33:00.000000000,7203.15,TajHotels,payroll,0
T0002295,C0067,high_business,2026-01-18 11:34:00.000000000,11657.91,OfficeSupplies,self_neft,0
T0006137,C0176,mid_weekend,2026-01-18 11:36:00.000000000,2360.85,IRCTC,self_upi,0
T0004955,C0145,high_business,2026-01-18 11:37:00.000000000,13228.97,OfficeSupplies,self_neft,0
T0002406,C0070,high_business,2026-01-18 11:40:00.000000000,12568.37,TajHotels,payroll,0
T0002190,C0064,high_business,2026-01-18 11:41:00.000000000,12679.06,Indigo,vendor_x,0
T0002001,C0059,mid_weekend,2026-01-18 11:42:00.000000000,2414.18,Myntra,family_upi,0
T0004103,C0119,mid_weekend,2026-01-18 11:42:00.000000000,1885.71,Myntra,self_upi,0
T0003031,C0089,mid_weekend,2026-01-18 11:44:00.000000000,2783.33,IRCTC,self_upi,0
T0001707,C0049,high_business,2026-01-18 11:49:00.000000000,13748.01,TajHotels,self_neft,0
T0001613,C0046,high_business,2026-01-18 11:50:00.000000000,11998.68,OfficeSupplies,self_neft,0
T0001708,C0049,high_business,2026-01-18 11:52:00.000000000,10357.89,Indigo,vendor_x,0
T0005274,C0154,high_business,2026-01-18 11:53:00.000000000,12216.14,TajHotels,self_neft,0
T0001491,C0043,high_business,2026-01-18 11:54:00.000000000,14562.52,OfficeSupplies,payroll,0
T0003316,C0097,high_business,2026-01-18 11:59:00.000000000,58822.49,OfficeSupplies,self_neft,0
T0004954,C0145,high_business,2026-01-18 12:00:00.000000000,10361.46,AWS,vendor_x,0
T0000601,C0016,high_business,2026-01-18 12:02:00.000000000,7368.01,OfficeSupplies,self_neft,0
T0003667,C0107,mid_weekend,2026-01-18 12:10:00.000000000,2063.67,BookMyShow,self_upi,0
T0005870,C0169,high_business,2026-01-18 12:33:00.000000000,15512.74,Indigo,self_neft,0
T0000138,C0004,high_business,2026-01-18 12:37:00.000000000,10680.21,Indigo,self_neft,0
T0001612,C0046,high_business,2026-01-18 12:39:00.000000000,9937.92,TajHotels,self_neft,0
T0001319,C0037,high_business,2026-01-18 12:41:00.000000000,15432.72,Indigo,self_neft,0
T0000700,C0019,high_business,2026-01-18 12:46:00.000000000,9756.45,AWS,vendor_x,0
T0002407,C0070,high_business,2026-01-18 12:48:00.000000000,13361.11,OfficeSupplies,payroll,0
T0002002,C0059,mid_weekend,2026-01-18 12:50:00.000000000,2747.45,Zomato,family_upi,0
T0002942,C0086,mid_weekend,2026-01-18 12:53:00.000000000,11055.47,Myntra,self_upi,0
T0005672,C0164,mid_weekend,2026-01-18 12:56:00.000000000,2321.48,Myntra,self_upi,0
T0002518,C0074,mid_weekend,2026-01-18 12:58:00.000000000,2680.05,Myntra,self_upi,0
T0002520,C0074,mid_weekend,2026-01-18 13:13:00.000000000,3243.78,BookMyShow,self_upi,0
T0002776,C0082,high_business,2026-01-18 13:15:00.000000000,10312.25,TajHotels,vendor_x,0
T0006116,C0175,high_business,2026-01-18 13:20:00.000000000,11059.46,Indigo,payroll,0
T0006279,C0179,mid_weekend,2026-01-18 13:23:00.000000000,3722.79,IRCTC,self_upi,0
T0006424,C0007,high_business,2026-01-18 13:25:00.930914916,29253.69,P2P_48,new_wallet_8786,1
T0004359,C0127,high_business,2026-01-18 13:32:00.000000000,13005.83,TajHotels,self_neft,0
T0002113,C0062,mid_weekend,2026-01-18 13:37:00.000000000,2373.18,Zomato,self_upi,0
T0005627,C0163,high_business,2026-01-18 13:39:00.000000000,10505.27,Indigo,payroll,0
T0001333,C0038,mid_weekend,2026-01-18 13:41:00.000000000,2547.28,BookMyShow,family_upi,0
T0005400,C0157,high_business,2026-01-18 13:49:00.000000000,17498.1,Indigo,vendor_x,0
T0002082,C0061,high_business,2026-01-18 13:52:00.000000000,10915.53,NewShop_16,self_neft,0
T0003898,C0113,mid_weekend,2026-01-18 13:57:00.000000000,3111.02,Zomato,self_upi,0
T0005445,C0158,mid_weekend,2026-01-18 14:02:00.000000000,2205.71,Zomato,self_upi,0
T0002917,C0085,high_business,2026-01-18 14:11:00.000000000,12538.05,AWS,vendor_x,0
T0005907,C0170,mid_weekend,2026-01-18 14:12:00.000000000,2179.77,BookMyShow,family_upi,0
T0003885,C0112,high_business,2026-01-18 14:14:00.000000000,10849.54,AWS,self_neft,0
T0004653,C0136,high_business,2026-01-18 14:22:00.000000000,13440.63,AWS,payroll,0
T0001320,C0037,high_business,2026-01-18 14:27:00.000000000,12213.12,Indigo,payroll,0
T0002777,C0082,high_business,2026-01-18 14:32:00.000000000,16100.15,Indigo,self_neft,0
T0000625,C0017,mid_weekend,2026-01-18 14:35:00.000000000,2672.43,Myntra,family_upi,0
T0005160,C0151,high_business,2026-01-18 14:47:00.000000000,8073.34,TajHotels,vendor_x,0
T0002441,C0071,mid_weekend,2026-01-18 14:53:00.000000000,3302.81,Zomato,family_upi,0
T0005561,C0161,mid_weekend,2026-01-18 15:07:00.000000000,1577.96,BookMyShow,self_upi,0
T0002919,C0085,high_business,2026-01-18 15:08:00.000000000,11305.66,OfficeSupplies,vendor_x,0
T0002712,C0080,mid_weekend,2026-01-18 15:08:00.000000000,2706.8,Myntra,family_upi,0
T0001809,C0052,high_business,2026-01-18 15:34:00.000000000,15839.13,Indigo,self_neft,0
T0004254,C0124,high_business,2026-01-18 15:35:00.000000000,10467.68,Indigo,payroll,0
T0000848,C0023,mid_weekend,2026-01-18 15:39:00.000000000,2348.06,Zomato,family_upi,0
T0004030,C0116,mid_weekend,2026-01-18 15:45:00.000000000,2440.56,BookMyShow,self_upi,0
T0002519,C0074,mid_weekend,2026-01-18 15:57:00.000000000,2745.06,Zomato,family_upi,0
T0000500,C0014,mid_weekend,2026-01-18 16:00:00.000000000,1368.54,Myntra,self_upi,0
T0004287,C0125,mid_weekend,2026-01-18 16:09:00.000000000,2998.25,BookMyShow,self_upi,0
T0001506,C0044,mid_weekend,2026-01-18 16:18:00.000000000,1882.25,BookMyShow,self_upi,0
T0003666,C0107,mid_weekend,2026-01-18 16:35:00.000000000,2191.8,IRCTC,self_upi,0
T0003942,C0114,low_evening_shopper,2026-01-18 17:05:00.000000000,466.43,LocalKirana,self_upi,0
T0001044,C0029,mid_weekend,2026-01-18 17:46:00.000000000,2212.19,Zomato,self_upi,0
T0001923,C0056,mid_weekend,2026-01-18 18:05:00.000000000,3450.64,BookMyShow,family_upi,0
T0006046,C0174,low_evening_shopper,2026-01-18 18:13:00.000000000,788.68,Swiggy,self_upi,0
T0000771,C0021,low_evening_shopper,2026-01-18 18:25:00.000000000,726.32,BigBazaar,self_upi,0
T0004609,C0135,low_evening_shopper,2026-01-18 18:35:00.000000000,820.97,Amazon,friend_a,0
T0001557,C0045,low_evening_shopper,2026-01-18 18:45:00.000000000,675.68,LocalKirana,self_upi,0
T0005674,C0164,mid_weekend,2026-01-18 18:48:00.000000000,12763.54,Zomato,family_upi,0
T0000287,C0009,low_evening_shopper,2026-01-18 19:05:00.000000000,506.04,Amazon,self_upi,0
T0005350,C0156,low_evening_shopper,2026-01-18 19:07:00.000000000,914.12,Swiggy,self_upi,0
T0001175,C0033,low_evening_shopper,2026-01-18 19:13:00.000000000,1016.51,Swiggy,self_upi,0
T0005006,C0147,low_evening_shopper,2026-01-18 19:13:00.000000000,912.9,BigBazaar,friend_a,0
T0004196,C0122,mid_weekend,2026-01-18 19:14:00.000000000,2638.98,IRCTC,family_upi,0
T0000097,C0003,low_evening_shopper,2026-01-18 19:20:00.000000000,2274.66,BigBazaar,self_upi,0
T0002754,C0081,low_evening_shopper,2026-01-18 19:29:00.000000000,797.89,Swiggy,self_upi,0
T0000984,C0027,low_evening_shopper,2026-01-18 19:48:00.000000000,306.47,Swiggy,self_upi,0
T0005691,C0165,low_evening_shopper,2026-01-18 19:50:00.000000000,758.67,LocalKirana,friend_a,0
T0002612,C0077,mid_weekend,2026-01-18 19:55:00.000000000,2059.09,BookMyShow,family_upi,0
T0002003,C0059,mid_weekend,2026-01-18 19:55:00.000000000,3379.64,IRCTC,family_upi,0
T0003279,C0096,low_evening_shopper,2026-01-18 19:58:00.000000000,992.49,BigBazaar,friend_a,0
T0005673,C0164,mid_weekend,2026-01-18 20:49:00.000000000,1761.92,Zomato,self_upi,0
T0002472,C0072,low_evening_shopper,2026-01-18 20:49:00.000000000,573.72,Amazon,friend_a,0
T0003697,C0108,low_evening_shopper,2026-01-18 20:52:00.000000000,898.14,BigBazaar,friend_a,0
T0000098,C0003,low_evening_shopper,2026-01-18 20:55:00.000000000,750.07,NewShop_6,self_upi,0
T0000426,C0012,low_evening_shopper,2026-01-18 20:57:00.000000000,368.06,Swiggy,self_upi,0
T0002813,C0083,mid_weekend,2026-01-18 21:04:00.000000000,2166.12,Myntra,self_upi,0
T0003158,C0093,low_evening_shopper,2026-01-18 21:05:00.000000000,563.62,BigBazaar,friend_a,0
T0002252,C0066,low_evening_shopper,2026-01-18 21:06:00.000000000,598.43,BigBazaar,friend_a,0
T0000893,C0024,low_evening_shopper,2026-01-18 21:16:00.000000000,881.45,Amazon,friend_a,0
T0002144,C0063,low_evening_shopper,2026-01-18 21:37:00.000000000,620.17,Swiggy,self_upi,0
T0005819,C0168,low_evening_shopper,2026-01-18 21:49:00.000000000,886.69,BigBazaar,self_upi,0
T0004461,C0130,high_business,2026-01-18 21:53:00.000000000,16153.67,NewShop_10,vendor_x,0
T0005238,C0153,low_evening_shopper,2026-01-18 22:05:00.000000000,797.43,BigBazaar,friend_a,0
T0000099,C0003,low_evening_shopper,2026-01-18 22:06:00.000000000,1928.89,Amazon,friend_a,0
T0005084,C0149,mid_weekend,2026-01-18 22:13:00.000000000,2338.82,BookMyShow,family_upi,0
T0004401,C0129,low_evening_shopper,2026-01-18 22:45:00.000000000,602.92,LocalKirana,self_upi,0
T0003341,C0098,mid_weekend,2026-01-18 22:50:00.000000000,3225.53,IRCTC,family_upi,0
T0003200,C0094,high_business,2026-01-19 07:01:00.000000000,11254.23,Indigo,vendor_x,0
T0002298,C0067,high_business,2026-01-19 07:22:00.000000000,13423.41,OfficeSupplies,vendor_x,0
T0003319,C0097,high_business,2026-01-19 08:15:00.000000000,7532.87,OfficeSupplies,vendor_x,0
T0004255,C0124,high_business,2026-01-19 08:24:00.000000000,14253.21,AWS,vendor_x,0
T0001712,C0049,high_business,2026-01-19 08:27:00.000000000,10881.74,Indigo,self_neft,0
T0003009,C0088,high_business,2026-01-19 08:35:00.000000000,8768.88,OfficeSupplies,payroll,0
T0000031,C0001,high_business,2026-01-19 08:38:00.000000000,12789.01,TajHotels,payroll,0
T0002116,C0062,mid_weekend,2026-01-19 08:51:00.000000000,2358.94,BookMyShow,family_upi,0
T0004564,C0133,high_business,2026-01-19 08:58:00.000000000,12699.45,AWS,vendor_x,0
T0002297,C0067,high_business,2026-01-19 09:02:00.000000000,8697.81,TajHotels,vendor_x,0
T0000927,C0025,high_business,2026-01-19 09:08:00.000000000,13176.62,OfficeSupplies,self_neft,0
T0001617,C0046,high_business,2026-01-19 09:13:00.000000000,10974.41,OfficeSupplies,self_neft,0
T0003198,C0094,high_business,2026-01-19 09:14:00.000000000,8445.68,AWS,vendor_x,0
T0001492,C0043,high_business,2026-01-19 09:25:00.000000000,10447.95,OfficeSupplies,payroll,0
T0000243,C0007,high_business,2026-01-19 09:31:00.000000000,11433.86,Indigo,self_neft,0
T0001619,C0046,high_business,2026-01-19 09:40:00.000000000,15079.82,AWS,vendor_x,0
T0005543,C0160,high_business,2026-01-19 09:42:00.000000000,12003.48,TajHotels,self_neft,0
T0003551,C0103,high_business,2026-01-19 09:49:00.000000000,14258.27,AWS,payroll,0
T0000139,C0004,high_business,2026-01-19 09:51:00.000000000,13746.42,Indigo,payroll,0
T0002569,C0076,high_business,2026-01-19 09:52:00.000000000,13188.6,AWS,self_neft,0
T0005085,C0149,mid_weekend,2026-01-19 10:00:00.000000000,9756.93,BookMyShow,self_upi,0
T0002191,C0064,high_business,2026-01-19 10:00:00.000000000,11369.97,TajHotels,self_neft,0
T0006121,C0175,high_business,2026-01-19 10:02:00.000000000,10091.88,AWS,payroll,0
T0003199,C0094,high_business,2026-01-19 10:07:00.000000000,14592.43,OfficeSupplies,self_neft,0
T0001711,C0049,high_business,2026-01-19 10:17:00.000000000,11781.95,Indigo,vendor_x,0
T0000445,C0013,high_business,2026-01-19 10:21:00.000000000,12757.75,Indigo,self_neft,0
T0001811,C0052,high_business,2026-01-19 10:24:00.000000000,11853.47,AWS,payroll,0
T0005086,C0149,mid_weekend,2026-01-19 10:26:00.000000000,2661.78,BookMyShow,family_upi,0
T0003317,C0097,high_business,2026-01-19 10:27:00.000000000,31976.52,Indigo,self_neft,0
T0003886,C0112,high_business,2026-01-19 10:28:00.000000000,12901.71,TajHotels,self_neft,0
T0003196,C0094,high_business,2026-01-19 10:34:00.000000000,8506.63,Indigo,vendor_x,0
T0003435,C0100,high_business,2026-01-19 10:40:00.000000000,37698.25,AWS,vendor_x,0
T0003010,C0088,high_business,2026-01-19 10:40:00.000000000,12041.91,OfficeSupplies,payroll,0
T0000943,C0026,mid_weekend,2026-01-19 10:45:00.000000000,2466.09,BookMyShow,self_upi,0
T0003434,C0100,high_business,2026-01-19 10:52:00.000000000,14156.45,AWS,vendor_x,0
T0005056,C0148,high_business,2026-01-19 10:53:00.000000000,14882.0,Indigo,payroll,0
T0001615,C0046,high_business,2026-01-19 11:07:00.000000000,10801.02,Indigo,payroll,0
T0001614,C0046,high_business,2026-01-19 11:15:00.000000000,11571.65,TajHotels,vendor_x,0
T0004654,C0136,high_business,2026-01-19 11:15:00.000000000,8867.2,TajHotels,self_neft,0
T0002568,C0076,high_business,2026-01-19 11:16:00.000000000,11371.26,NewShop_5,self_neft,0
T0004732,C0139,high_business,2026-01-19 11:20:00.000000000,12385.92,Indigo,payroll,0
T0002567,C0076,high_business,2026-01-19 11:29:00.000000000,8330.43,OfficeSupplies,self_neft,0
T0004257,C0124,high_business,2026-01-19 11:30:00.000000000,11843.23,Indigo,vendor_x,0
T0002326,C0068,mid_weekend,2026-01-19 11:32:00.000000000,3197.25,IRCTC,self_upi,0
T0001983,C0058,high_business,2026-01-19 11:34:00.000000000,14812.05,TajHotels,self_neft,0
T0000244,C0007,high_business,2026-01-19 11:34:00.000000000,11353.24,Indigo,self_neft,0
T0002566,C0076,high_business,2026-01-19 11:35:00.000000000,13483.19,TajHotels,self_neft,0
T0003320,C0097,high_business,2026-01-19 11:44:00.000000000,32272.67,Indigo,self_neft,0
T0002504,C0073,high_business,2026-01-19 11:44:00.000000000,13273.24,Indigo,self_neft,0
T0000335,C0010,high_business,2026-01-19 11:46:00.000000000,14614.1,Indigo,self_neft,0
T0004565,C0133,high_business,2026-01-19 11:53:00.000000000,11809.17,Indigo,self_neft,0
T0000701,C0019,high_business,2026-01-19 11:55:00.000000000,12993.32,TajHotels,self_neft,0
T0001334,C0038,mid_weekend,2026-01-19 12:11:00.000000000,9289.69,Myntra,self_upi,0
T0002115,C0062,mid_weekend,2026-01-19 12:18:00.000000000,1497.57,IRCTC,self_upi,0
T0000258,C0008,mid_weekend,2026-01-19 12:18:00.000000000,3700.58,Zomato,self_upi,0
T0000849,C0023,mid_weekend,2026-01-19 12:21:00.000000000,2514.45,BookMyShow,self_upi,0
T0005676,C0164,mid_weekend,2026-01-19 12:27:00.000000000,2183.92,BookMyShow,self_upi,0
T0004258,C0124,high_business,2026-01-19 12:32:00.000000000,13430.49,TajHotels,payroll,0
T0000705,C0019,high_business,2026-01-19 12:34:00.000000000,13396.99,OfficeSupplies,vendor_x,0
T0006122,C0175,high_business,2026-01-19 12:35:00.000000000,11033.96,AWS,vendor_x,0
T0002083,C0061,high_business,2026-01-19 12:38:00.000000000,15866.84,AWS,vendor_x,0
T0005735,C0166,high_business,2026-01-19 12:40:00.000000000,13230.57,Indigo,self_neft,0
T0001810,C0052,high_business,2026-01-19 12:43:00.000000000,13146.69,TajHotels,payroll,0
T0000703,C0019,high_business,2026-01-19 12:45:00.000000000,11933.93,OfficeSupplies,payroll,0
T0002503,C0073,high_business,2026-01-19 12:45:00.000000000,47076.71,AWS,self_neft,0
T0000704,C0019,high_business,2026-01-19 12:48:00.000000000,8183.54,NewShop_2,payroll,0
T0005401,C0157,high_business,2026-01-19 12:51:00.000000000,8707.44,AWS,vendor_x,0
T0003008,C0088,high_business,2026-01-19 12:51:00.000000000,12193.9,AWS,self_neft,0
T0005055,C0148,high_business,2026-01-19 12:53:00.000000000,15081.31,Indigo,payroll,0
T0003436,C0100,high_business,2026-01-19 12:56:00.000000000,12662.71,OfficeSupplies,vendor_x,0
T0003201,C0094,high_business,2026-01-19 12:59:00.000000000,10761.21,OfficeSupplies,vendor_x,0
T0001033,C0028,high_business,2026-01-19 13:03:00.000000000,8848.51,NewShop_32,self_neft,0
T0001493,C0043,high_business,2026-01-19 13:09:00.000000000,15381.13,AWS,vendor_x,0
T0003437,C0100,high_business,2026-01-19 13:10:00.000000000,14994.46,OfficeSupplies,payroll,0
T0003433,C0100,high_business,2026-01-19 13:11:00.000000000,11576.36,OfficeSupplies,vendor_x,0
T0002299,C0067,high_business,2026-01-19 13:12:00.000000000,7373.15,TajHotels,payroll,0
T0003318,C0097,high_business,2026-01-19 13:17:00.000000000,14127.64,AWS,payroll,0
T0001321,C0037,high_business,2026-01-19 13:20:00.000000000,8319.32,NewShop_10,payroll,0
T0000602,C0016,high_business,2026-01-19 13:24:00.000000000,9952.31,TajHotels,self_neft,0
T0001413,C0041,mid_weekend,2026-01-19 13:28:00.000000000,2930.95,Myntra,family_upi,0
T0003011,C0088,high_business,2026-01-19 13:31:00.000000000,12714.2,OfficeSupplies,vendor_x,0
T0003012,C0088,high_business,2026-01-19 13:32:00.000000000,9947.11,TajHotels,payroll,0
T0001618,C0046,high_business,2026-01-19 13:33:00.000000000,12363.77,Indigo,payroll,0
T0005736,C0166,high_business,2026-01-19 13:36:00.000000000,16486.06,TajHotels,self_neft,0
T0005162,C0151,high_business,2026-01-19 13:40:00.000000000,10429.44,TajHotels,payroll,0
T0001616,C0046,high_business,2026-01-19 13:42:00.000000000,12321.17,OfficeSupplies,self_neft,0
T0003612,C0106,high_business,2026-01-19 13:42:00.000000000,9271.82,Indigo,payroll,0
T0000365,C0011,mid_weekend,2026-01-19 13:57:00.000000000,3033.48,Zomato,family_upi,0
T0004731,C0139,high_business,2026-01-19 13:58:00.000000000,12899.67,Indigo,vendor_x,0
T0002442,C0071,mid_weekend,2026-01-19 14:05:00.000000000,1951.14,Zomato,self_upi,0
T0001733,C0050,mid_weekend,2026-01-19 14:23:00.000000000,2517.15,IRCTC,self_upi,0
T0000603,C0016,high_business,2026-01-19 14:34:00.000000000,12899.28,OfficeSupplies,payroll,0
T0005675,C0164,mid_weekend,2026-01-19 14:36:00.000000000,2339.98,NewShop_22,self_upi,0
T0005402,C0157,high_business,2026-01-19 14:40:00.000000000,10942.82,TajHotels,payroll,0
T0003202,C0094,high_business,2026-01-19 14:56:00.000000000,13461.93,AWS,payroll,0
T0004360,C0127,high_business,2026-01-19 15:09:00.000000000,15275.31,TajHotels,payroll,0
T0003469,C0101,mid_weekend,2026-01-19 15:12:00.000000000,3024.06,BookMyShow,self_upi,0
T0001248,C0035,mid_weekend,2026-01-19 15:24:00.000000000,1814.37,IRCTC,self_upi,0
T0002114,C0062,mid_weekend,2026-01-19 15:30:00.000000000,2716.79,Myntra,self_upi,0
T0003554,C0104,mid_weekend,2026-01-19 15:30:00.000000000,2071.31,BookMyShow,self_upi,0
T0004256,C0124,high_business,2026-01-19 15:36:00.000000000,11174.89,Indigo,vendor_x,0
T0000060,C0002,mid_weekend,2026-01-19 15:41:00.000000000,3670.61,Myntra,family_upi,0
T0003231,C0095,mid_weekend,2026-01-19 15:50:00.000000000,1958.16,Zomato,family_upi,0
T0004836,C0142,high_business,2026-01-19 15:52:00.000000000,9686.37,Indigo,self_neft,0
T0005737,C0166,high_business,2026-01-19 15:52:00.000000000,12844.04,AWS,self_neft,0
T0004031,C0116,mid_weekend,2026-01-19 15:56:00.000000000,6692.09,BookMyShow,family_upi,0
T0000702,C0019,high_business,2026-01-19 15:57:00.000000000,12336.55,AWS,payroll,0
T0001845,C0053,mid_weekend,2026-01-19 15:58:00.000000000,2964.74,Zomato,family_upi,0
T0002943,C0086,mid_weekend,2026-01-19 16:15:00.000000000,8317.8,NewShop_35,family_upi,0
T0006230,C0178,high_business,2026-01-19 16:17:00.000000000,16490.02,OfficeSupplies,vendor_x,0
T0000626,C0017,mid_weekend,2026-01-19 16:41:00.000000000,2307.08,Myntra,family_upi,0
T0004104,C0119,mid_weekend,2026-01-19 17:09:00.000000000,3176.78,NewShop_23,self_upi,0
T0000502,C0014,mid_weekend,2026-01-19 17:25:00.000000000,6416.78,Myntra,self_upi,0
T0002217,C0065,mid_weekend,2026-01-19 17:43:00.000000000,2712.3,IRCTC,self_upi,0
T0004733,C0139,high_business,2026-01-19 17:47:00.000000000,10225.17,AWS,payroll,0
T0001045,C0029,mid_weekend,2026-01-19 17:56:00.000000000,8880.41,IRCTC,self_upi,0
T0002328,C0068,mid_weekend,2026-01-19 17:58:00.000000000,2525.3,Myntra,self_upi,0
T0000427,C0012,low_evening_shopper,2026-01-19 18:01:00.000000000,619.2,Swiggy,friend_a,0
T0003197,C0094,high_business,2026-01-19 18:08:00.000000000,46782.89,Indigo,vendor_x,0
T0004288,C0125,mid_weekend,2026-01-19 18:11:00.000000000,3001.28,BookMyShow,family_upi,0
T0005562,C0161,mid_weekend,2026-01-19 18:24:00.000000000,2317.19,Zomato,family_upi,0
T0004589,C0134,mid_weekend,2026-01-19 18:32:00.000000000,2312.33,Myntra,self_upi,0
T0006280,C0179,mid_weekend,2026-01-19 18:40:00.000000000,2162.11,BookMyShow,self_upi,0
T0002443,C0071,mid_weekend,2026-01-19 18:59:00.000000000,2598.1,IRCTC,family_upi,0
T0002327,C0068,mid_weekend,2026-01-19 19:07:00.000000000,2641.1,BookMyShow,self_upi,0
T0000772,C0021,low_evening_shopper,2026-01-19 19:08:00.000000000,500.3,NewShop_32,friend_a,0
T0003080,C0090,low_evening_shopper,2026-01-19 19:29:00.000000000,740.96,LocalKirana,self_upi,0
T0004872,C0143,mid_weekend,2026-01-19 19:47:00.000000000,1800.9,Myntra,self_upi,0
T0006047,C0174,low_evening_shopper,2026-01-19 19:56:00.000000000,557.21,LocalKirana,self_upi,0
T0002145,C0063,low_evening_shopper,2026-01-19 19:59:00.000000000,937.52,Swiggy,self_upi,0
T0005692,C0165,low_evening_shopper,2026-01-19 20:09:00.000000000,435.37,Swiggy,friend_a,0
T0005351,C0156,low_evening_shopper,2026-01-19 20:25:00.000000000,557.21,Swiggy,friend_a,0
T0004610,C0135,low_evening_shopper,2026-01-19 20:28:00.000000000,778.34,NewShop_32,friend_a,0
T0005588,C0162,low_evening_shopper,2026-01-19 20:30:00.000000000,799.31,LocalKirana,self_upi,0
T0003555,C0104,mid_weekend,2026-01-19 20:32:00.000000000,2605.62,BookMyShow,self_upi,0
T0003943,C0114,low_evening_shopper,2026-01-19 20:36:00.000000000,867.15,LocalKirana,friend_a,0
T0005239,C0153,low_evening_shopper,2026-01-19 20:48:00.000000000,601.76,Swiggy,self_upi,0
T0003592,C0105,low_evening_shopper,2026-01-19 20:50:00.000000000,332.0,LocalKirana,self_upi,0
T0004197,C0122,mid_weekend,2026-01-19 20:54:00.000000000,3613.94,IRCTC,self_upi,0
T0000664,C0018,low_evening_shopper,2026-01-19 21:10:00.000000000,624.54,LocalKirana,self_upi,0
T0002755,C0081,low_evening_shopper,2026-01-19 21:52:00.000000000,723.36,LocalKirana,self_upi,0
T0004289,C0125,mid_weekend,2026-01-19 21:53:00.000000000,2860.17,Zomato,self_upi,0
T0002473,C0072,low_evening_shopper,2026-01-19 21:56:00.000000000,524.42,LocalKirana,self_upi,0
T0004810,C0141,low_evening_shopper,2026-01-19 22:08:00.000000000,599.85,BigBazaar,self_upi,0
T0002368,C0069,low_evening_shopper,2026-01-19 22:28:00.000000000,483.99,LocalKirana,self_upi,0
T0000245,C0007,high_business,2026-01-19 23:18:00.000000000,8724.26,OfficeSupplies,vendor_x,0
T0006048,C0174,low_evening_shopper,2026-01-19 23:42:00.000000000,782.6,Swiggy,friend_a,0
T0002971,C0087,low_evening_shopper,2026-01-19 23:50:00.000000000,694.09,Amazon,self_upi,0
T0000247,C0007,high_business,2026-01-20 01:32:00.000000000,9288.47,AWS,payroll,0
T0004260,C0124,high_business,2026-01-20 06:05:00.000000000,10943.86,NewShop_25,payroll,0
T0002676,C0079,high_business,2026-01-20 06:19:00.000000000,11401.8,TajHotels,payroll,0
T0003321,C0097,high_business,2026-01-20 07:54:00.000000000,8966.38,AWS,self_neft,0
T0005739,C0166,high_business,2026-01-20 08:00:00.000000000,14227.31,OfficeSupplies,self_neft,0
T0006123,C0175,high_business,2026-01-20 08:01:00.000000000,12706.54,Indigo,self_neft,0
T0003342,C0098,mid_weekend,2026-01-20 08:15:00.000000000,2353.08,NewShop_36,self_upi,0
T0001714,C0049,high_business,2026-01-20 08:39:00.000000000,10110.72,TajHotels,vendor_x,0
T0004259,C0124,high_business,2026-01-20 08:49:00.000000000,17224.68,NewShop_29,payroll,0
T0001495,C0043,high_business,2026-01-20 08:52:00.000000000,5680.18,AWS,vendor_x,0
T0002410,C0070,high_business,2026-01-20 09:00:00.000000000,12675.42,Indigo,self_neft,0
T0000032,C0001,high_business,2026-01-20 09:06:00.000000000,10676.4,OfficeSupplies,payroll,0
T0002570,C0076,high_business,2026-01-20 09:17:00.000000000,16982.08,AWS,self_neft,0
T0001620,C0046,high_business,2026-01-20 09:17:00.000000000,14056.35,Indigo,payroll,0
T0003776,C0110,mid_weekend,2026-01-20 09:32:00.000000000,2066.95,IRCTC,family_upi,0
T0000140,C0004,high_business,2026-01-20 09:37:00.000000000,13093.78,OfficeSupplies,self_neft,0
T0003326,C0097,high_business,2026-01-20 09:55:00.000000000,10196.41,TajHotels,self_neft,0
T0003992,C0115,high_business,2026-01-20 09:59:00.000000000,8037.2,OfficeSupplies,payroll,0
T0000811,C0022,high_business,2026-01-20 10:02:00.000000000,8370.74,Indigo,vendor_x,0
T0005403,C0157,high_business,2026-01-20 10:05:00.000000000,12287.05,TajHotels,vendor_x,0
T0003325,C0097,high_business,2026-01-20 10:07:00.000000000,8217.58,TajHotels,vendor_x,0
T0005738,C0166,high_business,2026-01-20 10:09:00.000000000,12603.07,OfficeSupplies,self_neft,0
T0000248,C0007,high_business,2026-01-20 10:10:00.000000000,12588.92,TajHotels,vendor_x,0
T0003014,C0088,high_business,2026-01-20 10:15:00.000000000,12021.31,Indigo,vendor_x,0
T0005057,C0148,high_business,2026-01-20 10:15:00.000000000,13222.72,AWS,payroll,0
T0003990,C0115,high_business,2026-01-20 10:17:00.000000000,11951.58,OfficeSupplies,vendor_x,0
T0005872,C0169,high_business,2026-01-20 10:17:00.000000000,12674.69,AWS,vendor_x,0
T0003991,C0115,high_business,2026-01-20 10:21:00.000000000,14116.09,Indigo,self_neft,0
T0000929,C0025,high_business,2026-01-20 10:21:00.000000000,12379.7,Indigo,self_neft,0
T0005404,C0157,high_business,2026-01-20 10:21:00.000000000,47918.8,TajHotels,payroll,0
T0001622,C0046,high_business,2026-01-20 10:22:00.000000000,9738.0,Indigo,payroll,0
T0004262,C0124,high_business,2026-01-20 10:29:00.000000000,13970.9,Indigo,vendor_x,0
T0005874,C0169,high_business,2026-01-20 10:40:00.000000000,10903.93,AWS,vendor_x,0
T0003613,C0106,high_business,2026-01-20 10:41:00.000000000,11123.59,Indigo,payroll,0
T0003747,C0109,high_business,2026-01-20 10:46:00.000000000,13232.91,Indigo,vendor_x,0
T0001494,C0043,high_business,2026-01-20 10:49:00.000000000,9241.93,TajHotels,vendor_x,0
T0002674,C0079,high_business,2026-01-20 10:57:00.000000000,13100.27,Indigo,vendor_x,0
T0003127,C0092,mid_weekend,2026-01-20 11:00:00.000000000,2687.9,Zomato,self_upi,0
T0001984,C0058,high_business,2026-01-20 11:01:00.000000000,11804.64,Indigo,self_neft,0
T0001925,C0056,mid_weekend,2026-01-20 11:06:00.000000000,2975.94,IRCTC,self_upi,0
T0001846,C0053,mid_weekend,2026-01-20 11:06:00.000000000,2589.61,Myntra,family_upi,0
T0003013,C0088,high_business,2026-01-20 11:08:00.000000000,39490.26,AWS,self_neft,0
T0005871,C0169,high_business,2026-01-20 11:14:00.000000000,12742.55,TajHotels,vendor_x,0
T0005446,C0158,mid_weekend,2026-01-20 11:19:00.000000000,1983.12,BookMyShow,family_upi,0
T0003203,C0094,high_business,2026-01-20 11:30:00.000000000,13923.97,TajHotels,payroll,0
T0001035,C0028,high_business,2026-01-20 11:35:00.000000000,12384.49,OfficeSupplies,vendor_x,0
T0003323,C0097,high_business,2026-01-20 11:36:00.000000000,12977.24,Indigo,vendor_x,0
T0003322,C0097,high_business,2026-01-20 11:38:00.000000000,13079.21,AWS,self_neft,0
T0002521,C0074,mid_weekend,2026-01-20 11:39:00.000000000,2505.3,IRCTC,family_upi,0
T0002778,C0082,high_business,2026-01-20 11:43:00.000000000,8312.43,OfficeSupplies,vendor_x,0
T0001633,C0047,mid_weekend,2026-01-20 11:47:00.000000000,2336.69,BookMyShow,family_upi,0
T0001126,C0031,high_business,2026-01-20 11:48:00.000000000,12240.32,AWS,self_neft,0
T0003343,C0098,mid_weekend,2026-01-20 11:50:00.000000000,2642.16,Myntra,family_upi,0
T0000246,C0007,high_business,2026-01-20 11:53:00.000000000,13680.29,NewShop_3,vendor_x,0
T0002920,C0085,high_business,2026-01-20 11:55:00.000000000,12755.55,OfficeSupplies,payroll,0
T0001496,C0043,high_business,2026-01-20 11:58:00.000000000,16423.56,AWS,self_neft,0
T0000605,C0016,high_business,2026-01-20 12:16:00.000000000,13114.82,AWS,self_neft,0
T0000850,C0023,mid_weekend,2026-01-20 12:21:00.000000000,3554.87,Myntra,self_upi,0
T0000604,C0016,high_business,2026-01-20 12:26:00.000000000,12796.2,AWS,self_neft,0
T0001128,C0031,high_business,2026-01-20 12:28:00.000000000,12484.6,AWS,vendor_x,0
T0002677,C0079,high_business,2026-01-20 12:32:00.000000000,8704.93,Indigo,self_neft,0
T0000259,C0008,mid_weekend,2026-01-20 12:45:00.000000000,3044.84,IRCTC,self_upi,0
T0001034,C0028,high_business,2026-01-20 12:46:00.000000000,10426.64,OfficeSupplies,payroll,0
T0000336,C0010,high_business,2026-01-20 12:50:00.000000000,34355.79,Indigo,self_neft,0
T0004261,C0124,high_business,2026-01-20 12:52:00.000000000,6418.62,Indigo,payroll,0
T0002300,C0067,high_business,2026-01-20 12:53:00.000000000,11532.28,OfficeSupplies,payroll,0
T0005875,C0169,high_business,2026-01-20 12:54:00.000000000,10777.92,Indigo,vendor_x,0
T0000928,C0025,high_business,2026-01-20 12:58:00.000000000,7987.17,OfficeSupplies,vendor_x,0
T0000930,C0025,high_business,2026-01-20 12:58:00.000000000,15036.8,TajHotels,self_neft,0
T0006139,C0176,mid_weekend,2026-01-20 13:06:00.000000000,2089.76,NewShop_6,self_upi,0
T0004462,C0130,high_business,2026-01-20 13:18:00.000000000,12616.02,TajHotels,vendor_x,0
T0002505,C0073,high_business,2026-01-20 13:18:00.000000000,13220.89,OfficeSupplies,self_neft,0
T0001715,C0049,high_business,2026-01-20 13:37:00.000000000,9056.83,OfficeSupplies,vendor_x,0
T0002085,C0061,high_business,2026-01-20 13:38:00.000000000,13322.94,OfficeSupplies,payroll,0
T0002921,C0085,high_business,2026-01-20 13:40:00.000000000,12323.05,TajHotels,payroll,0
T0003015,C0088,high_business,2026-01-20 13:45:00.000000000,13557.51,TajHotels,payroll,0
T0004837,C0142,high_business,2026-01-20 13:46:00.000000000,13570.48,OfficeSupplies,self_neft,0
T0002675,C0079,high_business,2026-01-20 13:50:00.000000000,10666.21,OfficeSupplies,payroll,0
T0005276,C0154,high_business,2026-01-20 13:51:00.000000000,13695.47,OfficeSupplies,vendor_x,0
T0002084,C0061,high_business,2026-01-20 13:52:00.000000000,10359.71,TajHotels,self_neft,0
T0001713,C0049,high_business,2026-01-20 13:53:00.000000000,11552.8,TajHotels,payroll,0
T0001127,C0031,high_business,2026-01-20 14:01:00.000000000,11867.04,Indigo,self_neft,0
T0000261,C0008,mid_weekend,2026-01-20 14:02:00.000000000,2315.98,Myntra,family_upi,0
T0000810,C0022,high_business,2026-01-20 14:11:00.000000000,27817.67,OfficeSupplies,payroll,0
T0001143,C0032,mid_weekend,2026-01-20 14:15:00.000000000,2833.71,Zomato,family_upi,0
T0001336,C0038,mid_weekend,2026-01-20 14:15:00.000000000,3849.59,Myntra,self_upi,0
T0000260,C0008,mid_weekend,2026-01-20 14:16:00.000000000,2059.37,Zomato,family_upi,0
T0004380,C0128,mid_weekend,2026-01-20 14:20:00.000000000,2309.61,Myntra,self_upi,0
T0004198,C0122,mid_weekend,2026-01-20 14:23:00.000000000,2864.75,Myntra,family_upi,0
T0002613,C0077,mid_weekend,2026-01-20 14:24:00.000000000,2197.92,IRCTC,family_upi,0
T0000141,C0004,high_business,2026-01-20 14:36:00.000000000,13027.93,Indigo,vendor_x,0
T0000367,C0011,mid_weekend,2026-01-20 14:38:00.000000000,2779.3,BookMyShow,family_upi,0
T0000809,C0022,high_business,2026-01-20 14:39:00.000000000,10197.34,OfficeSupplies,self_neft,0
T0005873,C0169,high_business,2026-01-20 14:45:00.000000000,9351.99,Indigo,vendor_x,0
T0002218,C0065,mid_weekend,2026-01-20 14:48:00.000000000,2712.1,Myntra,family_upi,0
T0002409,C0070,high_business,2026-01-20 14:49:00.000000000,8234.25,OfficeSupplies,payroll,0
T0000503,C0014,mid_weekend,2026-01-20 14:50:00.000000000,2367.61,BookMyShow,self_upi,0
T0004105,C0119,mid_weekend,2026-01-20 15:10:00.000000000,1854.59,NewShop_12,family_upi,0
T0006138,C0176,mid_weekend,2026-01-20 15:14:00.000000000,2985.1,BookMyShow,family_upi,0
T0002944,C0086,mid_weekend,2026-01-20 15:20:00.000000000,1346.4,BookMyShow,self_upi,0
T0000944,C0026,mid_weekend,2026-01-20 15:28:00.000000000,2588.78,Zomato,family_upi,0
T0001507,C0044,mid_weekend,2026-01-20 15:30:00.000000000,1863.14,Zomato,family_upi,0
T0001621,C0046,high_business,2026-01-20 15:40:00.000000000,13334.44,AWS,vendor_x,0
T0003556,C0104,mid_weekend,2026-01-20 15:42:00.000000000,2810.63,BookMyShow,family_upi,0
T0003032,C0089,mid_weekend,2026-01-20 15:43:00.000000000,1988.41,Zomato,family_upi,0
T0004873,C0143,mid_weekend,2026-01-20 15:47:00.000000000,1602.43,BookMyShow,self_upi,0
T0000368,C0011,mid_weekend,2026-01-20 16:04:00.000000000,2506.48,IRCTC,self_upi,0
T0000061,C0002,mid_weekend,2026-01-20 16:07:00.000000000,2484.48,IRCTC,family_upi,0
T0000262,C0008,mid_weekend,2026-01-20 16:27:00.000000000,2793.2,Zomato,family_upi,0
T0004055,C0117,low_evening_shopper,2026-01-20 16:27:00.000000000,848.12,BigBazaar,self_upi,0
T0004968,C0146,mid_weekend,2026-01-20 16:31:00.000000000,3549.39,Zomato,family_upi,0
T0005876,C0169,high_business,2026-01-20 16:32:00.000000000,14874.13,TajHotels,self_neft,0
T0002329,C0068,mid_weekend,2026-01-20 16:32:00.000000000,3043.49,IRCTC,family_upi,0
T0005405,C0157,high_business,2026-01-20 17:07:00.000000000,6580.82,OfficeSupplies,self_neft,0
T0001734,C0050,mid_weekend,2026-01-20 17:08:00.000000000,3020.1,Myntra,family_upi,0
T0000366,C0011,mid_weekend,2026-01-20 17:12:00.000000000,2846.03,IRCTC,family_upi,0
T0002522,C0074,mid_weekend,2026-01-20 17:21:00.000000000,2860.39,Zomato,self_upi,0
T0001924,C0056,mid_weekend,2026-01-20 17:23:00.000000000,7273.47,IRCTC,family_upi,0
T0005199,C0152,mid_weekend,2026-01-20 17:25:00.000000000,2438.36,Zomato,family_upi,0
T0004476,C0131,mid_weekend,2026-01-20 17:30:00.000000000,2654.1,Myntra,family_upi,0
T0005298,C0155,mid_weekend,2026-01-20 17:32:00.000000000,2525.87,BookMyShow,self_upi,0
T0001335,C0038,mid_weekend,2026-01-20 17:39:00.000000000,1853.2,Myntra,family_upi,0
T0001046,C0029,mid_weekend,2026-01-20 17:45:00.000000000,1653.63,Zomato,family_upi,0
T0000986,C0027,low_evening_shopper,2026-01-20 17:54:00.000000000,279.39,LocalKirana,friend_a,0
T0003204,C0094,high_business,2026-01-20 17:58:00.000000000,10769.91,TajHotels,vendor_x,0
T0002945,C0086,mid_weekend,2026-01-20 18:06:00.000000000,3159.47,Zomato,family_upi,0
T0003497,C0102,low_evening_shopper,2026-01-20 18:19:00.000000000,1728.98,Amazon,friend_a,0
T0002444,C0071,mid_weekend,2026-01-20 18:21:00.000000000,2807.88,Zomato,family_upi,0
T0006049,C0174,low_evening_shopper,2026-01-20 18:31:00.000000000,546.45,NewShop_19,self_upi,0
T0002146,C0063,low_evening_shopper,2026-01-20 18:37:00.000000000,2084.78,Swiggy,friend_a,0
T0006377,C0029,mid_weekend,2026-01-20 18:45:00.018146562,20935.38,IRCTC,family_upi,1
T0003496,C0102,low_evening_shopper,2026-01-20 19:00:00.000000000,1198.76,Amazon,friend_a,0
T0003324,C0097,high_business,2026-01-20 19:07:00.000000000,10748.28,AWS,payroll,0
T0002117,C0062,mid_weekend,2026-01-20 19:14:00.000000000,2456.91,Myntra,self_upi,0
T0002713,C0080,mid_weekend,2026-01-20 19:18:00.000000000,2663.84,Zomato,self_upi,0
T0004765,C0140,mid_weekend,2026-01-20 19:20:00.000000000,2411.91,IRCTC,self_upi,0
T0005563,C0161,mid_weekend,2026-01-20 19:29:00.000000000,3078.51,BookMyShow,family_upi,0
T0003033,C0089,mid_weekend,2026-01-20 19:38:00.000000000,3082.6,Zomato,self_upi,0
T0004918,C0144,low_evening_shopper,2026-01-20 19:43:00.000000000,463.41,LocalKirana,self_upi,0
T0005240,C0153,low_evening_shopper,2026-01-20 19:46:00.000000000,887.58,Amazon,friend_a,0
T0002814,C0083,mid_weekend,2026-01-20 19:48:00.000000000,3165.73,Zomato,family_upi,0
T0000985,C0027,low_evening_shopper,2026-01-20 19:57:00.000000000,499.55,BigBazaar,self_upi,0
T0000212,C0006,low_evening_shopper,2026-01-20 20:14:00.000000000,984.0,LocalKirana,friend_a,0
T0005492,C0159,low_evening_shopper,2026-01-20 20:24:00.000000000,691.34,Amazon,self_upi,0
T0002635,C0078,low_evening_shopper,2026-01-20 20:33:00.000000000,3526.91,Amazon,friend_a,0
T0001426,C0042,low_evening_shopper,2026-01-20 20:39:00.000000000,391.03,Swiggy,friend_a,0
T0000722,C0020,mid_weekend,2026-01-20 20:45:00.000000000,1882.24,Zomato,self_upi,0
T0005087,C0149,mid_weekend,2026-01-20 20:51:00.000000000,2267.32,Myntra,self_upi,0
T0002474,C0072,low_evening_shopper,2026-01-20 20:59:00.000000000,647.7,LocalKirana,friend_a,0
T0005117,C0150,low_evening_shopper,2026-01-20 20:59:00.000000000,780.9,Swiggy,friend_a,0
T0000001,C0000,low_evening_shopper,2026-01-20 21:05:00.000000000,348.81,Amazon,friend_a,0
T0005352,C0156,low_evening_shopper,2026-01-20 21:14:00.000000000,474.85,LocalKirana,self_upi,0
T0001176,C0033,low_evening_shopper,2026-01-20 21:20:00.000000000,860.21,BigBazaar,self_upi,0
T0004227,C0123,low_evening_shopper,2026-01-20 21:24:00.000000000,880.58,Swiggy,friend_a,0
T0000288,C0009,low_evening_shopper,2026-01-20 21:35:00.000000000,632.79,BigBazaar,self_upi,0
T0004317,C0126,low_evening_shopper,2026-01-20 21:43:00.000000000,591.55,Amazon,friend_a,0
T0000429,C0012,low_evening_shopper,2026-01-20 21:44:00.000000000,760.65,BigBazaar,friend_a,0
T0004811,C0141,low_evening_shopper,2026-01-20 21:59:00.000000000,797.39,Amazon,self_upi,0
T0005820,C0168,low_evening_shopper,2026-01-20 22:05:00.000000000,2322.63,Amazon,friend_a,0
T0000665,C0018,low_evening_shopper,2026-01-20 22:15:00.000000000,512.2,Swiggy,self_upi,0
T0000627,C0017,mid_weekend,2026-01-20 22:18:00.000000000,1155.58,Zomato,self_upi,0
T0000428,C0012,low_evening_shopper,2026-01-20 22:26:00.000000000,863.65,Swiggy,self_upi,0
T0004511,C0132,low_evening_shopper,2026-01-20 22:32:00.000000000,937.04,Amazon,friend_a,0
T0003280,C0096,low_evening_shopper,2026-01-20 23:28:00.000000000,559.14,Amazon,friend_a,0
T0002369,C0069,low_evening_shopper,2026-01-20 23:38:00.000000000,792.94,BigBazaar,self_upi,0
T0006370,C0007,high_business,2026-01-21 02:42:00.268207012,28290.54,NightPOS_24,self_neft,1
T0006375,C0046,high_business,2026-01-21 03:13:00.892487691,38037.22,NightPOS_6,self_neft,1
T0006353,C0028,high_business,2026-01-21 04:09:00.313019580,24660.55,NightPOS_8,vendor_x,1
T0006441,C0176,mid_weekend,2026-01-21 04:20:00.765856461,7891.85,NightPOS_17,family_upi,1
T0003557,C0104,mid_weekend,2026-01-21 04:37:00.000000000,1842.1,IRCTC,self_upi,0
T0000707,C0019,high_business,2026-01-21 07:03:00.000000000,11799.0,Indigo,vendor_x,0
T0003887,C0112,high_business,2026-01-21 07:04:00.000000000,15613.29,TajHotels,payroll,0
T0004839,C0142,high_business,2026-01-21 07:11:00.000000000,12270.38,TajHotels,self_neft,0
T0005065,C0148,high_business,2026-01-21 07:15:00.000000000,14686.95,AWS,self_neft,0
T0000249,C0007,high_business,2026-01-21 07:33:00.000000000,16522.29,NewShop_15,self_neft,0
T0005062,C0148,high_business,2026-01-21 08:04:00.000000000,11497.56,OfficeSupplies,vendor_x,0
T0005059,C0148,high_business,2026-01-21 08:31:00.000000000,34276.89,TajHotels,self_neft,0
T0006233,C0178,high_business,2026-01-21 08:35:00.000000000,30379.21,TajHotels,vendor_x,0
T0000337,C0010,high_business,2026-01-21 08:45:00.000000000,11729.42,TajHotels,self_neft,0
T0000608,C0016,high_business,2026-01-21 08:52:00.000000000,11550.2,AWS,self_neft,0
T0004106,C0119,mid_weekend,2026-01-21 08:56:00.000000000,1418.51,Zomato,self_upi,0
T0001201,C0034,high_business,2026-01-21 08:56:00.000000000,8982.5,AWS,vendor_x,0
T0000706,C0019,high_business,2026-01-21 09:02:00.000000000,14230.93,OfficeSupplies,vendor_x,0
T0002779,C0082,high_business,2026-01-21 09:07:00.000000000,12227.97,Indigo,self_neft,0
T0004264,C0124,high_business,2026-01-21 09:07:00.000000000,9191.05,TajHotels,self_neft,0
T0005058,C0148,high_business,2026-01-21 09:15:00.000000000,12528.44,TajHotels,vendor_x,0
T0001203,C0034,high_business,2026-01-21 09:15:00.000000000,13051.21,OfficeSupplies,vendor_x,0
T0005060,C0148,high_business,2026-01-21 09:23:00.000000000,7777.54,Indigo,vendor_x,0
T0005299,C0155,mid_weekend,2026-01-21 09:29:00.000000000,2754.65,Myntra,family_upi,0
T0000251,C0007,high_business,2026-01-21 09:36:00.000000000,23832.55,Indigo,vendor_x,0
T0002678,C0079,high_business,2026-01-21 09:40:00.000000000,12390.05,AWS,vendor_x,0
T0005957,C0172,high_business,2026-01-21 09:47:00.000000000,14098.03,AWS,self_neft,0
T0001985,C0058,high_business,2026-01-21 09:48:00.000000000,9525.87,Indigo,vendor_x,0
T0005877,C0169,high_business,2026-01-21 09:48:00.000000000,10561.13,OfficeSupplies,self_neft,0
T0000339,C0010,high_business,2026-01-21 09:54:00.000000000,12503.36,Indigo,payroll,0
T0001989,C0058,high_business,2026-01-21 09:57:00.000000000,11020.46,TajHotels,self_neft,0
T0001735,C0050,mid_weekend,2026-01-21 09:58:00.000000000,1987.81,BookMyShow,family_upi,0
T0005064,C0148,high_business,2026-01-21 10:00:00.000000000,11507.1,TajHotels,payroll,0
T0006232,C0178,high_business,2026-01-21 10:01:00.000000000,13281.62,Indigo,payroll,0
T0003615,C0106,high_business,2026-01-21 10:02:00.000000000,12087.89,AWS,vendor_x,0
T0000708,C0019,high_business,2026-01-21 10:05:00.000000000,31861.09,AWS,payroll,0
T0001716,C0049,high_business,2026-01-21 10:11:00.000000000,9289.37,TajHotels,self_neft,0
T0003206,C0094,high_business,2026-01-21 10:12:00.000000000,38893.08,OfficeSupplies,self_neft,0
T0004970,C0146,mid_weekend,2026-01-21 10:21:00.000000000,1770.41,IRCTC,self_upi,0
T0001200,C0034,high_business,2026-01-21 10:31:00.000000000,16685.33,AWS,self_neft,0
T0004361,C0127,high_business,2026-01-21 10:43:00.000000000,52690.13,Indigo,vendor_x,0
T0001197,C0034,high_business,2026-01-21 10:43:00.000000000,13597.91,NewShop_25,vendor_x,0
T0001202,C0034,high_business,2026-01-21 10:45:00.000000000,10882.79,OfficeSupplies,vendor_x,0
T0001199,C0034,high_business,2026-01-21 10:59:00.000000000,10924.52,OfficeSupplies,vendor_x,0
T0001988,C0058,high_business,2026-01-21 11:05:00.000000000,11735.81,TajHotels,self_neft,0
T0004363,C0127,high_business,2026-01-21 11:13:00.000000000,38271.68,Indigo,vendor_x,0
T0003439,C0100,high_business,2026-01-21 11:15:00.000000000,8969.47,Indigo,vendor_x,0
T0003128,C0092,mid_weekend,2026-01-21 11:16:00.000000000,2275.71,NewShop_13,family_upi,0
T0000250,C0007,high_business,2026-01-21 11:19:00.000000000,12666.84,AWS,vendor_x,0
T0004362,C0127,high_business,2026-01-21 11:21:00.000000000,9138.06,AWS,self_neft,0
T0004838,C0142,high_business,2026-01-21 11:24:00.000000000,37711.43,AWS,payroll,0
T0002507,C0073,high_business,2026-01-21 11:32:00.000000000,14413.47,Indigo,self_neft,0
T0001144,C0032,mid_weekend,2026-01-21 11:32:00.000000000,1782.47,IRCTC,family_upi,0
T0004670,C0137,mid_weekend,2026-01-21 11:34:00.000000000,5678.99,Zomato,self_upi,0
T0000931,C0025,high_business,2026-01-21 11:36:00.000000000,13266.51,Indigo,self_neft,0
T0003205,C0094,high_business,2026-01-21 11:43:00.000000000,10220.58,TajHotels,vendor_x,0
T0000812,C0022,high_business,2026-01-21 11:45:00.000000000,14229.74,AWS,self_neft,0
T0000813,C0022,high_business,2026-01-21 11:50:00.000000000,15619.28,TajHotels,self_neft,0
T0002301,C0067,high_business,2026-01-21 11:50:00.000000000,11091.61,Indigo,self_neft,0
T0002411,C0070,high_business,2026-01-21 11:52:00.000000000,38161.48,AWS,self_neft,0
T0001717,C0049,high_business,2026-01-21 11:59:00.000000000,12146.8,TajHotels,payroll,0
T0006434,C0085,high_business,2026-01-21 11:59:00.711842825,79720.25,OfficeSupplies,self_neft,1
T0002192,C0064,high_business,2026-01-21 12:02:00.000000000,13048.15,Indigo,vendor_x,0
T0002508,C0073,high_business,2026-01-21 12:02:00.000000000,13590.54,AWS,self_neft,0
T0002506,C0073,high_business,2026-01-21 12:03:00.000000000,11233.65,TajHotels,self_neft,0
T0001986,C0058,high_business,2026-01-21 12:06:00.000000000,13018.99,AWS,vendor_x,0
T0005061,C0148,high_business,2026-01-21 12:16:00.000000000,7687.13,OfficeSupplies,payroll,0
T0000606,C0016,high_business,2026-01-21 12:25:00.000000000,12906.48,TajHotels,vendor_x,0
T0002445,C0071,mid_weekend,2026-01-21 12:36:00.000000000,2472.41,Zomato,self_upi,0
T0006124,C0175,high_business,2026-01-21 12:41:00.000000000,11543.38,TajHotels,payroll,0
T0001129,C0031,high_business,2026-01-21 12:41:00.000000000,9827.06,Indigo,vendor_x,0
T0004735,C0139,high_business,2026-01-21 12:49:00.000000000,11570.03,TajHotels,self_neft,0
T0006140,C0176,mid_weekend,2026-01-21 12:52:00.000000000,3043.05,BookMyShow,family_upi,0
T0006234,C0178,high_business,2026-01-21 12:52:00.000000000,9242.87,Indigo,vendor_x,0
T0002714,C0080,mid_weekend,2026-01-21 12:56:00.000000000,2547.16,BookMyShow,self_upi,0
T0005406,C0157,high_business,2026-01-21 12:56:00.000000000,14547.66,TajHotels,vendor_x,0
T0003552,C0103,high_business,2026-01-21 13:03:00.000000000,13315.98,TajHotels,payroll,0
T0005063,C0148,high_business,2026-01-21 13:11:00.000000000,7577.46,Indigo,payroll,0
T0001322,C0037,high_business,2026-01-21 13:14:00.000000000,54889.85,TajHotels,payroll,0
T0002571,C0076,high_business,2026-01-21 13:18:00.000000000,9034.46,AWS,payroll,0
T0006231,C0178,high_business,2026-01-21 13:22:00.000000000,12029.78,Indigo,self_neft,0
T0004107,C0119,mid_weekend,2026-01-21 13:22:00.000000000,3643.97,NewShop_16,self_upi,0
T0000338,C0010,high_business,2026-01-21 13:22:00.000000000,15725.31,TajHotels,self_neft,0
T0000607,C0016,high_business,2026-01-21 13:28:00.000000000,12371.82,OfficeSupplies,payroll,0
T0001036,C0028,high_business,2026-01-21 13:42:00.000000000,10919.9,AWS,vendor_x,0
T0001204,C0034,high_business,2026-01-21 13:44:00.000000000,36897.44,Indigo,self_neft,0
T0001249,C0035,mid_weekend,2026-01-21 13:44:00.000000000,2004.83,BookMyShow,self_upi,0
T0001337,C0038,mid_weekend,2026-01-21 13:46:00.000000000,1516.73,BookMyShow,self_upi,0
T0003993,C0115,high_business,2026-01-21 13:48:00.000000000,18535.07,Indigo,payroll,0
T0005740,C0166,high_business,2026-01-21 13:57:00.000000000,12460.58,AWS,self_neft,0
T0001198,C0034,high_business,2026-01-21 13:58:00.000000000,15782.22,TajHotels,vendor_x,0
T0003614,C0106,high_business,2026-01-21 14:09:00.000000000,11497.48,Indigo,self_neft,0
T0000062,C0002,mid_weekend,2026-01-21 14:17:00.000000000,3662.34,Myntra,family_upi,0
T0000263,C0008,mid_weekend,2026-01-21 14:23:00.000000000,2619.03,IRCTC,family_upi,0
T0004971,C0146,mid_weekend,2026-01-21 14:23:00.000000000,2168.33,BookMyShow,self_upi,0
T0003470,C0101,mid_weekend,2026-01-21 14:35:00.000000000,2687.35,BookMyShow,self_upi,0
T0004263,C0124,high_business,2026-01-21 14:36:00.000000000,15361.01,AWS,self_neft,0
T0001623,C0046,high_business,2026-01-21 14:39:00.000000000,12528.83,AWS,vendor_x,0
T0003438,C0100,high_business,2026-01-21 14:39:00.000000000,9279.85,OfficeSupplies,payroll,0
T0003668,C0107,mid_weekend,2026-01-21 14:40:00.000000000,2350.81,BookMyShow,self_upi,0
T0000340,C0010,high_business,2026-01-21 14:49:00.000000000,11816.95,TajHotels,self_neft,0
T0001987,C0058,high_business,2026-01-21 14:49:00.000000000,6577.38,Indigo,payroll,0
T0004734,C0139,high_business,2026-01-21 14:51:00.000000000,13524.16,TajHotels,vendor_x,0
T0003471,C0101,mid_weekend,2026-01-21 15:09:00.000000000,2635.93,Zomato,family_upi,0
T0005564,C0161,mid_weekend,2026-01-21 15:20:00.000000000,2651.06,Myntra,self_upi,0
T0005565,C0161,mid_weekend,2026-01-21 15:22:00.000000000,2825.04,IRCTC,family_upi,0
T0000504,C0014,mid_weekend,2026-01-21 15:31:00.000000000,2742.03,Myntra,family_upi,0
T0005201,C0152,mid_weekend,2026-01-21 15:31:00.000000000,2495.08,Zomato,family_upi,0
T0000628,C0017,mid_weekend,2026-01-21 15:36:00.000000000,2432.83,Zomato,self_upi,0
T0002679,C0079,high_business,2026-01-21 15:40:00.000000000,13254.81,TajHotels,vendor_x,0
T0003129,C0092,mid_weekend,2026-01-21 15:57:00.000000000,2929.04,BookMyShow,self_upi,0
T0001634,C0047,mid_weekend,2026-01-21 16:02:00.000000000,2293.66,Zomato,family_upi,0
T0004766,C0140,mid_weekend,2026-01-21 16:21:00.000000000,1260.84,Myntra,family_upi,0
T0003899,C0113,mid_weekend,2026-01-21 16:36:00.000000000,2433.7,IRCTC,family_upi,0
T0005200,C0152,mid_weekend,2026-01-21 16:38:00.000000000,2302.18,IRCTC,self_upi,0
T0006050,C0174,low_evening_shopper,2026-01-21 17:13:00.000000000,2968.85,Amazon,friend_a,0
T0003777,C0110,mid_weekend,2026-01-21 17:20:00.000000000,2618.08,NewShop_18,self_upi,0
T0001847,C0053,mid_weekend,2026-01-21 17:20:00.000000000,2355.92,BookMyShow,family_upi,0
T0004655,C0136,high_business,2026-01-21 17:29:00.000000000,14794.49,OfficeSupplies,payroll,0
T0003232,C0095,mid_weekend,2026-01-21 17:40:00.000000000,2044.67,Zomato,self_upi,0
T0000446,C0013,high_business,2026-01-21 18:04:00.000000000,13563.03,OfficeSupplies,payroll,0
T0003344,C0098,mid_weekend,2026-01-21 18:11:00.000000000,3127.16,BookMyShow,family_upi,0
T0005931,C0171,low_evening_shopper,2026-01-21 18:15:00.000000000,760.29,LocalKirana,friend_a,0
T0000723,C0020,mid_weekend,2026-01-21 18:16:00.000000000,2403.33,BookMyShow,self_upi,0
T0002614,C0077,mid_weekend,2026-01-21 18:17:00.000000000,1547.68,IRCTC,self_upi,0
T0001177,C0033,low_evening_shopper,2026-01-21 18:48:00.000000000,801.72,Swiggy,friend_a,0
T0005447,C0158,mid_weekend,2026-01-21 18:50:00.000000000,3063.92,IRCTC,self_upi,0
T0006458,C0140,mid_weekend,2026-01-21 18:52:00.495088122,4066.97,Zomato,quick_payee_502,1
T0002538,C0075,low_evening_shopper,2026-01-21 19:11:00.000000000,707.46,Swiggy,self_upi,0
T0006281,C0179,mid_weekend,2026-01-21 19:14:00.000000000,3211.08,Myntra,self_upi,0
T0003081,C0090,low_evening_shopper,2026-01-21 19:18:00.000000000,766.79,BigBazaar,friend_a,0
T0002147,C0063,low_evening_shopper,2026-01-21 19:42:00.000000000,635.59,BigBazaar,self_upi,0
T0005821,C0168,low_evening_shopper,2026-01-21 19:44:00.000000000,559.92,Swiggy,self_upi,0
T0000987,C0027,low_evening_shopper,2026-01-21 19:44:00.000000000,690.56,Amazon,self_upi,0
T0004969,C0146,mid_weekend,2026-01-21 19:45:00.000000000,3505.73,Myntra,self_upi,0
T0000851,C0023,mid_weekend,2026-01-21 19:45:00.000000000,2414.51,NewShop_2,family_upi,0
T0004919,C0144,low_evening_shopper,2026-01-21 19:55:00.000000000,882.01,Swiggy,self_upi,0
T0004056,C0117,low_evening_shopper,2026-01-21 19:57:00.000000000,875.98,BigBazaar,self_upi,0
T0002636,C0078,low_evening_shopper,2026-01-21 19:59:00.000000000,667.11,BigBazaar,self_upi,0
T0002253,C0066,low_evening_shopper,2026-01-21 20:03:00.000000000,351.48,LocalKirana,friend_a,0
T0002219,C0065,mid_weekend,2026-01-21 20:06:00.000000000,2198.34,Myntra,self_upi,0
T0004812,C0141,low_evening_shopper,2026-01-21 20:10:00.000000000,593.35,Swiggy,self_upi,0
T0003159,C0093,low_evening_shopper,2026-01-21 20:20:00.000000000,435.8,LocalKirana,self_upi,0
T0000773,C0021,low_evening_shopper,2026-01-21 20:21:00.000000000,595.18,Swiggy,self_upi,0
T0002370,C0069,low_evening_shopper,2026-01-21 20:24:00.000000000,772.1,LocalKirana,self_upi,0
T0003082,C0090,low_evening_shopper,2026-01-21 20:28:00.000000000,483.66,Amazon,friend_a,0
T0005493,C0159,low_evening_shopper,2026-01-21 20:34:00.000000000,2371.91,Swiggy,self_upi,0
T0000430,C0012,low_evening_shopper,2026-01-21 20:34:00.000000000,2304.32,BigBazaar,self_upi,0
T0000213,C0006,low_evening_shopper,2026-01-21 20:43:00.000000000,944.46,BigBazaar,self_upi,0
T0001674,C0048,low_evening_shopper,2026-01-21 20:58:00.000000000,977.94,Amazon,friend_a,0
T0005693,C0165,low_evening_shopper,2026-01-21 21:07:00.000000000,405.61,LocalKirana,self_upi,0
T0006177,C0177,low_evening_shopper,2026-01-21 21:21:00.000000000,804.96,LocalKirana,friend_a,0
T0001946,C0057,low_evening_shopper,2026-01-21 21:28:00.000000000,534.01,BigBazaar,friend_a,0
T0002475,C0072,low_evening_shopper,2026-01-21 21:40:00.000000000,773.66,LocalKirana,self_upi,0
T0004611,C0135,low_evening_shopper,2026-01-21 21:52:00.000000000,760.85,Swiggy,friend_a,0
T0004402,C0129,low_evening_shopper,2026-01-21 21:54:00.000000000,456.03,Swiggy,self_upi,0
T0003593,C0105,low_evening_shopper,2026-01-21 21:58:00.000000000,483.48,BigBazaar,friend_a,0
T0004512,C0132,low_evening_shopper,2026-01-21 22:09:00.000000000,847.32,Swiggy,self_upi,0
T0001291,C0036,low_evening_shopper,2026-01-21 22:18:00.000000000,912.89,Swiggy,self_upi,0
T0000252,C0007,high_business,2026-01-21 22:52:00.000000000,56730.49,TajHotels,payroll,0
T0004717,C0138,low_evening_shopper,2026-01-21 23:58:00.000000000,767.19,Swiggy,self_upi,0
T0006451,C0073,high_business,2026-01-22 02:30:00.316285667,128008.17,UnknownStore_29,new_wallet_6119,1
T0004566,C0133,high_business,2026-01-22 07:33:00.000000000,10287.98,OfficeSupplies,vendor_x,0
T0004367,C0127,high_business,2026-01-22 08:08:00.000000000,9285.64,Indigo,self_neft,0
T0006236,C0178,high_business,2026-01-22 08:12:00.000000000,12463.33,OfficeSupplies,vendor_x,0
T0005958,C0172,high_business,2026-01-22 08:28:00.000000000,12464.18,AWS,vendor_x,0
T0000035,C0001,high_business,2026-01-22 08:32:00.000000000,36994.95,OfficeSupplies,vendor_x,0
T0005546,C0160,high_business,2026-01-22 08:32:00.000000000,13349.03,AWS,payroll,0
T0003016,C0088,high_business,2026-01-22 08:46:00.000000000,12319.0,Indigo,self_neft,0
T0004657,C0136,high_business,2026-01-22 08:58:00.000000000,10672.24,TajHotels,self_neft,0
T0002926,C0085,high_business,2026-01-22 08:59:00.000000000,11681.68,TajHotels,vendor_x,0
T0001037,C0028,high_business,2026-01-22 09:00:00.000000000,15141.05,NewShop_23,vendor_x,0
T0004366,C0127,high_business,2026-01-22 09:00:00.000000000,13065.37,Indigo,payroll,0
T0001205,C0034,high_business,2026-01-22 09:03:00.000000000,12994.39,OfficeSupplies,self_neft,0
T0001207,C0034,high_business,2026-01-22 09:12:00.000000000,11554.83,OfficeSupplies,self_neft,0
T0005548,C0160,high_business,2026-01-22 09:17:00.000000000,15480.67,Indigo,payroll,0
T0002194,C0064,high_business,2026-01-22 09:19:00.000000000,11930.13,Indigo,vendor_x,0
T0003017,C0088,high_business,2026-01-22 09:20:00.000000000,14139.68,NewShop_1,vendor_x,0
T0002193,C0064,high_business,2026-01-22 09:22:00.000000000,10284.01,Indigo,self_neft,0
T0000341,C0010,high_business,2026-01-22 09:31:00.000000000,14420.0,TajHotels,self_neft,0
T0000448,C0013,high_business,2026-01-22 09:47:00.000000000,10010.8,TajHotels,payroll,0
T0005741,C0166,high_business,2026-01-22 09:48:00.000000000,39118.91,OfficeSupplies,self_neft,0
T0006235,C0178,high_business,2026-01-22 09:58:00.000000000,14457.26,AWS,payroll,0
T0006127,C0175,high_business,2026-01-22 10:02:00.000000000,13110.75,AWS,vendor_x,0
T0003669,C0107,mid_weekend,2026-01-22 10:13:00.000000000,2666.73,BookMyShow,family_upi,0
T0004841,C0142,high_business,2026-01-22 10:18:00.000000000,10639.84,OfficeSupplies,self_neft,0
T0005628,C0163,high_business,2026-01-22 10:18:00.000000000,13158.96,AWS,vendor_x,0
T0006004,C0173,mid_weekend,2026-01-22 10:19:00.000000000,6943.51,BookMyShow,family_upi,0
T0003345,C0098,mid_weekend,2026-01-22 10:19:00.000000000,3645.48,Myntra,family_upi,0
T0005549,C0160,high_business,2026-01-22 10:20:00.000000000,17258.11,TajHotels,payroll,0
T0004658,C0136,high_business,2026-01-22 10:27:00.000000000,14525.81,OfficeSupplies,payroll,0
T0004567,C0133,high_business,2026-01-22 10:27:00.000000000,8786.48,Indigo,payroll,0
T0005879,C0169,high_business,2026-01-22 10:43:00.000000000,9400.39,TajHotels,self_neft,0
T0000447,C0013,high_business,2026-01-22 10:47:00.000000000,11816.3,AWS,vendor_x,0
T0002196,C0064,high_business,2026-01-22 10:47:00.000000000,14249.73,NewShop_31,payroll,0
T0001206,C0034,high_business,2026-01-22 10:50:00.000000000,13487.9,OfficeSupplies,payroll,0
T0002924,C0085,high_business,2026-01-22 10:50:00.000000000,11166.39,TajHotels,self_neft,0
T0002781,C0082,high_business,2026-01-22 10:53:00.000000000,14213.1,AWS,vendor_x,0
T0000814,C0022,high_business,2026-01-22 10:56:00.000000000,10306.23,Indigo,payroll,0
T0004364,C0127,high_business,2026-01-22 10:58:00.000000000,9828.64,AWS,vendor_x,0
T0002681,C0079,high_business,2026-01-22 10:58:00.000000000,7614.82,AWS,vendor_x,0
T0003018,C0088,high_business,2026-01-22 11:00:00.000000000,13589.75,AWS,self_neft,0
T0004265,C0124,high_business,2026-01-22 11:04:00.000000000,12388.86,Indigo,payroll,0
T0001812,C0052,high_business,2026-01-22 11:05:00.000000000,12719.34,AWS,vendor_x,0
T0005880,C0169,high_business,2026-01-22 11:08:00.000000000,13505.61,NewShop_5,vendor_x,0
T0000036,C0001,high_business,2026-01-22 11:10:00.000000000,30320.9,TajHotels,self_neft,0
T0002922,C0085,high_business,2026-01-22 11:14:00.000000000,15065.06,NewShop_1,payroll,0
T0006125,C0175,high_business,2026-01-22 11:17:00.000000000,14463.81,OfficeSupplies,self_neft,0
T0002925,C0085,high_business,2026-01-22 11:18:00.000000000,9368.95,OfficeSupplies,self_neft,0
T0005547,C0160,high_business,2026-01-22 11:19:00.000000000,14274.63,NewShop_21,payroll,0
T0005277,C0154,high_business,2026-01-22 11:19:00.000000000,14021.05,TajHotels,self_neft,0
T0003900,C0113,mid_weekend,2026-01-22 11:21:00.000000000,3064.64,Myntra,family_upi,0
T0000945,C0026,mid_weekend,2026-01-22 11:23:00.000000000,2752.61,NewShop_18,family_upi,0
T0005544,C0160,high_business,2026-01-22 11:24:00.000000000,17979.59,TajHotels,vendor_x,0
T0004656,C0136,high_business,2026-01-22 11:27:00.000000000,13537.97,OfficeSupplies,payroll,0
T0005677,C0164,mid_weekend,2026-01-22 11:30:00.000000000,3222.85,BookMyShow,self_upi,0
T0000143,C0004,high_business,2026-01-22 11:36:00.000000000,11426.77,OfficeSupplies,payroll,0
T0006126,C0175,high_business,2026-01-22 11:40:00.000000000,9323.79,Indigo,vendor_x,0
T0004840,C0142,high_business,2026-01-22 11:41:00.000000000,8298.61,AWS,payroll,0
T0005407,C0157,high_business,2026-01-22 11:57:00.000000000,12238.19,AWS,vendor_x,0
T0002780,C0082,high_business,2026-01-22 12:15:00.000000000,11573.69,OfficeSupplies,self_neft,0
T0000037,C0001,high_business,2026-01-22 12:16:00.000000000,35628.7,OfficeSupplies,vendor_x,0
T0000609,C0016,high_business,2026-01-22 12:17:00.000000000,13892.8,AWS,payroll,0
T0002509,C0073,high_business,2026-01-22 12:20:00.000000000,15682.97,AWS,vendor_x,0
T0002715,C0080,mid_weekend,2026-01-22 12:24:00.000000000,1190.06,BookMyShow,family_upi,0
T0001624,C0046,high_business,2026-01-22 12:25:00.000000000,12142.48,OfficeSupplies,vendor_x,0
T0002004,C0059,mid_weekend,2026-01-22 12:33:00.000000000,3008.71,IRCTC,self_upi,0
T0002302,C0067,high_business,2026-01-22 12:33:00.000000000,15397.94,OfficeSupplies,payroll,0
T0005742,C0166,high_business,2026-01-22 12:35:00.000000000,11274.75,Indigo,vendor_x,0
T0002923,C0085,high_business,2026-01-22 12:36:00.000000000,34406.34,TajHotels,vendor_x,0
T0004368,C0127,high_business,2026-01-22 12:39:00.000000000,36863.86,NewShop_36,payroll,0
T0003130,C0092,mid_weekend,2026-01-22 12:43:00.000000000,2104.74,NewShop_2,family_upi,0
T0005589,C0162,low_evening_shopper,2026-01-22 12:44:00.000000000,809.81,Amazon,friend_a,0
T0000253,C0007,high_business,2026-01-22 12:45:00.000000000,10048.92,OfficeSupplies,payroll,0
T0001508,C0044,mid_weekend,2026-01-22 12:56:00.000000000,1813.08,Zomato,self_upi,0
T0004365,C0127,high_business,2026-01-22 13:02:00.000000000,14616.43,Indigo,self_neft,0
T0005300,C0155,mid_weekend,2026-01-22 13:11:00.000000000,2676.62,BookMyShow,self_upi,0
T0000142,C0004,high_business,2026-01-22 13:15:00.000000000,10389.08,AWS,vendor_x,0
T0005630,C0163,high_business,2026-01-22 13:17:00.000000000,12591.34,AWS,vendor_x,0
T0003558,C0104,mid_weekend,2026-01-22 13:18:00.000000000,3096.34,BookMyShow,family_upi,0
T0003233,C0095,mid_weekend,2026-01-22 13:35:00.000000000,2676.07,Myntra,self_upi,0
T0001990,C0058,high_business,2026-01-22 13:40:00.000000000,13757.9,Indigo,payroll,0
T0005545,C0160,high_business,2026-01-22 13:44:00.000000000,11580.51,Indigo,self_neft,0
T0001208,C0034,high_business,2026-01-22 13:46:00.000000000,12922.32,TajHotels,payroll,0
T0006003,C0173,mid_weekend,2026-01-22 13:47:00.000000000,2350.5,Zomato,family_upi,0
T0002412,C0070,high_business,2026-01-22 13:50:00.000000000,12316.45,Indigo,vendor_x,0
T0005629,C0163,high_business,2026-01-22 13:54:00.000000000,10696.54,TajHotels,vendor_x,0
T0002680,C0079,high_business,2026-01-22 13:57:00.000000000,44767.02,TajHotels,payroll,0
T0001131,C0031,high_business,2026-01-22 14:00:00.000000000,11118.87,OfficeSupplies,vendor_x,0
T0003346,C0098,mid_weekend,2026-01-22 14:04:00.000000000,2701.14,IRCTC,family_upi,0
T0000505,C0014,mid_weekend,2026-01-22 14:05:00.000000000,2462.32,IRCTC,self_upi,0
T0005878,C0169,high_business,2026-01-22 14:16:00.000000000,58945.89,AWS,vendor_x,0
T0000853,C0023,mid_weekend,2026-01-22 14:24:00.000000000,2618.26,Zomato,self_upi,0
T0003616,C0106,high_business,2026-01-22 14:28:00.000000000,10837.47,TajHotels,vendor_x,0
T0003440,C0100,high_business,2026-01-22 14:28:00.000000000,10900.89,Indigo,vendor_x,0
T0005881,C0169,high_business,2026-01-22 14:35:00.000000000,12443.0,OfficeSupplies,vendor_x,0
T0003472,C0101,mid_weekend,2026-01-22 14:45:00.000000000,2351.97,Zomato,self_upi,0
T0001146,C0032,mid_weekend,2026-01-22 14:46:00.000000000,2521.72,Zomato,self_upi,0
T0002523,C0074,mid_weekend,2026-01-22 14:48:00.000000000,2435.49,Myntra,self_upi,0
T0000034,C0001,high_business,2026-01-22 14:48:00.000000000,9532.86,TajHotels,vendor_x,0
T0004736,C0139,high_business,2026-01-22 14:52:00.000000000,9610.08,OfficeSupplies,self_neft,0
T0004972,C0146,mid_weekend,2026-01-22 14:56:00.000000000,2172.87,Zomato,family_upi,0
T0001145,C0032,mid_weekend,2026-01-22 15:02:00.000000000,2612.87,Myntra,family_upi,0
T0002572,C0076,high_business,2026-01-22 15:12:00.000000000,16303.56,OfficeSupplies,vendor_x,0
T0002682,C0079,high_business,2026-01-22 15:14:00.000000000,14582.03,TajHotels,vendor_x,0
T0002220,C0065,mid_weekend,2026-01-22 15:15:00.000000000,2682.58,Zomato,self_upi,0
T0000033,C0001,high_business,2026-01-22 15:16:00.000000000,9258.04,OfficeSupplies,self_neft,0
T0004199,C0122,mid_weekend,2026-01-22 15:27:00.000000000,2018.11,NewShop_39,self_upi,0
T0001926,C0056,mid_weekend,2026-01-22 15:29:00.000000000,9968.73,Myntra,family_upi,0
T0003035,C0089,mid_weekend,2026-01-22 15:36:00.000000000,2715.16,Myntra,family_upi,0
T0001130,C0031,high_business,2026-01-22 15:46:00.000000000,12240.65,TajHotels,vendor_x,0
T0002195,C0064,high_business,2026-01-22 15:48:00.000000000,9639.36,Indigo,self_neft,0
T0000852,C0023,mid_weekend,2026-01-22 15:58:00.000000000,3391.62,Myntra,family_upi,0
T0002330,C0068,mid_weekend,2026-01-22 16:05:00.000000000,1513.2,BookMyShow,family_upi,0
T0002221,C0065,mid_weekend,2026-01-22 16:09:00.000000000,1971.5,BookMyShow,self_upi,0
T0005007,C0147,low_evening_shopper,2026-01-22 16:11:00.000000000,1532.75,BigBazaar,friend_a,0
T0003034,C0089,mid_weekend,2026-01-22 16:17:00.000000000,2983.07,BookMyShow,self_upi,0
T0002815,C0083,mid_weekend,2026-01-22 16:44:00.000000000,2853.09,IRCTC,self_upi,0
T0004612,C0135,low_evening_shopper,2026-01-22 17:05:00.000000000,633.71,Swiggy,self_upi,0
T0001635,C0047,mid_weekend,2026-01-22 17:08:00.000000000,1727.89,Zomato,self_upi,0
T0003347,C0098,mid_weekend,2026-01-22 17:31:00.000000000,2284.06,BookMyShow,self_upi,0
T0004920,C0144,low_evening_shopper,2026-01-22 17:44:00.000000000,740.57,LocalKirana,self_upi,0
T0005908,C0170,mid_weekend,2026-01-22 17:48:00.000000000,1827.84,Zomato,family_upi,0
T0001414,C0041,mid_weekend,2026-01-22 17:52:00.000000000,2117.64,IRCTC,self_upi,0
T0003382,C0099,low_evening_shopper,2026-01-22 19:14:00.000000000,674.38,Swiggy,self_upi,0
T0001427,C0042,low_evening_shopper,2026-01-22 19:15:00.000000000,513.81,BigBazaar,self_upi,0
T0001250,C0035,mid_weekend,2026-01-22 19:27:00.000000000,8815.25,Myntra,self_upi,0
T0002254,C0066,low_evening_shopper,2026-01-22 19:33:00.000000000,1052.34,BigBazaar,self_upi,0
T0000724,C0020,mid_weekend,2026-01-22 19:34:00.000000000,2723.06,Myntra,family_upi,0
T0004513,C0132,low_evening_shopper,2026-01-22 19:34:00.000000000,408.24,BigBazaar,friend_a,0
T0004318,C0126,low_evening_shopper,2026-01-22 19:35:00.000000000,988.38,NewShop_14,self_upi,0
T0002615,C0077,mid_weekend,2026-01-22 19:42:00.000000000,2262.75,Zomato,self_upi,0
T0002946,C0086,mid_weekend,2026-01-22 19:44:00.000000000,2256.04,Myntra,family_upi,0
T0006141,C0176,mid_weekend,2026-01-22 19:56:00.000000000,8924.35,IRCTC,self_upi,0
T0002046,C0060,low_evening_shopper,2026-01-22 19:56:00.000000000,474.93,Swiggy,friend_a,0
T0003381,C0099,low_evening_shopper,2026-01-22 20:06:00.000000000,889.34,BigBazaar,friend_a,0
T0004403,C0129,low_evening_shopper,2026-01-22 20:07:00.000000000,427.05,Amazon,self_upi,0
T0003944,C0114,low_evening_shopper,2026-01-22 20:09:00.000000000,717.28,Amazon,friend_a,0
T0000431,C0012,low_evening_shopper,2026-01-22 20:16:00.000000000,503.41,LocalKirana,friend_a,0
T0002756,C0081,low_evening_shopper,2026-01-22 20:22:00.000000000,691.17,LocalKirana,friend_a,0
T0001251,C0035,mid_weekend,2026-01-22 20:34:00.000000000,1639.75,Myntra,family_upi,0
T0001086,C0030,low_evening_shopper,2026-01-22 20:38:00.000000000,519.11,Swiggy,self_upi,0
T0004813,C0141,low_evening_shopper,2026-01-22 20:44:00.000000000,614.04,NewShop_7,friend_a,0
T0005822,C0168,low_evening_shopper,2026-01-22 20:50:00.000000000,419.51,Swiggy,self_upi,0
T0003083,C0090,low_evening_shopper,2026-01-22 20:53:00.000000000,641.23,Amazon,friend_a,0
T0004126,C0120,low_evening_shopper,2026-01-22 21:01:00.000000000,777.02,Amazon,self_upi,0
T0002972,C0087,low_evening_shopper,2026-01-22 21:14:00.000000000,545.97,NewShop_36,self_upi,0
T0004228,C0123,low_evening_shopper,2026-01-22 21:28:00.000000000,810.04,LocalKirana,friend_a,0
T0000774,C0021,low_evening_shopper,2026-01-22 21:39:00.000000000,960.3,Amazon,self_upi,0
T0003594,C0105,low_evening_shopper,2026-01-22 21:52:00.000000000,896.25,LocalKirana,friend_a,0
T0001869,C0054,low_evening_shopper,2026-01-22 21:55:00.000000000,663.4,BigBazaar,self_upi,0
T0000002,C0000,low_evening_shopper,2026-01-22 21:58:00.000000000,840.0,LocalKirana,friend_a,0
T0004290,C0125,mid_weekend,2026-01-22 22:20:00.000000000,2752.34,Myntra,self_upi,0
T0002197,C0064,high_business,2026-01-23 00:54:00.000000000,26162.3,Indigo,vendor_x,0
T0001147,C0032,mid_weekend,2026-01-23 01:17:00.000000000,789.81,Zomato,self_upi,0
T0000933,C0025,high_business,2026-01-23 03:14:00.000000000,10936.79,OfficeSupplies,self_neft,0
T0006128,C0175,high_business,2026-01-23 06:03:00.000000000,9228.12,AWS,self_neft,0
T0006238,C0178,high_business,2026-01-23 07:04:00.000000000,14464.19,TajHotels,payroll,0
T0000449,C0013,high_business,2026-01-23 07:26:00.000000000,10764.15,OfficeSupplies,self_neft,0
T0004842,C0142,high_business,2026-01-23 07:42:00.000000000,8493.02,Indigo,vendor_x,0
T0002782,C0082,high_business,2026-01-23 07:45:00.000000000,12676.65,AWS,payroll,0
T0002783,C0082,high_business,2026-01-23 08:01:00.000000000,11368.61,NewShop_4,self_neft,0
T0000816,C0022,high_business,2026-01-23 09:02:00.000000000,12716.48,TajHotels,vendor_x,0
T0002573,C0076,high_business,2026-01-23 09:04:00.000000000,10613.57,OfficeSupplies,payroll,0
T0000932,C0025,high_business,2026-01-23 09:10:00.000000000,13391.4,TajHotels,vendor_x,0
T0005408,C0157,high_business,2026-01-23 09:21:00.000000000,17185.71,Indigo,payroll,0
T0003617,C0106,high_business,2026-01-23 09:23:00.000000000,15829.18,AWS,self_neft,0
T0002371,C0069,low_evening_shopper,2026-01-23 09:23:00.000000000,656.79,Amazon,self_upi,0
T0001415,C0041,mid_weekend,2026-01-23 09:33:00.000000000,2095.15,IRCTC,self_upi,0
T0000038,C0001,high_business,2026-01-23 09:50:00.000000000,10821.19,Indigo,self_neft,0
T0003208,C0094,high_business,2026-01-23 09:55:00.000000000,10104.72,Indigo,vendor_x,0
T0000815,C0022,high_business,2026-01-23 09:57:00.000000000,9050.07,OfficeSupplies,self_neft,0
T0005743,C0166,high_business,2026-01-23 09:58:00.000000000,12731.58,Indigo,self_neft,0
T0001625,C0046,high_business,2026-01-23 10:04:00.000000000,10359.88,AWS,vendor_x,0
T0005410,C0157,high_business,2026-01-23 10:06:00.000000000,25406.88,TajHotels,vendor_x,0
T0001626,C0046,high_business,2026-01-23 10:10:00.000000000,14267.52,AWS,payroll,0
T0006237,C0178,high_business,2026-01-23 10:12:00.000000000,13564.97,AWS,payroll,0
T0006369,C0127,high_business,2026-01-23 10:13:00.028529790,68068.8,TajHotels,vendor_x,1
T0003618,C0106,high_business,2026-01-23 10:27:00.000000000,12015.69,TajHotels,payroll,0
T0006359,C0085,high_business,2026-01-23 10:33:00.347848413,75353.92,TajHotels,payroll,1
T0003995,C0115,high_business,2026-01-23 10:39:00.000000000,10567.82,AWS,vendor_x,0
T0006366,C0142,high_business,2026-01-23 10:39:00.330059466,87684.25,AWS,payroll,1
T0005163,C0151,high_business,2026-01-23 10:52:00.000000000,17410.49,Indigo,vendor_x,0
T0004268,C0124,high_business,2026-01-23 10:56:00.000000000,42423.12,TajHotels,self_neft,0
T0000144,C0004,high_business,2026-01-23 10:59:00.000000000,15588.25,Indigo,vendor_x,0
T0003160,C0093,low_evening_shopper,2026-01-23 11:04:00.000000000,463.76,NewShop_6,friend_a,0
T0003441,C0100,high_business,2026-01-23 11:06:00.000000000,11148.41,AWS,vendor_x,0
T0002086,C0061,high_business,2026-01-23 11:07:00.000000000,11618.74,AWS,self_neft,0
T0003207,C0094,high_business,2026-01-23 11:11:00.000000000,11873.2,TajHotels,self_neft,0
T0004269,C0124,high_business,2026-01-23 11:13:00.000000000,12012.02,OfficeSupplies,self_neft,0
T0006241,C0178,high_business,2026-01-23 11:22:00.000000000,10539.7,OfficeSupplies,payroll,0
T0003131,C0092,mid_weekend,2026-01-23 11:24:00.000000000,2063.72,BookMyShow,self_upi,0
T0002303,C0067,high_business,2026-01-23 11:29:00.000000000,13496.68,Indigo,vendor_x,0
T0000629,C0017,mid_weekend,2026-01-23 11:30:00.000000000,1869.6,Myntra,family_upi,0
T0001209,C0034,high_business,2026-01-23 11:36:00.000000000,12239.52,OfficeSupplies,vendor_x,0
T0001719,C0049,high_business,2026-01-23 11:37:00.000000000,48122.38,AWS,self_neft,0
T0000817,C0022,high_business,2026-01-23 11:41:00.000000000,17208.03,AWS,vendor_x,0
T0004266,C0124,high_business,2026-01-23 11:47:00.000000000,8211.88,TajHotels,vendor_x,0
T0002222,C0065,mid_weekend,2026-01-23 11:56:00.000000000,3471.51,Zomato,self_upi,0
T0001149,C0032,mid_weekend,2026-01-23 12:05:00.000000000,2403.38,Zomato,family_upi,0
T0005678,C0164,mid_weekend,2026-01-23 12:09:00.000000000,3717.68,Zomato,self_upi,0
T0004369,C0127,high_business,2026-01-23 12:10:00.000000000,10314.37,Indigo,payroll,0
T0005301,C0155,mid_weekend,2026-01-23 12:11:00.000000000,3230.27,BookMyShow,self_upi,0
T0005632,C0163,high_business,2026-01-23 12:13:00.000000000,13373.32,OfficeSupplies,vendor_x,0
T0002927,C0085,high_business,2026-01-23 12:13:00.000000000,9455.7,TajHotels,self_neft,0
T0005631,C0163,high_business,2026-01-23 12:14:00.000000000,15106.06,Indigo,payroll,0
T0001047,C0029,mid_weekend,2026-01-23 12:15:00.000000000,2213.22,BookMyShow,family_upi,0
T0004660,C0136,high_business,2026-01-23 12:17:00.000000000,10850.2,AWS,vendor_x,0
T0005448,C0158,mid_weekend,2026-01-23 12:21:00.000000000,2592.95,BookMyShow,self_upi,0
T0005409,C0157,high_business,2026-01-23 12:21:00.000000000,13036.46,AWS,self_neft,0
T0001720,C0049,high_business,2026-01-23 12:25:00.000000000,49632.85,TajHotels,vendor_x,0
T0006239,C0178,high_business,2026-01-23 12:40:00.000000000,14459.65,TajHotels,self_neft,0
T0006423,C0148,high_business,2026-01-23 12:44:00.577944115,65398.16,AWS,self_neft,1
T0001718,C0049,high_business,2026-01-23 12:53:00.000000000,12362.42,TajHotels,vendor_x,0
T0004370,C0127,high_business,2026-01-23 12:56:00.000000000,10900.68,TajHotels,self_neft,0
T0003619,C0106,high_business,2026-01-23 13:01:00.000000000,12057.5,AWS,self_neft,0
T0002947,C0086,mid_weekend,2026-01-23 13:14:00.000000000,2182.85,IRCTC,self_upi,0
T0003234,C0095,mid_weekend,2026-01-23 13:19:00.000000000,8977.72,BookMyShow,self_upi,0
T0004032,C0116,mid_weekend,2026-01-23 13:24:00.000000000,3434.8,IRCTC,self_upi,0
T0001323,C0037,high_business,2026-01-23 13:24:00.000000000,11505.13,Indigo,vendor_x,0
T0005164,C0151,high_business,2026-01-23 13:30:00.000000000,11609.22,Indigo,payroll,0
T0006410,C0065,mid_weekend,2026-01-23 13:48:00.122781309,7775.48,Zomato,quick_payee_576,1
T0003209,C0094,high_business,2026-01-23 13:52:00.000000000,8488.71,Indigo,self_neft,0
T0005302,C0155,mid_weekend,2026-01-23 14:12:00.000000000,3202.31,Zomato,self_upi,0
T0005882,C0169,high_business,2026-01-23 14:18:00.000000000,11733.99,AWS,vendor_x,0
T0003994,C0115,high_business,2026-01-23 14:25:00.000000000,11575.19,TajHotels,payroll,0
T0002198,C0064,high_business,2026-01-23 14:31:00.000000000,13281.4,TajHotels,self_neft,0
T0006425,C0170,mid_weekend,2026-01-23 14:31:00.635341876,8715.28,P2P_3,new_wallet_9437,1
T0002118,C0062,mid_weekend,2026-01-23 14:32:00.000000000,2884.47,Zomato,family_upi,0
T0006240,C0178,high_business,2026-01-23 14:33:00.000000000,13765.17,AWS,self_neft,0
T0004267,C0124,high_business,2026-01-23 14:39:00.000000000,11819.51,NewShop_37,self_neft,0
T0005278,C0154,high_business,2026-01-23 14:47:00.000000000,11680.16,TajHotels,payroll,0
T0004659,C0136,high_business,2026-01-23 14:52:00.000000000,13136.61,TajHotels,self_neft,0
T0000342,C0010,high_business,2026-01-23 14:55:00.000000000,13560.46,TajHotels,vendor_x,0
T0002510,C0073,high_business,2026-01-23 15:06:00.000000000,14084.3,TajHotels,vendor_x,0
T0006051,C0174,low_evening_shopper,2026-01-23 15:06:00.000000000,748.86,Amazon,friend_a,0
T0000934,C0025,high_business,2026-01-23 15:19:00.000000000,13305.82,OfficeSupplies,vendor_x,0
T0004671,C0137,mid_weekend,2026-01-23 15:21:00.000000000,6697.69,NewShop_35,self_upi,0
T0001148,C0032,mid_weekend,2026-01-23 15:47:00.000000000,3868.25,Zomato,family_upi,0
T0003473,C0101,mid_weekend,2026-01-23 16:07:00.000000000,2653.59,BookMyShow,family_upi,0
T0000063,C0002,mid_weekend,2026-01-23 16:13:00.000000000,2871.5,Zomato,self_upi,0
T0003559,C0104,mid_weekend,2026-01-23 16:18:00.000000000,2932.26,NewShop_25,self_upi,0
T0000725,C0020,mid_weekend,2026-01-23 16:28:00.000000000,6858.37,BookMyShow,family_upi,0
T0005910,C0170,mid_weekend,2026-01-23 16:36:00.000000000,2568.04,Zomato,self_upi,0
T0000264,C0008,mid_weekend,2026-01-23 16:58:00.000000000,2552.72,BookMyShow,self_upi,0
T0003036,C0089,mid_weekend,2026-01-23 16:58:00.000000000,1590.84,NewShop_32,family_upi,0
T0001636,C0047,mid_weekend,2026-01-23 17:06:00.000000000,1942.97,BookMyShow,self_upi,0
T0006381,C0035,mid_weekend,2026-01-23 17:26:00.426567341,4352.64,Zomato,quick_payee_830,1
T0005566,C0161,mid_weekend,2026-01-23 17:27:00.000000000,2291.27,Zomato,self_upi,0
T0006282,C0179,mid_weekend,2026-01-23 17:34:00.000000000,2253.91,IRCTC,family_upi,0
T0001761,C0051,low_evening_shopper,2026-01-23 18:05:00.000000000,686.18,BigBazaar,self_upi,0
T0005909,C0170,mid_weekend,2026-01-23 18:13:00.000000000,2731.32,BookMyShow,self_upi,0
T0001048,C0029,mid_weekend,2026-01-23 18:13:00.000000000,1495.03,BookMyShow,family_upi,0
T0004514,C0132,low_evening_shopper,2026-01-23 18:18:00.000000000,483.26,Amazon,self_upi,0
T0002047,C0060,low_evening_shopper,2026-01-23 18:25:00.000000000,478.92,BigBazaar,self_upi,0
T0000775,C0021,low_evening_shopper,2026-01-23 18:40:00.000000000,650.53,LocalKirana,friend_a,0
T0001360,C0039,low_evening_shopper,2026-01-23 18:41:00.000000000,554.87,LocalKirana,friend_a,0
T0005932,C0171,low_evening_shopper,2026-01-23 19:15:00.000000000,878.45,Amazon,friend_a,0
T0004291,C0125,mid_weekend,2026-01-23 19:36:00.000000000,2779.45,IRCTC,family_upi,0
T0003498,C0102,low_evening_shopper,2026-01-23 19:39:00.000000000,541.65,BigBazaar,self_upi,0
T0001150,C0032,mid_weekend,2026-01-23 19:47:00.000000000,1681.6,BookMyShow,family_upi,0
T0004718,C0138,low_evening_shopper,2026-01-23 19:49:00.000000000,863.09,Swiggy,self_upi,0
T0000003,C0000,low_evening_shopper,2026-01-23 19:51:00.000000000,691.01,LocalKirana,self_upi,0
T0000214,C0006,low_evening_shopper,2026-01-23 20:07:00.000000000,714.15,Swiggy,self_upi,0
T0001675,C0048,low_evening_shopper,2026-01-23 20:19:00.000000000,1289.56,Swiggy,friend_a,0
T0004319,C0126,low_evening_shopper,2026-01-23 20:24:00.000000000,2432.63,Amazon,self_upi,0
T0004814,C0141,low_evening_shopper,2026-01-23 20:25:00.000000000,480.2,LocalKirana,friend_a,0
T0005353,C0156,low_evening_shopper,2026-01-23 20:26:00.000000000,775.65,Swiggy,friend_a,0
T0003811,C0111,low_evening_shopper,2026-01-23 20:29:00.000000000,912.96,LocalKirana,friend_a,0
T0001558,C0045,low_evening_shopper,2026-01-23 20:30:00.000000000,616.91,Amazon,self_upi,0
T0004320,C0126,low_evening_shopper,2026-01-23 20:40:00.000000000,568.06,BigBazaar,friend_a,0
T0004404,C0129,low_evening_shopper,2026-01-23 20:45:00.000000000,932.38,LocalKirana,self_upi,0
T0001848,C0053,mid_weekend,2026-01-23 20:55:00.000000000,2904.6,BookMyShow,family_upi,0
T0003383,C0099,low_evening_shopper,2026-01-23 20:56:00.000000000,673.18,LocalKirana,friend_a,0
T0005118,C0150,low_evening_shopper,2026-01-23 21:18:00.000000000,580.99,Amazon,friend_a,0
T0005694,C0165,low_evening_shopper,2026-01-23 21:25:00.000000000,540.8,BigBazaar,friend_a,0
T0001292,C0036,low_evening_shopper,2026-01-23 21:32:00.000000000,923.21,Swiggy,self_upi,0
T0005008,C0147,low_evening_shopper,2026-01-23 21:32:00.000000000,611.81,LocalKirana,self_upi,0
T0002476,C0072,low_evening_shopper,2026-01-23 21:34:00.000000000,596.4,Amazon,self_upi,0
T0001087,C0030,low_evening_shopper,2026-01-23 21:49:00.000000000,474.31,Amazon,friend_a,0
T0002973,C0087,low_evening_shopper,2026-01-23 21:58:00.000000000,637.85,Swiggy,friend_a,0
T0004613,C0135,low_evening_shopper,2026-01-23 21:58:00.000000000,2823.31,Swiggy,self_upi,0
T0004229,C0123,low_evening_shopper,2026-01-23 22:24:00.000000000,711.83,LocalKirana,self_upi,0
T0005241,C0153,low_evening_shopper,2026-01-23 22:56:00.000000000,873.31,Swiggy,friend_a,0
T0006343,C0164,mid_weekend,2026-01-24 01:00:00.225857798,8871.84,NightPOS_29,family_upi,1
T0000265,C0008,mid_weekend,2026-01-24 01:27:00.000000000,2760.41,BookMyShow,family_upi,0
T0006380,C0008,mid_weekend,2026-01-24 03:31:00.656969612,6572.51,NightPOS_10,self_upi,1
T0006390,C0124,high_business,2026-01-24 03:55:00.288388552,37768.06,NightPOS_30,self_neft,1
T0006362,C0092,mid_weekend,2026-01-24 04:00:00.729937519,12587.41,UnknownStore_46,new_wallet_8690,1
T0005411,C0157,high_business,2026-01-24 06:05:00.000000000,11231.16,Indigo,payroll,0
T0002446,C0071,mid_weekend,2026-01-24 07:17:00.000000000,2855.32,Myntra,family_upi,0
T0001849,C0053,mid_weekend,2026-01-24 07:20:00.000000000,3461.33,BookMyShow,self_upi,0
T0000936,C0025,high_business,2026-01-24 07:50:00.000000000,11786.07,OfficeSupplies,vendor_x,0
T0004739,C0139,high_business,2026-01-24 08:13:00.000000000,9773.29,AWS,self_neft,0
T0001213,C0034,high_business,2026-01-24 08:14:00.000000000,10865.86,AWS,payroll,0
T0005633,C0163,high_business,2026-01-24 08:21:00.000000000,15417.07,Indigo,vendor_x,0
T0000345,C0010,high_business,2026-01-24 08:29:00.000000000,14059.3,Indigo,payroll,0
T0001722,C0049,high_business,2026-01-24 09:08:00.000000000,11726.3,AWS,self_neft,0
T0002928,C0085,high_business,2026-01-24 09:24:00.000000000,35040.39,Indigo,self_neft,0
T0005635,C0163,high_business,2026-01-24 09:33:00.000000000,31169.25,Indigo,vendor_x,0
T0001179,C0033,low_evening_shopper,2026-01-24 09:41:00.000000000,502.95,BigBazaar,friend_a,0
T0000343,C0010,high_business,2026-01-24 09:50:00.000000000,15094.71,OfficeSupplies,payroll,0
T0001723,C0049,high_business,2026-01-24 10:06:00.000000000,8590.59,TajHotels,vendor_x,0
T0001721,C0049,high_business,2026-01-24 10:11:00.000000000,12099.4,TajHotels,vendor_x,0
T0003901,C0113,mid_weekend,2026-01-24 10:12:00.000000000,2709.94,Zomato,family_upi,0
T0005066,C0148,high_business,2026-01-24 10:15:00.000000000,13905.83,Indigo,self_neft,0
T0003021,C0088,high_business,2026-01-24 10:20:00.000000000,41802.72,AWS,self_neft,0
T0005883,C0169,high_business,2026-01-24 10:20:00.000000000,10798.88,TajHotels,self_neft,0
T0002929,C0085,high_business,2026-01-24 10:26:00.000000000,9238.54,Indigo,payroll,0
T0002784,C0082,high_business,2026-01-24 10:34:00.000000000,6901.35,Indigo,self_neft,0
T0002087,C0061,high_business,2026-01-24 10:38:00.000000000,9846.16,OfficeSupplies,payroll,0
T0001132,C0031,high_business,2026-01-24 10:39:00.000000000,12530.92,TajHotels,vendor_x,0
T0005744,C0166,high_business,2026-01-24 10:39:00.000000000,10999.82,Indigo,payroll,0
T0000041,C0001,high_business,2026-01-24 10:47:00.000000000,13456.64,TajHotels,self_neft,0
T0001324,C0037,high_business,2026-01-24 10:53:00.000000000,11269.76,OfficeSupplies,vendor_x,0
T0002512,C0073,high_business,2026-01-24 10:59:00.000000000,11917.38,AWS,vendor_x,0
T0004661,C0136,high_business,2026-01-24 11:00:00.000000000,11437.33,Indigo,payroll,0
T0004874,C0143,mid_weekend,2026-01-24 11:00:00.000000000,3735.34,IRCTC,family_upi,0
T0000818,C0022,high_business,2026-01-24 11:04:00.000000000,12850.7,OfficeSupplies,vendor_x,0
T0005634,C0163,high_business,2026-01-24 11:12:00.000000000,24518.09,TajHotels,self_neft,0
T0001992,C0058,high_business,2026-01-24 11:24:00.000000000,12699.27,Indigo,vendor_x,0
T0001927,C0056,mid_weekend,2026-01-24 11:24:00.000000000,1420.02,IRCTC,self_upi,0
T0001991,C0058,high_business,2026-01-24 11:30:00.000000000,12071.75,TajHotels,payroll,0
T0002948,C0086,mid_weekend,2026-01-24 11:38:00.000000000,2958.22,Zomato,family_upi,0
T0002931,C0085,high_business,2026-01-24 11:40:00.000000000,11944.85,AWS,payroll,0
T0002933,C0085,high_business,2026-01-24 11:44:00.000000000,10524.8,OfficeSupplies,payroll,0
T0001212,C0034,high_business,2026-01-24 11:52:00.000000000,35767.45,TajHotels,vendor_x,0
T0002934,C0085,high_business,2026-01-24 11:52:00.000000000,17186.22,AWS,payroll,0
T0000344,C0010,high_business,2026-01-24 11:54:00.000000000,14947.39,AWS,vendor_x,0
T0005165,C0151,high_business,2026-01-24 11:55:00.000000000,9589.75,OfficeSupplies,payroll,0
T0000039,C0001,high_business,2026-01-24 11:58:00.000000000,5583.35,TajHotels,self_neft,0
T0001210,C0034,high_business,2026-01-24 11:58:00.000000000,10439.05,OfficeSupplies,vendor_x,0
T0005088,C0149,mid_weekend,2026-01-24 12:07:00.000000000,8761.57,BookMyShow,self_upi,0
T0002932,C0085,high_business,2026-01-24 12:10:00.000000000,11147.3,Indigo,vendor_x,0
T0003553,C0103,high_business,2026-01-24 12:15:00.000000000,12512.89,AWS,payroll,0
T0003020,C0088,high_business,2026-01-24 12:17:00.000000000,7567.68,Indigo,self_neft,0
T0000040,C0001,high_business,2026-01-24 12:23:00.000000000,16318.38,AWS,payroll,0
T0003442,C0100,high_business,2026-01-24 12:35:00.000000000,12129.08,Indigo,vendor_x,0
T0001325,C0037,high_business,2026-01-24 12:35:00.000000000,10130.35,OfficeSupplies,vendor_x,0
T0004740,C0139,high_business,2026-01-24 12:42:00.000000000,13949.4,Indigo,vendor_x,0
T0001928,C0056,mid_weekend,2026-01-24 12:45:00.000000000,3334.74,IRCTC,self_upi,0
T0004738,C0139,high_business,2026-01-24 12:54:00.000000000,11744.05,OfficeSupplies,payroll,0
T0003474,C0101,mid_weekend,2026-01-24 13:00:00.000000000,2793.52,Zomato,family_upi,0
T0002683,C0079,high_business,2026-01-24 13:06:00.000000000,10502.8,TajHotels,self_neft,0
T0003560,C0104,mid_weekend,2026-01-24 13:09:00.000000000,3151.35,Myntra,self_upi,0
T0002935,C0085,high_business,2026-01-24 13:15:00.000000000,8950.72,TajHotels,payroll,0
T0002936,C0085,high_business,2026-01-24 13:15:00.000000000,8915.12,OfficeSupplies,self_neft,0
T0003902,C0113,mid_weekend,2026-01-24 13:20:00.000000000,1758.88,Myntra,family_upi,0
T0000369,C0011,mid_weekend,2026-01-24 13:22:00.000000000,2190.22,IRCTC,family_upi,0
T0002930,C0085,high_business,2026-01-24 13:40:00.000000000,14976.13,AWS,payroll,0
T0000173,C0005,mid_weekend,2026-01-24 13:51:00.000000000,1920.79,Zomato,self_upi,0
T0004662,C0136,high_business,2026-01-24 13:51:00.000000000,11129.22,AWS,payroll,0
T0002511,C0073,high_business,2026-01-24 14:02:00.000000000,10263.17,TajHotels,vendor_x,0
T0006242,C0178,high_business,2026-01-24 14:28:00.000000000,12168.34,Indigo,self_neft,0
T0003210,C0094,high_business,2026-01-24 14:28:00.000000000,10233.31,OfficeSupplies,vendor_x,0
T0000935,C0025,high_business,2026-01-24 14:31:00.000000000,14652.73,Indigo,payroll,0
T0000432,C0012,low_evening_shopper,2026-01-24 14:31:00.000000000,552.67,Amazon,self_upi,0
T0004737,C0139,high_business,2026-01-24 14:32:00.000000000,12310.46,AWS,payroll,0
T0003996,C0115,high_business,2026-01-24 14:36:00.000000000,12237.29,Indigo,self_neft,0
T0004767,C0140,mid_weekend,2026-01-24 14:37:00.000000000,2048.82,IRCTC,self_upi,0
T0003748,C0109,high_business,2026-01-24 14:38:00.000000000,12316.5,AWS,vendor_x,0
T0005202,C0152,mid_weekend,2026-01-24 14:39:00.000000000,2400.79,BookMyShow,family_upi,0
T0002304,C0067,high_business,2026-01-24 14:42:00.000000000,8001.91,OfficeSupplies,vendor_x,0
T0005568,C0161,mid_weekend,2026-01-24 14:50:00.000000000,2840.47,IRCTC,family_upi,0
T0001326,C0037,high_business,2026-01-24 14:51:00.000000000,15849.15,AWS,vendor_x,0
T0001627,C0046,high_business,2026-01-24 14:52:00.000000000,16235.5,Indigo,self_neft,0
T0001211,C0034,high_business,2026-01-24 14:58:00.000000000,13172.59,TajHotels,payroll,0
T0001151,C0032,mid_weekend,2026-01-24 14:58:00.000000000,2843.7,Myntra,self_upi,0
T0003670,C0107,mid_weekend,2026-01-24 15:03:00.000000000,1258.87,Zomato,family_upi,0
T0003620,C0106,high_business,2026-01-24 15:23:00.000000000,8180.42,OfficeSupplies,self_neft,0
T0004200,C0122,mid_weekend,2026-01-24 15:27:00.000000000,2008.26,IRCTC,family_upi,0
T0000267,C0008,mid_weekend,2026-01-24 15:28:00.000000000,2103.82,BookMyShow,family_upi,0
T0000506,C0014,mid_weekend,2026-01-24 15:32:00.000000000,2373.57,Zomato,family_upi,0
T0002223,C0065,mid_weekend,2026-01-24 15:46:00.000000000,2782.24,Zomato,self_upi,0
T0004973,C0146,mid_weekend,2026-01-24 15:53:00.000000000,1518.92,IRCTC,self_upi,0
T0006005,C0173,mid_weekend,2026-01-24 15:55:00.000000000,7930.35,BookMyShow,self_upi,0
T0005550,C0160,high_business,2026-01-24 15:55:00.000000000,17030.45,AWS,vendor_x,0
T0003019,C0088,high_business,2026-01-24 15:57:00.000000000,32053.79,OfficeSupplies,self_neft,0
T0001416,C0041,mid_weekend,2026-01-24 16:01:00.000000000,2595.44,BookMyShow,self_upi,0
T0001929,C0056,mid_weekend,2026-01-24 16:24:00.000000000,7723.25,Zomato,self_upi,0
T0003903,C0113,mid_weekend,2026-01-24 16:33:00.000000000,1046.01,IRCTC,self_upi,0
T0004719,C0138,low_evening_shopper,2026-01-24 16:41:00.000000000,715.25,LocalKirana,friend_a,0
T0002716,C0080,mid_weekend,2026-01-24 16:42:00.000000000,1263.9,BookMyShow,self_upi,0
T0002331,C0068,mid_weekend,2026-01-24 16:50:00.000000000,1554.04,IRCTC,self_upi,0
T0004108,C0119,mid_weekend,2026-01-24 16:53:00.000000000,3823.25,Myntra,family_upi,0
T0001724,C0049,high_business,2026-01-24 16:55:00.000000000,9955.12,Indigo,self_neft,0
T0003904,C0113,mid_weekend,2026-01-24 16:58:00.000000000,2405.19,Myntra,self_upi,0
T0000266,C0008,mid_weekend,2026-01-24 17:00:00.000000000,3566.31,Myntra,family_upi,0
T0004590,C0134,mid_weekend,2026-01-24 17:07:00.000000000,2320.83,IRCTC,self_upi,0
T0001178,C0033,low_evening_shopper,2026-01-24 17:14:00.000000000,421.5,LocalKirana,friend_a,0
T0002005,C0059,mid_weekend,2026-01-24 17:37:00.000000000,2717.71,Myntra,self_upi,0
T0002616,C0077,mid_weekend,2026-01-24 17:37:00.000000000,2078.15,IRCTC,family_upi,0
T0001509,C0044,mid_weekend,2026-01-24 17:40:00.000000000,3417.61,Zomato,family_upi,0
T0000854,C0023,mid_weekend,2026-01-24 18:01:00.000000000,2970.16,NewShop_20,family_upi,0
T0005494,C0159,low_evening_shopper,2026-01-24 18:12:00.000000000,719.58,LocalKirana,self_upi,0
T0005933,C0171,low_evening_shopper,2026-01-24 18:16:00.000000000,590.32,Amazon,friend_a,0
T0002717,C0080,mid_weekend,2026-01-24 18:33:00.000000000,2494.7,BookMyShow,family_upi,0
T0003945,C0114,low_evening_shopper,2026-01-24 18:48:00.000000000,837.06,Swiggy,friend_a,0
T0004230,C0123,low_evening_shopper,2026-01-24 18:48:00.000000000,322.92,Swiggy,friend_a,0
T0002006,C0059,mid_weekend,2026-01-24 18:53:00.000000000,7299.76,IRCTC,self_upi,0
T0003132,C0092,mid_weekend,2026-01-24 18:57:00.000000000,3336.17,Myntra,self_upi,0
T0001870,C0054,low_evening_shopper,2026-01-24 19:01:00.000000000,593.25,LocalKirana,friend_a,0
T0005567,C0161,mid_weekend,2026-01-24 19:03:00.000000000,2822.53,Zomato,self_upi,0
T0005590,C0162,low_evening_shopper,2026-01-24 19:16:00.000000000,753.19,Amazon,self_upi,0
T0002637,C0078,low_evening_shopper,2026-01-24 19:17:00.000000000,721.52,Swiggy,self_upi,0
T0006178,C0177,low_evening_shopper,2026-01-24 19:22:00.000000000,617.38,Swiggy,friend_a,0
T0000726,C0020,mid_weekend,2026-01-24 19:42:00.000000000,2984.49,Zomato,self_upi,0
T0004815,C0141,low_evening_shopper,2026-01-24 19:44:00.000000000,851.24,Swiggy,friend_a,0
T0000004,C0000,low_evening_shopper,2026-01-24 19:45:00.000000000,795.82,Swiggy,self_upi,0
T0001676,C0048,low_evening_shopper,2026-01-24 19:50:00.000000000,884.6,BigBazaar,self_upi,0
T0003499,C0102,low_evening_shopper,2026-01-24 19:54:00.000000000,712.94,BigBazaar,friend_a,0
T0000215,C0006,low_evening_shopper,2026-01-24 19:56:00.000000000,803.93,LocalKirana,friend_a,0
T0001947,C0057,low_evening_shopper,2026-01-24 20:01:00.000000000,385.01,Amazon,friend_a,0
T0006283,C0179,mid_weekend,2026-01-24 20:13:00.000000000,3203.62,Myntra,self_upi,0
T0000630,C0017,mid_weekend,2026-01-24 20:14:00.000000000,2600.92,BookMyShow,family_upi,0
T0000289,C0009,low_evening_shopper,2026-01-24 20:20:00.000000000,678.08,LocalKirana,self_upi,0
T0004057,C0117,low_evening_shopper,2026-01-24 20:24:00.000000000,635.66,BigBazaar,friend_a,0
T0000533,C0015,low_evening_shopper,2026-01-24 20:25:00.000000000,616.9,LocalKirana,self_upi,0
T0001762,C0051,low_evening_shopper,2026-01-24 20:26:00.000000000,1047.42,BigBazaar,self_upi,0
T0002617,C0077,mid_weekend,2026-01-24 20:36:00.000000000,3064.21,IRCTC,family_upi,0
T0006346,C0048,low_evening_shopper,2026-01-24 20:38:00.387126718,1143.76,Swiggy,quick_payee_129,1
T0001180,C0033,low_evening_shopper,2026-01-24 20:45:00.000000000,646.97,Swiggy,friend_a,0
T0000433,C0012,low_evening_shopper,2026-01-24 21:06:00.000000000,320.21,Swiggy,self_upi,0
T0004033,C0116,mid_weekend,2026-01-24 21:27:00.000000000,1949.14,IRCTC,family_upi,0
T0002974,C0087,low_evening_shopper,2026-01-24 21:36:00.000000000,733.18,LocalKirana,self_upi,0
T0003235,C0095,mid_weekend,2026-01-24 21:38:00.000000000,2980.58,IRCTC,self_upi,0
T0003475,C0101,mid_weekend,2026-01-24 21:48:00.000000000,1878.95,BookMyShow,self_upi,0
T0004405,C0129,low_evening_shopper,2026-01-24 22:12:00.000000000,725.3,LocalKirana,friend_a,0
T0003595,C0105,low_evening_shopper,2026-01-24 22:21:00.000000000,714.94,Amazon,friend_a,0
T0002048,C0060,low_evening_shopper,2026-01-24 22:24:00.000000000,838.67,Swiggy,friend_a,0
T0001181,C0033,low_evening_shopper,2026-01-24 22:26:00.000000000,889.77,Swiggy,self_upi,0
T0003281,C0096,low_evening_shopper,2026-01-24 23:08:00.000000000,726.02,BigBazaar,friend_a,0
T0001725,C0049,high_business,2026-01-25 01:18:00.000000000,9928.6,AWS,payroll,0
T0006373,C0001,high_business,2026-01-25 02:56:00.776810135,29609.39,NightPOS_39,vendor_x,1
T0006427,C0012,low_evening_shopper,2026-01-25 03:36:00.307347410,2723.84,NightPOS_13,friend_a,1
T0003621,C0106,high_business,2026-01-25 04:22:00.000000000,13387.11,OfficeSupplies,vendor_x,0
T0001327,C0037,high_business,2026-01-25 07:36:00.000000000,13300.28,OfficeSupplies,vendor_x,0
T0005636,C0163,high_business,2026-01-25 08:35:00.000000000,13679.04,Indigo,vendor_x,0
T0005067,C0148,high_business,2026-01-25 09:31:00.000000000,11762.44,AWS,vendor_x,0
T0003561,C0104,mid_weekend,2026-01-25 09:32:00.000000000,1572.91,Zomato,self_upi,0
T0005886,C0169,high_business,2026-01-25 09:35:00.000000000,12730.5,Indigo,vendor_x,0
T0005885,C0169,high_business,2026-01-25 09:46:00.000000000,11910.65,Indigo,payroll,0
T0001993,C0058,high_business,2026-01-25 09:47:00.000000000,12249.11,AWS,payroll,0
T0003750,C0109,high_business,2026-01-25 10:12:00.000000000,13048.14,TajHotels,payroll,0
T0002200,C0064,high_business,2026-01-25 10:24:00.000000000,8376.5,NewShop_34,self_neft,0
T0003997,C0115,high_business,2026-01-25 10:25:00.000000000,17135.37,Indigo,vendor_x,0
T0001214,C0034,high_business,2026-01-25 10:25:00.000000000,14191.01,Indigo,self_neft,0
T0005280,C0154,high_business,2026-01-25 10:26:00.000000000,10718.94,Indigo,self_neft,0
T0000145,C0004,high_business,2026-01-25 10:27:00.000000000,8140.94,OfficeSupplies,payroll,0
T0001133,C0031,high_business,2026-01-25 10:30:00.000000000,13137.65,AWS,vendor_x,0
T0002199,C0064,high_business,2026-01-25 10:33:00.000000000,12651.5,TajHotels,self_neft,0
T0000256,C0007,high_business,2026-01-25 10:35:00.000000000,15233.77,TajHotels,vendor_x,0
T0003211,C0094,high_business,2026-01-25 10:36:00.000000000,11219.2,AWS,self_neft,0
T0000254,C0007,high_business,2026-01-25 10:38:00.000000000,11206.78,Indigo,payroll,0
T0001215,C0034,high_business,2026-01-25 10:42:00.000000000,8519.76,Indigo,payroll,0
T0005959,C0172,high_business,2026-01-25 10:52:00.000000000,8185.66,OfficeSupplies,self_neft,0
T0002307,C0067,high_business,2026-01-25 10:54:00.000000000,12536.19,Indigo,self_neft,0
T0003023,C0088,high_business,2026-01-25 11:01:00.000000000,11525.66,NewShop_27,payroll,0
T0005960,C0172,high_business,2026-01-25 11:08:00.000000000,12158.54,Indigo,payroll,0
T0005068,C0148,high_business,2026-01-25 11:08:00.000000000,13184.71,OfficeSupplies,self_neft,0
T0005070,C0148,high_business,2026-01-25 11:14:00.000000000,7724.33,TajHotels,vendor_x,0
T0002305,C0067,high_business,2026-01-25 11:17:00.000000000,9051.89,OfficeSupplies,vendor_x,0
T0000347,C0010,high_business,2026-01-25 11:20:00.000000000,15382.68,AWS,vendor_x,0
T0002413,C0070,high_business,2026-01-25 11:30:00.000000000,9747.57,TajHotels,vendor_x,0
T0004034,C0116,mid_weekend,2026-01-25 11:33:00.000000000,2712.72,BookMyShow,self_upi,0
T0005281,C0154,high_business,2026-01-25 11:34:00.000000000,11743.12,AWS,payroll,0
T0005569,C0161,mid_weekend,2026-01-25 11:40:00.000000000,3019.01,Zomato,self_upi,0
T0005551,C0160,high_business,2026-01-25 11:40:00.000000000,12082.38,Indigo,vendor_x,0
T0005205,C0152,mid_weekend,2026-01-25 11:41:00.000000000,1788.61,IRCTC,self_upi,0
T0000255,C0007,high_business,2026-01-25 11:44:00.000000000,9019.01,TajHotels,self_neft,0
T0005279,C0154,high_business,2026-01-25 11:52:00.000000000,14995.85,TajHotels,self_neft,0
T0002937,C0085,high_business,2026-01-25 11:57:00.000000000,7103.27,AWS,self_neft,0
T0000043,C0001,high_business,2026-01-25 11:57:00.000000000,13877.17,Indigo,payroll,0
T0002574,C0076,high_business,2026-01-25 12:02:00.000000000,11351.55,OfficeSupplies,payroll,0
T0002201,C0064,high_business,2026-01-25 12:08:00.000000000,8060.51,AWS,vendor_x,0
T0003444,C0100,high_business,2026-01-25 12:09:00.000000000,11316.58,Indigo,payroll,0
T0004663,C0136,high_business,2026-01-25 12:17:00.000000000,9958.58,AWS,self_neft,0
T0003749,C0109,high_business,2026-01-25 12:21:00.000000000,13513.28,OfficeSupplies,payroll,0
T0003022,C0088,high_business,2026-01-25 12:40:00.000000000,11875.72,OfficeSupplies,self_neft,0
T0004664,C0136,high_business,2026-01-25 12:43:00.000000000,6412.61,TajHotels,vendor_x,0
T0004381,C0128,mid_weekend,2026-01-25 12:45:00.000000000,3504.46,IRCTC,self_upi,0
T0000507,C0014,mid_weekend,2026-01-25 12:51:00.000000000,3786.07,IRCTC,family_upi,0
T0003445,C0100,high_business,2026-01-25 12:53:00.000000000,12587.12,AWS,self_neft,0
T0001628,C0046,high_business,2026-01-25 12:57:00.000000000,15050.96,TajHotels,vendor_x,0
T0003443,C0100,high_business,2026-01-25 12:58:00.000000000,12621.03,TajHotels,payroll,0
T0002685,C0079,high_business,2026-01-25 12:59:00.000000000,7569.41,Indigo,payroll,0
T0002306,C0067,high_business,2026-01-25 13:03:00.000000000,11624.82,Indigo,vendor_x,0
T0003348,C0098,mid_weekend,2026-01-25 13:06:00.000000000,2823.99,Myntra,family_upi,0
T0002684,C0079,high_business,2026-01-25 13:08:00.000000000,12729.51,Indigo,vendor_x,0
T0002620,C0077,mid_weekend,2026-01-25 13:12:00.000000000,2069.63,Zomato,family_upi,0
T0002816,C0083,mid_weekend,2026-01-25 13:26:00.000000000,2358.09,Myntra,self_upi,0
T0000042,C0001,high_business,2026-01-25 13:28:00.000000000,11258.57,TajHotels,payroll,0
T0002007,C0059,mid_weekend,2026-01-25 13:31:00.000000000,2177.95,IRCTC,self_upi,0
T0000346,C0010,high_business,2026-01-25 13:47:00.000000000,16143.44,TajHotels,vendor_x,0
T0004741,C0139,high_business,2026-01-25 13:47:00.000000000,13492.07,Indigo,self_neft,0
T0000819,C0022,high_business,2026-01-25 13:57:00.000000000,7146.71,AWS,vendor_x,0
T0005637,C0163,high_business,2026-01-25 13:58:00.000000000,50148.29,TajHotels,vendor_x,0
T0005204,C0152,mid_weekend,2026-01-25 14:03:00.000000000,2343.73,Zomato,self_upi,0
T0000727,C0020,mid_weekend,2026-01-25 14:09:00.000000000,2375.54,BookMyShow,self_upi,0
T0002202,C0064,high_business,2026-01-25 14:12:00.000000000,12626.53,OfficeSupplies,self_neft,0
T0003672,C0107,mid_weekend,2026-01-25 14:14:00.000000000,3535.4,BookMyShow,family_upi,0
T0000820,C0022,high_business,2026-01-25 14:24:00.000000000,11571.0,AWS,self_neft,0
T0006243,C0178,high_business,2026-01-25 14:37:00.000000000,14053.13,Indigo,payroll,0
T0002203,C0064,high_business,2026-01-25 14:40:00.000000000,9655.77,NewShop_39,payroll,0
T0004035,C0116,mid_weekend,2026-01-25 15:12:00.000000000,3159.77,Myntra,self_upi,0
T0005303,C0155,mid_weekend,2026-01-25 15:17:00.000000000,2001.01,Zomato,self_upi,0
T0005069,C0148,high_business,2026-01-25 15:20:00.000000000,5943.93,TajHotels,payroll,0
T0002619,C0077,mid_weekend,2026-01-25 15:32:00.000000000,2513.36,BookMyShow,family_upi,0
T0003349,C0098,mid_weekend,2026-01-25 15:39:00.000000000,1987.3,BookMyShow,family_upi,0
T0000268,C0008,mid_weekend,2026-01-25 15:43:00.000000000,1616.91,IRCTC,family_upi,0
T0006007,C0173,mid_weekend,2026-01-25 16:04:00.000000000,3201.5,Zomato,self_upi,0
T0004477,C0131,mid_weekend,2026-01-25 16:14:00.000000000,2782.25,NewShop_6,family_upi,0
T0005449,C0158,mid_weekend,2026-01-25 16:15:00.000000000,2985.39,IRCTC,self_upi,0
T0000631,C0017,mid_weekend,2026-01-25 16:33:00.000000000,3463.82,IRCTC,self_upi,0
T0001930,C0056,mid_weekend,2026-01-25 16:47:00.000000000,6766.31,Zomato,family_upi,0
T0000064,C0002,mid_weekend,2026-01-25 16:48:00.000000000,2554.91,BookMyShow,family_upi,0
T0006006,C0173,mid_weekend,2026-01-25 16:49:00.000000000,1287.99,Myntra,family_upi,0
T0001738,C0050,mid_weekend,2026-01-25 16:58:00.000000000,3574.48,BookMyShow,family_upi,0
T0004201,C0122,mid_weekend,2026-01-25 16:58:00.000000000,1934.51,BookMyShow,family_upi,0
T0003671,C0107,mid_weekend,2026-01-25 16:59:00.000000000,3272.31,BookMyShow,family_upi,0
T0005884,C0169,high_business,2026-01-25 17:00:00.000000000,11659.68,AWS,payroll,0
T0002618,C0077,mid_weekend,2026-01-25 17:11:00.000000000,2766.87,Zomato,self_upi,0
T0001338,C0038,mid_weekend,2026-01-25 17:13:00.000000000,2450.27,BookMyShow,family_upi,0
T0001736,C0050,mid_weekend,2026-01-25 17:15:00.000000000,2587.76,Myntra,family_upi,0
T0001737,C0050,mid_weekend,2026-01-25 17:17:00.000000000,2551.52,Zomato,family_upi,0
T0004058,C0117,low_evening_shopper,2026-01-25 17:28:00.000000000,2536.19,Swiggy,self_upi,0
T0000370,C0011,mid_weekend,2026-01-25 17:31:00.000000000,2344.23,Zomato,self_upi,0
T0004292,C0125,mid_weekend,2026-01-25 17:45:00.000000000,3258.63,Zomato,family_upi,0
T0003476,C0101,mid_weekend,2026-01-25 17:52:00.000000000,3057.61,Myntra,self_upi,0
T0000666,C0018,low_evening_shopper,2026-01-25 17:53:00.000000000,909.14,NewShop_17,self_upi,0
T0005304,C0155,mid_weekend,2026-01-25 17:54:00.000000000,1777.8,BookMyShow,self_upi,0
T0005203,C0152,mid_weekend,2026-01-25 17:56:00.000000000,1652.0,BookMyShow,family_upi,0
T0000988,C0027,low_evening_shopper,2026-01-25 18:03:00.000000000,780.14,LocalKirana,self_upi,0
T0001417,C0041,mid_weekend,2026-01-25 18:54:00.000000000,2749.66,IRCTC,self_upi,0
T0002049,C0060,low_evening_shopper,2026-01-25 19:23:00.000000000,603.71,Amazon,friend_a,0
T0002539,C0075,low_evening_shopper,2026-01-25 19:24:00.000000000,497.58,Amazon,self_upi,0
T0001871,C0054,low_evening_shopper,2026-01-25 19:24:00.000000000,589.91,BigBazaar,friend_a,0
T0003133,C0092,mid_weekend,2026-01-25 19:26:00.000000000,2837.06,BookMyShow,self_upi,0
T0003946,C0114,low_evening_shopper,2026-01-25 19:31:00.000000000,781.12,Amazon,friend_a,0
T0001850,C0053,mid_weekend,2026-01-25 19:31:00.000000000,2427.33,Zomato,family_upi,0
T0000290,C0009,low_evening_shopper,2026-01-25 19:32:00.000000000,731.14,Swiggy,self_upi,0
T0004515,C0132,low_evening_shopper,2026-01-25 19:35:00.000000000,501.32,BigBazaar,self_upi,0
T0003236,C0095,mid_weekend,2026-01-25 20:00:00.000000000,3206.47,BookMyShow,family_upi,0
T0000371,C0011,mid_weekend,2026-01-25 20:07:00.000000000,1350.66,Zomato,family_upi,0
T0006179,C0177,low_evening_shopper,2026-01-25 20:12:00.000000000,669.97,Swiggy,self_upi,0
T0005354,C0156,low_evening_shopper,2026-01-25 20:29:00.000000000,563.66,Amazon,self_upi,0
T0000534,C0015,low_evening_shopper,2026-01-25 20:31:00.000000000,575.23,NewShop_5,friend_a,0
T0005242,C0153,low_evening_shopper,2026-01-25 20:44:00.000000000,609.98,LocalKirana,self_upi,0
T0000632,C0017,mid_weekend,2026-01-25 20:50:00.000000000,909.87,Myntra,self_upi,0
T0005119,C0150,low_evening_shopper,2026-01-25 21:09:00.000000000,516.36,Amazon,friend_a,0
T0003698,C0108,low_evening_shopper,2026-01-25 21:17:00.000000000,706.04,Swiggy,self_upi,0
T0002858,C0084,low_evening_shopper,2026-01-25 21:19:00.000000000,912.16,Amazon,friend_a,0
T0001948,C0057,low_evening_shopper,2026-01-25 21:23:00.000000000,855.46,LocalKirana,self_upi,0
T0003812,C0111,low_evening_shopper,2026-01-25 21:32:00.000000000,886.02,Swiggy,self_upi,0
T0000434,C0012,low_evening_shopper,2026-01-25 22:10:00.000000000,881.64,Swiggy,friend_a,0
T0002372,C0069,low_evening_shopper,2026-01-25 22:20:00.000000000,2735.89,Amazon,self_upi,0
T0004921,C0144,low_evening_shopper,2026-01-25 22:24:00.000000000,855.57,Swiggy,self_upi,0
T0002477,C0072,low_evening_shopper,2026-01-25 22:43:00.000000000,733.87,LocalKirana,friend_a,0
T0003751,C0109,high_business,2026-01-25 22:58:00.000000000,10485.83,OfficeSupplies,payroll,0
T0000894,C0024,low_evening_shopper,2026-01-25 22:59:00.000000000,794.51,BigBazaar,friend_a,0
T0004568,C0133,high_business,2026-01-25 23:09:00.000000000,11595.1,OfficeSupplies,payroll,0
T0004720,C0138,low_evening_shopper,2026-01-25 23:18:00.000000000,802.76,BigBazaar,self_upi,0
T0005089,C0149,mid_weekend,2026-01-26 01:01:00.000000000,2407.52,Zomato,family_upi,0
T0006244,C0178,high_business,2026-01-26 01:14:00.000000000,10197.03,OfficeSupplies,payroll,0
T0005282,C0154,high_business,2026-01-26 04:12:00.000000000,9723.89,AWS,self_neft,0
T0003627,C0106,high_business,2026-01-26 05:42:00.000000000,13075.02,AWS,self_neft,0
T0000450,C0013,high_business,2026-01-26 05:57:00.000000000,16177.8,Indigo,self_neft,0
T0002575,C0076,high_business,2026-01-26 06:14:00.000000000,13841.99,Indigo,vendor_x,0
T0005166,C0151,high_business,2026-01-26 06:23:00.000000000,10967.09,AWS,payroll,0
T0005286,C0154,high_business,2026-01-26 06:29:00.000000000,13756.73,TajHotels,vendor_x,0
T0005074,C0148,high_business,2026-01-26 07:39:00.000000000,7831.75,Indigo,self_neft,0
T0001726,C0049,high_business,2026-01-26 07:52:00.000000000,11263.96,OfficeSupplies,vendor_x,0
T0004202,C0122,mid_weekend,2026-01-26 08:02:00.000000000,1809.22,Zomato,family_upi,0
T0005887,C0169,high_business,2026-01-26 08:06:00.000000000,13026.75,AWS,self_neft,0
T0006245,C0178,high_business,2026-01-26 08:35:00.000000000,16917.11,OfficeSupplies,payroll,0
T0001218,C0034,high_business,2026-01-26 08:38:00.000000000,12374.57,AWS,vendor_x,0
T0005283,C0154,high_business,2026-01-26 08:39:00.000000000,40024.0,TajHotels,self_neft,0
T0004570,C0133,high_business,2026-01-26 08:56:00.000000000,11480.16,OfficeSupplies,payroll,0
T0002576,C0076,high_business,2026-01-26 09:08:00.000000000,12135.04,AWS,self_neft,0
T0003240,C0095,mid_weekend,2026-01-26 09:15:00.000000000,1722.51,BookMyShow,family_upi,0
T0001727,C0049,high_business,2026-01-26 09:30:00.000000000,13703.96,Indigo,self_neft,0
T0001731,C0049,high_business,2026-01-26 09:36:00.000000000,14033.43,OfficeSupplies,payroll,0
T0000823,C0022,high_business,2026-01-26 09:38:00.000000000,14565.18,AWS,payroll,0
T0003623,C0106,high_business,2026-01-26 09:41:00.000000000,10642.88,NewShop_4,payroll,0
T0001329,C0037,high_business,2026-01-26 09:52:00.000000000,13050.03,TajHotels,payroll,0
T0002513,C0073,high_business,2026-01-26 09:56:00.000000000,10524.27,AWS,self_neft,0
T0005552,C0160,high_business,2026-01-26 10:03:00.000000000,11149.93,Indigo,payroll,0
T0005284,C0154,high_business,2026-01-26 10:04:00.000000000,9134.43,AWS,vendor_x,0
T0005073,C0148,high_business,2026-01-26 10:04:00.000000000,13352.27,NewShop_20,self_neft,0
T0003998,C0115,high_business,2026-01-26 10:10:00.000000000,14276.82,OfficeSupplies,payroll,0
T0002308,C0067,high_business,2026-01-26 10:18:00.000000000,11746.73,OfficeSupplies,vendor_x,0
T0003905,C0113,mid_weekend,2026-01-26 10:27:00.000000000,2831.6,BookMyShow,self_upi,0
T0002686,C0079,high_business,2026-01-26 10:27:00.000000000,8791.05,AWS,payroll,0
T0004743,C0139,high_business,2026-01-26 10:28:00.000000000,8374.06,TajHotels,vendor_x,0
T0005071,C0148,high_business,2026-01-26 10:33:00.000000000,10864.98,OfficeSupplies,self_neft,0
T0003213,C0094,high_business,2026-01-26 10:34:00.000000000,12657.17,OfficeSupplies,payroll,0
T0002224,C0065,mid_weekend,2026-01-26 10:39:00.000000000,2371.53,BookMyShow,self_upi,0
T0003237,C0095,mid_weekend,2026-01-26 10:49:00.000000000,2547.69,BookMyShow,family_upi,0
T0004665,C0136,high_business,2026-01-26 10:49:00.000000000,7211.89,AWS,self_neft,0
T0006246,C0178,high_business,2026-01-26 10:50:00.000000000,10081.43,AWS,payroll,0
T0006247,C0178,high_business,2026-01-26 10:57:00.000000000,12917.57,NewShop_8,vendor_x,0
T0000821,C0022,high_business,2026-01-26 10:57:00.000000000,11652.72,AWS,payroll,0
T0001217,C0034,high_business,2026-01-26 10:58:00.000000000,11885.28,OfficeSupplies,payroll,0
T0005167,C0151,high_business,2026-01-26 10:58:00.000000000,8937.24,TajHotels,payroll,0
T0005961,C0172,high_business,2026-01-26 10:59:00.000000000,10279.95,OfficeSupplies,self_neft,0
T0002225,C0065,mid_weekend,2026-01-26 11:04:00.000000000,1067.92,Myntra,family_upi,0
T0000146,C0004,high_business,2026-01-26 11:10:00.000000000,10359.86,OfficeSupplies,self_neft,0
T0004742,C0139,high_business,2026-01-26 11:16:00.000000000,11259.82,TajHotels,vendor_x,0
T0001728,C0049,high_business,2026-01-26 11:20:00.000000000,14297.05,AWS,self_neft,0
T0004744,C0139,high_business,2026-01-26 11:22:00.000000000,55992.37,AWS,self_neft,0
T0003625,C0106,high_business,2026-01-26 11:26:00.000000000,11325.32,Indigo,vendor_x,0
T0005072,C0148,high_business,2026-01-26 11:26:00.000000000,15670.33,OfficeSupplies,vendor_x,0
T0002309,C0067,high_business,2026-01-26 11:28:00.000000000,11097.51,TajHotels,self_neft,0
T0002787,C0082,high_business,2026-01-26 11:36:00.000000000,13012.95,Indigo,vendor_x,0
T0003628,C0106,high_business,2026-01-26 11:37:00.000000000,14082.73,OfficeSupplies,self_neft,0
T0003626,C0106,high_business,2026-01-26 11:38:00.000000000,13286.93,OfficeSupplies,payroll,0
T0003622,C0106,high_business,2026-01-26 11:40:00.000000000,13542.91,OfficeSupplies,self_neft,0
T0004037,C0116,mid_weekend,2026-01-26 11:45:00.000000000,2821.66,Zomato,self_upi,0
T0005285,C0154,high_business,2026-01-26 11:49:00.000000000,14900.71,Indigo,vendor_x,0
T0004974,C0146,mid_weekend,2026-01-26 11:49:00.000000000,2487.72,Myntra,family_upi,0
T0000822,C0022,high_business,2026-01-26 11:50:00.000000000,9921.59,AWS,vendor_x,0
T0001134,C0031,high_business,2026-01-26 11:51:00.000000000,16098.81,OfficeSupplies,vendor_x,0
T0001328,C0037,high_business,2026-01-26 11:53:00.000000000,9924.44,TajHotels,payroll,0
T0001730,C0049,high_business,2026-01-26 12:01:00.000000000,12642.61,OfficeSupplies,vendor_x,0
T0005090,C0149,mid_weekend,2026-01-26 12:13:00.000000000,2315.06,Zomato,family_upi,0
T0001732,C0049,high_business,2026-01-26 12:18:00.000000000,13347.26,OfficeSupplies,self_neft,0
T0001216,C0034,high_business,2026-01-26 12:26:00.000000000,25391.61,Indigo,payroll,0
T0006008,C0173,mid_weekend,2026-01-26 12:27:00.000000000,2225.88,BookMyShow,family_upi,0
T0006142,C0176,mid_weekend,2026-01-26 12:28:00.000000000,3034.79,IRCTC,self_upi,0
T0002577,C0076,high_business,2026-01-26 12:33:00.000000000,9782.91,Indigo,vendor_x,0
T0005962,C0172,high_business,2026-01-26 12:40:00.000000000,24464.21,TajHotels,payroll,0
T0002414,C0070,high_business,2026-01-26 12:42:00.000000000,11245.15,AWS,payroll,0
T0002785,C0082,high_business,2026-01-26 12:42:00.000000000,11976.61,TajHotels,self_neft,0
T0006357,C0148,high_business,2026-01-26 12:44:00.196801575,28438.89,P2P_12,new_wallet_9346,1
T0002008,C0059,mid_weekend,2026-01-26 12:47:00.000000000,2472.62,BookMyShow,family_upi,0
T0003212,C0094,high_business,2026-01-26 12:50:00.000000000,11879.84,OfficeSupplies,self_neft,0
T0001418,C0041,mid_weekend,2026-01-26 12:53:00.000000000,1240.89,Zomato,family_upi,0
T0000065,C0002,mid_weekend,2026-01-26 12:55:00.000000000,7843.04,IRCTC,self_upi,0
T0002204,C0064,high_business,2026-01-26 12:56:00.000000000,12968.0,OfficeSupplies,self_neft,0
T0004270,C0124,high_business,2026-01-26 12:59:00.000000000,10230.08,Indigo,payroll,0
T0005570,C0161,mid_weekend,2026-01-26 13:03:00.000000000,2427.57,BookMyShow,self_upi,0
T0001994,C0058,high_business,2026-01-26 13:07:00.000000000,11323.5,Indigo,payroll,0
T0003134,C0092,mid_weekend,2026-01-26 13:10:00.000000000,1404.24,IRCTC,self_upi,0
T0001510,C0044,mid_weekend,2026-01-26 13:11:00.000000000,2917.09,Myntra,self_upi,0
T0002786,C0082,high_business,2026-01-26 13:12:00.000000000,10320.21,Indigo,vendor_x,0
T0003624,C0106,high_business,2026-01-26 13:13:00.000000000,10346.76,AWS,payroll,0
T0003037,C0089,mid_weekend,2026-01-26 13:23:00.000000000,2715.76,Myntra,family_upi,0
T0004569,C0133,high_business,2026-01-26 13:24:00.000000000,10064.45,OfficeSupplies,self_neft,0
T0004036,C0116,mid_weekend,2026-01-26 13:27:00.000000000,4120.31,Myntra,family_upi,0
T0002227,C0065,mid_weekend,2026-01-26 13:38:00.000000000,3726.0,Myntra,family_upi,0
T0003446,C0100,high_business,2026-01-26 13:45:00.000000000,12786.66,AWS,self_neft,0
T0005745,C0166,high_business,2026-01-26 13:59:00.000000000,10028.12,TajHotels,vendor_x,0
T0003238,C0095,mid_weekend,2026-01-26 14:00:00.000000000,10290.75,Zomato,self_upi,0
T0001729,C0049,high_business,2026-01-26 14:01:00.000000000,9376.85,Indigo,self_neft,0
T0003778,C0110,mid_weekend,2026-01-26 14:04:00.000000000,3378.7,Myntra,self_upi,0
T0004478,C0131,mid_weekend,2026-01-26 14:08:00.000000000,2457.77,Myntra,self_upi,0
T0002226,C0065,mid_weekend,2026-01-26 14:11:00.000000000,3359.52,Myntra,self_upi,0
T0002119,C0062,mid_weekend,2026-01-26 14:22:00.000000000,2674.92,IRCTC,self_upi,0
T0004875,C0143,mid_weekend,2026-01-26 14:25:00.000000000,2140.57,BookMyShow,self_upi,0
T0000508,C0014,mid_weekend,2026-01-26 14:29:00.000000000,2308.8,BookMyShow,self_upi,0
T0002088,C0061,high_business,2026-01-26 14:36:00.000000000,13290.92,AWS,vendor_x,0
T0002514,C0073,high_business,2026-01-26 14:49:00.000000000,8116.15,TajHotels,vendor_x,0
T0000174,C0005,mid_weekend,2026-01-26 14:52:00.000000000,1011.57,BookMyShow,self_upi,0
T0005206,C0152,mid_weekend,2026-01-26 15:04:00.000000000,2510.09,BookMyShow,family_upi,0
T0001152,C0032,mid_weekend,2026-01-26 15:13:00.000000000,2056.09,BookMyShow,family_upi,0
T0004294,C0125,mid_weekend,2026-01-26 15:24:00.000000000,1892.67,BookMyShow,self_upi,0
T0005679,C0164,mid_weekend,2026-01-26 15:34:00.000000000,2850.45,Zomato,self_upi,0
T0002449,C0071,mid_weekend,2026-01-26 16:00:00.000000000,2038.18,BookMyShow,family_upi,0
T0000216,C0006,low_evening_shopper,2026-01-26 16:04:00.000000000,767.51,BigBazaar,friend_a,0
T0002448,C0071,mid_weekend,2026-01-26 16:04:00.000000000,1937.29,IRCTC,family_upi,0
T0006009,C0173,mid_weekend,2026-01-26 16:31:00.000000000,2383.05,Myntra,family_upi,0
T0005571,C0161,mid_weekend,2026-01-26 16:34:00.000000000,1752.99,BookMyShow,family_upi,0
T0005305,C0155,mid_weekend,2026-01-26 16:34:00.000000000,2706.97,BookMyShow,self_upi,0
T0006443,C0094,high_business,2026-01-26 16:44:00.411738247,39338.97,P2P_47,new_wallet_1660,1
T0003242,C0095,mid_weekend,2026-01-26 16:47:00.000000000,2528.97,BookMyShow,family_upi,0
T0005695,C0165,low_evening_shopper,2026-01-26 16:56:00.000000000,907.25,BigBazaar,friend_a,0
T0004975,C0146,mid_weekend,2026-01-26 16:59:00.000000000,1937.56,IRCTC,self_upi,0
T0002718,C0080,mid_weekend,2026-01-26 17:11:00.000000000,2556.82,Myntra,self_upi,0
T0000175,C0005,mid_weekend,2026-01-26 17:13:00.000000000,2742.37,NewShop_12,self_upi,0
T0002478,C0072,low_evening_shopper,2026-01-26 17:20:00.000000000,677.12,LocalKirana,self_upi,0
T0004293,C0125,mid_weekend,2026-01-26 17:33:00.000000000,3086.78,IRCTC,family_upi,0
T0000728,C0020,mid_weekend,2026-01-26 17:36:00.000000000,2038.87,IRCTC,family_upi,0
T0003239,C0095,mid_weekend,2026-01-26 17:45:00.000000000,1978.67,IRCTC,family_upi,0
T0001739,C0050,mid_weekend,2026-01-26 18:03:00.000000000,1838.94,Zomato,self_upi,0
T0003813,C0111,low_evening_shopper,2026-01-26 18:09:00.000000000,928.63,BigBazaar,self_upi,0
T0003241,C0095,mid_weekend,2026-01-26 18:14:00.000000000,2745.95,IRCTC,self_upi,0
T0002949,C0086,mid_weekend,2026-01-26 18:17:00.000000000,2282.04,NewShop_4,family_upi,0
T0002447,C0071,mid_weekend,2026-01-26 18:18:00.000000000,2664.61,Myntra,self_upi,0
T0004382,C0128,mid_weekend,2026-01-26 19:01:00.000000000,2662.72,BookMyShow,self_upi,0
T0003161,C0093,low_evening_shopper,2026-01-26 19:05:00.000000000,771.94,BigBazaar,self_upi,0
T0001428,C0042,low_evening_shopper,2026-01-26 19:07:00.000000000,653.43,BigBazaar,self_upi,0
T0002228,C0065,mid_weekend,2026-01-26 19:11:00.000000000,9345.7,BookMyShow,self_upi,0
T0000100,C0003,low_evening_shopper,2026-01-26 19:17:00.000000000,646.13,Swiggy,friend_a,0
T0001559,C0045,low_evening_shopper,2026-01-26 19:30:00.000000000,643.49,Swiggy,self_upi,0
T0001361,C0039,low_evening_shopper,2026-01-26 19:32:00.000000000,604.94,NewShop_9,self_upi,0
T0002229,C0065,mid_weekend,2026-01-26 19:33:00.000000000,3334.84,IRCTC,self_upi,0
T0004127,C0120,low_evening_shopper,2026-01-26 19:43:00.000000000,836.38,Amazon,self_upi,0
T0001763,C0051,low_evening_shopper,2026-01-26 19:47:00.000000000,639.59,BigBazaar,self_upi,0
T0000536,C0015,low_evening_shopper,2026-01-26 19:47:00.000000000,767.63,Swiggy,friend_a,0
T0006180,C0177,low_evening_shopper,2026-01-26 20:01:00.000000000,541.21,NewShop_14,friend_a,0
T0001293,C0036,low_evening_shopper,2026-01-26 20:30:00.000000000,735.5,Amazon,friend_a,0
T0000535,C0015,low_evening_shopper,2026-01-26 20:30:00.000000000,1936.62,BigBazaar,friend_a,0
T0003500,C0102,low_evening_shopper,2026-01-26 20:31:00.000000000,681.92,LocalKirana,self_upi,0
T0000946,C0026,mid_weekend,2026-01-26 20:32:00.000000000,3083.79,Myntra,family_upi,0
T0005355,C0156,low_evening_shopper,2026-01-26 20:36:00.000000000,935.81,BigBazaar,friend_a,0
T0006347,C0138,low_evening_shopper,2026-01-26 20:50:00.324119291,2227.33,LocalKirana,quick_payee_630,1
T0005696,C0165,low_evening_shopper,2026-01-26 20:51:00.000000000,856.81,Amazon,self_upi,0
T0005495,C0159,low_evening_shopper,2026-01-26 20:51:00.000000000,588.15,Amazon,self_upi,0
T0000217,C0006,low_evening_shopper,2026-01-26 20:52:00.000000000,895.21,BigBazaar,friend_a,0
T0000989,C0027,low_evening_shopper,2026-01-26 21:26:00.000000000,586.46,Amazon,self_upi,0
T0002757,C0081,low_evening_shopper,2026-01-26 21:57:00.000000000,847.53,LocalKirana,self_upi,0
T0002148,C0063,low_evening_shopper,2026-01-26 22:01:00.000000000,737.54,BigBazaar,self_upi,0
T0002120,C0062,mid_weekend,2026-01-26 22:39:00.000000000,2980.91,IRCTC,self_upi,0
T0004271,C0124,high_business,2026-01-26 22:50:00.000000000,8686.28,OfficeSupplies,self_neft,0
T0001851,C0053,mid_weekend,2026-01-26 22:51:00.000000000,2354.25,Zomato,self_upi,0
T0002859,C0084,low_evening_shopper,2026-01-26 23:31:00.000000000,823.27,BigBazaar,self_upi,0
T0003754,C0109,high_business,2026-01-27 01:53:00.000000000,11673.49,TajHotels,self_neft,0
T0002526,C0074,mid_weekend,2026-01-27 05:17:00.000000000,12289.97,Zomato,family_upi,0
T0003906,C0113,mid_weekend,2026-01-27 06:56:00.000000000,2275.55,Myntra,self_upi,0
T0004480,C0131,mid_weekend,2026-01-27 07:45:00.000000000,2748.19,IRCTC,self_upi,0
T0005890,C0169,high_business,2026-01-27 07:58:00.000000000,11335.34,TajHotels,payroll,0
T0000509,C0014,mid_weekend,2026-01-27 08:17:00.000000000,4143.7,BookMyShow,self_upi,0
T0005888,C0169,high_business,2026-01-27 08:22:00.000000000,13610.95,NewShop_31,vendor_x,0
T0001629,C0046,high_business,2026-01-27 09:12:00.000000000,11092.91,TajHotels,self_neft,0
T0005553,C0160,high_business,2026-01-27 09:15:00.000000000,13146.96,OfficeSupplies,self_neft,0
T0005747,C0166,high_business,2026-01-27 09:31:00.000000000,15446.09,Indigo,vendor_x,0
T0005963,C0172,high_business,2026-01-27 09:33:00.000000000,7475.68,Indigo,self_neft,0
T0002230,C0065,mid_weekend,2026-01-27 09:34:00.000000000,2943.75,NewShop_37,family_upi,0
T0000939,C0025,high_business,2026-01-27 09:40:00.000000000,37042.95,AWS,payroll,0
T0004747,C0139,high_business,2026-01-27 09:42:00.000000000,13080.88,OfficeSupplies,payroll,0
T0002205,C0064,high_business,2026-01-27 09:49:00.000000000,11474.03,Indigo,payroll,0
T0005891,C0169,high_business,2026-01-27 10:03:00.000000000,10776.93,TajHotels,vendor_x,0
T0004745,C0139,high_business,2026-01-27 10:06:00.000000000,11588.67,OfficeSupplies,vendor_x,0
T0003752,C0109,high_business,2026-01-27 10:07:00.000000000,10927.31,TajHotels,self_neft,0
T0005892,C0169,high_business,2026-01-27 10:09:00.000000000,12496.28,Indigo,payroll,0
T0005748,C0166,high_business,2026-01-27 10:16:00.000000000,12765.17,NewShop_12,payroll,0
T0005889,C0169,high_business,2026-01-27 10:19:00.000000000,14836.19,OfficeSupplies,payroll,0
T0005415,C0157,high_business,2026-01-27 10:21:00.000000000,16258.64,OfficeSupplies,payroll,0
T0005413,C0157,high_business,2026-01-27 10:44:00.000000000,14769.37,OfficeSupplies,self_neft,0
T0000066,C0002,mid_weekend,2026-01-27 10:54:00.000000000,1305.51,Zomato,self_upi,0
T0005638,C0163,high_business,2026-01-27 11:01:00.000000000,4995.64,OfficeSupplies,payroll,0
T0000938,C0025,high_business,2026-01-27 11:02:00.000000000,45581.5,TajHotels,payroll,0
T0002788,C0082,high_business,2026-01-27 11:10:00.000000000,15836.34,OfficeSupplies,vendor_x,0
T0002938,C0085,high_business,2026-01-27 11:10:00.000000000,11642.46,OfficeSupplies,payroll,0
T0003214,C0094,high_business,2026-01-27 11:13:00.000000000,15871.02,AWS,payroll,0
T0001135,C0031,high_business,2026-01-27 11:14:00.000000000,13499.15,TajHotels,payroll,0
T0005306,C0155,mid_weekend,2026-01-27 11:17:00.000000000,2104.1,IRCTC,self_upi,0
T0004746,C0139,high_business,2026-01-27 11:20:00.000000000,11208.57,TajHotels,vendor_x,0
T0003630,C0106,high_business,2026-01-27 11:26:00.000000000,12755.44,AWS,payroll,0
T0001219,C0034,high_business,2026-01-27 11:33:00.000000000,10073.32,Indigo,self_neft,0
T0003999,C0115,high_business,2026-01-27 11:43:00.000000000,12083.9,AWS,vendor_x,0
T0005168,C0151,high_business,2026-01-27 11:46:00.000000000,13681.99,TajHotels,payroll,0
T0001153,C0032,mid_weekend,2026-01-27 11:52:00.000000000,2732.37,BookMyShow,family_upi,0
T0003447,C0100,high_business,2026-01-27 11:59:00.000000000,11544.77,TajHotels,self_neft,0
T0006143,C0176,mid_weekend,2026-01-27 12:10:00.000000000,3406.54,BookMyShow,self_upi,0
T0002939,C0085,high_business,2026-01-27 12:16:00.000000000,12631.43,AWS,payroll,0
T0005966,C0172,high_business,2026-01-27 12:19:00.000000000,10898.66,Indigo,vendor_x,0
T0003779,C0110,mid_weekend,2026-01-27 12:20:00.000000000,1864.1,IRCTC,self_upi,0
T0000729,C0020,mid_weekend,2026-01-27 12:29:00.000000000,1764.8,Zomato,family_upi,0
T0005287,C0154,high_business,2026-01-27 12:34:00.000000000,10125.28,TajHotels,self_neft,0
T0004768,C0140,mid_weekend,2026-01-27 12:38:00.000000000,2711.28,IRCTC,self_upi,0
T0005746,C0166,high_business,2026-01-27 12:44:00.000000000,12549.34,TajHotels,payroll,0
T0005412,C0157,high_business,2026-01-27 12:47:00.000000000,11773.52,AWS,vendor_x,0
T0005639,C0163,high_business,2026-01-27 12:50:00.000000000,8840.54,AWS,payroll,0
T0000940,C0025,high_business,2026-01-27 12:55:00.000000000,15097.9,AWS,self_neft,0
T0005414,C0157,high_business,2026-01-27 12:58:00.000000000,16608.42,NewShop_29,self_neft,0
T0005964,C0172,high_business,2026-01-27 12:59:00.000000000,14967.81,Indigo,vendor_x,0
T0001419,C0041,mid_weekend,2026-01-27 12:59:00.000000000,2589.94,Myntra,self_upi,0
T0003753,C0109,high_business,2026-01-27 13:02:00.000000000,11229.15,AWS,payroll,0
T0004000,C0115,high_business,2026-01-27 13:12:00.000000000,12594.21,TajHotels,vendor_x,0
T0004672,C0137,mid_weekend,2026-01-27 13:15:00.000000000,2775.86,Myntra,self_upi,0
T0003629,C0106,high_business,2026-01-27 13:16:00.000000000,14692.44,OfficeSupplies,vendor_x,0
T0000147,C0004,high_business,2026-01-27 13:17:00.000000000,13535.25,AWS,vendor_x,0
T0000937,C0025,high_business,2026-01-27 13:21:00.000000000,13473.38,Indigo,payroll,0
T0002206,C0064,high_business,2026-01-27 13:26:00.000000000,12704.28,TajHotels,self_neft,0
T0004748,C0139,high_business,2026-01-27 13:30:00.000000000,6292.67,AWS,payroll,0
T0004673,C0137,mid_weekend,2026-01-27 13:34:00.000000000,1897.84,Zomato,family_upi,0
T0004749,C0139,high_business,2026-01-27 13:42:00.000000000,8204.88,TajHotels,self_neft,0
T0003755,C0109,high_business,2026-01-27 13:45:00.000000000,45727.37,TajHotels,payroll,0
T0000824,C0022,high_business,2026-01-27 13:50:00.000000000,13902.88,AWS,payroll,0
T0001740,C0050,mid_weekend,2026-01-27 13:56:00.000000000,2982.85,Zomato,family_upi,0
T0004383,C0128,mid_weekend,2026-01-27 13:58:00.000000000,2441.83,Zomato,self_upi,0
T0004109,C0119,mid_weekend,2026-01-27 14:02:00.000000000,1316.1,IRCTC,self_upi,0
T0001852,C0053,mid_weekend,2026-01-27 14:03:00.000000000,1893.91,BookMyShow,family_upi,0
T0002524,C0074,mid_weekend,2026-01-27 14:08:00.000000000,7403.74,Myntra,family_upi,0
T0002687,C0079,high_business,2026-01-27 14:09:00.000000000,17661.74,NewShop_30,payroll,0
T0003448,C0100,high_business,2026-01-27 14:13:00.000000000,10596.77,OfficeSupplies,vendor_x,0
T0004479,C0131,mid_weekend,2026-01-27 14:15:00.000000000,2004.15,BookMyShow,self_upi,0
T0000269,C0008,mid_weekend,2026-01-27 14:16:00.000000000,2895.69,Zomato,family_upi,0
T0000372,C0011,mid_weekend,2026-01-27 14:19:00.000000000,2504.32,BookMyShow,family_upi,0
T0004038,C0116,mid_weekend,2026-01-27 14:20:00.000000000,2417.39,IRCTC,family_upi,0
T0003908,C0113,mid_weekend,2026-01-27 14:51:00.000000000,1046.83,IRCTC,self_upi,0
T0002758,C0081,low_evening_shopper,2026-01-27 15:01:00.000000000,1006.3,Amazon,friend_a,0
T0001813,C0052,high_business,2026-01-27 15:14:00.000000000,10164.36,OfficeSupplies,payroll,0
T0005965,C0172,high_business,2026-01-27 15:15:00.000000000,9931.07,TajHotels,payroll,0
T0005572,C0161,mid_weekend,2026-01-27 15:20:00.000000000,3077.13,IRCTC,self_upi,0
T0004481,C0131,mid_weekend,2026-01-27 15:21:00.000000000,2010.49,Zomato,self_upi,0
T0002525,C0074,mid_weekend,2026-01-27 15:34:00.000000000,1895.06,BookMyShow,self_upi,0
T0006284,C0179,mid_weekend,2026-01-27 15:54:00.000000000,2127.65,Zomato,self_upi,0
T0001154,C0032,mid_weekend,2026-01-27 16:08:00.000000000,1788.48,Myntra,self_upi,0
T0003907,C0113,mid_weekend,2026-01-27 16:35:00.000000000,2823.9,Zomato,family_upi,0
T0001330,C0037,high_business,2026-01-27 16:36:00.000000000,42718.6,OfficeSupplies,vendor_x,0
T0005207,C0152,mid_weekend,2026-01-27 16:41:00.000000000,2654.86,Zomato,family_upi,0
T0002817,C0083,mid_weekend,2026-01-27 16:59:00.000000000,1654.67,Zomato,self_upi,0
T0002332,C0068,mid_weekend,2026-01-27 17:00:00.000000000,2391.03,IRCTC,self_upi,0
T0003673,C0107,mid_weekend,2026-01-27 17:19:00.000000000,5960.9,IRCTC,family_upi,0
T0003282,C0096,low_evening_shopper,2026-01-27 17:20:00.000000000,846.8,Swiggy,self_upi,0
T0002719,C0080,mid_weekend,2026-01-27 17:44:00.000000000,5983.99,Zomato,family_upi,0
T0003243,C0095,mid_weekend,2026-01-27 17:48:00.000000000,2831.61,Myntra,self_upi,0
T0003477,C0101,mid_weekend,2026-01-27 17:51:00.000000000,3445.58,BookMyShow,self_upi,0
T0002578,C0076,high_business,2026-01-27 17:52:00.000000000,5731.71,OfficeSupplies,self_neft,0
T0003038,C0089,mid_weekend,2026-01-27 17:54:00.000000000,7462.41,Zomato,self_upi,0
T0001252,C0035,mid_weekend,2026-01-27 17:54:00.000000000,2601.2,BookMyShow,self_upi,0
T0006010,C0173,mid_weekend,2026-01-27 18:03:00.000000000,2119.4,Myntra,family_upi,0
T0003350,C0098,mid_weekend,2026-01-27 18:15:00.000000000,2517.54,Myntra,self_upi,0
T0006409,C0143,mid_weekend,2026-01-27 18:44:00.042090058,8421.15,P2P_3,new_wallet_8354,1
T0005120,C0150,low_evening_shopper,2026-01-27 18:54:00.000000000,687.5,LocalKirana,self_upi,0
T0004059,C0117,low_evening_shopper,2026-01-27 18:57:00.000000000,839.14,LocalKirana,friend_a,0
T0001512,C0044,mid_weekend,2026-01-27 19:04:00.000000000,1746.43,BookMyShow,self_upi,0
T0002860,C0084,low_evening_shopper,2026-01-27 19:11:00.000000000,611.61,BigBazaar,self_upi,0
T0000291,C0009,low_evening_shopper,2026-01-27 19:11:00.000000000,668.17,BigBazaar,self_upi,0
T0002149,C0063,low_evening_shopper,2026-01-27 19:22:00.000000000,487.21,Swiggy,friend_a,0
T0001511,C0044,mid_weekend,2026-01-27 19:43:00.000000000,2423.49,Myntra,self_upi,0
T0002621,C0077,mid_weekend,2026-01-27 19:50:00.000000000,2906.4,IRCTC,self_upi,0
T0000005,C0000,low_evening_shopper,2026-01-27 19:54:00.000000000,810.88,Swiggy,friend_a,0
T0000990,C0027,low_evening_shopper,2026-01-27 19:59:00.000000000,872.98,Swiggy,friend_a,0
T0000537,C0015,low_evening_shopper,2026-01-27 20:14:00.000000000,744.09,BigBazaar,self_upi,0
T0001560,C0045,low_evening_shopper,2026-01-27 20:33:00.000000000,778.3,Swiggy,friend_a,0
T0006383,C0156,low_evening_shopper,2026-01-27 20:55:00.120114290,3391.69,Swiggy,friend_a,1
T0000348,C0010,high_business,2026-01-27 20:56:00.000000000,14850.52,TajHotels,payroll,0
T0002121,C0062,mid_weekend,2026-01-27 21:05:00.000000000,2511.55,Zomato,self_upi,0
T0004060,C0117,low_evening_shopper,2026-01-27 21:23:00.000000000,1042.11,Amazon,friend_a,0
T0003084,C0090,low_evening_shopper,2026-01-27 21:45:00.000000000,774.66,Amazon,friend_a,0
T0003384,C0099,low_evening_shopper,2026-01-27 22:49:00.000000000,798.49,Amazon,self_upi,0
T0001949,C0057,low_evening_shopper,2026-01-27 22:49:00.000000000,681.48,LocalKirana,self_upi,0
T0003501,C0102,low_evening_shopper,2026-01-27 22:51:00.000000000,696.45,BigBazaar,friend_a,0
T0001253,C0035,mid_weekend,2026-01-27 23:27:00.000000000,2966.76,Zomato,family_upi,0
T0002255,C0066,low_evening_shopper,2026-01-27 23:46:00.000000000,648.26,Amazon,friend_a,0
T0002540,C0075,low_evening_shopper,2026-01-27 23:53:00.000000000,574.32,Swiggy,friend_a,0
T0005912,C0170,mid_weekend,2026-01-28 02:29:00.000000000,1780.11,NewShop_25,family_upi,0
T0006447,C0083,mid_weekend,2026-01-28 04:02:00.309188844,4814.1,NightPOS_19,family_upi,1
T0002579,C0076,high_business,2026-01-28 05:56:00.000000000,15366.66,TajHotels,self_neft,0
T0000067,C0002,mid_weekend,2026-01-28 06:51:00.000000000,2173.9,Zomato,self_upi,0
T0005416,C0157,high_business,2026-01-28 07:21:00.000000000,12130.94,TajHotels,self_neft,0
T0002789,C0082,high_business,2026-01-28 07:48:00.000000000,9402.2,AWS,self_neft,0
T0001332,C0037,high_business,2026-01-28 07:58:00.000000000,15450.76,Indigo,vendor_x,0
T0002207,C0064,high_business,2026-01-28 08:05:00.000000000,15025.88,OfficeSupplies,vendor_x,0
T0000942,C0025,high_business,2026-01-28 08:07:00.000000000,11713.14,Indigo,payroll,0
T0002089,C0061,high_business,2026-01-28 08:08:00.000000000,13326.02,NewShop_29,vendor_x,0
T0003631,C0106,high_business,2026-01-28 08:22:00.000000000,13386.55,Indigo,payroll,0
T0000148,C0004,high_business,2026-01-28 09:03:00.000000000,15258.91,AWS,vendor_x,0
T0001223,C0034,high_business,2026-01-28 09:14:00.000000000,8848.0,OfficeSupplies,vendor_x,0
T0002315,C0067,high_business,2026-01-28 09:24:00.000000000,9239.8,AWS,payroll,0
T0003217,C0094,high_business,2026-01-28 09:29:00.000000000,8110.3,Indigo,payroll,0
T0004878,C0143,mid_weekend,2026-01-28 09:31:00.000000000,1821.38,IRCTC,self_upi,0
T0004877,C0143,mid_weekend,2026-01-28 09:32:00.000000000,2339.76,BookMyShow,family_upi,0
T0006248,C0178,high_business,2026-01-28 09:40:00.000000000,10248.8,OfficeSupplies,vendor_x,0
T0002580,C0076,high_business,2026-01-28 09:41:00.000000000,8430.62,AWS,self_neft,0
T0002090,C0061,high_business,2026-01-28 09:45:00.000000000,52976.72,TajHotels,vendor_x,0
T0003756,C0109,high_business,2026-01-28 10:03:00.000000000,15230.74,Indigo,self_neft,0
T0000373,C0011,mid_weekend,2026-01-28 10:09:00.000000000,2679.35,Myntra,self_upi,0
T0002688,C0079,high_business,2026-01-28 10:10:00.000000000,11113.2,OfficeSupplies,payroll,0
T0002310,C0067,high_business,2026-01-28 10:10:00.000000000,11086.29,TajHotels,self_neft,0
T0003215,C0094,high_business,2026-01-28 10:18:00.000000000,12172.9,TajHotels,self_neft,0
T0004273,C0124,high_business,2026-01-28 10:23:00.000000000,13181.98,NewShop_7,payroll,0
T0000044,C0001,high_business,2026-01-28 10:43:00.000000000,15778.07,AWS,self_neft,0
T0002940,C0085,high_business,2026-01-28 10:47:00.000000000,10416.22,AWS,vendor_x,0
T0002312,C0067,high_business,2026-01-28 11:03:00.000000000,13595.78,TajHotels,vendor_x,0
T0001222,C0034,high_business,2026-01-28 11:11:00.000000000,15243.26,OfficeSupplies,vendor_x,0
T0001220,C0034,high_business,2026-01-28 11:15:00.000000000,6473.87,OfficeSupplies,vendor_x,0
T0000633,C0017,mid_weekend,2026-01-28 11:16:00.000000000,2457.13,BookMyShow,self_upi,0
T0006414,C0139,high_business,2026-01-28 11:16:00.663702635,49456.62,TajHotels,vendor_x,1
T0004272,C0124,high_business,2026-01-28 11:26:00.000000000,11050.4,AWS,payroll,0
T0001931,C0056,mid_weekend,2026-01-28 11:26:00.000000000,2632.0,Zomato,family_upi,0
T0002790,C0082,high_business,2026-01-28 11:27:00.000000000,14214.15,AWS,payroll,0
T0005421,C0157,high_business,2026-01-28 11:27:00.000000000,13895.7,TajHotels,self_neft,0
T0002311,C0067,high_business,2026-01-28 11:29:00.000000000,12169.82,Indigo,payroll,0
T0005169,C0151,high_business,2026-01-28 11:29:00.000000000,15565.64,OfficeSupplies,vendor_x,0
T0005418,C0157,high_business,2026-01-28 11:30:00.000000000,10717.76,Indigo,payroll,0
T0005640,C0163,high_business,2026-01-28 11:31:00.000000000,11426.86,TajHotels,self_neft,0
T0002316,C0067,high_business,2026-01-28 11:33:00.000000000,10686.99,OfficeSupplies,vendor_x,0
T0001224,C0034,high_business,2026-01-28 11:38:00.000000000,8471.58,AWS,self_neft,0
T0002208,C0064,high_business,2026-01-28 11:44:00.000000000,11896.94,TajHotels,self_neft,0
T0001136,C0031,high_business,2026-01-28 11:44:00.000000000,11492.93,OfficeSupplies,vendor_x,0
T0003449,C0100,high_business,2026-01-28 11:46:00.000000000,14138.89,Indigo,self_neft,0
T0005170,C0151,high_business,2026-01-28 11:47:00.000000000,12956.96,Indigo,payroll,0
T0004571,C0133,high_business,2026-01-28 11:50:00.000000000,9573.78,OfficeSupplies,payroll,0
T0000451,C0013,high_business,2026-01-28 11:51:00.000000000,11104.84,OfficeSupplies,self_neft,0
T0004843,C0142,high_business,2026-01-28 11:53:00.000000000,7794.69,TajHotels,payroll,0
T0001221,C0034,high_business,2026-01-28 11:56:00.000000000,10139.83,OfficeSupplies,vendor_x,0
T0005641,C0163,high_business,2026-01-28 12:00:00.000000000,11289.72,AWS,payroll,0
T0005893,C0169,high_business,2026-01-28 12:03:00.000000000,10633.82,OfficeSupplies,self_neft,0
T0002314,C0067,high_business,2026-01-28 12:04:00.000000000,12370.86,Indigo,vendor_x,0
T0005967,C0172,high_business,2026-01-28 12:06:00.000000000,12962.21,NewShop_31,self_neft,0
T0005968,C0172,high_business,2026-01-28 12:08:00.000000000,11690.3,TajHotels,vendor_x,0
T0000941,C0025,high_business,2026-01-28 12:10:00.000000000,13455.88,TajHotels,self_neft,0
T0001630,C0046,high_business,2026-01-28 12:11:00.000000000,16820.83,AWS,vendor_x,0
T0005969,C0172,high_business,2026-01-28 12:17:00.000000000,48864.51,TajHotels,vendor_x,0
T0002415,C0070,high_business,2026-01-28 12:22:00.000000000,15157.6,Indigo,payroll,0
T0000270,C0008,mid_weekend,2026-01-28 12:22:00.000000000,3053.58,Myntra,family_upi,0
T0005171,C0151,high_business,2026-01-28 12:26:00.000000000,7581.38,NewShop_20,payroll,0
T0004750,C0139,high_business,2026-01-28 12:26:00.000000000,12144.78,AWS,self_neft,0
T0004110,C0119,mid_weekend,2026-01-28 12:32:00.000000000,1907.25,IRCTC,family_upi,0
T0004572,C0133,high_business,2026-01-28 12:32:00.000000000,14686.25,OfficeSupplies,self_neft,0
T0002231,C0065,mid_weekend,2026-01-28 12:38:00.000000000,1310.59,BookMyShow,family_upi,0
T0006249,C0178,high_business,2026-01-28 12:44:00.000000000,8790.29,Indigo,payroll,0
T0005420,C0157,high_business,2026-01-28 12:45:00.000000000,15202.16,TajHotels,vendor_x,0
T0004039,C0116,mid_weekend,2026-01-28 12:45:00.000000000,2595.59,IRCTC,family_upi,0
T0005749,C0166,high_business,2026-01-28 12:45:00.000000000,11463.19,OfficeSupplies,vendor_x,0
T0002622,C0077,mid_weekend,2026-01-28 12:47:00.000000000,3003.35,Zomato,family_upi,0
T0004573,C0133,high_business,2026-01-28 12:55:00.000000000,11692.31,NewShop_1,vendor_x,0
T0005750,C0166,high_business,2026-01-28 12:58:00.000000000,11068.88,AWS,vendor_x,0
T0005419,C0157,high_business,2026-01-28 12:59:00.000000000,12640.38,TajHotels,payroll,0
T0003218,C0094,high_business,2026-01-28 13:17:00.000000000,11196.07,Indigo,payroll,0
T0000826,C0022,high_business,2026-01-28 13:23:00.000000000,11684.41,OfficeSupplies,payroll,0
T0000452,C0013,high_business,2026-01-28 13:23:00.000000000,11711.66,OfficeSupplies,self_neft,0
T0004876,C0143,mid_weekend,2026-01-28 13:24:00.000000000,4063.2,BookMyShow,family_upi,0
T0003909,C0113,mid_weekend,2026-01-28 13:30:00.000000000,6435.12,BookMyShow,family_upi,0
T0002623,C0077,mid_weekend,2026-01-28 13:30:00.000000000,963.55,BookMyShow,self_upi,0
T0001741,C0050,mid_weekend,2026-01-28 13:35:00.000000000,2843.52,IRCTC,family_upi,0
T0004001,C0115,high_business,2026-01-28 13:40:00.000000000,12261.82,Indigo,self_neft,0
T0004384,C0128,mid_weekend,2026-01-28 14:06:00.000000000,1853.64,BookMyShow,family_upi,0
T0005417,C0157,high_business,2026-01-28 14:08:00.000000000,13594.6,Indigo,self_neft,0
T0003216,C0094,high_business,2026-01-28 14:10:00.000000000,15947.06,OfficeSupplies,self_neft,0
T0005307,C0155,mid_weekend,2026-01-28 14:15:00.000000000,2448.34,Zomato,family_upi,0
T0000825,C0022,high_business,2026-01-28 14:17:00.000000000,11210.41,AWS,self_neft,0
T0004674,C0137,mid_weekend,2026-01-28 14:18:00.000000000,1811.11,Myntra,self_upi,0
T0001331,C0037,high_business,2026-01-28 14:21:00.000000000,12337.79,AWS,payroll,0
T0005894,C0169,high_business,2026-01-28 14:22:00.000000000,10486.59,AWS,vendor_x,0
T0002313,C0067,high_business,2026-01-28 14:25:00.000000000,10536.24,TajHotels,self_neft,0
T0001637,C0047,mid_weekend,2026-01-28 14:26:00.000000000,2111.15,Myntra,family_upi,0
T0003674,C0107,mid_weekend,2026-01-28 14:44:00.000000000,3094.8,Zomato,family_upi,0
T0002527,C0074,mid_weekend,2026-01-28 15:03:00.000000000,1606.56,Zomato,family_upi,0
T0001742,C0050,mid_weekend,2026-01-28 15:06:00.000000000,3443.64,BookMyShow,self_upi,0
T0000634,C0017,mid_weekend,2026-01-28 15:08:00.000000000,1708.58,BookMyShow,family_upi,0
T0004295,C0125,mid_weekend,2026-01-28 15:14:00.000000000,2569.14,IRCTC,self_upi,0
T0001853,C0053,mid_weekend,2026-01-28 15:18:00.000000000,11159.63,IRCTC,family_upi,0
T0005172,C0151,high_business,2026-01-28 15:18:00.000000000,9257.5,AWS,self_neft,0
T0002333,C0068,mid_weekend,2026-01-28 15:26:00.000000000,2982.51,Myntra,family_upi,0
T0002950,C0086,mid_weekend,2026-01-28 15:29:00.000000000,2749.66,NewShop_36,self_upi,0
T0005680,C0164,mid_weekend,2026-01-28 15:49:00.000000000,1497.9,NewShop_25,self_upi,0
T0003910,C0113,mid_weekend,2026-01-28 16:02:00.000000000,2234.52,Zomato,self_upi,0
T0005911,C0170,mid_weekend,2026-01-28 16:08:00.000000000,8739.73,IRCTC,self_upi,0
T0001420,C0041,mid_weekend,2026-01-28 16:10:00.000000000,2297.87,IRCTC,self_upi,0
T0005681,C0164,mid_weekend,2026-01-28 16:27:00.000000000,2945.3,IRCTC,self_upi,0
T0004591,C0134,mid_weekend,2026-01-28 16:31:00.000000000,3177.26,IRCTC,family_upi,0
T0001638,C0047,mid_weekend,2026-01-28 16:49:00.000000000,2076.69,NewShop_39,self_upi,0
T0004203,C0122,mid_weekend,2026-01-28 16:52:00.000000000,2246.42,Zomato,self_upi,0
T0002122,C0062,mid_weekend,2026-01-28 17:13:00.000000000,2113.78,IRCTC,family_upi,0
T0005913,C0170,mid_weekend,2026-01-28 17:23:00.000000000,3302.92,Zomato,family_upi,0
T0003780,C0110,mid_weekend,2026-01-28 17:54:00.000000000,2575.7,IRCTC,family_upi,0
T0005573,C0161,mid_weekend,2026-01-28 18:24:00.000000000,2413.81,IRCTC,self_upi,0
T0003244,C0095,mid_weekend,2026-01-28 18:30:00.000000000,2671.54,Myntra,self_upi,0
T0006457,C0041,mid_weekend,2026-01-28 18:34:00.371988964,15076.46,Zomato,family_upi,1
T0003351,C0098,mid_weekend,2026-01-28 18:37:00.000000000,2239.85,Zomato,family_upi,0
T0004614,C0135,low_evening_shopper,2026-01-28 18:43:00.000000000,867.55,Amazon,self_upi,0
T0005009,C0147,low_evening_shopper,2026-01-28 18:47:00.000000000,486.16,BigBazaar,self_upi,0
T0002450,C0071,mid_weekend,2026-01-28 18:51:00.000000000,2273.98,Myntra,family_upi,0
T0004516,C0132,low_evening_shopper,2026-01-28 18:55:00.000000000,488.6,Amazon,self_upi,0
T0006285,C0179,mid_weekend,2026-01-28 19:10:00.000000000,3316.45,IRCTC,family_upi,0
T0000667,C0018,low_evening_shopper,2026-01-28 19:19:00.000000000,402.75,Swiggy,friend_a,0
T0005496,C0159,low_evening_shopper,2026-01-28 19:27:00.000000000,404.13,LocalKirana,self_upi,0
T0000176,C0005,mid_weekend,2026-01-28 19:34:00.000000000,2163.55,NewShop_15,family_upi,0
T0003085,C0090,low_evening_shopper,2026-01-28 19:37:00.000000000,873.63,LocalKirana,self_upi,0
T0006181,C0177,low_evening_shopper,2026-01-28 19:53:00.000000000,790.33,BigBazaar,friend_a,0
T0002975,C0087,low_evening_shopper,2026-01-28 20:10:00.000000000,844.83,LocalKirana,friend_a,0
T0002541,C0075,low_evening_shopper,2026-01-28 20:18:00.000000000,427.02,Swiggy,friend_a,0
T0004406,C0129,low_evening_shopper,2026-01-28 20:19:00.000000000,892.44,BigBazaar,friend_a,0
T0003162,C0093,low_evening_shopper,2026-01-28 20:29:00.000000000,599.65,Amazon,friend_a,0
T0001561,C0045,low_evening_shopper,2026-01-28 20:42:00.000000000,425.53,BigBazaar,friend_a,0
T0005208,C0152,mid_weekend,2026-01-28 20:49:00.000000000,1563.78,Zomato,family_upi,0
T0005823,C0168,low_evening_shopper,2026-01-28 21:00:00.000000000,810.99,Swiggy,friend_a,0
T0003135,C0092,mid_weekend,2026-01-28 21:01:00.000000000,3855.22,Myntra,family_upi,0
T0002638,C0078,low_evening_shopper,2026-01-28 21:06:00.000000000,808.97,Swiggy,self_upi,0
T0005591,C0162,low_evening_shopper,2026-01-28 21:07:00.000000000,534.17,Amazon,self_upi,0
T0000218,C0006,low_evening_shopper,2026-01-28 21:09:00.000000000,617.04,Amazon,self_upi,0
T0000006,C0000,low_evening_shopper,2026-01-28 21:11:00.000000000,797.77,LocalKirana,friend_a,0
T0002373,C0069,low_evening_shopper,2026-01-28 21:38:00.000000000,777.65,BigBazaar,self_upi,0
T0000776,C0021,low_evening_shopper,2026-01-28 22:34:00.000000000,513.34,BigBazaar,self_upi,0
T0004128,C0120,low_evening_shopper,2026-01-28 22:52:00.000000000,747.95,BigBazaar,friend_a,0
T0002232,C0065,mid_weekend,2026-01-29 03:15:00.000000000,3132.82,Zomato,family_upi,0
T0006386,C0087,low_evening_shopper,2026-01-29 04:03:00.392530750,5945.01,UnknownStore_55,new_wallet_5882,1
T0005643,C0163,high_business,2026-01-29 07:15:00.000000000,15009.72,AWS,payroll,0
T0000151,C0004,high_business,2026-01-29 07:16:00.000000000,11342.32,TajHotels,payroll,0
T0005644,C0163,high_business,2026-01-29 08:03:00.000000000,10906.25,NewShop_15,self_neft,0
T0003225,C0094,high_business,2026-01-29 08:45:00.000000000,12537.11,TajHotels,vendor_x,0
T0005175,C0151,high_business,2026-01-29 09:10:00.000000000,11093.2,OfficeSupplies,self_neft,0
T0004002,C0115,high_business,2026-01-29 09:12:00.000000000,8325.35,AWS,payroll,0
T0005645,C0163,high_business,2026-01-29 09:19:00.000000000,12807.29,AWS,payroll,0
T0004575,C0133,high_business,2026-01-29 09:19:00.000000000,12909.08,TajHotels,self_neft,0
T0002418,C0070,high_business,2026-01-29 09:39:00.000000000,8658.08,Indigo,payroll,0
T0005424,C0157,high_business,2026-01-29 09:39:00.000000000,14077.11,TajHotels,vendor_x,0
T0001254,C0035,mid_weekend,2026-01-29 09:39:00.000000000,1924.97,BookMyShow,self_upi,0
T0002317,C0067,high_business,2026-01-29 09:49:00.000000000,13890.64,Indigo,self_neft,0
T0005423,C0157,high_business,2026-01-29 09:54:00.000000000,12564.01,OfficeSupplies,self_neft,0
T0004208,C0122,mid_weekend,2026-01-29 09:56:00.000000000,2898.14,Zomato,self_upi,0
T0005751,C0166,high_business,2026-01-29 10:02:00.000000000,12928.99,TajHotels,self_neft,0
T0000150,C0004,high_business,2026-01-29 10:09:00.000000000,11410.43,OfficeSupplies,vendor_x,0
T0003219,C0094,high_business,2026-01-29 10:11:00.000000000,9709.12,Indigo,self_neft,0
T0005971,C0172,high_business,2026-01-29 10:18:00.000000000,11991.0,TajHotels,self_neft,0
T0000349,C0010,high_business,2026-01-29 10:23:00.000000000,13471.6,OfficeSupplies,payroll,0
T0000177,C0005,mid_weekend,2026-01-29 10:26:00.000000000,2945.22,Zomato,family_upi,0
T0005174,C0151,high_business,2026-01-29 10:27:00.000000000,14411.9,Indigo,payroll,0
T0005422,C0157,high_business,2026-01-29 10:29:00.000000000,15981.47,TajHotels,vendor_x,0
T0001255,C0035,mid_weekend,2026-01-29 10:29:00.000000000,2916.02,Zomato,family_upi,0
T0005176,C0151,high_business,2026-01-29 10:43:00.000000000,11862.98,Indigo,vendor_x,0
T0001137,C0031,high_business,2026-01-29 10:47:00.000000000,14065.31,OfficeSupplies,vendor_x,0
T0002581,C0076,high_business,2026-01-29 10:58:00.000000000,14322.04,Indigo,self_neft,0
T0004205,C0122,mid_weekend,2026-01-29 11:02:00.000000000,2349.53,Zomato,family_upi,0
T0005574,C0161,mid_weekend,2026-01-29 11:26:00.000000000,2159.12,NewShop_36,family_upi,0
T0004751,C0139,high_business,2026-01-29 11:29:00.000000000,17184.31,TajHotels,self_neft,0
T0003220,C0094,high_business,2026-01-29 11:33:00.000000000,10915.67,TajHotels,payroll,0
T0000149,C0004,high_business,2026-01-29 11:34:00.000000000,14834.2,TajHotels,vendor_x,0
T0002791,C0082,high_business,2026-01-29 11:39:00.000000000,15309.82,AWS,payroll,0
T0005642,C0163,high_business,2026-01-29 11:40:00.000000000,12620.02,TajHotels,payroll,0
T0003223,C0094,high_business,2026-01-29 11:44:00.000000000,9234.9,TajHotels,vendor_x,0
T0005210,C0152,mid_weekend,2026-01-29 11:46:00.000000000,2448.41,BookMyShow,family_upi,0
T0000152,C0004,high_business,2026-01-29 11:49:00.000000000,11778.01,Indigo,self_neft,0
T0005646,C0163,high_business,2026-01-29 11:51:00.000000000,15091.16,OfficeSupplies,vendor_x,0
T0006403,C0094,high_business,2026-01-29 11:52:00.652797770,28531.72,TajHotels,quick_payee_982,1
T0000153,C0004,high_business,2026-01-29 11:57:00.000000000,13182.72,OfficeSupplies,payroll,0
T0005177,C0151,high_business,2026-01-29 12:25:00.000000000,11013.48,AWS,vendor_x,0
T0005895,C0169,high_business,2026-01-29 12:28:00.000000000,13586.69,Indigo,payroll,0
T0003632,C0106,high_business,2026-01-29 12:29:00.000000000,11208.47,AWS,vendor_x,0
T0002009,C0059,mid_weekend,2026-01-29 12:35:00.000000000,3068.97,BookMyShow,self_upi,0
T0003224,C0094,high_business,2026-01-29 12:36:00.000000000,10642.38,TajHotels,self_neft,0
T0002720,C0080,mid_weekend,2026-01-29 12:36:00.000000000,2267.22,IRCTC,family_upi,0
T0001639,C0047,mid_weekend,2026-01-29 12:38:00.000000000,2239.42,BookMyShow,family_upi,0
T0004879,C0143,mid_weekend,2026-01-29 12:42:00.000000000,2703.94,Zomato,self_upi,0
T0000453,C0013,high_business,2026-01-29 12:43:00.000000000,16692.84,Indigo,self_neft,0
T0003222,C0094,high_business,2026-01-29 12:56:00.000000000,13187.55,Indigo,vendor_x,0
T0002091,C0061,high_business,2026-01-29 13:16:00.000000000,11851.5,TajHotels,vendor_x,0
T0004574,C0133,high_business,2026-01-29 13:17:00.000000000,45983.13,Indigo,payroll,0
T0005970,C0172,high_business,2026-01-29 13:18:00.000000000,13101.56,OfficeSupplies,payroll,0
T0006144,C0176,mid_weekend,2026-01-29 13:18:00.000000000,5518.96,Zomato,self_upi,0
T0002417,C0070,high_business,2026-01-29 13:32:00.000000000,13374.67,OfficeSupplies,self_neft,0
T0005288,C0154,high_business,2026-01-29 13:39:00.000000000,10008.01,AWS,payroll,0
T0003226,C0094,high_business,2026-01-29 13:47:00.000000000,13007.77,OfficeSupplies,vendor_x,0
T0001256,C0035,mid_weekend,2026-01-29 13:54:00.000000000,3595.44,IRCTC,family_upi,0
T0003757,C0109,high_business,2026-01-29 13:55:00.000000000,8823.61,OfficeSupplies,payroll,0
T0002451,C0071,mid_weekend,2026-01-29 14:05:00.000000000,2861.29,NewShop_4,family_upi,0
T0003221,C0094,high_business,2026-01-29 14:06:00.000000000,14972.17,NewShop_39,self_neft,0
T0004297,C0125,mid_weekend,2026-01-29 14:29:00.000000000,3179.4,IRCTC,family_upi,0
T0001155,C0032,mid_weekend,2026-01-29 14:29:00.000000000,2974.26,BookMyShow,self_upi,0
T0006286,C0179,mid_weekend,2026-01-29 14:32:00.000000000,3163.34,BookMyShow,self_upi,0
T0005450,C0158,mid_weekend,2026-01-29 14:37:00.000000000,2927.41,Zomato,self_upi,0
T0005173,C0151,high_business,2026-01-29 14:38:00.000000000,10394.73,Indigo,self_neft,0
T0004880,C0143,mid_weekend,2026-01-29 14:44:00.000000000,2837.34,NewShop_27,family_upi,0
T0004206,C0122,mid_weekend,2026-01-29 14:49:00.000000000,2557.74,Myntra,self_upi,0
T0000068,C0002,mid_weekend,2026-01-29 14:55:00.000000000,2448.34,BookMyShow,self_upi,0
T0002721,C0080,mid_weekend,2026-01-29 14:56:00.000000000,2582.03,Zomato,family_upi,0
T0005178,C0151,high_business,2026-01-29 14:57:00.000000000,12935.5,OfficeSupplies,vendor_x,0
T0002624,C0077,mid_weekend,2026-01-29 14:57:00.000000000,1212.69,IRCTC,family_upi,0
T0005209,C0152,mid_weekend,2026-01-29 15:09:00.000000000,2569.26,Myntra,self_upi,0
T0002951,C0086,mid_weekend,2026-01-29 15:13:00.000000000,3118.92,BookMyShow,family_upi,0
T0004769,C0140,mid_weekend,2026-01-29 15:28:00.000000000,1921.83,Myntra,self_upi,0
T0002416,C0070,high_business,2026-01-29 15:29:00.000000000,11523.64,AWS,self_neft,0
T0001339,C0038,mid_weekend,2026-01-29 15:56:00.000000000,2648.87,NewShop_27,family_upi,0
T0003911,C0113,mid_weekend,2026-01-29 16:01:00.000000000,3101.61,Myntra,self_upi,0
T0004204,C0122,mid_weekend,2026-01-29 16:24:00.000000000,2701.71,BookMyShow,self_upi,0
T0004207,C0122,mid_weekend,2026-01-29 16:39:00.000000000,2805.78,BookMyShow,self_upi,0
T0003245,C0095,mid_weekend,2026-01-29 16:41:00.000000000,2299.69,BookMyShow,self_upi,0
T0002722,C0080,mid_weekend,2026-01-29 16:53:00.000000000,1420.77,BookMyShow,family_upi,0
T0006011,C0173,mid_weekend,2026-01-29 16:55:00.000000000,2017.47,Myntra,self_upi,0
T0004296,C0125,mid_weekend,2026-01-29 16:58:00.000000000,1741.09,Zomato,self_upi,0
T0003781,C0110,mid_weekend,2026-01-29 17:05:00.000000000,2924.12,IRCTC,self_upi,0
T0003758,C0109,high_business,2026-01-29 17:11:00.000000000,11023.32,Indigo,self_neft,0
T0003675,C0107,mid_weekend,2026-01-29 17:16:00.000000000,11131.37,Zomato,self_upi,0
T0000668,C0018,low_evening_shopper,2026-01-29 17:17:00.000000000,862.68,Amazon,friend_a,0
T0003814,C0111,low_evening_shopper,2026-01-29 17:19:00.000000000,488.05,BigBazaar,friend_a,0
T0004675,C0137,mid_weekend,2026-01-29 17:35:00.000000000,3086.42,Zomato,self_upi,0
T0002818,C0083,mid_weekend,2026-01-29 17:43:00.000000000,3577.39,Zomato,self_upi,0
T0000635,C0017,mid_weekend,2026-01-29 17:52:00.000000000,2442.27,IRCTC,self_upi,0
T0002123,C0062,mid_weekend,2026-01-29 18:38:00.000000000,2339.75,Zomato,self_upi,0
T0004922,C0144,low_evening_shopper,2026-01-29 18:57:00.000000000,661.77,Swiggy,friend_a,0
T0003478,C0101,mid_weekend,2026-01-29 19:00:00.000000000,1937.99,Myntra,family_upi,0
T0005356,C0156,low_evening_shopper,2026-01-29 19:08:00.000000000,803.2,Swiggy,friend_a,0
T0000538,C0015,low_evening_shopper,2026-01-29 19:18:00.000000000,1999.7,Swiggy,self_upi,0
T0003039,C0089,mid_weekend,2026-01-29 19:21:00.000000000,2339.81,BookMyShow,self_upi,0
T0004407,C0129,low_evening_shopper,2026-01-29 19:22:00.000000000,1266.12,LocalKirana,self_upi,0
T0005497,C0159,low_evening_shopper,2026-01-29 19:30:00.000000000,1069.75,BigBazaar,friend_a,0
T0005934,C0171,low_evening_shopper,2026-01-29 19:35:00.000000000,653.06,Amazon,self_upi,0
T0004770,C0140,mid_weekend,2026-01-29 19:42:00.000000000,3434.48,BookMyShow,self_upi,0
T0002639,C0078,low_evening_shopper,2026-01-29 19:43:00.000000000,757.65,LocalKirana,friend_a,0
T0001677,C0048,low_evening_shopper,2026-01-29 19:46:00.000000000,704.99,BigBazaar,friend_a,0
T0001294,C0036,low_evening_shopper,2026-01-29 20:10:00.000000000,804.37,LocalKirana,friend_a,0
T0001182,C0033,low_evening_shopper,2026-01-29 20:11:00.000000000,986.43,LocalKirana,self_upi,0
T0000069,C0002,mid_weekend,2026-01-29 20:12:00.000000000,1917.91,Zomato,self_upi,0
T0001872,C0054,low_evening_shopper,2026-01-29 20:18:00.000000000,638.87,Swiggy,friend_a,0
T0006052,C0174,low_evening_shopper,2026-01-29 20:19:00.000000000,597.07,Amazon,friend_a,0
T0004844,C0142,high_business,2026-01-29 20:23:00.000000000,10201.76,OfficeSupplies,self_neft,0
T0001049,C0029,mid_weekend,2026-01-29 20:23:00.000000000,2177.46,Zomato,family_upi,0
T0001362,C0039,low_evening_shopper,2026-01-29 20:33:00.000000000,519.12,BigBazaar,self_upi,0
T0000855,C0023,mid_weekend,2026-01-29 20:42:00.000000000,3473.15,BookMyShow,family_upi,0
T0004129,C0120,low_evening_shopper,2026-01-29 20:44:00.000000000,641.05,Amazon,friend_a,0
T0004923,C0144,low_evening_shopper,2026-01-29 20:48:00.000000000,772.43,LocalKirana,friend_a,0
T0000007,C0000,low_evening_shopper,2026-01-29 20:49:00.000000000,712.16,BigBazaar,friend_a,0
T0001363,C0039,low_evening_shopper,2026-01-29 20:50:00.000000000,637.31,LocalKirana,self_upi,0
T0001088,C0030,low_evening_shopper,2026-01-29 21:33:00.000000000,2192.96,LocalKirana,self_upi,0
T0000374,C0011,mid_weekend,2026-01-29 21:38:00.000000000,3996.36,BookMyShow,self_upi,0
T0004721,C0138,low_evening_shopper,2026-01-29 22:08:00.000000000,739.64,Swiggy,self_upi,0
T0002334,C0068,mid_weekend,2026-01-29 22:26:00.000000000,2881.0,BookMyShow,self_upi,0
T0004321,C0126,low_evening_shopper,2026-01-29 22:34:00.000000000,571.01,Amazon,friend_a,0
T0002092,C0061,high_business,2026-01-29 22:42:00.000000000,10788.06,Indigo,payroll,0
T0004615,C0135,low_evening_shopper,2026-01-29 23:20:00.000000000,804.9,Amazon,friend_a,0
T0006350,C0163,high_business,2026-01-30 03:48:00.809139245,111443.54,UnknownStore_77,new_wallet_7018,1
T0006455,C0077,mid_weekend,2026-01-30 04:25:00.179077152,5529.68,NightPOS_32,family_upi,1
T0002584,C0076,high_business,2026-01-30 07:48:00.000000000,11013.28,OfficeSupplies,vendor_x,0
T0005752,C0166,high_business,2026-01-30 07:52:00.000000000,15960.35,TajHotels,payroll,0
T0005425,C0157,high_business,2026-01-30 08:20:00.000000000,8761.55,AWS,vendor_x,0
T0001157,C0032,mid_weekend,2026-01-30 08:24:00.000000000,2498.6,Zomato,family_upi,0
T0000454,C0013,high_business,2026-01-30 08:50:00.000000000,10371.56,OfficeSupplies,self_neft,0
T0001138,C0031,high_business,2026-01-30 08:54:00.000000000,11136.59,AWS,vendor_x,0
T0004003,C0115,high_business,2026-01-30 09:20:00.000000000,12515.73,Indigo,payroll,0
T0003450,C0100,high_business,2026-01-30 09:21:00.000000000,13675.9,OfficeSupplies,vendor_x,0
T0002124,C0062,mid_weekend,2026-01-30 09:27:00.000000000,1780.81,IRCTC,family_upi,0
T0000155,C0004,high_business,2026-01-30 09:28:00.000000000,11363.48,Indigo,vendor_x,0
T0005427,C0157,high_business,2026-01-30 09:42:00.000000000,17661.41,Indigo,vendor_x,0
T0002093,C0061,high_business,2026-01-30 09:44:00.000000000,12029.57,Indigo,self_neft,0
T0000351,C0010,high_business,2026-01-30 09:58:00.000000000,38254.36,Indigo,self_neft,0
T0002583,C0076,high_business,2026-01-30 10:06:00.000000000,8706.91,OfficeSupplies,payroll,0
T0000154,C0004,high_business,2026-01-30 10:10:00.000000000,13744.54,TajHotels,payroll,0
T0005647,C0163,high_business,2026-01-30 10:13:00.000000000,13328.17,AWS,payroll,0
T0003479,C0101,mid_weekend,2026-01-30 10:21:00.000000000,2039.68,Zomato,family_upi,0
T0000352,C0010,high_business,2026-01-30 10:25:00.000000000,8427.96,OfficeSupplies,self_neft,0
T0000071,C0002,mid_weekend,2026-01-30 10:28:00.000000000,2882.48,Zomato,family_upi,0
T0000045,C0001,high_business,2026-01-30 10:31:00.000000000,10369.22,Indigo,vendor_x,0
T0005972,C0172,high_business,2026-01-30 10:37:00.000000000,10729.65,TajHotels,self_neft,0
T0006251,C0178,high_business,2026-01-30 10:41:00.000000000,13655.23,AWS,self_neft,0
T0001156,C0032,mid_weekend,2026-01-30 10:43:00.000000000,1719.04,BookMyShow,family_upi,0
T0000353,C0010,high_business,2026-01-30 10:47:00.000000000,13727.66,OfficeSupplies,payroll,0
T0004882,C0143,mid_weekend,2026-01-30 10:55:00.000000000,2222.91,Zomato,self_upi,0
T0004274,C0124,high_business,2026-01-30 11:09:00.000000000,8657.29,TajHotels,vendor_x,0
T0005426,C0157,high_business,2026-01-30 11:20:00.000000000,14060.56,Indigo,payroll,0
T0002689,C0079,high_business,2026-01-30 11:24:00.000000000,6419.38,Indigo,vendor_x,0
T0001226,C0034,high_business,2026-01-30 11:25:00.000000000,7780.72,Indigo,vendor_x,0
T0001228,C0034,high_business,2026-01-30 11:27:00.000000000,7911.68,Indigo,vendor_x,0
T0002420,C0070,high_business,2026-01-30 11:33:00.000000000,14555.76,OfficeSupplies,vendor_x,0
T0005179,C0151,high_business,2026-01-30 11:47:00.000000000,21470.06,TajHotels,vendor_x,0
T0001225,C0034,high_business,2026-01-30 11:57:00.000000000,11815.68,OfficeSupplies,payroll,0
T0001814,C0052,high_business,2026-01-30 12:00:00.000000000,27727.2,TajHotels,self_neft,0
T0003451,C0100,high_business,2026-01-30 12:00:00.000000000,10937.17,AWS,payroll,0
T0005898,C0169,high_business,2026-01-30 12:03:00.000000000,15923.25,OfficeSupplies,payroll,0
T0005897,C0169,high_business,2026-01-30 12:05:00.000000000,12741.4,AWS,payroll,0
T0002582,C0076,high_business,2026-01-30 12:10:00.000000000,12793.9,TajHotels,payroll,0
T0001743,C0050,mid_weekend,2026-01-30 12:11:00.000000000,2568.32,BookMyShow,family_upi,0
T0001631,C0046,high_business,2026-01-30 12:18:00.000000000,8619.59,TajHotels,payroll,0
T0002319,C0067,high_business,2026-01-30 12:23:00.000000000,12868.79,AWS,vendor_x,0
T0002419,C0070,high_business,2026-01-30 12:29:00.000000000,9609.17,AWS,vendor_x,0
T0005649,C0163,high_business,2026-01-30 12:31:00.000000000,12672.01,AWS,self_neft,0
T0003136,C0092,mid_weekend,2026-01-30 12:41:00.000000000,3183.84,Zomato,family_upi,0
T0005896,C0169,high_business,2026-01-30 12:43:00.000000000,15967.44,OfficeSupplies,self_neft,0
T0002094,C0061,high_business,2026-01-30 12:46:00.000000000,11751.95,OfficeSupplies,payroll,0
T0005682,C0164,mid_weekend,2026-01-30 12:58:00.000000000,3559.07,IRCTC,family_upi,0
T0001340,C0038,mid_weekend,2026-01-30 13:06:00.000000000,4070.9,BookMyShow,self_upi,0
T0003452,C0100,high_business,2026-01-30 13:09:00.000000000,12199.14,Indigo,payroll,0
T0002954,C0086,mid_weekend,2026-01-30 13:20:00.000000000,2055.14,Myntra,self_upi,0
T0002723,C0080,mid_weekend,2026-01-30 13:21:00.000000000,2307.98,IRCTC,family_upi,0
T0005648,C0163,high_business,2026-01-30 13:31:00.000000000,12068.16,Indigo,self_neft,0
T0002792,C0082,high_business,2026-01-30 13:54:00.000000000,13788.74,AWS,vendor_x,0
T0001744,C0050,mid_weekend,2026-01-30 13:55:00.000000000,2494.52,Zomato,family_upi,0
T0001050,C0029,mid_weekend,2026-01-30 13:55:00.000000000,2855.93,IRCTC,family_upi,0
T0000510,C0014,mid_weekend,2026-01-30 14:05:00.000000000,2554.92,Myntra,family_upi,0
T0001227,C0034,high_business,2026-01-30 14:09:00.000000000,12399.29,Indigo,payroll,0
T0005451,C0158,mid_weekend,2026-01-30 14:11:00.000000000,1498.45,IRCTC,family_upi,0
T0004298,C0125,mid_weekend,2026-01-30 14:13:00.000000000,2277.83,BookMyShow,family_upi,0
T0005776,C0167,mid_weekend,2026-01-30 14:16:00.000000000,2704.76,IRCTC,self_upi,0
T0000856,C0023,mid_weekend,2026-01-30 14:20:00.000000000,9544.08,Myntra,family_upi,0
T0000350,C0010,high_business,2026-01-30 14:21:00.000000000,12728.01,OfficeSupplies,self_neft,0
T0006250,C0178,high_business,2026-01-30 14:36:00.000000000,10337.76,TajHotels,self_neft,0
T0002233,C0065,mid_weekend,2026-01-30 14:37:00.000000000,2556.07,Myntra,self_upi,0
T0002952,C0086,mid_weekend,2026-01-30 14:40:00.000000000,1538.66,BookMyShow,family_upi,0
T0002953,C0086,mid_weekend,2026-01-30 14:40:00.000000000,2536.28,IRCTC,self_upi,0
T0006341,C0062,mid_weekend,2026-01-30 14:48:00.580096010,14043.33,IRCTC,family_upi,1
T0004592,C0134,mid_weekend,2026-01-30 14:51:00.000000000,1912.34,Myntra,self_upi,0
T0000375,C0011,mid_weekend,2026-01-30 15:05:00.000000000,2832.6,Myntra,family_upi,0
T0002318,C0067,high_business,2026-01-30 15:10:00.000000000,13130.74,Indigo,payroll,0
T0004576,C0133,high_business,2026-01-30 15:22:00.000000000,10508.62,AWS,self_neft,0
T0005777,C0167,mid_weekend,2026-01-30 15:36:00.000000000,2548.14,BookMyShow,family_upi,0
T0004111,C0119,mid_weekend,2026-01-30 15:38:00.000000000,2391.32,Zomato,self_upi,0
T0001932,C0056,mid_weekend,2026-01-30 15:40:00.000000000,12322.12,Myntra,family_upi,0
T0001950,C0057,low_evening_shopper,2026-01-30 15:41:00.000000000,1094.59,LocalKirana,self_upi,0
T0001051,C0029,mid_weekend,2026-01-30 15:49:00.000000000,1632.82,Zomato,family_upi,0
T0003481,C0101,mid_weekend,2026-01-30 16:10:00.000000000,2297.24,BookMyShow,family_upi,0
T0004771,C0140,mid_weekend,2026-01-30 16:24:00.000000000,6764.05,Zomato,family_upi,0
T0004881,C0143,mid_weekend,2026-01-30 16:27:00.000000000,3063.85,BookMyShow,family_upi,0
T0004883,C0143,mid_weekend,2026-01-30 17:05:00.000000000,2639.88,IRCTC,self_upi,0
T0005308,C0155,mid_weekend,2026-01-30 17:11:00.000000000,2679.84,Myntra,self_upi,0
T0003480,C0101,mid_weekend,2026-01-30 17:14:00.000000000,2805.29,Zomato,family_upi,0
T0003246,C0095,mid_weekend,2026-01-30 17:16:00.000000000,2852.7,IRCTC,self_upi,0
T0000271,C0008,mid_weekend,2026-01-30 17:20:00.000000000,2798.75,NewShop_23,self_upi,0
T0005289,C0154,high_business,2026-01-30 17:33:00.000000000,10749.57,AWS,vendor_x,0
T0003352,C0098,mid_weekend,2026-01-30 17:36:00.000000000,2950.04,Myntra,self_upi,0
T0003562,C0104,mid_weekend,2026-01-30 17:47:00.000000000,2913.29,Myntra,self_upi,0
T0005211,C0152,mid_weekend,2026-01-30 17:51:00.000000000,1917.71,IRCTC,family_upi,0
T0006182,C0177,low_evening_shopper,2026-01-30 18:11:00.000000000,424.19,BigBazaar,self_upi,0
T0001257,C0035,mid_weekend,2026-01-30 18:15:00.000000000,2686.97,NewShop_18,family_upi,0
T0005309,C0155,mid_weekend,2026-01-30 18:35:00.000000000,3181.11,Myntra,family_upi,0
T0004209,C0122,mid_weekend,2026-01-30 18:56:00.000000000,2552.99,Zomato,family_upi,0
T0004231,C0123,low_evening_shopper,2026-01-30 19:00:00.000000000,803.87,Amazon,self_upi,0
T0004385,C0128,mid_weekend,2026-01-30 19:00:00.000000000,2275.6,IRCTC,family_upi,0
T0005697,C0165,low_evening_shopper,2026-01-30 19:09:00.000000000,641.73,BigBazaar,friend_a,0
T0004676,C0137,mid_weekend,2026-01-30 19:12:00.000000000,2494.52,Myntra,self_upi,0
T0001678,C0048,low_evening_shopper,2026-01-30 19:13:00.000000000,704.39,LocalKirana,friend_a,0
T0003782,C0110,mid_weekend,2026-01-30 19:14:00.000000000,2821.77,BookMyShow,family_upi,0
T0001364,C0039,low_evening_shopper,2026-01-30 19:37:00.000000000,669.52,Swiggy,friend_a,0
T0005452,C0158,mid_weekend,2026-01-30 19:38:00.000000000,2440.88,NewShop_5,self_upi,0
T0005010,C0147,low_evening_shopper,2026-01-30 19:39:00.000000000,844.35,BigBazaar,self_upi,0
T0001158,C0032,mid_weekend,2026-01-30 19:42:00.000000000,2292.43,IRCTC,self_upi,0
T0001159,C0032,mid_weekend,2026-01-30 19:45:00.000000000,2760.87,Zomato,family_upi,0
T0000008,C0000,low_evening_shopper,2026-01-30 19:47:00.000000000,650.47,BigBazaar,self_upi,0
T0005091,C0149,mid_weekend,2026-01-30 19:49:00.000000000,3463.68,Zomato,family_upi,0
T0000070,C0002,mid_weekend,2026-01-30 19:50:00.000000000,2654.94,IRCTC,family_upi,0
T0003247,C0095,mid_weekend,2026-01-30 19:51:00.000000000,2838.25,Zomato,self_upi,0
T0002479,C0072,low_evening_shopper,2026-01-30 19:59:00.000000000,734.8,BigBazaar,friend_a,0
T0002585,C0076,high_business,2026-01-30 20:00:00.000000000,8091.12,OfficeSupplies,payroll,0
T0001089,C0030,low_evening_shopper,2026-01-30 20:00:00.000000000,623.27,Swiggy,friend_a,0
T0002861,C0084,low_evening_shopper,2026-01-30 20:01:00.000000000,559.37,LocalKirana,friend_a,0
T0002976,C0087,low_evening_shopper,2026-01-30 20:07:00.000000000,972.26,BigBazaar,self_upi,0
T0000219,C0006,low_evening_shopper,2026-01-30 20:07:00.000000000,575.06,LocalKirana,friend_a,0
T0005914,C0170,mid_weekend,2026-01-30 20:12:00.000000000,2137.56,Myntra,self_upi,0
T0005824,C0168,low_evening_shopper,2026-01-30 20:13:00.000000000,2844.22,LocalKirana,self_upi,0
T0001429,C0042,low_evening_shopper,2026-01-30 20:13:00.000000000,1088.55,Swiggy,self_upi,0
T0005592,C0162,low_evening_shopper,2026-01-30 20:24:00.000000000,601.0,Amazon,self_upi,0
T0000947,C0026,mid_weekend,2026-01-30 20:25:00.000000000,3010.29,BookMyShow,family_upi,0
T0000435,C0012,low_evening_shopper,2026-01-30 20:35:00.000000000,2284.5,BigBazaar,friend_a,0
T0004322,C0126,low_evening_shopper,2026-01-30 20:36:00.000000000,761.14,Amazon,friend_a,0
T0005121,C0150,low_evening_shopper,2026-01-30 20:48:00.000000000,835.23,BigBazaar,self_upi,0
T0002050,C0060,low_evening_shopper,2026-01-30 20:58:00.000000000,641.69,Swiggy,self_upi,0
T0001513,C0044,mid_weekend,2026-01-30 21:02:00.000000000,2023.45,NewShop_24,self_upi,0
T0000991,C0027,low_evening_shopper,2026-01-30 21:20:00.000000000,662.15,Swiggy,self_upi,0
T0000178,C0005,mid_weekend,2026-01-30 21:20:00.000000000,2781.13,BookMyShow,self_upi,0
T0002759,C0081,low_evening_shopper,2026-01-30 21:22:00.000000000,509.07,BigBazaar,self_upi,0
T0003699,C0108,low_evening_shopper,2026-01-30 21:23:00.000000000,625.67,Swiggy,self_upi,0
T0000101,C0003,low_evening_shopper,2026-01-30 21:27:00.000000000,815.13,BigBazaar,friend_a,0
T0002051,C0060,low_evening_shopper,2026-01-30 21:49:00.000000000,1181.77,LocalKirana,self_upi,0
T0002256,C0066,low_evening_shopper,2026-01-30 21:59:00.000000000,637.41,NewShop_24,self_upi,0
T0002421,C0070,high_business,2026-01-30 22:05:00.000000000,9014.45,TajHotels,payroll,0
T0002542,C0075,low_evening_shopper,2026-01-30 22:12:00.000000000,748.46,Amazon,self_upi,0
T0003502,C0102,low_evening_shopper,2026-01-30 22:28:00.000000000,721.01,Swiggy,self_upi,0
T0003086,C0090,low_evening_shopper,2026-01-30 22:36:00.000000000,345.13,LocalKirana,self_upi,0
T0000669,C0018,low_evening_shopper,2026-01-30 22:42:00.000000000,568.47,Amazon,self_upi,0
T0001183,C0033,low_evening_shopper,2026-01-30 22:54:00.000000000,933.69,BigBazaar,friend_a,0
T0004061,C0117,low_evening_shopper,2026-01-30 23:26:00.000000000,987.77,Swiggy,friend_a,0
T0002692,C0079,high_business,2026-01-31 07:32:00.000000000,10855.85,AWS,payroll,0
T0004277,C0124,high_business,2026-01-31 08:05:00.000000000,11576.3,AWS,vendor_x,0
T0005290,C0154,high_business,2026-01-31 08:21:00.000000000,16748.44,AWS,self_neft,0
T0006452,C0070,high_business,2026-01-31 08:30:00.783806573,48870.92,P2P_6,new_wallet_3073,1
T0002794,C0082,high_business,2026-01-31 08:32:00.000000000,13115.99,TajHotels,self_neft,0
T0002690,C0079,high_business,2026-01-31 08:42:00.000000000,17437.11,TajHotels,self_neft,0
T0005778,C0167,mid_weekend,2026-01-31 09:13:00.000000000,2538.36,Myntra,family_upi,0
T0005180,C0151,high_business,2026-01-31 09:31:00.000000000,11273.3,OfficeSupplies,payroll,0
T0000831,C0022,high_business,2026-01-31 09:31:00.000000000,13072.01,OfficeSupplies,payroll,0
T0000048,C0001,high_business,2026-01-31 09:40:00.000000000,11631.18,AWS,vendor_x,0
T0002694,C0079,high_business,2026-01-31 09:40:00.000000000,12792.52,Indigo,vendor_x,0
T0000457,C0013,high_business,2026-01-31 09:42:00.000000000,11430.59,Indigo,payroll,0
T0004279,C0124,high_business,2026-01-31 09:51:00.000000000,12746.16,OfficeSupplies,self_neft,0
T0000828,C0022,high_business,2026-01-31 10:09:00.000000000,15877.94,OfficeSupplies,payroll,0
T0003912,C0113,mid_weekend,2026-01-31 10:11:00.000000000,2234.25,Myntra,self_upi,0
T0003634,C0106,high_business,2026-01-31 10:16:00.000000000,40929.77,OfficeSupplies,vendor_x,0
T0002693,C0079,high_business,2026-01-31 10:25:00.000000000,11129.88,AWS,payroll,0
T0002691,C0079,high_business,2026-01-31 10:34:00.000000000,10424.76,Indigo,vendor_x,0
T0000829,C0022,high_business,2026-01-31 10:57:00.000000000,13795.87,AWS,self_neft,0
T0000456,C0013,high_business,2026-01-31 11:01:00.000000000,13760.48,AWS,payroll,0
T0001139,C0031,high_business,2026-01-31 11:05:00.000000000,11667.78,AWS,self_neft,0
T0002793,C0082,high_business,2026-01-31 11:11:00.000000000,13992.49,OfficeSupplies,payroll,0
T0002795,C0082,high_business,2026-01-31 11:25:00.000000000,12655.88,AWS,payroll,0
T0001815,C0052,high_business,2026-01-31 11:25:00.000000000,15155.78,TajHotels,payroll,0
T0000830,C0022,high_business,2026-01-31 11:36:00.000000000,9541.05,Indigo,payroll,0
T0000827,C0022,high_business,2026-01-31 11:37:00.000000000,11572.42,OfficeSupplies,payroll,0
T0000511,C0014,mid_weekend,2026-01-31 11:37:00.000000000,1789.74,IRCTC,family_upi,0
T0001745,C0050,mid_weekend,2026-01-31 11:39:00.000000000,3202.78,Myntra,self_upi,0
T0000455,C0013,high_business,2026-01-31 11:45:00.000000000,11066.39,Indigo,vendor_x,0
T0003760,C0109,high_business,2026-01-31 11:48:00.000000000,11610.37,TajHotels,self_neft,0
T0001230,C0034,high_business,2026-01-31 11:49:00.000000000,10968.52,Indigo,self_neft,0
T0005453,C0158,mid_weekend,2026-01-31 11:50:00.000000000,2632.96,IRCTC,family_upi,0
T0004593,C0134,mid_weekend,2026-01-31 12:06:00.000000000,2763.95,IRCTC,self_upi,0
T0003248,C0095,mid_weekend,2026-01-31 12:18:00.000000000,2068.27,IRCTC,self_upi,0
T0004278,C0124,high_business,2026-01-31 12:21:00.000000000,12026.62,Indigo,vendor_x,0
T0005684,C0164,mid_weekend,2026-01-31 12:25:00.000000000,2980.07,Myntra,family_upi,0
T0005428,C0157,high_business,2026-01-31 12:26:00.000000000,13505.76,TajHotels,vendor_x,0
T0003249,C0095,mid_weekend,2026-01-31 12:29:00.000000000,1520.61,Myntra,self_upi,0
T0004276,C0124,high_business,2026-01-31 12:30:00.000000000,15413.04,AWS,payroll,0
T0000833,C0022,high_business,2026-01-31 12:30:00.000000000,18429.83,TajHotels,self_neft,0
T0000832,C0022,high_business,2026-01-31 12:31:00.000000000,11693.31,Indigo,vendor_x,0
T0000046,C0001,high_business,2026-01-31 12:33:00.000000000,16040.52,OfficeSupplies,payroll,0
T0001231,C0034,high_business,2026-01-31 12:34:00.000000000,12464.03,AWS,self_neft,0
T0001229,C0034,high_business,2026-01-31 12:35:00.000000000,11715.32,AWS,payroll,0
T0004275,C0124,high_business,2026-01-31 12:38:00.000000000,11286.98,OfficeSupplies,self_neft,0
T0000047,C0001,high_business,2026-01-31 12:43:00.000000000,10572.64,AWS,vendor_x,0
T0004845,C0142,high_business,2026-01-31 12:48:00.000000000,32533.88,AWS,self_neft,0
T0000458,C0013,high_business,2026-01-31 12:58:00.000000000,15406.15,TajHotels,vendor_x,0
T0005753,C0166,high_business,2026-01-31 13:06:00.000000000,8169.47,Indigo,payroll,0
T0003676,C0107,mid_weekend,2026-01-31 13:10:00.000000000,2613.25,IRCTC,family_upi,0
T0005899,C0169,high_business,2026-01-31 13:11:00.000000000,13159.16,Indigo,vendor_x,0
T0003759,C0109,high_business,2026-01-31 13:14:00.000000000,17069.52,Indigo,vendor_x,0
T0001816,C0052,high_business,2026-01-31 13:23:00.000000000,12213.17,TajHotels,payroll,0
T0002422,C0070,high_business,2026-01-31 13:24:00.000000000,11730.34,NewShop_9,vendor_x,0
T0005575,C0161,mid_weekend,2026-01-31 13:31:00.000000000,1611.27,IRCTC,self_upi,0
T0003483,C0101,mid_weekend,2026-01-31 13:42:00.000000000,2611.24,IRCTC,family_upi,0
T0000072,C0002,mid_weekend,2026-01-31 13:51:00.000000000,2392.46,BookMyShow,family_upi,0
T0002695,C0079,high_business,2026-01-31 13:55:00.000000000,11544.42,OfficeSupplies,vendor_x,0
T0000354,C0010,high_business,2026-01-31 14:05:00.000000000,7566.46,Indigo,vendor_x,0
T0000636,C0017,mid_weekend,2026-01-31 14:06:00.000000000,2515.16,Myntra,self_upi,0
T0000049,C0001,high_business,2026-01-31 14:10:00.000000000,9944.37,Indigo,payroll,0
T0004280,C0124,high_business,2026-01-31 14:31:00.000000000,9995.93,AWS,self_neft,0
T0005212,C0152,mid_weekend,2026-01-31 14:37:00.000000000,2596.99,Myntra,self_upi,0
T0001421,C0041,mid_weekend,2026-01-31 14:52:00.000000000,1377.33,Zomato,self_upi,0
T0001258,C0035,mid_weekend,2026-01-31 15:10:00.000000000,2559.96,Zomato,self_upi,0
T0004678,C0137,mid_weekend,2026-01-31 15:11:00.000000000,2373.0,Zomato,family_upi,0
T0003633,C0106,high_business,2026-01-31 15:14:00.000000000,10086.14,TajHotels,payroll,0
T0001873,C0054,low_evening_shopper,2026-01-31 15:31:00.000000000,353.9,LocalKirana,friend_a,0
T0004040,C0116,mid_weekend,2026-01-31 15:44:00.000000000,2190.43,Myntra,self_upi,0
T0002125,C0062,mid_weekend,2026-01-31 15:45:00.000000000,2547.64,Myntra,family_upi,0
T0004387,C0128,mid_weekend,2026-01-31 15:48:00.000000000,3443.44,BookMyShow,self_upi,0
T0004112,C0119,mid_weekend,2026-01-31 15:49:00.000000000,3111.15,Zomato,family_upi,0
T0005915,C0170,mid_weekend,2026-01-31 15:49:00.000000000,1498.83,Zomato,self_upi,0
T0004482,C0131,mid_weekend,2026-01-31 16:02:00.000000000,2764.36,IRCTC,family_upi,0
T0000512,C0014,mid_weekend,2026-01-31 16:04:00.000000000,2837.71,BookMyShow,family_upi,0
T0000948,C0026,mid_weekend,2026-01-31 16:07:00.000000000,7473.62,BookMyShow,self_upi,0
T0006013,C0173,mid_weekend,2026-01-31 16:09:00.000000000,6697.18,BookMyShow,self_upi,0
T0000179,C0005,mid_weekend,2026-01-31 16:12:00.000000000,6526.37,BookMyShow,family_upi,0
T0002724,C0080,mid_weekend,2026-01-31 16:20:00.000000000,2248.09,Zomato,self_upi,0
T0000272,C0008,mid_weekend,2026-01-31 16:29:00.000000000,2849.86,IRCTC,self_upi,0
T0005429,C0157,high_business,2026-01-31 16:42:00.000000000,29900.7,Indigo,self_neft,0
T0002335,C0068,mid_weekend,2026-01-31 16:46:00.000000000,2536.81,Myntra,family_upi,0
T0004677,C0137,mid_weekend,2026-01-31 16:48:00.000000000,2840.51,Myntra,self_upi,0
T0002452,C0071,mid_weekend,2026-01-31 17:00:00.000000000,1892.5,IRCTC,self_upi,0
T0004386,C0128,mid_weekend,2026-01-31 17:01:00.000000000,2710.77,BookMyShow,self_upi,0
T0004041,C0116,mid_weekend,2026-01-31 17:03:00.000000000,846.76,Zomato,family_upi,0
T0003563,C0104,mid_weekend,2026-01-31 17:13:00.000000000,2391.02,Myntra,family_upi,0
T0001514,C0044,mid_weekend,2026-01-31 17:28:00.000000000,1765.85,BookMyShow,family_upi,0
T0003353,C0098,mid_weekend,2026-01-31 17:39:00.000000000,2094.87,Myntra,family_upi,0
T0002480,C0072,low_evening_shopper,2026-01-31 17:52:00.000000000,1087.32,Swiggy,self_upi,0
T0000180,C0005,mid_weekend,2026-01-31 17:57:00.000000000,6386.29,IRCTC,family_upi,0
T0005593,C0162,low_evening_shopper,2026-01-31 17:57:00.000000000,902.59,LocalKirana,friend_a,0
T0006012,C0173,mid_weekend,2026-01-31 18:06:00.000000000,2736.68,Myntra,self_upi,0
T0000220,C0006,low_evening_shopper,2026-01-31 18:20:00.000000000,383.23,LocalKirana,self_upi,0
T0001951,C0057,low_evening_shopper,2026-01-31 18:25:00.000000000,1023.59,LocalKirana,self_upi,0
T0000857,C0023,mid_weekend,2026-01-31 18:25:00.000000000,2334.25,BookMyShow,family_upi,0
T0005092,C0149,mid_weekend,2026-01-31 18:50:00.000000000,2245.24,NewShop_12,family_upi,0
T0004977,C0146,mid_weekend,2026-01-31 18:55:00.000000000,2454.6,Zomato,family_upi,0
T0001952,C0057,low_evening_shopper,2026-01-31 19:02:00.000000000,535.35,BigBazaar,friend_a,0
T0004483,C0131,mid_weekend,2026-01-31 19:08:00.000000000,2716.16,NewShop_29,family_upi,0
T0005498,C0159,low_evening_shopper,2026-01-31 19:37:00.000000000,857.72,LocalKirana,friend_a,0
T0005011,C0147,low_evening_shopper,2026-01-31 19:38:00.000000000,506.13,NewShop_28,friend_a,0
T0004976,C0146,mid_weekend,2026-01-31 19:41:00.000000000,2323.3,BookMyShow,family_upi,0
T0004408,C0129,low_evening_shopper,2026-01-31 19:43:00.000000000,466.61,Amazon,friend_a,0
T0005683,C0164,mid_weekend,2026-01-31 19:45:00.000000000,3299.13,BookMyShow,family_upi,0
T0001430,C0042,low_evening_shopper,2026-01-31 19:50:00.000000000,1059.45,Amazon,friend_a,0
T0001679,C0048,low_evening_shopper,2026-01-31 19:55:00.000000000,360.56,LocalKirana,friend_a,0
T0004323,C0126,low_evening_shopper,2026-01-31 19:58:00.000000000,1035.55,LocalKirana,self_upi,0
T0004299,C0125,mid_weekend,2026-01-31 20:14:00.000000000,3809.25,Myntra,family_upi,0
T0004232,C0123,low_evening_shopper,2026-01-31 20:46:00.000000000,605.72,NewShop_14,friend_a,0
T0005122,C0150,low_evening_shopper,2026-01-31 20:47:00.000000000,1036.54,BigBazaar,self_upi,0
T0003700,C0108,low_evening_shopper,2026-01-31 21:25:00.000000000,2688.13,Amazon,friend_a,0
T0003503,C0102,low_evening_shopper,2026-01-31 21:25:00.000000000,690.45,Swiggy,friend_a,0
T0000895,C0024,low_evening_shopper,2026-01-31 21:27:00.000000000,556.3,Amazon,self_upi,0
T0006183,C0177,low_evening_shopper,2026-01-31 21:32:00.000000000,652.64,BigBazaar,self_upi,0
T0003482,C0101,mid_weekend,2026-01-31 21:35:00.000000000,3063.11,BookMyShow,self_upi,0
T0000102,C0003,low_evening_shopper,2026-01-31 21:44:00.000000000,715.05,Swiggy,friend_a,0
T0002528,C0074,mid_weekend,2026-01-31 21:46:00.000000000,2196.11,IRCTC,self_upi,0
T0001090,C0030,low_evening_shopper,2026-01-31 21:55:00.000000000,727.43,LocalKirana,self_upi,0
T0002150,C0063,low_evening_shopper,2026-01-31 22:17:00.000000000,1099.37,LocalKirana,self_upi,0
T0004517,C0132,low_evening_shopper,2026-01-31 23:08:00.000000000,452.54,LocalKirana,friend_a,0
T0001562,C0045,low_evening_shopper,2026-01-31 23:36:00.000000000,734.94,Amazon,self_upi,0
T0006393,C0113,mid_weekend,2026-02-01 01:47:00.161015462,8274.35,NightPOS_6,self_upi,1
T0006433,C0124,high_business,2026-02-01 02:58:00.741658775,94555.01,UnknownStore_22,new_wallet_9740,1
T0003783,C0110,mid_weekend,2026-02-01 03:39:00.000000000,8564.66,Zomato,family_upi,0
T0003564,C0104,mid_weekend,2026-02-01 05:40:00.000000000,2617.52,BookMyShow,self_upi,0
T0002698,C0079,high_business,2026-02-01 07:01:00.000000000,13422.83,NewShop_39,payroll,0
T0006419,C0052,high_business,2026-02-01 08:03:00.950007416,78546.46,Indigo,self_neft,1
T0000157,C0004,high_business,2026-02-01 08:20:00.000000000,12371.57,Indigo,self_neft,0
T0006252,C0178,high_business,2026-02-01 08:24:00.000000000,13471.37,OfficeSupplies,vendor_x,0
T0000355,C0010,high_business,2026-02-01 08:50:00.000000000,32185.97,TajHotels,payroll,0
T0000834,C0022,high_business,2026-02-01 09:21:00.000000000,9855.55,TajHotels,vendor_x,0
T0001817,C0052,high_business,2026-02-01 09:26:00.000000000,9742.34,OfficeSupplies,self_neft,0
T0004577,C0133,high_business,2026-02-01 09:43:00.000000000,12553.87,Indigo,vendor_x,0
T0005652,C0163,high_business,2026-02-01 10:03:00.000000000,16161.45,OfficeSupplies,vendor_x,0
T0004679,C0137,mid_weekend,2026-02-01 10:18:00.000000000,2519.88,Zomato,family_upi,0
T0004113,C0119,mid_weekend,2026-02-01 10:20:00.000000000,2279.33,IRCTC,family_upi,0
T0002320,C0067,high_business,2026-02-01 10:37:00.000000000,14270.54,TajHotels,self_neft,0
T0000156,C0004,high_business,2026-02-01 10:44:00.000000000,11091.04,TajHotels,payroll,0
T0005650,C0163,high_business,2026-02-01 10:50:00.000000000,11804.62,OfficeSupplies,self_neft,0
T0003636,C0106,high_business,2026-02-01 10:57:00.000000000,13678.72,OfficeSupplies,vendor_x,0
T0005780,C0167,mid_weekend,2026-02-01 11:14:00.000000000,8784.54,IRCTC,family_upi,0
T0003040,C0089,mid_weekend,2026-02-01 11:15:00.000000000,2671.53,BookMyShow,self_upi,0
T0005900,C0169,high_business,2026-02-01 11:23:00.000000000,13252.38,AWS,self_neft,0
T0000356,C0010,high_business,2026-02-01 11:24:00.000000000,15497.84,TajHotels,payroll,0
T0002095,C0061,high_business,2026-02-01 11:30:00.000000000,15697.41,AWS,self_neft,0
T0001818,C0052,high_business,2026-02-01 11:31:00.000000000,10867.0,AWS,payroll,0
T0002336,C0068,mid_weekend,2026-02-01 11:37:00.000000000,2336.07,Zomato,self_upi,0
T0001140,C0031,high_business,2026-02-01 11:44:00.000000000,14040.57,OfficeSupplies,vendor_x,0
T0003635,C0106,high_business,2026-02-01 11:47:00.000000000,29179.15,Indigo,vendor_x,0
T0004388,C0128,mid_weekend,2026-02-01 11:47:00.000000000,2748.34,Zomato,self_upi,0
T0004004,C0115,high_business,2026-02-01 11:49:00.000000000,9374.77,NewShop_23,vendor_x,0
T0005651,C0163,high_business,2026-02-01 11:55:00.000000000,28047.36,TajHotels,payroll,0
T0005292,C0154,high_business,2026-02-01 11:56:00.000000000,16566.2,OfficeSupplies,payroll,0
T0005430,C0157,high_business,2026-02-01 12:00:00.000000000,30330.27,OfficeSupplies,self_neft,0
T0002586,C0076,high_business,2026-02-01 12:13:00.000000000,15001.54,OfficeSupplies,payroll,0
T0006145,C0176,mid_weekend,2026-02-01 12:19:00.000000000,1642.28,Myntra,self_upi,0
T0003251,C0095,mid_weekend,2026-02-01 12:48:00.000000000,1836.24,Zomato,self_upi,0
T0002423,C0070,high_business,2026-02-01 13:00:00.000000000,13814.58,Indigo,vendor_x,0
T0005213,C0152,mid_weekend,2026-02-01 13:01:00.000000000,2383.98,Zomato,self_upi,0
T0001746,C0050,mid_weekend,2026-02-01 13:02:00.000000000,1923.23,Myntra,self_upi,0
T0004281,C0124,high_business,2026-02-01 13:06:00.000000000,11556.8,OfficeSupplies,vendor_x,0
T0005973,C0172,high_business,2026-02-01 13:25:00.000000000,14398.68,Indigo,vendor_x,0
T0000050,C0001,high_business,2026-02-01 13:46:00.000000000,13385.29,AWS,self_neft,0
T0000459,C0013,high_business,2026-02-01 13:51:00.000000000,13376.08,TajHotels,payroll,0
T0002699,C0079,high_business,2026-02-01 13:51:00.000000000,27789.37,TajHotels,payroll,0
T0003913,C0113,mid_weekend,2026-02-01 14:08:00.000000000,2401.76,BookMyShow,family_upi,0
T0002696,C0079,high_business,2026-02-01 14:16:00.000000000,8244.87,OfficeSupplies,payroll,0
T0003250,C0095,mid_weekend,2026-02-01 14:17:00.000000000,2630.27,NewShop_26,family_upi,0
T0003784,C0110,mid_weekend,2026-02-01 14:29:00.000000000,2618.92,Myntra,family_upi,0
T0006014,C0173,mid_weekend,2026-02-01 14:40:00.000000000,1687.8,BookMyShow,family_upi,0
T0002697,C0079,high_business,2026-02-01 14:52:00.000000000,10885.19,AWS,self_neft,0
T0001160,C0032,mid_weekend,2026-02-01 14:55:00.000000000,1602.1,Myntra,self_upi,0
T0001161,C0032,mid_weekend,2026-02-01 15:09:00.000000000,2763.04,IRCTC,self_upi,0
T0003565,C0104,mid_weekend,2026-02-01 15:21:00.000000000,2948.85,IRCTC,self_upi,0
T0003041,C0089,mid_weekend,2026-02-01 15:26:00.000000000,2458.98,BookMyShow,self_upi,0
T0004042,C0116,mid_weekend,2026-02-01 15:31:00.000000000,2597.05,Zomato,self_upi,0
T0002337,C0068,mid_weekend,2026-02-01 15:34:00.000000000,2667.18,Zomato,family_upi,0
T0004389,C0128,mid_weekend,2026-02-01 15:34:00.000000000,2050.02,IRCTC,self_upi,0
T0002587,C0076,high_business,2026-02-01 15:45:00.000000000,8320.4,AWS,vendor_x,0
T0000949,C0026,mid_weekend,2026-02-01 15:52:00.000000000,2451.47,Zomato,family_upi,0
T0003484,C0101,mid_weekend,2026-02-01 15:59:00.000000000,9634.92,Myntra,self_upi,0
T0000513,C0014,mid_weekend,2026-02-01 16:11:00.000000000,2691.73,Myntra,self_upi,0
T0002819,C0083,mid_weekend,2026-02-01 16:32:00.000000000,2555.8,BookMyShow,self_upi,0
T0005291,C0154,high_business,2026-02-01 16:35:00.000000000,10132.51,OfficeSupplies,self_neft,0
T0003252,C0095,mid_weekend,2026-02-01 16:43:00.000000000,2626.63,NewShop_20,self_upi,0
T0001515,C0044,mid_weekend,2026-02-01 16:51:00.000000000,1830.38,Zomato,self_upi,0
T0001854,C0053,mid_weekend,2026-02-01 16:51:00.000000000,2247.72,BookMyShow,self_upi,0
T0005916,C0170,mid_weekend,2026-02-01 16:52:00.000000000,1857.96,IRCTC,family_upi,0
T0004409,C0129,low_evening_shopper,2026-02-01 16:53:00.000000000,816.73,LocalKirana,friend_a,0
T0005779,C0167,mid_weekend,2026-02-01 16:59:00.000000000,3334.92,BookMyShow,family_upi,0
T0001341,C0038,mid_weekend,2026-02-01 17:08:00.000000000,7659.95,BookMyShow,family_upi,0
T0006360,C0128,mid_weekend,2026-02-01 17:30:00.199934037,9640.5,Zomato,family_upi,1
T0000073,C0002,mid_weekend,2026-02-01 17:40:00.000000000,2731.02,Myntra,family_upi,0
T0003567,C0104,mid_weekend,2026-02-01 17:42:00.000000000,3789.85,BookMyShow,family_upi,0
T0001184,C0033,low_evening_shopper,2026-02-01 17:43:00.000000000,1661.16,Swiggy,self_upi,0
T0003137,C0092,mid_weekend,2026-02-01 18:30:00.000000000,3221.44,Zomato,family_upi,0
T0001747,C0050,mid_weekend,2026-02-01 18:36:00.000000000,3249.55,BookMyShow,family_upi,0
T0006053,C0174,low_evening_shopper,2026-02-01 18:37:00.000000000,1432.28,Amazon,friend_a,0
T0004924,C0144,low_evening_shopper,2026-02-01 18:45:00.000000000,1004.51,LocalKirana,friend_a,0
T0003566,C0104,mid_weekend,2026-02-01 18:52:00.000000000,2006.49,Myntra,self_upi,0
T0004772,C0140,mid_weekend,2026-02-01 18:58:00.000000000,2522.95,BookMyShow,family_upi,0
T0001748,C0050,mid_weekend,2026-02-01 18:59:00.000000000,3447.52,IRCTC,family_upi,0
T0005310,C0155,mid_weekend,2026-02-01 19:00:00.000000000,2198.32,Myntra,self_upi,0
T0005781,C0167,mid_weekend,2026-02-01 19:05:00.000000000,2641.89,Zomato,self_upi,0
T0004210,C0122,mid_weekend,2026-02-01 19:08:00.000000000,3050.31,Myntra,self_upi,0
T0003504,C0102,low_evening_shopper,2026-02-01 19:11:00.000000000,630.12,Amazon,self_upi,0
T0003385,C0099,low_evening_shopper,2026-02-01 19:14:00.000000000,620.54,BigBazaar,friend_a,0
T0005499,C0159,low_evening_shopper,2026-02-01 19:15:00.000000000,590.3,BigBazaar,self_upi,0
T0005454,C0158,mid_weekend,2026-02-01 19:22:00.000000000,3155.75,Myntra,self_upi,0
T0002257,C0066,low_evening_shopper,2026-02-01 19:40:00.000000000,328.14,Amazon,friend_a,0
T0001365,C0039,low_evening_shopper,2026-02-01 19:49:00.000000000,572.55,LocalKirana,self_upi,0
T0001563,C0045,low_evening_shopper,2026-02-01 19:53:00.000000000,443.69,Swiggy,self_upi,0
T0000514,C0014,mid_weekend,2026-02-01 19:57:00.000000000,2046.61,BookMyShow,family_upi,0
T0000103,C0003,low_evening_shopper,2026-02-01 20:09:00.000000000,943.11,BigBazaar,self_upi,0
T0000777,C0021,low_evening_shopper,2026-02-01 20:10:00.000000000,782.93,LocalKirana,self_upi,0
T0000670,C0018,low_evening_shopper,2026-02-01 20:14:00.000000000,2663.72,Amazon,self_upi,0
T0004062,C0117,low_evening_shopper,2026-02-01 20:51:00.000000000,839.46,BigBazaar,self_upi,0
T0001874,C0054,low_evening_shopper,2026-02-01 20:53:00.000000000,661.3,Swiggy,friend_a,0
T0002234,C0065,mid_weekend,2026-02-01 20:54:00.000000000,2918.57,BookMyShow,family_upi,0
T0003815,C0111,low_evening_shopper,2026-02-01 21:07:00.000000000,520.62,BigBazaar,self_upi,0
T0005698,C0165,low_evening_shopper,2026-02-01 21:08:00.000000000,663.62,Amazon,friend_a,0
T0004324,C0126,low_evening_shopper,2026-02-01 21:09:00.000000000,668.56,Swiggy,self_upi,0
T0000637,C0017,mid_weekend,2026-02-01 21:16:00.000000000,2137.22,Myntra,family_upi,0
T0004616,C0135,low_evening_shopper,2026-02-01 21:20:00.000000000,804.6,Amazon,friend_a,0
T0002543,C0075,low_evening_shopper,2026-02-01 22:09:00.000000000,893.8,LocalKirana,self_upi,0
T0002977,C0087,low_evening_shopper,2026-02-01 22:10:00.000000000,828.7,LocalKirana,friend_a,0
T0001953,C0057,low_evening_shopper,2026-02-01 22:26:00.000000000,433.93,Amazon,friend_a,0
T0000221,C0006,low_evening_shopper,2026-02-01 23:43:00.000000000,914.45,BigBazaar,self_upi,0
T0000858,C0023,mid_weekend,2026-02-01 23:55:00.000000000,10749.31,BookMyShow,family_upi,0
T0001764,C0051,low_evening_shopper,2026-02-01 23:57:00.000000000,485.15,Amazon,friend_a,0
T0005975,C0172,high_business,2026-02-02 04:34:00.000000000,11732.98,AWS,self_neft,0
T0003761,C0109,high_business,2026-02-02 07:12:00.000000000,11483.72,AWS,payroll,0
T0001232,C0034,high_business,2026-02-02 07:14:00.000000000,10714.34,Indigo,vendor_x,0
T0000835,C0022,high_business,2026-02-02 07:17:00.000000000,8871.8,TajHotels,payroll,0
T0002427,C0070,high_business,2026-02-02 08:51:00.000000000,9552.98,OfficeSupplies,vendor_x,0
T0005296,C0154,high_business,2026-02-02 09:08:00.000000000,7904.58,OfficeSupplies,payroll,0
T0002426,C0070,high_business,2026-02-02 09:10:00.000000000,14187.39,OfficeSupplies,payroll,0
T0005294,C0154,high_business,2026-02-02 09:21:00.000000000,11713.36,TajHotels,self_neft,0
T0005432,C0157,high_business,2026-02-02 09:23:00.000000000,13042.06,TajHotels,vendor_x,0
T0000859,C0023,mid_weekend,2026-02-02 09:23:00.000000000,2173.41,Myntra,family_upi,0
T0004284,C0124,high_business,2026-02-02 09:41:00.000000000,11053.58,TajHotels,self_neft,0
T0005976,C0172,high_business,2026-02-02 09:55:00.000000000,11917.56,OfficeSupplies,self_neft,0
T0005293,C0154,high_business,2026-02-02 10:21:00.000000000,10360.74,Indigo,vendor_x,0
T0005183,C0151,high_business,2026-02-02 10:40:00.000000000,12214.23,OfficeSupplies,vendor_x,0
T0003677,C0107,mid_weekend,2026-02-02 10:42:00.000000000,2143.66,Myntra,family_upi,0
T0005685,C0164,mid_weekend,2026-02-02 10:46:00.000000000,2679.61,Zomato,family_upi,0
T0003455,C0100,high_business,2026-02-02 10:52:00.000000000,13572.79,OfficeSupplies,vendor_x,0
T0002321,C0067,high_business,2026-02-02 10:58:00.000000000,12200.72,NewShop_34,payroll,0
T0003914,C0113,mid_weekend,2026-02-02 11:00:00.000000000,2594.77,BookMyShow,self_upi,0
T0005295,C0154,high_business,2026-02-02 11:03:00.000000000,13461.91,OfficeSupplies,payroll,0
T0000460,C0013,high_business,2026-02-02 11:04:00.000000000,14223.37,TajHotels,vendor_x,0
T0002796,C0082,high_business,2026-02-02 11:21:00.000000000,11375.77,Indigo,vendor_x,0
T0005182,C0151,high_business,2026-02-02 11:38:00.000000000,7269.75,AWS,payroll,0
T0005297,C0154,high_business,2026-02-02 11:47:00.000000000,11754.0,TajHotels,payroll,0
T0005431,C0157,high_business,2026-02-02 11:48:00.000000000,11583.27,AWS,self_neft,0
T0004282,C0124,high_business,2026-02-02 11:53:00.000000000,11788.1,OfficeSupplies,payroll,0
T0000182,C0005,mid_weekend,2026-02-02 12:03:00.000000000,3297.18,BookMyShow,self_upi,0
T0004005,C0115,high_business,2026-02-02 12:09:00.000000000,14615.08,OfficeSupplies,payroll,0
T0001142,C0031,high_business,2026-02-02 12:10:00.000000000,12626.85,OfficeSupplies,payroll,0
T0004484,C0131,mid_weekend,2026-02-02 12:12:00.000000000,1846.57,BookMyShow,self_upi,0
T0004283,C0124,high_business,2026-02-02 12:18:00.000000000,10825.63,Indigo,vendor_x,0
T0001820,C0052,high_business,2026-02-02 12:22:00.000000000,13100.44,TajHotels,payroll,0
T0004846,C0142,high_business,2026-02-02 12:31:00.000000000,10686.88,AWS,self_neft,0
T0003454,C0100,high_business,2026-02-02 12:32:00.000000000,10472.03,OfficeSupplies,vendor_x,0
T0003785,C0110,mid_weekend,2026-02-02 12:41:00.000000000,3367.76,IRCTC,family_upi,0
T0003915,C0113,mid_weekend,2026-02-02 12:52:00.000000000,2844.93,BookMyShow,self_upi,0
T0003568,C0104,mid_weekend,2026-02-02 12:56:00.000000000,3002.86,IRCTC,self_upi,0
T0002428,C0070,high_business,2026-02-02 12:56:00.000000000,12404.55,NewShop_31,payroll,0
T0000461,C0013,high_business,2026-02-02 12:58:00.000000000,12223.77,TajHotels,vendor_x,0
T0004773,C0140,mid_weekend,2026-02-02 13:04:00.000000000,3157.27,BookMyShow,self_upi,0
T0001933,C0056,mid_weekend,2026-02-02 13:08:00.000000000,2332.57,Myntra,self_upi,0
T0002955,C0086,mid_weekend,2026-02-02 13:10:00.000000000,2894.0,IRCTC,family_upi,0
T0005783,C0167,mid_weekend,2026-02-02 13:26:00.000000000,3229.19,IRCTC,family_upi,0
T0002425,C0070,high_business,2026-02-02 13:27:00.000000000,26145.32,Indigo,payroll,0
T0000357,C0010,high_business,2026-02-02 13:41:00.000000000,9219.89,OfficeSupplies,vendor_x,0
T0005181,C0151,high_business,2026-02-02 13:42:00.000000000,14293.58,TajHotels,vendor_x,0
T0000639,C0017,mid_weekend,2026-02-02 13:43:00.000000000,3381.83,IRCTC,self_upi,0
T0005974,C0172,high_business,2026-02-02 13:54:00.000000000,18562.43,OfficeSupplies,self_neft,0
T0000462,C0013,high_business,2026-02-02 14:25:00.000000000,14508.69,AWS,vendor_x,0
T0006287,C0179,mid_weekend,2026-02-02 14:32:00.000000000,3015.08,Zomato,self_upi,0
T0001141,C0031,high_business,2026-02-02 14:34:00.000000000,15741.22,Indigo,self_neft,0
T0001819,C0052,high_business,2026-02-02 14:34:00.000000000,12725.34,Indigo,vendor_x,0
T0000181,C0005,mid_weekend,2026-02-02 14:42:00.000000000,2273.32,Myntra,self_upi,0
T0005686,C0164,mid_weekend,2026-02-02 14:51:00.000000000,2751.14,Zomato,family_upi,0
T0002424,C0070,high_business,2026-02-02 14:53:00.000000000,9573.3,Indigo,payroll,0
T0004884,C0143,mid_weekend,2026-02-02 15:19:00.000000000,2571.76,Myntra,self_upi,0
T0003354,C0098,mid_weekend,2026-02-02 15:19:00.000000000,2401.54,IRCTC,family_upi,0
T0003637,C0106,high_business,2026-02-02 15:33:00.000000000,14839.45,AWS,payroll,0
T0004978,C0146,mid_weekend,2026-02-02 15:35:00.000000000,2844.82,IRCTC,self_upi,0
T0002096,C0061,high_business,2026-02-02 15:36:00.000000000,8782.65,OfficeSupplies,payroll,0
T0000638,C0017,mid_weekend,2026-02-02 15:38:00.000000000,1085.51,Zomato,self_upi,0
T0001163,C0032,mid_weekend,2026-02-02 15:47:00.000000000,3226.8,NewShop_22,self_upi,0
T0002529,C0074,mid_weekend,2026-02-02 15:51:00.000000000,2758.82,IRCTC,family_upi,0
T0005784,C0167,mid_weekend,2026-02-02 16:33:00.000000000,2708.11,IRCTC,family_upi,0
T0003453,C0100,high_business,2026-02-02 16:43:00.000000000,13101.37,NewShop_18,payroll,0
T0003253,C0095,mid_weekend,2026-02-02 16:45:00.000000000,2638.29,NewShop_20,family_upi,0
T0006015,C0173,mid_weekend,2026-02-02 17:11:00.000000000,2149.66,Myntra,self_upi,0
T0005785,C0167,mid_weekend,2026-02-02 17:27:00.000000000,2039.23,BookMyShow,self_upi,0
T0000104,C0003,low_evening_shopper,2026-02-02 18:15:00.000000000,685.65,BigBazaar,friend_a,0
T0001855,C0053,mid_weekend,2026-02-02 18:22:00.000000000,2434.46,BookMyShow,self_upi,0
T0003138,C0092,mid_weekend,2026-02-02 18:27:00.000000000,2646.13,BookMyShow,family_upi,0
T0005782,C0167,mid_weekend,2026-02-02 18:31:00.000000000,2393.94,BookMyShow,family_upi,0
T0002126,C0062,mid_weekend,2026-02-02 18:53:00.000000000,3239.21,BookMyShow,family_upi,0
T0000730,C0020,mid_weekend,2026-02-02 19:23:00.000000000,1575.36,IRCTC,family_upi,0
T0003087,C0090,low_evening_shopper,2026-02-02 19:29:00.000000000,828.15,BigBazaar,friend_a,0
T0004617,C0135,low_evening_shopper,2026-02-02 19:33:00.000000000,608.96,Amazon,friend_a,0
T0001954,C0057,low_evening_shopper,2026-02-02 19:41:00.000000000,787.65,BigBazaar,friend_a,0
T0002258,C0066,low_evening_shopper,2026-02-02 19:43:00.000000000,623.08,Swiggy,self_upi,0
T0001162,C0032,mid_weekend,2026-02-02 20:08:00.000000000,1682.11,IRCTC,self_upi,0
T0005500,C0159,low_evening_shopper,2026-02-02 20:09:00.000000000,787.57,BigBazaar,self_upi,0
T0004925,C0144,low_evening_shopper,2026-02-02 20:12:00.000000000,520.35,Amazon,self_upi,0
T0000992,C0027,low_evening_shopper,2026-02-02 20:15:00.000000000,739.58,Amazon,friend_a,0
T0002640,C0078,low_evening_shopper,2026-02-02 20:17:00.000000000,637.25,Amazon,self_upi,0
T0005786,C0167,mid_weekend,2026-02-02 20:18:00.000000000,3371.94,IRCTC,self_upi,0
T0001516,C0044,mid_weekend,2026-02-02 20:24:00.000000000,2399.46,Myntra,family_upi,0
T0000436,C0012,low_evening_shopper,2026-02-02 20:39:00.000000000,1071.12,LocalKirana,self_upi,0
T0006184,C0177,low_evening_shopper,2026-02-02 20:43:00.000000000,809.48,Swiggy,self_upi,0
T0002700,C0079,high_business,2026-02-02 20:45:00.000000000,9856.17,OfficeSupplies,payroll,0
T0003816,C0111,low_evening_shopper,2026-02-02 20:50:00.000000000,775.98,Swiggy,friend_a,0
T0003283,C0096,low_evening_shopper,2026-02-02 20:55:00.000000000,730.37,Swiggy,friend_a,0
T0004390,C0128,mid_weekend,2026-02-02 21:01:00.000000000,5321.93,BookMyShow,self_upi,0
T0004410,C0129,low_evening_shopper,2026-02-02 21:16:00.000000000,964.19,Swiggy,self_upi,0
T0003386,C0099,low_evening_shopper,2026-02-02 21:25:00.000000000,583.22,Amazon,friend_a,0
T0003596,C0105,low_evening_shopper,2026-02-02 21:30:00.000000000,569.1,BigBazaar,friend_a,0
T0004518,C0132,low_evening_shopper,2026-02-02 21:35:00.000000000,584.73,Swiggy,self_upi,0
T0004130,C0120,low_evening_shopper,2026-02-02 21:43:00.000000000,556.24,BigBazaar,self_upi,0
T0004300,C0125,mid_weekend,2026-02-02 21:57:00.000000000,1374.51,Myntra,self_upi,0
T0001091,C0030,low_evening_shopper,2026-02-02 22:26:00.000000000,733.59,Swiggy,friend_a,0
T0000778,C0021,low_evening_shopper,2026-02-02 22:37:00.000000000,609.62,Swiggy,friend_a,0
T0001185,C0033,low_evening_shopper,2026-02-02 22:40:00.000000000,639.63,Swiggy,self_upi,0
T0001259,C0035,mid_weekend,2026-02-02 22:53:00.000000000,2452.62,IRCTC,family_upi,0
T0006253,C0178,high_business,2026-02-02 23:42:00.000000000,11908.93,AWS,self_neft,0
T0006384,C0144,low_evening_shopper,2026-02-03 01:42:00.079278270,1520.82,NightPOS_36,friend_a,1
T0000358,C0010,high_business,2026-02-03 05:17:00.000000000,41680.25,OfficeSupplies,vendor_x,0
T0002530,C0074,mid_weekend,2026-02-03 05:26:00.000000000,2554.72,BookMyShow,family_upi,0
T0000055,C0001,high_business,2026-02-03 06:14:00.000000000,13873.58,OfficeSupplies,self_neft,0
T0000184,C0005,mid_weekend,2026-02-03 06:32:00.000000000,2309.54,IRCTC,family_upi,0
T0005243,C0153,low_evening_shopper,2026-02-03 06:58:00.000000000,452.88,LocalKirana,friend_a,0
T0002430,C0070,high_business,2026-02-03 08:42:00.000000000,12605.69,TajHotels,payroll,0
T0005978,C0172,high_business,2026-02-03 09:47:00.000000000,15127.18,OfficeSupplies,payroll,0
T0000056,C0001,high_business,2026-02-03 09:55:00.000000000,15383.96,Indigo,payroll,0
T0000054,C0001,high_business,2026-02-03 10:01:00.000000000,30503.38,TajHotels,vendor_x,0
T0000057,C0001,high_business,2026-02-03 10:05:00.000000000,53948.87,NewShop_24,self_neft,0
T0006254,C0178,high_business,2026-02-03 10:19:00.000000000,11490.07,TajHotels,payroll,0
T0004008,C0115,high_business,2026-02-03 10:35:00.000000000,13129.84,TajHotels,vendor_x,0
T0000183,C0005,mid_weekend,2026-02-03 10:37:00.000000000,2718.72,Zomato,family_upi,0
T0005184,C0151,high_business,2026-02-03 10:46:00.000000000,11181.71,OfficeSupplies,payroll,0
T0005754,C0166,high_business,2026-02-03 10:48:00.000000000,9195.43,OfficeSupplies,vendor_x,0
T0004007,C0115,high_business,2026-02-03 10:49:00.000000000,10910.03,TajHotels,vendor_x,0
T0004009,C0115,high_business,2026-02-03 11:01:00.000000000,8904.33,OfficeSupplies,vendor_x,0
T0000836,C0022,high_business,2026-02-03 11:02:00.000000000,14476.9,Indigo,payroll,0
T0004847,C0142,high_business,2026-02-03 11:04:00.000000000,12699.85,AWS,self_neft,0
T0000051,C0001,high_business,2026-02-03 11:05:00.000000000,7994.35,AWS,payroll,0
T0002588,C0076,high_business,2026-02-03 11:09:00.000000000,12147.04,Indigo,self_neft,0
T0000515,C0014,mid_weekend,2026-02-03 11:12:00.000000000,1096.15,Zomato,family_upi,0
T0003638,C0106,high_business,2026-02-03 11:13:00.000000000,12394.42,Indigo,vendor_x,0
T0000360,C0010,high_business,2026-02-03 11:14:00.000000000,11073.22,Indigo,payroll,0
T0002725,C0080,mid_weekend,2026-02-03 11:15:00.000000000,2962.44,IRCTC,self_upi,0
T0003355,C0098,mid_weekend,2026-02-03 11:15:00.000000000,2551.17,Zomato,self_upi,0
T0002322,C0067,high_business,2026-02-03 11:16:00.000000000,14627.12,Indigo,self_neft,0
T0004006,C0115,high_business,2026-02-03 11:36:00.000000000,15443.79,Indigo,vendor_x,0
T0000053,C0001,high_business,2026-02-03 11:37:00.000000000,12573.03,OfficeSupplies,self_neft,0
T0002127,C0062,mid_weekend,2026-02-03 11:48:00.000000000,2435.03,BookMyShow,family_upi,0
T0005653,C0163,high_business,2026-02-03 11:49:00.000000000,16657.49,TajHotels,payroll,0
T0002429,C0070,high_business,2026-02-03 11:50:00.000000000,13073.3,OfficeSupplies,vendor_x,0
T0000359,C0010,high_business,2026-02-03 11:53:00.000000000,12404.8,AWS,vendor_x,0
T0005185,C0151,high_business,2026-02-03 11:53:00.000000000,12521.78,AWS,vendor_x,0
T0005917,C0170,mid_weekend,2026-02-03 12:02:00.000000000,2387.96,Zomato,family_upi,0
T0002798,C0082,high_business,2026-02-03 12:05:00.000000000,12890.31,OfficeSupplies,self_neft,0
T0002338,C0068,mid_weekend,2026-02-03 12:06:00.000000000,2888.46,IRCTC,family_upi,0
T0003456,C0100,high_business,2026-02-03 12:14:00.000000000,12127.99,OfficeSupplies,payroll,0
T0000158,C0004,high_business,2026-02-03 12:16:00.000000000,11973.4,OfficeSupplies,vendor_x,0
T0000052,C0001,high_business,2026-02-03 12:17:00.000000000,8468.09,AWS,self_neft,0
T0002701,C0079,high_business,2026-02-03 12:43:00.000000000,11565.68,NewShop_24,payroll,0
T0002957,C0086,mid_weekend,2026-02-03 13:15:00.000000000,3494.95,Myntra,self_upi,0
T0002797,C0082,high_business,2026-02-03 13:16:00.000000000,14750.98,TajHotels,payroll,0
T0005456,C0158,mid_weekend,2026-02-03 13:17:00.000000000,2358.33,BookMyShow,family_upi,0
T0005977,C0172,high_business,2026-02-03 13:19:00.000000000,13059.8,AWS,payroll,0
T0000058,C0001,high_business,2026-02-03 13:22:00.000000000,10665.25,OfficeSupplies,payroll,0
T0001934,C0056,mid_weekend,2026-02-03 13:27:00.000000000,1867.83,BookMyShow,self_upi,0
T0005979,C0172,high_business,2026-02-03 13:31:00.000000000,14468.54,Indigo,payroll,0
T0002431,C0070,high_business,2026-02-03 13:37:00.000000000,11102.74,OfficeSupplies,self_neft,0
T0003140,C0092,mid_weekend,2026-02-03 13:42:00.000000000,2757.48,Myntra,family_upi,0
T0001165,C0032,mid_weekend,2026-02-03 13:50:00.000000000,3630.11,BookMyShow,self_upi,0
T0002589,C0076,high_business,2026-02-03 14:00:00.000000000,8694.58,TajHotels,payroll,0
T0001164,C0032,mid_weekend,2026-02-03 14:03:00.000000000,3179.99,Myntra,family_upi,0
T0002799,C0082,high_business,2026-02-03 14:07:00.000000000,10458.76,TajHotels,payroll,0
T0005654,C0163,high_business,2026-02-03 14:12:00.000000000,13163.27,AWS,payroll,0
T0000837,C0022,high_business,2026-02-03 14:14:00.000000000,8382.64,NewShop_36,payroll,0
T0005787,C0167,mid_weekend,2026-02-03 14:16:00.000000000,2263.27,Myntra,family_upi,0
T0002323,C0067,high_business,2026-02-03 14:17:00.000000000,14373.43,TajHotels,payroll,0
T0004114,C0119,mid_weekend,2026-02-03 14:33:00.000000000,7241.61,BookMyShow,family_upi,0
T0005433,C0157,high_business,2026-02-03 14:34:00.000000000,15805.71,OfficeSupplies,self_neft,0
T0004848,C0142,high_business,2026-02-03 14:44:00.000000000,11638.83,Indigo,self_neft,0
T0000159,C0004,high_business,2026-02-03 14:49:00.000000000,11358.36,AWS,payroll,0
T0000274,C0008,mid_weekend,2026-02-03 14:56:00.000000000,3549.77,Zomato,family_upi,0
T0002531,C0074,mid_weekend,2026-02-03 14:59:00.000000000,2851.37,IRCTC,self_upi,0
T0004392,C0128,mid_weekend,2026-02-03 15:34:00.000000000,2154.52,Myntra,family_upi,0
T0000838,C0022,high_business,2026-02-03 15:47:00.000000000,11845.08,OfficeSupplies,payroll,0
T0000950,C0026,mid_weekend,2026-02-03 15:49:00.000000000,2544.28,BookMyShow,family_upi,0
T0005455,C0158,mid_weekend,2026-02-03 16:00:00.000000000,1158.59,IRCTC,family_upi,0
T0000273,C0008,mid_weekend,2026-02-03 16:06:00.000000000,2314.59,NewShop_7,self_upi,0
T0003139,C0092,mid_weekend,2026-02-03 16:08:00.000000000,2847.88,Zomato,self_upi,0
T0004485,C0131,mid_weekend,2026-02-03 16:32:00.000000000,2073.1,IRCTC,family_upi,0
T0005311,C0155,mid_weekend,2026-02-03 16:39:00.000000000,2887.39,Zomato,family_upi,0
T0000185,C0005,mid_weekend,2026-02-03 16:43:00.000000000,5207.62,Myntra,self_upi,0
T0000731,C0020,mid_weekend,2026-02-03 17:11:00.000000000,2907.04,Myntra,self_upi,0
T0003485,C0101,mid_weekend,2026-02-03 17:22:00.000000000,2362.25,Zomato,family_upi,0
T0000376,C0011,mid_weekend,2026-02-03 17:24:00.000000000,2101.25,IRCTC,self_upi,0
T0004043,C0116,mid_weekend,2026-02-03 17:38:00.000000000,2854.22,BookMyShow,family_upi,0
T0004391,C0128,mid_weekend,2026-02-03 17:39:00.000000000,2232.92,BookMyShow,family_upi,0
T0004325,C0126,low_evening_shopper,2026-02-03 18:03:00.000000000,995.85,BigBazaar,friend_a,0
T0005699,C0165,low_evening_shopper,2026-02-03 18:11:00.000000000,567.45,Swiggy,friend_a,0
T0002956,C0086,mid_weekend,2026-02-03 18:20:00.000000000,3190.79,Zomato,family_upi,0
T0004619,C0135,low_evening_shopper,2026-02-03 18:21:00.000000000,585.85,BigBazaar,friend_a,0
T0005012,C0147,low_evening_shopper,2026-02-03 18:52:00.000000000,872.44,BigBazaar,self_upi,0
T0004618,C0135,low_evening_shopper,2026-02-03 19:29:00.000000000,709.23,Swiggy,self_upi,0
T0004979,C0146,mid_weekend,2026-02-03 19:33:00.000000000,3459.09,BookMyShow,family_upi,0
T0000640,C0017,mid_weekend,2026-02-03 19:34:00.000000000,1710.6,Zomato,self_upi,0
T0005825,C0168,low_evening_shopper,2026-02-03 19:35:00.000000000,616.75,Swiggy,self_upi,0
T0004680,C0137,mid_weekend,2026-02-03 19:36:00.000000000,3653.55,Myntra,family_upi,0
T0002010,C0059,mid_weekend,2026-02-03 19:43:00.000000000,3317.59,NewShop_21,self_upi,0
T0001431,C0042,low_evening_shopper,2026-02-03 19:45:00.000000000,941.18,BigBazaar,friend_a,0
T0006255,C0178,high_business,2026-02-03 19:56:00.000000000,11167.59,TajHotels,payroll,0
T0002641,C0078,low_evening_shopper,2026-02-03 20:08:00.000000000,635.14,LocalKirana,friend_a,0
T0006417,C0057,low_evening_shopper,2026-02-03 20:10:00.748215645,2700.56,P2P_33,new_wallet_6534,1
T0003088,C0090,low_evening_shopper,2026-02-03 20:11:00.000000000,838.11,LocalKirana,self_upi,0
T0006446,C0098,mid_weekend,2026-02-03 20:18:00.527462023,10983.77,Myntra,self_upi,1
T0004233,C0123,low_evening_shopper,2026-02-03 20:22:00.000000000,725.67,BigBazaar,friend_a,0
T0003597,C0105,low_evening_shopper,2026-02-03 20:29:00.000000000,490.16,Amazon,friend_a,0
T0001955,C0057,low_evening_shopper,2026-02-03 20:30:00.000000000,628.77,NewShop_9,friend_a,0
T0000993,C0027,low_evening_shopper,2026-02-03 20:30:00.000000000,569.24,Swiggy,self_upi,0
T0002862,C0084,low_evening_shopper,2026-02-03 20:32:00.000000000,562.18,LocalKirana,self_upi,0
T0004774,C0140,mid_weekend,2026-02-03 20:49:00.000000000,2161.08,Myntra,family_upi,0
T0001052,C0029,mid_weekend,2026-02-03 20:55:00.000000000,2690.51,Myntra,family_upi,0
T0005357,C0156,low_evening_shopper,2026-02-03 20:59:00.000000000,721.9,LocalKirana,friend_a,0
T0006054,C0174,low_evening_shopper,2026-02-03 21:02:00.000000000,568.66,Amazon,self_upi,0
T0003701,C0108,low_evening_shopper,2026-02-03 21:17:00.000000000,828.17,Amazon,friend_a,0
T0003947,C0114,low_evening_shopper,2026-02-03 21:29:00.000000000,751.92,Swiggy,friend_a,0
T0001564,C0045,low_evening_shopper,2026-02-03 21:36:00.000000000,851.45,BigBazaar,self_upi,0
T0004131,C0120,low_evening_shopper,2026-02-03 21:57:00.000000000,443.28,Amazon,friend_a,0
T0002339,C0068,mid_weekend,2026-02-03 21:58:00.000000000,2038.43,BookMyShow,self_upi,0
T0006358,C0117,low_evening_shopper,2026-02-03 22:14:00.021574826,1288.65,Amazon,quick_payee_240,1
T0003254,C0095,mid_weekend,2026-02-03 22:19:00.000000000,2318.37,Zomato,self_upi,0
T0005093,C0149,mid_weekend,2026-02-03 22:31:00.000000000,8822.59,Myntra,family_upi,0
T0004722,C0138,low_evening_shopper,2026-02-03 22:36:00.000000000,589.66,Swiggy,self_upi,0
T0002259,C0066,low_evening_shopper,2026-02-03 22:37:00.000000000,724.7,Swiggy,self_upi,0
T0003505,C0102,low_evening_shopper,2026-02-03 23:03:00.000000000,902.96,Amazon,friend_a,0
T0001517,C0044,mid_weekend,2026-02-03 23:54:00.000000000,3046.68,BookMyShow,self_upi,0
T0004926,C0144,low_evening_shopper,2026-02-04 00:48:00.000000000,562.48,Swiggy,friend_a,0
T0006439,C0142,high_business,2026-02-04 01:36:00.706867180,45928.87,NightPOS_37,vendor_x,1
T0006361,C0014,mid_weekend,2026-02-04 01:56:00.939108276,5522.54,NightPOS_35,family_upi,1
T0003257,C0095,mid_weekend,2026-02-04 02:36:00.000000000,1981.83,Myntra,family_upi,0
T0006332,C0067,high_business,2026-02-04 03:37:00.992104986,29477.2,NightPOS_15,payroll,1
T0004580,C0133,high_business,2026-02-04 06:08:00.000000000,14032.92,Indigo,payroll,0
T0004849,C0142,high_business,2026-02-04 08:12:00.000000000,11581.97,OfficeSupplies,payroll,0
T0004010,C0115,high_business,2026-02-04 08:17:00.000000000,9749.44,NewShop_9,payroll,0
T0002703,C0079,high_business,2026-02-04 08:39:00.000000000,13156.14,OfficeSupplies,payroll,0
T0005435,C0157,high_business,2026-02-04 08:50:00.000000000,9252.64,Indigo,vendor_x,0
T0000464,C0013,high_business,2026-02-04 09:13:00.000000000,8515.41,TajHotels,vendor_x,0
T0000641,C0017,mid_weekend,2026-02-04 09:14:00.000000000,1889.21,BookMyShow,self_upi,0
T0000275,C0008,mid_weekend,2026-02-04 09:16:00.000000000,5001.79,Myntra,family_upi,0
T0002800,C0082,high_business,2026-02-04 09:22:00.000000000,11203.24,AWS,vendor_x,0
T0006432,C0115,high_business,2026-02-04 09:26:00.642413237,44755.18,P2P_24,new_wallet_8104,1
T0002097,C0061,high_business,2026-02-04 09:29:00.000000000,11777.42,AWS,vendor_x,0
T0004886,C0143,mid_weekend,2026-02-04 09:31:00.000000000,9786.98,Zomato,family_upi,0
T0003640,C0106,high_business,2026-02-04 09:58:00.000000000,10964.32,Indigo,self_neft,0
T0001821,C0052,high_business,2026-02-04 10:01:00.000000000,15745.45,AWS,vendor_x,0
T0004885,C0143,mid_weekend,2026-02-04 10:03:00.000000000,3126.27,IRCTC,family_upi,0
T0001824,C0052,high_business,2026-02-04 10:20:00.000000000,12675.16,Indigo,payroll,0
T0006256,C0178,high_business,2026-02-04 10:21:00.000000000,11610.52,OfficeSupplies,self_neft,0
T0003762,C0109,high_business,2026-02-04 10:31:00.000000000,11831.01,AWS,vendor_x,0
T0003457,C0100,high_business,2026-02-04 10:39:00.000000000,12081.94,TajHotels,self_neft,0
T0004011,C0115,high_business,2026-02-04 10:42:00.000000000,10749.46,TajHotels,vendor_x,0
T0003256,C0095,mid_weekend,2026-02-04 10:49:00.000000000,3484.11,BookMyShow,self_upi,0
T0004411,C0129,low_evening_shopper,2026-02-04 11:04:00.000000000,652.56,LocalKirana,friend_a,0
T0002702,C0079,high_business,2026-02-04 11:11:00.000000000,14613.87,Indigo,payroll,0
T0005657,C0163,high_business,2026-02-04 11:29:00.000000000,8780.34,OfficeSupplies,payroll,0
T0001822,C0052,high_business,2026-02-04 11:30:00.000000000,12435.13,OfficeSupplies,vendor_x,0
T0005655,C0163,high_business,2026-02-04 11:39:00.000000000,9339.1,OfficeSupplies,self_neft,0
T0002592,C0076,high_business,2026-02-04 11:58:00.000000000,10913.94,Indigo,payroll,0
T0000463,C0013,high_business,2026-02-04 12:04:00.000000000,9023.79,TajHotels,payroll,0
T0005313,C0155,mid_weekend,2026-02-04 12:07:00.000000000,2617.79,IRCTC,family_upi,0
T0004578,C0133,high_business,2026-02-04 12:15:00.000000000,12350.09,AWS,self_neft,0
T0003458,C0100,high_business,2026-02-04 12:17:00.000000000,14076.29,TajHotels,vendor_x,0
T0005436,C0157,high_business,2026-02-04 12:17:00.000000000,11220.04,OfficeSupplies,vendor_x,0
T0005434,C0157,high_business,2026-02-04 12:20:00.000000000,9945.3,OfficeSupplies,vendor_x,0
T0003639,C0106,high_business,2026-02-04 12:30:00.000000000,10496.89,OfficeSupplies,payroll,0
T0001823,C0052,high_business,2026-02-04 12:41:00.000000000,35193.21,Indigo,self_neft,0
T0001825,C0052,high_business,2026-02-04 12:56:00.000000000,13377.94,OfficeSupplies,self_neft,0
T0002590,C0076,high_business,2026-02-04 12:57:00.000000000,12959.24,TajHotels,payroll,0
T0000059,C0001,high_business,2026-02-04 12:58:00.000000000,15301.65,Indigo,vendor_x,0
T0003141,C0092,mid_weekend,2026-02-04 13:05:00.000000000,1996.34,IRCTC,self_upi,0
T0005576,C0161,mid_weekend,2026-02-04 13:07:00.000000000,1841.21,Myntra,family_upi,0
T0005656,C0163,high_business,2026-02-04 13:43:00.000000000,5595.58,TajHotels,payroll,0
T0004579,C0133,high_business,2026-02-04 13:45:00.000000000,8550.29,TajHotels,vendor_x,0
T0005577,C0161,mid_weekend,2026-02-04 13:46:00.000000000,2576.79,Myntra,family_upi,0
T0004594,C0134,mid_weekend,2026-02-04 13:47:00.000000000,2604.48,Zomato,family_upi,0
T0000160,C0004,high_business,2026-02-04 14:03:00.000000000,9354.3,AWS,vendor_x,0
T0002591,C0076,high_business,2026-02-04 14:21:00.000000000,11287.68,OfficeSupplies,payroll,0
T0000186,C0005,mid_weekend,2026-02-04 14:36:00.000000000,2845.33,NewShop_14,self_upi,0
T0002532,C0074,mid_weekend,2026-02-04 14:42:00.000000000,3174.46,IRCTC,family_upi,0
T0005186,C0151,high_business,2026-02-04 14:43:00.000000000,10920.11,Indigo,vendor_x,0
T0006016,C0173,mid_weekend,2026-02-04 15:08:00.000000000,2767.32,BookMyShow,family_upi,0
T0001935,C0056,mid_weekend,2026-02-04 15:43:00.000000000,3090.19,BookMyShow,self_upi,0
T0005457,C0158,mid_weekend,2026-02-04 15:50:00.000000000,2222.18,Zomato,family_upi,0
T0005312,C0155,mid_weekend,2026-02-04 16:36:00.000000000,3425.27,BookMyShow,self_upi,0
T0004393,C0128,mid_weekend,2026-02-04 16:51:00.000000000,3037.65,Zomato,self_upi,0
T0005918,C0170,mid_weekend,2026-02-04 16:58:00.000000000,2017.76,Myntra,family_upi,0
T0000516,C0014,mid_weekend,2026-02-04 17:04:00.000000000,6871.23,Zomato,family_upi,0
T0000187,C0005,mid_weekend,2026-02-04 17:09:00.000000000,2653.54,Myntra,self_upi,0
T0003255,C0095,mid_weekend,2026-02-04 17:10:00.000000000,2246.19,BookMyShow,family_upi,0
T0000951,C0026,mid_weekend,2026-02-04 17:16:00.000000000,2128.52,Zomato,family_upi,0
T0004234,C0123,low_evening_shopper,2026-02-04 17:37:00.000000000,426.73,Amazon,friend_a,0
T0004681,C0137,mid_weekend,2026-02-04 17:45:00.000000000,9542.53,IRCTC,self_upi,0
T0002625,C0077,mid_weekend,2026-02-04 17:56:00.000000000,3676.66,IRCTC,family_upi,0
T0003678,C0107,mid_weekend,2026-02-04 18:06:00.000000000,2116.26,BookMyShow,family_upi,0
T0002760,C0081,low_evening_shopper,2026-02-04 18:09:00.000000000,260.84,BigBazaar,self_upi,0
T0000994,C0027,low_evening_shopper,2026-02-04 18:14:00.000000000,754.18,BigBazaar,friend_a,0
T0001296,C0036,low_evening_shopper,2026-02-04 18:21:00.000000000,429.75,Amazon,friend_a,0
T0004326,C0126,low_evening_shopper,2026-02-04 18:22:00.000000000,700.82,Amazon,friend_a,0
T0005578,C0161,mid_weekend,2026-02-04 18:23:00.000000000,2501.08,Zomato,self_upi,0
T0005935,C0171,low_evening_shopper,2026-02-04 18:26:00.000000000,681.07,LocalKirana,self_upi,0
T0004486,C0131,mid_weekend,2026-02-04 18:34:00.000000000,2755.37,BookMyShow,family_upi,0
T0003356,C0098,mid_weekend,2026-02-04 18:35:00.000000000,2809.94,Zomato,family_upi,0
T0005215,C0152,mid_weekend,2026-02-04 18:53:00.000000000,1857.41,Zomato,self_upi,0
T0002235,C0065,mid_weekend,2026-02-04 18:59:00.000000000,3743.53,Myntra,self_upi,0
T0005214,C0152,mid_weekend,2026-02-04 19:04:00.000000000,2783.02,Zomato,self_upi,0
T0002958,C0086,mid_weekend,2026-02-04 19:06:00.000000000,1732.77,Zomato,family_upi,0
T0002374,C0069,low_evening_shopper,2026-02-04 19:18:00.000000000,1005.22,Amazon,friend_a,0
T0001956,C0057,low_evening_shopper,2026-02-04 19:26:00.000000000,579.18,NewShop_11,self_upi,0
T0000671,C0018,low_evening_shopper,2026-02-04 19:51:00.000000000,919.59,BigBazaar,friend_a,0
T0006055,C0174,low_evening_shopper,2026-02-04 19:55:00.000000000,452.21,NewShop_19,friend_a,0
T0004723,C0138,low_evening_shopper,2026-02-04 20:03:00.000000000,819.66,Swiggy,self_upi,0
T0003598,C0105,low_evening_shopper,2026-02-04 20:10:00.000000000,668.75,LocalKirana,self_upi,0
T0004519,C0132,low_evening_shopper,2026-02-04 20:12:00.000000000,716.45,Swiggy,self_upi,0
T0005358,C0156,low_evening_shopper,2026-02-04 20:24:00.000000000,614.47,Amazon,self_upi,0
T0001680,C0048,low_evening_shopper,2026-02-04 20:25:00.000000000,550.91,LocalKirana,friend_a,0
T0004063,C0117,low_evening_shopper,2026-02-04 20:26:00.000000000,586.3,NewShop_37,self_upi,0
T0002481,C0072,low_evening_shopper,2026-02-04 20:31:00.000000000,800.07,LocalKirana,self_upi,0
T0001092,C0030,low_evening_shopper,2026-02-04 20:42:00.000000000,566.66,Amazon,self_upi,0
T0004816,C0141,low_evening_shopper,2026-02-04 21:11:00.000000000,891.39,LocalKirana,friend_a,0
T0000292,C0009,low_evening_shopper,2026-02-04 21:21:00.000000000,621.84,BigBazaar,friend_a,0
T0002642,C0078,low_evening_shopper,2026-02-04 21:26:00.000000000,343.49,Swiggy,self_upi,0
T0003486,C0101,mid_weekend,2026-02-04 21:52:00.000000000,1959.77,IRCTC,self_upi,0
T0001295,C0036,low_evening_shopper,2026-02-04 21:52:00.000000000,361.91,Swiggy,friend_a,0
T0000437,C0012,low_evening_shopper,2026-02-04 21:57:00.000000000,518.39,LocalKirana,friend_a,0
T0001366,C0039,low_evening_shopper,2026-02-04 22:07:00.000000000,667.47,LocalKirana,friend_a,0
T0002544,C0075,low_evening_shopper,2026-02-04 22:18:00.000000000,738.91,NewShop_11,self_upi,0
T0004412,C0129,low_evening_shopper,2026-02-04 22:30:00.000000000,880.58,Amazon,friend_a,0
T0000896,C0024,low_evening_shopper,2026-02-04 23:10:00.000000000,978.39,LocalKirana,friend_a,0
T0006411,C0116,mid_weekend,2026-02-05 01:10:00.634538587,18075.99,UnknownStore_2,new_wallet_4521,1
T0006406,C0004,high_business,2026-02-05 02:12:00.505583373,105271.35,UnknownStore_33,new_wallet_5886,1
T0002340,C0068,mid_weekend,2026-02-05 04:10:00.000000000,2430.23,IRCTC,self_upi,0
T0001826,C0052,high_business,2026-02-05 07:02:00.000000000,13260.58,AWS,payroll,0
T0002802,C0082,high_business,2026-02-05 07:32:00.000000000,9683.7,OfficeSupplies,self_neft,0
T0005187,C0151,high_business,2026-02-05 07:59:00.000000000,14493.0,TajHotels,vendor_x,0
T0004581,C0133,high_business,2026-02-05 08:44:00.000000000,12728.26,AWS,vendor_x,0
T0006376,C0157,high_business,2026-02-05 08:44:00.955893735,26592.16,OfficeSupplies,quick_payee_619,1
T0002805,C0082,high_business,2026-02-05 08:45:00.000000000,4029.63,OfficeSupplies,vendor_x,0
T0002806,C0082,high_business,2026-02-05 08:53:00.000000000,13596.16,TajHotels,self_neft,0
T0000361,C0010,high_business,2026-02-05 08:56:00.000000000,16318.55,OfficeSupplies,payroll,0
T0001260,C0035,mid_weekend,2026-02-05 09:36:00.000000000,2394.93,NewShop_1,family_upi,0
T0003916,C0113,mid_weekend,2026-02-05 09:46:00.000000000,3853.72,Zomato,self_upi,0
T0002803,C0082,high_business,2026-02-05 09:46:00.000000000,13766.58,AWS,self_neft,0
T0005658,C0163,high_business,2026-02-05 10:00:00.000000000,10523.7,TajHotels,vendor_x,0
T0000465,C0013,high_business,2026-02-05 10:02:00.000000000,13116.15,AWS,vendor_x,0
T0000466,C0013,high_business,2026-02-05 10:14:00.000000000,9698.86,OfficeSupplies,vendor_x,0
T0005437,C0157,high_business,2026-02-05 10:17:00.000000000,13478.0,Indigo,self_neft,0
T0003763,C0109,high_business,2026-02-05 10:19:00.000000000,11921.21,NewShop_13,payroll,0
T0000161,C0004,high_business,2026-02-05 10:20:00.000000000,9801.23,AWS,payroll,0
T0005438,C0157,high_business,2026-02-05 10:25:00.000000000,44121.17,Indigo,payroll,0
T0004012,C0115,high_business,2026-02-05 10:28:00.000000000,14223.48,OfficeSupplies,payroll,0
T0002454,C0071,mid_weekend,2026-02-05 10:28:00.000000000,3310.24,IRCTC,family_upi,0
T0000188,C0005,mid_weekend,2026-02-05 10:37:00.000000000,3320.74,IRCTC,family_upi,0
T0004775,C0140,mid_weekend,2026-02-05 10:42:00.000000000,2614.81,BookMyShow,family_upi,0
T0000468,C0013,high_business,2026-02-05 10:43:00.000000000,9964.58,AWS,payroll,0
T0004013,C0115,high_business,2026-02-05 10:45:00.000000000,9038.06,TajHotels,vendor_x,0
T0002804,C0082,high_business,2026-02-05 10:51:00.000000000,13275.49,AWS,vendor_x,0
T0003642,C0106,high_business,2026-02-05 10:57:00.000000000,10900.72,TajHotels,payroll,0
T0000839,C0022,high_business,2026-02-05 11:00:00.000000000,12699.55,Indigo,vendor_x,0
T0006257,C0178,high_business,2026-02-05 11:06:00.000000000,11389.47,TajHotels,self_neft,0
T0005980,C0172,high_business,2026-02-05 11:45:00.000000000,11599.98,AWS,payroll,0
T0001166,C0032,mid_weekend,2026-02-05 11:55:00.000000000,1606.64,Zomato,family_upi,0
T0006258,C0178,high_business,2026-02-05 11:58:00.000000000,27030.07,Indigo,payroll,0
T0003258,C0095,mid_weekend,2026-02-05 12:02:00.000000000,2814.33,Zomato,self_upi,0
T0002594,C0076,high_business,2026-02-05 12:09:00.000000000,15956.0,TajHotels,payroll,0
T0002807,C0082,high_business,2026-02-05 12:13:00.000000000,13500.92,NewShop_12,self_neft,0
T0000517,C0014,mid_weekend,2026-02-05 12:16:00.000000000,3311.56,Myntra,family_upi,0
T0003042,C0089,mid_weekend,2026-02-05 12:16:00.000000000,2404.08,BookMyShow,self_upi,0
T0000642,C0017,mid_weekend,2026-02-05 12:20:00.000000000,10024.03,Zomato,family_upi,0
T0003641,C0106,high_business,2026-02-05 12:21:00.000000000,10444.6,AWS,self_neft,0
T0002801,C0082,high_business,2026-02-05 12:26:00.000000000,14657.5,Indigo,vendor_x,0
T0005188,C0151,high_business,2026-02-05 12:27:00.000000000,13432.35,Indigo,vendor_x,0
T0001938,C0056,mid_weekend,2026-02-05 12:54:00.000000000,2345.96,Myntra,self_upi,0
T0006146,C0176,mid_weekend,2026-02-05 13:03:00.000000000,2359.31,Myntra,self_upi,0
T0000074,C0002,mid_weekend,2026-02-05 13:07:00.000000000,1753.32,IRCTC,self_upi,0
T0004487,C0131,mid_weekend,2026-02-05 13:23:00.000000000,8898.4,Myntra,family_upi,0
T0005216,C0152,mid_weekend,2026-02-05 13:34:00.000000000,2115.75,BookMyShow,family_upi,0
T0002593,C0076,high_business,2026-02-05 13:46:00.000000000,9694.03,OfficeSupplies,payroll,0
T0002098,C0061,high_business,2026-02-05 13:54:00.000000000,9032.67,OfficeSupplies,self_neft,0
T0002236,C0065,mid_weekend,2026-02-05 14:01:00.000000000,7067.12,IRCTC,self_upi,0
T0000189,C0005,mid_weekend,2026-02-05 14:05:00.000000000,2374.35,Myntra,family_upi,0
T0002726,C0080,mid_weekend,2026-02-05 14:06:00.000000000,2187.99,Myntra,family_upi,0
T0004488,C0131,mid_weekend,2026-02-05 14:13:00.000000000,3086.48,BookMyShow,self_upi,0
T0000467,C0013,high_business,2026-02-05 14:13:00.000000000,11533.1,AWS,payroll,0
T0000518,C0014,mid_weekend,2026-02-05 14:14:00.000000000,2109.22,Myntra,family_upi,0
T0004115,C0119,mid_weekend,2026-02-05 14:14:00.000000000,3241.97,IRCTC,self_upi,0
T0003459,C0100,high_business,2026-02-05 14:28:00.000000000,13018.8,AWS,self_neft,0
T0005755,C0166,high_business,2026-02-05 14:41:00.000000000,15074.81,TajHotels,self_neft,0
T0005756,C0166,high_business,2026-02-05 14:42:00.000000000,14684.51,TajHotels,self_neft,0
T0001053,C0029,mid_weekend,2026-02-05 14:49:00.000000000,1184.48,Myntra,self_upi,0
T0000840,C0022,high_business,2026-02-05 14:59:00.000000000,12411.72,Indigo,payroll,0
T0004682,C0137,mid_weekend,2026-02-05 15:07:00.000000000,2673.18,Zomato,self_upi,0
T0000733,C0020,mid_weekend,2026-02-05 15:21:00.000000000,1807.25,BookMyShow,self_upi,0
T0006288,C0179,mid_weekend,2026-02-05 15:44:00.000000000,1914.75,IRCTC,self_upi,0
T0001856,C0053,mid_weekend,2026-02-05 15:46:00.000000000,3098.09,IRCTC,self_upi,0
T0002455,C0071,mid_weekend,2026-02-05 15:46:00.000000000,2902.53,BookMyShow,family_upi,0
T0000276,C0008,mid_weekend,2026-02-05 15:47:00.000000000,2122.39,BookMyShow,family_upi,0
T0001936,C0056,mid_weekend,2026-02-05 16:00:00.000000000,2758.77,Zomato,self_upi,0
T0000362,C0010,high_business,2026-02-05 16:00:00.000000000,9867.66,AWS,payroll,0
T0002959,C0086,mid_weekend,2026-02-05 16:06:00.000000000,2059.12,Myntra,self_upi,0
T0000732,C0020,mid_weekend,2026-02-05 16:12:00.000000000,2630.18,Myntra,self_upi,0
T0003487,C0101,mid_weekend,2026-02-05 16:24:00.000000000,2640.76,NewShop_12,family_upi,0
T0002011,C0059,mid_weekend,2026-02-05 16:39:00.000000000,2544.1,NewShop_13,family_upi,0
T0004595,C0134,mid_weekend,2026-02-05 16:57:00.000000000,2163.06,Zomato,family_upi,0
T0005123,C0150,low_evening_shopper,2026-02-05 17:06:00.000000000,647.41,LocalKirana,friend_a,0
T0005919,C0170,mid_weekend,2026-02-05 17:11:00.000000000,2612.65,IRCTC,family_upi,0
T0001937,C0056,mid_weekend,2026-02-05 17:20:00.000000000,2896.41,Zomato,family_upi,0
T0006453,C0048,low_evening_shopper,2026-02-05 17:22:00.553235163,2999.89,P2P_15,new_wallet_2497,1
T0002626,C0077,mid_weekend,2026-02-05 17:31:00.000000000,2861.19,Myntra,self_upi,0
T0004776,C0140,mid_weekend,2026-02-05 17:40:00.000000000,2186.59,Myntra,family_upi,0
T0005094,C0149,mid_weekend,2026-02-05 17:44:00.000000000,1801.49,Zomato,self_upi,0
T0002453,C0071,mid_weekend,2026-02-05 17:58:00.000000000,2434.18,Myntra,family_upi,0
T0000952,C0026,mid_weekend,2026-02-05 18:02:00.000000000,2080.65,IRCTC,family_upi,0
T0003569,C0104,mid_weekend,2026-02-05 18:06:00.000000000,1992.01,Zomato,self_upi,0
T0002151,C0063,low_evening_shopper,2026-02-05 18:06:00.000000000,906.67,BigBazaar,self_upi,0
T0002864,C0084,low_evening_shopper,2026-02-05 18:14:00.000000000,702.92,Swiggy,friend_a,0
T0003817,C0111,low_evening_shopper,2026-02-05 18:19:00.000000000,970.78,LocalKirana,friend_a,0
T0005217,C0152,mid_weekend,2026-02-05 18:19:00.000000000,2393.3,Myntra,self_upi,0
T0001681,C0048,low_evening_shopper,2026-02-05 18:31:00.000000000,660.49,Swiggy,self_upi,0
T0005937,C0171,low_evening_shopper,2026-02-05 19:04:00.000000000,936.49,Amazon,self_upi,0
T0004327,C0126,low_evening_shopper,2026-02-05 19:09:00.000000000,613.42,Swiggy,friend_a,0
T0003284,C0096,low_evening_shopper,2026-02-05 19:09:00.000000000,955.74,Swiggy,self_upi,0
T0002863,C0084,low_evening_shopper,2026-02-05 19:18:00.000000000,2082.64,LocalKirana,friend_a,0
T0002761,C0081,low_evening_shopper,2026-02-05 19:33:00.000000000,767.51,BigBazaar,self_upi,0
T0003506,C0102,low_evening_shopper,2026-02-05 19:38:00.000000000,884.44,Swiggy,friend_a,0
T0002341,C0068,mid_weekend,2026-02-05 19:39:00.000000000,2713.47,Zomato,family_upi,0
T0005700,C0165,low_evening_shopper,2026-02-05 20:05:00.000000000,546.25,NewShop_33,friend_a,0
T0005579,C0161,mid_weekend,2026-02-05 20:05:00.000000000,2238.67,BookMyShow,family_upi,0
T0000377,C0011,mid_weekend,2026-02-05 20:09:00.000000000,11674.16,Myntra,self_upi,0
T0004235,C0123,low_evening_shopper,2026-02-05 20:18:00.000000000,824.41,LocalKirana,self_upi,0
T0001565,C0045,low_evening_shopper,2026-02-05 20:19:00.000000000,734.59,Amazon,friend_a,0
T0002978,C0087,low_evening_shopper,2026-02-05 20:23:00.000000000,170.16,Swiggy,self_upi,0
T0004927,C0144,low_evening_shopper,2026-02-05 20:23:00.000000000,675.18,Swiggy,friend_a,0
T0005218,C0152,mid_weekend,2026-02-05 20:28:00.000000000,2317.46,BookMyShow,self_upi,0
T0004817,C0141,low_evening_shopper,2026-02-05 20:38:00.000000000,708.34,Amazon,friend_a,0
T0004132,C0120,low_evening_shopper,2026-02-05 20:47:00.000000000,624.57,Amazon,friend_a,0
T0000105,C0003,low_evening_shopper,2026-02-05 20:59:00.000000000,1652.0,BigBazaar,self_upi,0
T0005936,C0171,low_evening_shopper,2026-02-05 21:03:00.000000000,734.68,Amazon,self_upi,0
T0005594,C0162,low_evening_shopper,2026-02-05 21:12:00.000000000,1187.32,BigBazaar,self_upi,0
T0001875,C0054,low_evening_shopper,2026-02-05 21:17:00.000000000,618.94,Amazon,friend_a,0
T0000643,C0017,mid_weekend,2026-02-05 21:19:00.000000000,1442.8,Myntra,family_upi,0
T0004301,C0125,mid_weekend,2026-02-05 21:49:00.000000000,2588.06,IRCTC,family_upi,0
T0005826,C0168,low_evening_shopper,2026-02-05 22:03:00.000000000,734.31,Swiggy,self_upi,0
T0000438,C0012,low_evening_shopper,2026-02-05 22:14:00.000000000,670.89,LocalKirana,self_upi,0
T0002979,C0087,low_evening_shopper,2026-02-05 22:19:00.000000000,963.38,Swiggy,self_upi,0
T0003089,C0090,low_evening_shopper,2026-02-05 22:26:00.000000000,854.45,BigBazaar,friend_a,0
T0003163,C0093,low_evening_shopper,2026-02-05 22:33:00.000000000,658.85,BigBazaar,self_upi,0
T0004620,C0135,low_evening_shopper,2026-02-05 22:53:00.000000000,664.47,LocalKirana,self_upi,0
T0001957,C0057,low_evening_shopper,2026-02-05 22:58:00.000000000,658.19,BigBazaar,self_upi,0
T0003387,C0099,low_evening_shopper,2026-02-06 01:48:00.000000000,891.37,LocalKirana,self_upi,0
T0006397,C0053,mid_weekend,2026-02-06 03:37:00.532954986,8319.53,NightPOS_5,self_upi,1
T0006018,C0173,mid_weekend,2026-02-06 06:58:00.000000000,2748.28,Myntra,self_upi,0
T0003461,C0100,high_business,2026-02-06 07:02:00.000000000,38578.05,TajHotels,payroll,0
T0000841,C0022,high_business,2026-02-06 08:15:00.000000000,47058.96,NewShop_31,self_neft,0
T0002099,C0061,high_business,2026-02-06 08:27:00.000000000,15103.06,AWS,self_neft,0
T0002102,C0061,high_business,2026-02-06 08:28:00.000000000,11073.71,TajHotels,self_neft,0
T0005189,C0151,high_business,2026-02-06 09:06:00.000000000,9160.43,AWS,self_neft,0
T0005981,C0172,high_business,2026-02-06 09:24:00.000000000,13177.1,TajHotels,payroll,0
T0002103,C0061,high_business,2026-02-06 09:28:00.000000000,12015.95,Indigo,payroll,0
T0003460,C0100,high_business,2026-02-06 10:01:00.000000000,13791.85,TajHotels,payroll,0
T0000363,C0010,high_business,2026-02-06 10:01:00.000000000,10825.34,OfficeSupplies,vendor_x,0
T0005190,C0151,high_business,2026-02-06 10:12:00.000000000,8137.69,Indigo,vendor_x,0
T0002596,C0076,high_business,2026-02-06 10:20:00.000000000,13981.76,OfficeSupplies,self_neft,0
T0003646,C0106,high_business,2026-02-06 10:24:00.000000000,10697.84,OfficeSupplies,vendor_x,0
T0001749,C0050,mid_weekend,2026-02-06 10:27:00.000000000,3383.06,Myntra,family_upi,0
T0002237,C0065,mid_weekend,2026-02-06 10:33:00.000000000,2391.01,Zomato,family_upi,0
T0000469,C0013,high_business,2026-02-06 10:40:00.000000000,16013.71,TajHotels,self_neft,0
T0002808,C0082,high_business,2026-02-06 10:50:00.000000000,10176.83,OfficeSupplies,self_neft,0
T0002704,C0079,high_business,2026-02-06 10:53:00.000000000,18278.56,TajHotels,payroll,0
T0003644,C0106,high_business,2026-02-06 11:17:00.000000000,11606.83,OfficeSupplies,payroll,0
T0004014,C0115,high_business,2026-02-06 11:24:00.000000000,10875.41,TajHotels,self_neft,0
T0001827,C0052,high_business,2026-02-06 11:30:00.000000000,14108.78,AWS,self_neft,0
T0002432,C0070,high_business,2026-02-06 12:04:00.000000000,8166.27,OfficeSupplies,vendor_x,0
T0002433,C0070,high_business,2026-02-06 12:04:00.000000000,10347.94,OfficeSupplies,vendor_x,0
T0006436,C0101,mid_weekend,2026-02-06 12:04:00.159787867,13854.17,P2P_12,new_wallet_7863,1
T0005580,C0161,mid_weekend,2026-02-06 12:05:00.000000000,1855.51,BookMyShow,family_upi,0
T0002101,C0061,high_business,2026-02-06 12:10:00.000000000,10909.35,AWS,vendor_x,0
T0002105,C0061,high_business,2026-02-06 12:13:00.000000000,11998.42,TajHotels,self_neft,0
T0001518,C0044,mid_weekend,2026-02-06 12:16:00.000000000,3098.6,Myntra,self_upi,0
T0004582,C0133,high_business,2026-02-06 12:17:00.000000000,11724.01,AWS,vendor_x,0
T0000472,C0013,high_business,2026-02-06 12:23:00.000000000,14127.15,TajHotels,vendor_x,0
T0003645,C0106,high_business,2026-02-06 12:33:00.000000000,10123.33,TajHotels,self_neft,0
T0005788,C0167,mid_weekend,2026-02-06 12:38:00.000000000,3263.4,IRCTC,self_upi,0
T0003643,C0106,high_business,2026-02-06 12:39:00.000000000,11175.63,OfficeSupplies,vendor_x,0
T0000471,C0013,high_business,2026-02-06 12:40:00.000000000,8859.86,TajHotels,vendor_x,0
T0002104,C0061,high_business,2026-02-06 12:48:00.000000000,10760.96,OfficeSupplies,vendor_x,0
T0003786,C0110,mid_weekend,2026-02-06 12:51:00.000000000,2948.49,Myntra,self_upi,0
T0000470,C0013,high_business,2026-02-06 13:04:00.000000000,14317.14,NewShop_21,payroll,0
T0002434,C0070,high_business,2026-02-06 13:08:00.000000000,10791.93,OfficeSupplies,self_neft,0
T0006147,C0176,mid_weekend,2026-02-06 13:14:00.000000000,3256.65,Zomato,family_upi,0
T0002727,C0080,mid_weekend,2026-02-06 13:14:00.000000000,2996.31,BookMyShow,family_upi,0
T0002628,C0077,mid_weekend,2026-02-06 13:15:00.000000000,2112.92,BookMyShow,family_upi,0
T0002597,C0076,high_business,2026-02-06 13:16:00.000000000,14098.5,AWS,vendor_x,0
T0004596,C0134,mid_weekend,2026-02-06 13:18:00.000000000,9456.4,Myntra,family_upi,0
T0005920,C0170,mid_weekend,2026-02-06 13:18:00.000000000,2629.44,IRCTC,self_upi,0
T0004777,C0140,mid_weekend,2026-02-06 13:20:00.000000000,2421.59,BookMyShow,self_upi,0
T0001641,C0047,mid_weekend,2026-02-06 13:26:00.000000000,2462.98,BookMyShow,family_upi,0
T0005458,C0158,mid_weekend,2026-02-06 13:43:00.000000000,2657.32,Zomato,family_upi,0
T0001261,C0035,mid_weekend,2026-02-06 13:44:00.000000000,2500.39,IRCTC,self_upi,0
T0004015,C0115,high_business,2026-02-06 13:44:00.000000000,13076.74,AWS,payroll,0
T0005757,C0166,high_business,2026-02-06 13:54:00.000000000,14676.89,AWS,self_neft,0
T0003764,C0109,high_business,2026-02-06 13:56:00.000000000,16089.47,AWS,vendor_x,0
T0002100,C0061,high_business,2026-02-06 13:59:00.000000000,10446.29,AWS,self_neft,0
T0002595,C0076,high_business,2026-02-06 13:59:00.000000000,13367.79,OfficeSupplies,self_neft,0
T0005439,C0157,high_business,2026-02-06 14:05:00.000000000,12309.87,OfficeSupplies,payroll,0
T0000645,C0017,mid_weekend,2026-02-06 14:09:00.000000000,3792.08,Myntra,family_upi,0
T0002627,C0077,mid_weekend,2026-02-06 14:26:00.000000000,2820.26,Zomato,family_upi,0
T0001858,C0053,mid_weekend,2026-02-06 14:33:00.000000000,2082.53,Myntra,family_upi,0
T0001054,C0029,mid_weekend,2026-02-06 14:34:00.000000000,2007.88,BookMyShow,family_upi,0
T0000644,C0017,mid_weekend,2026-02-06 14:46:00.000000000,2857.17,Zomato,self_upi,0
T0005459,C0158,mid_weekend,2026-02-06 14:55:00.000000000,2015.34,BookMyShow,self_upi,0
T0001640,C0047,mid_weekend,2026-02-06 15:08:00.000000000,2441.3,Myntra,self_upi,0
T0006017,C0173,mid_weekend,2026-02-06 15:12:00.000000000,2133.48,BookMyShow,self_upi,0
T0005789,C0167,mid_weekend,2026-02-06 15:27:00.000000000,1970.78,Zomato,self_upi,0
T0003357,C0098,mid_weekend,2026-02-06 15:30:00.000000000,2838.22,NewShop_5,self_upi,0
T0004489,C0131,mid_weekend,2026-02-06 15:33:00.000000000,2127.94,BookMyShow,family_upi,0
T0004302,C0125,mid_weekend,2026-02-06 15:40:00.000000000,2509.6,Zomato,self_upi,0
T0004850,C0142,high_business,2026-02-06 15:40:00.000000000,13448.75,AWS,payroll,0
T0001859,C0053,mid_weekend,2026-02-06 16:35:00.000000000,2077.21,IRCTC,self_upi,0
T0000734,C0020,mid_weekend,2026-02-06 16:36:00.000000000,2861.41,IRCTC,self_upi,0
T0001642,C0047,mid_weekend,2026-02-06 16:49:00.000000000,1221.91,IRCTC,self_upi,0
T0001857,C0053,mid_weekend,2026-02-06 17:08:00.000000000,1602.91,IRCTC,self_upi,0
T0000860,C0023,mid_weekend,2026-02-06 17:30:00.000000000,2458.99,BookMyShow,self_upi,0
T0003488,C0101,mid_weekend,2026-02-06 17:33:00.000000000,3388.67,BookMyShow,family_upi,0
T0002960,C0086,mid_weekend,2026-02-06 17:34:00.000000000,2655.61,Myntra,self_upi,0
T0000519,C0014,mid_weekend,2026-02-06 17:38:00.000000000,3033.01,Myntra,self_upi,0
T0002482,C0072,low_evening_shopper,2026-02-06 18:03:00.000000000,748.91,LocalKirana,friend_a,0
T0004133,C0120,low_evening_shopper,2026-02-06 18:11:00.000000000,955.71,LocalKirana,friend_a,0
T0005124,C0150,low_evening_shopper,2026-02-06 18:14:00.000000000,714.84,LocalKirana,self_upi,0
T0003090,C0090,low_evening_shopper,2026-02-06 18:16:00.000000000,702.47,Swiggy,self_upi,0
T0005359,C0156,low_evening_shopper,2026-02-06 18:27:00.000000000,777.26,Swiggy,friend_a,0
T0003818,C0111,low_evening_shopper,2026-02-06 18:35:00.000000000,333.73,NewShop_33,friend_a,0
T0000190,C0005,mid_weekend,2026-02-06 18:46:00.000000000,2947.3,BookMyShow,self_upi,0
T0002545,C0075,low_evening_shopper,2026-02-06 18:47:00.000000000,711.18,Amazon,friend_a,0
T0006371,C0171,low_evening_shopper,2026-02-06 18:54:00.272648221,971.84,Amazon,quick_payee_934,1
T0000539,C0015,low_evening_shopper,2026-02-06 19:14:00.000000000,229.8,Swiggy,self_upi,0
T0006185,C0177,low_evening_shopper,2026-02-06 19:28:00.000000000,2631.98,Swiggy,friend_a,0
T0003388,C0099,low_evening_shopper,2026-02-06 19:32:00.000000000,902.33,Amazon,friend_a,0
T0001367,C0039,low_evening_shopper,2026-02-06 19:34:00.000000000,370.85,LocalKirana,self_upi,0
T0003507,C0102,low_evening_shopper,2026-02-06 19:43:00.000000000,848.87,BigBazaar,friend_a,0
T0003679,C0107,mid_weekend,2026-02-06 20:04:00.000000000,3770.62,BookMyShow,self_upi,0
T0004818,C0141,low_evening_shopper,2026-02-06 20:06:00.000000000,730.04,Amazon,self_upi,0
T0000673,C0018,low_evening_shopper,2026-02-06 20:10:00.000000000,827.85,BigBazaar,self_upi,0
T0000672,C0018,low_evening_shopper,2026-02-06 20:12:00.000000000,712.59,Amazon,friend_a,0
T0001055,C0029,mid_weekend,2026-02-06 20:13:00.000000000,2133.04,Zomato,self_upi,0
T0001297,C0036,low_evening_shopper,2026-02-06 20:28:00.000000000,650.79,Swiggy,friend_a,0
T0002533,C0074,mid_weekend,2026-02-06 20:33:00.000000000,2659.23,IRCTC,family_upi,0
T0004328,C0126,low_evening_shopper,2026-02-06 20:36:00.000000000,815.27,BigBazaar,friend_a,0
T0005701,C0165,low_evening_shopper,2026-02-06 20:39:00.000000000,417.31,LocalKirana,self_upi,0
T0000293,C0009,low_evening_shopper,2026-02-06 20:41:00.000000000,702.03,BigBazaar,friend_a,0
T0000439,C0012,low_evening_shopper,2026-02-06 20:44:00.000000000,840.19,Amazon,friend_a,0
T0001298,C0036,low_evening_shopper,2026-02-06 20:45:00.000000000,457.76,Amazon,friend_a,0
T0004724,C0138,low_evening_shopper,2026-02-06 20:50:00.000000000,1018.26,BigBazaar,self_upi,0
T0005921,C0170,mid_weekend,2026-02-06 20:57:00.000000000,1917.85,Myntra,self_upi,0
T0002052,C0060,low_evening_shopper,2026-02-06 21:07:00.000000000,914.59,BigBazaar,self_upi,0
T0005827,C0168,low_evening_shopper,2026-02-06 21:09:00.000000000,603.05,Swiggy,self_upi,0
T0004683,C0137,mid_weekend,2026-02-06 21:09:00.000000000,3249.14,Myntra,family_upi,0
T0001682,C0048,low_evening_shopper,2026-02-06 21:12:00.000000000,612.61,Amazon,self_upi,0
T0005938,C0171,low_evening_shopper,2026-02-06 21:39:00.000000000,661.63,Swiggy,self_upi,0
T0002375,C0069,low_evening_shopper,2026-02-06 21:57:00.000000000,999.13,LocalKirana,friend_a,0
T0002456,C0071,mid_weekend,2026-02-06 22:40:00.000000000,2897.26,Zomato,family_upi,0
T0002483,C0072,low_evening_shopper,2026-02-06 22:41:00.000000000,480.07,NewShop_18,self_upi,0
T0004064,C0117,low_evening_shopper,2026-02-06 23:09:00.000000000,680.69,Amazon,friend_a,0
T0001683,C0048,low_evening_shopper,2026-02-06 23:43:00.000000000,693.53,BigBazaar,friend_a,0
T0001056,C0029,mid_weekend,2026-02-07 06:32:00.000000000,2587.77,BookMyShow,self_upi,0
T0005440,C0157,high_business,2026-02-07 06:41:00.000000000,10084.2,Indigo,vendor_x,0
T0004583,C0133,high_business,2026-02-07 08:55:00.000000000,10545.12,OfficeSupplies,self_neft,0
T0005982,C0172,high_business,2026-02-07 09:13:00.000000000,11890.59,OfficeSupplies,self_neft,0
T0002435,C0070,high_business,2026-02-07 09:27:00.000000000,8946.78,TajHotels,vendor_x,0
T0005192,C0151,high_business,2026-02-07 09:44:00.000000000,10089.59,OfficeSupplies,self_neft,0
T0001265,C0035,mid_weekend,2026-02-07 09:48:00.000000000,2214.69,NewShop_3,self_upi,0
T0001828,C0052,high_business,2026-02-07 09:55:00.000000000,12761.57,OfficeSupplies,self_neft,0
T0003489,C0101,mid_weekend,2026-02-07 10:06:00.000000000,2213.79,IRCTC,self_upi,0
T0002012,C0059,mid_weekend,2026-02-07 10:10:00.000000000,1353.59,Zomato,family_upi,0
T0000473,C0013,high_business,2026-02-07 10:13:00.000000000,12849.1,OfficeSupplies,payroll,0
T0005790,C0167,mid_weekend,2026-02-07 10:35:00.000000000,3144.31,Zomato,self_upi,0
T0006335,C0134,mid_weekend,2026-02-07 10:54:00.435813956,11513.42,P2P_5,new_wallet_4164,1
T0004584,C0133,high_business,2026-02-07 10:55:00.000000000,11880.74,AWS,self_neft,0
T0003647,C0106,high_business,2026-02-07 10:56:00.000000000,11548.92,OfficeSupplies,vendor_x,0
T0003490,C0101,mid_weekend,2026-02-07 11:06:00.000000000,2247.07,IRCTC,family_upi,0
T0002324,C0067,high_business,2026-02-07 11:08:00.000000000,13764.16,OfficeSupplies,payroll,0
T0003917,C0113,mid_weekend,2026-02-07 11:12:00.000000000,3195.81,Myntra,self_upi,0
T0000192,C0005,mid_weekend,2026-02-07 11:14:00.000000000,2413.58,Zomato,self_upi,0
T0005791,C0167,mid_weekend,2026-02-07 11:28:00.000000000,2564.52,Zomato,family_upi,0
T0003648,C0106,high_business,2026-02-07 11:36:00.000000000,11409.48,OfficeSupplies,vendor_x,0
T0000364,C0010,high_business,2026-02-07 11:45:00.000000000,9006.03,Indigo,vendor_x,0
T0000474,C0013,high_business,2026-02-07 11:53:00.000000000,11845.84,OfficeSupplies,payroll,0
T0000378,C0011,mid_weekend,2026-02-07 12:10:00.000000000,2879.72,BookMyShow,family_upi,0
T0001643,C0047,mid_weekend,2026-02-07 12:18:00.000000000,3218.28,NewShop_12,self_upi,0
T0000861,C0023,mid_weekend,2026-02-07 12:22:00.000000000,2474.12,Myntra,family_upi,0
T0002015,C0059,mid_weekend,2026-02-07 12:39:00.000000000,2655.74,IRCTC,family_upi,0
T0005191,C0151,high_business,2026-02-07 12:59:00.000000000,11609.74,NewShop_14,payroll,0
T0001263,C0035,mid_weekend,2026-02-07 13:06:00.000000000,2415.42,Myntra,self_upi,0
T0001262,C0035,mid_weekend,2026-02-07 13:21:00.000000000,2859.45,BookMyShow,family_upi,0
T0002106,C0061,high_business,2026-02-07 13:22:00.000000000,13662.06,TajHotels,self_neft,0
T0005582,C0161,mid_weekend,2026-02-07 13:29:00.000000000,2599.04,BookMyShow,self_upi,0
T0001342,C0038,mid_weekend,2026-02-07 13:38:00.000000000,1455.19,BookMyShow,family_upi,0
T0002014,C0059,mid_weekend,2026-02-07 13:39:00.000000000,1516.56,Myntra,self_upi,0
T0006348,C0106,high_business,2026-02-07 14:02:00.390935878,58227.82,P2P_19,new_wallet_1300,1
T0002016,C0059,mid_weekend,2026-02-07 14:09:00.000000000,2687.47,BookMyShow,self_upi,0
T0006148,C0176,mid_weekend,2026-02-07 14:23:00.000000000,11331.84,BookMyShow,self_upi,0
T0005659,C0163,high_business,2026-02-07 14:26:00.000000000,15411.05,TajHotels,payroll,0
T0004980,C0146,mid_weekend,2026-02-07 14:27:00.000000000,4058.45,IRCTC,self_upi,0
T0001829,C0052,high_business,2026-02-07 14:46:00.000000000,6044.67,Indigo,self_neft,0
T0004490,C0131,mid_weekend,2026-02-07 14:47:00.000000000,2580.54,Zomato,self_upi,0
T0003680,C0107,mid_weekend,2026-02-07 15:04:00.000000000,1735.62,Zomato,self_upi,0
T0002013,C0059,mid_weekend,2026-02-07 15:06:00.000000000,7531.21,Zomato,self_upi,0
T0004116,C0119,mid_weekend,2026-02-07 15:13:00.000000000,2399.42,Zomato,family_upi,0
T0004597,C0134,mid_weekend,2026-02-07 15:22:00.000000000,2857.86,Zomato,self_upi,0
T0001264,C0035,mid_weekend,2026-02-07 15:23:00.000000000,2345.14,NewShop_10,self_upi,0
T0004887,C0143,mid_weekend,2026-02-07 15:28:00.000000000,3047.54,BookMyShow,self_upi,0
T0002457,C0071,mid_weekend,2026-02-07 15:30:00.000000000,2442.05,NewShop_4,self_upi,0
T0002017,C0059,mid_weekend,2026-02-07 15:32:00.000000000,2352.16,Zomato,family_upi,0
T0002484,C0072,low_evening_shopper,2026-02-07 15:40:00.000000000,678.71,LocalKirana,friend_a,0
T0000277,C0008,mid_weekend,2026-02-07 15:46:00.000000000,2970.81,IRCTC,family_upi,0
T0000191,C0005,mid_weekend,2026-02-07 15:56:00.000000000,2236.01,Myntra,self_upi,0
T0004491,C0131,mid_weekend,2026-02-07 16:00:00.000000000,2103.8,BookMyShow,self_upi,0
T0001958,C0057,low_evening_shopper,2026-02-07 16:21:00.000000000,572.22,Amazon,self_upi,0
T0002534,C0074,mid_weekend,2026-02-07 16:37:00.000000000,2857.08,IRCTC,family_upi,0
T0000735,C0020,mid_weekend,2026-02-07 16:44:00.000000000,2931.17,BookMyShow,self_upi,0
T0001432,C0042,low_evening_shopper,2026-02-07 16:56:00.000000000,2075.29,Amazon,friend_a,0
T0002342,C0068,mid_weekend,2026-02-07 16:59:00.000000000,3129.45,BookMyShow,self_upi,0
T0001684,C0048,low_evening_shopper,2026-02-07 17:00:00.000000000,895.18,Amazon,self_upi,0
T0000520,C0014,mid_weekend,2026-02-07 17:05:00.000000000,2710.79,Myntra,self_upi,0
T0005581,C0161,mid_weekend,2026-02-07 17:09:00.000000000,1922.3,BookMyShow,self_upi,0
T0004778,C0140,mid_weekend,2026-02-07 17:21:00.000000000,3281.76,Zomato,self_upi,0
T0005013,C0147,low_evening_shopper,2026-02-07 17:32:00.000000000,879.94,Amazon,friend_a,0
T0002128,C0062,mid_weekend,2026-02-07 17:49:00.000000000,2983.61,IRCTC,family_upi,0
T0004621,C0135,low_evening_shopper,2026-02-07 18:32:00.000000000,640.03,BigBazaar,friend_a,0
T0006056,C0174,low_evening_shopper,2026-02-07 18:51:00.000000000,365.64,BigBazaar,self_upi,0
T0005922,C0170,mid_weekend,2026-02-07 19:15:00.000000000,2818.39,BookMyShow,self_upi,0
T0004329,C0126,low_evening_shopper,2026-02-07 19:16:00.000000000,736.13,BigBazaar,friend_a,0
T0005314,C0155,mid_weekend,2026-02-07 19:18:00.000000000,2012.44,IRCTC,self_upi,0
T0002261,C0066,low_evening_shopper,2026-02-07 19:19:00.000000000,390.31,Swiggy,friend_a,0
T0006428,C0003,low_evening_shopper,2026-02-07 19:32:00.999579641,4295.99,LocalKirana,friend_a,1
T0002260,C0066,low_evening_shopper,2026-02-07 19:38:00.000000000,923.39,Amazon,self_upi,0
T0005360,C0156,low_evening_shopper,2026-02-07 19:40:00.000000000,681.44,Swiggy,friend_a,0
T0002961,C0086,mid_weekend,2026-02-07 19:53:00.000000000,2658.04,Zomato,family_upi,0
T0001299,C0036,low_evening_shopper,2026-02-07 19:53:00.000000000,665.56,Swiggy,friend_a,0
T0003599,C0105,low_evening_shopper,2026-02-07 20:02:00.000000000,620.1,Swiggy,friend_a,0
T0000106,C0003,low_evening_shopper,2026-02-07 20:03:00.000000000,890.66,Amazon,friend_a,0
T0001186,C0033,low_evening_shopper,2026-02-07 20:07:00.000000000,498.74,LocalKirana,friend_a,0
T0003259,C0095,mid_weekend,2026-02-07 20:26:00.000000000,13661.83,BookMyShow,self_upi,0
T0000294,C0009,low_evening_shopper,2026-02-07 20:35:00.000000000,502.06,LocalKirana,self_upi,0
T0000379,C0011,mid_weekend,2026-02-07 20:35:00.000000000,2538.75,IRCTC,self_upi,0
T0005939,C0171,low_evening_shopper,2026-02-07 20:36:00.000000000,586.61,Amazon,friend_a,0
T0005702,C0165,low_evening_shopper,2026-02-07 20:36:00.000000000,566.55,Swiggy,self_upi,0
T0004413,C0129,low_evening_shopper,2026-02-07 20:55:00.000000000,593.65,Swiggy,friend_a,0
T0001876,C0054,low_evening_shopper,2026-02-07 21:05:00.000000000,582.95,Amazon,friend_a,0
T0002643,C0078,low_evening_shopper,2026-02-07 21:05:00.000000000,760.88,Amazon,self_upi,0
T0004211,C0122,mid_weekend,2026-02-07 21:25:00.000000000,2792.88,Myntra,self_upi,0
T0004585,C0133,high_business,2026-02-07 21:32:00.000000000,11544.96,AWS,self_neft,0
T0001765,C0051,low_evening_shopper,2026-02-07 21:36:00.000000000,432.64,Amazon,friend_a,0
T0000995,C0027,low_evening_shopper,2026-02-07 21:39:00.000000000,225.11,Swiggy,self_upi,0
T0003702,C0108,low_evening_shopper,2026-02-07 22:10:00.000000000,584.2,LocalKirana,self_upi,0
T0004236,C0123,low_evening_shopper,2026-02-07 22:19:00.000000000,899.35,BigBazaar,self_upi,0
T0002762,C0081,low_evening_shopper,2026-02-07 22:38:00.000000000,1066.24,Amazon,self_upi,0
T0003285,C0096,low_evening_shopper,2026-02-07 23:30:00.000000000,864.75,LocalKirana,self_upi,0
T0003164,C0093,low_evening_shopper,2026-02-07 23:33:00.000000000,568.05,BigBazaar,friend_a,0
T0006368,C0106,high_business,2026-02-08 04:03:00.657164144,29657.02,NightPOS_26,self_neft,1
T0002865,C0084,low_evening_shopper,2026-02-08 08:04:00.000000000,605.62,NewShop_24,friend_a,0
T0002108,C0061,high_business,2026-02-08 09:06:00.000000000,11567.14,Indigo,vendor_x,0
T0006259,C0178,high_business,2026-02-08 09:53:00.000000000,10558.98,Indigo,self_neft,0
T0002107,C0061,high_business,2026-02-08 09:57:00.000000000,9741.55,Indigo,self_neft,0
T0004016,C0115,high_business,2026-02-08 09:59:00.000000000,10913.74,Indigo,vendor_x,0
T0005096,C0149,mid_weekend,2026-02-08 10:02:00.000000000,2946.31,Zomato,self_upi,0
T0004492,C0131,mid_weekend,2026-02-08 10:09:00.000000000,2423.11,BookMyShow,family_upi,0
T0000162,C0004,high_business,2026-02-08 10:21:00.000000000,5370.73,TajHotels,vendor_x,0
T0003649,C0106,high_business,2026-02-08 10:32:00.000000000,14400.24,TajHotels,payroll,0
T0000476,C0013,high_business,2026-02-08 10:34:00.000000000,7562.64,OfficeSupplies,vendor_x,0
T0000475,C0013,high_business,2026-02-08 10:47:00.000000000,15368.31,TajHotels,self_neft,0
T0003651,C0106,high_business,2026-02-08 11:19:00.000000000,11558.1,Indigo,self_neft,0
T0002705,C0079,high_business,2026-02-08 11:37:00.000000000,13528.82,TajHotels,self_neft,0
T0002110,C0061,high_business,2026-02-08 11:37:00.000000000,14242.09,NewShop_1,vendor_x,0
T0002598,C0076,high_business,2026-02-08 11:40:00.000000000,11160.74,TajHotels,payroll,0
T0000076,C0002,mid_weekend,2026-02-08 11:55:00.000000000,2459.21,Myntra,family_upi,0
T0002109,C0061,high_business,2026-02-08 12:08:00.000000000,14554.95,TajHotels,vendor_x,0
T0005193,C0151,high_business,2026-02-08 12:10:00.000000000,9557.95,OfficeSupplies,payroll,0
T0006019,C0173,mid_weekend,2026-02-08 12:25:00.000000000,2981.28,BookMyShow,self_upi,0
T0003260,C0095,mid_weekend,2026-02-08 12:37:00.000000000,1309.37,IRCTC,family_upi,0
T0006020,C0173,mid_weekend,2026-02-08 12:40:00.000000000,3270.3,IRCTC,self_upi,0
T0005923,C0170,mid_weekend,2026-02-08 12:41:00.000000000,2899.15,Myntra,family_upi,0
T0005219,C0152,mid_weekend,2026-02-08 12:43:00.000000000,1551.94,Myntra,family_upi,0
T0004017,C0115,high_business,2026-02-08 12:56:00.000000000,13060.55,NewShop_16,vendor_x,0
T0002343,C0068,mid_weekend,2026-02-08 12:59:00.000000000,2628.83,BookMyShow,self_upi,0
T0005315,C0155,mid_weekend,2026-02-08 13:00:00.000000000,2620.28,IRCTC,self_upi,0
T0002325,C0067,high_business,2026-02-08 13:04:00.000000000,10619.13,OfficeSupplies,self_neft,0
T0002018,C0059,mid_weekend,2026-02-08 13:34:00.000000000,2648.68,BookMyShow,family_upi,0
T0004212,C0122,mid_weekend,2026-02-08 13:34:00.000000000,473.34,Myntra,family_upi,0
T0005095,C0149,mid_weekend,2026-02-08 13:47:00.000000000,2836.05,BookMyShow,self_upi,0
T0006289,C0179,mid_weekend,2026-02-08 13:56:00.000000000,1586.45,Zomato,self_upi,0
T0005793,C0167,mid_weekend,2026-02-08 14:07:00.000000000,3048.63,IRCTC,family_upi,0
T0004981,C0146,mid_weekend,2026-02-08 14:11:00.000000000,2619.06,BookMyShow,family_upi,0
T0003650,C0106,high_business,2026-02-08 14:15:00.000000000,12473.04,OfficeSupplies,payroll,0
T0002436,C0070,high_business,2026-02-08 14:16:00.000000000,11936.72,TajHotels,vendor_x,0
T0006149,C0176,mid_weekend,2026-02-08 15:06:00.000000000,3213.94,IRCTC,self_upi,0
T0000380,C0011,mid_weekend,2026-02-08 15:09:00.000000000,1706.68,IRCTC,family_upi,0
T0002728,C0080,mid_weekend,2026-02-08 15:13:00.000000000,2367.55,BookMyShow,self_upi,0
T0001860,C0053,mid_weekend,2026-02-08 15:13:00.000000000,2788.28,IRCTC,self_upi,0
T0002239,C0065,mid_weekend,2026-02-08 15:28:00.000000000,2710.02,Myntra,family_upi,0
T0000075,C0002,mid_weekend,2026-02-08 15:29:00.000000000,2040.68,NewShop_24,family_upi,0
T0004117,C0119,mid_weekend,2026-02-08 15:47:00.000000000,2284.3,Myntra,family_upi,0
T0002238,C0065,mid_weekend,2026-02-08 15:55:00.000000000,9931.79,Zomato,self_upi,0
T0004303,C0125,mid_weekend,2026-02-08 15:58:00.000000000,2344.96,BookMyShow,self_upi,0
T0000736,C0020,mid_weekend,2026-02-08 16:00:00.000000000,2796.23,Zomato,self_upi,0
T0006290,C0179,mid_weekend,2026-02-08 16:04:00.000000000,2773.93,NewShop_7,self_upi,0
T0005220,C0152,mid_weekend,2026-02-08 16:10:00.000000000,3542.9,BookMyShow,self_upi,0
T0004044,C0116,mid_weekend,2026-02-08 16:21:00.000000000,2513.66,IRCTC,self_upi,0
T0005792,C0167,mid_weekend,2026-02-08 16:29:00.000000000,1485.17,IRCTC,self_upi,0
T0000737,C0020,mid_weekend,2026-02-08 16:40:00.000000000,2036.08,IRCTC,family_upi,0
T0002629,C0077,mid_weekend,2026-02-08 16:47:00.000000000,2005.06,BookMyShow,family_upi,0
T0004779,C0140,mid_weekend,2026-02-08 16:50:00.000000000,2825.21,BookMyShow,self_upi,0
T0004598,C0134,mid_weekend,2026-02-08 17:00:00.000000000,1516.27,Zomato,family_upi,0
T0001644,C0047,mid_weekend,2026-02-08 17:22:00.000000000,2645.24,Myntra,family_upi,0
T0003091,C0090,low_evening_shopper,2026-02-08 17:24:00.000000000,895.65,Swiggy,self_upi,0
T0004237,C0123,low_evening_shopper,2026-02-08 17:35:00.000000000,606.25,LocalKirana,friend_a,0
T0002599,C0076,high_business,2026-02-08 17:51:00.000000000,13112.36,AWS,self_neft,0
T0002546,C0075,low_evening_shopper,2026-02-08 18:03:00.000000000,1969.05,BigBazaar,self_upi,0
T0001877,C0054,low_evening_shopper,2026-02-08 18:16:00.000000000,748.74,BigBazaar,self_upi,0
T0002644,C0078,low_evening_shopper,2026-02-08 18:45:00.000000000,631.49,Swiggy,self_upi,0
T0000738,C0020,mid_weekend,2026-02-08 18:49:00.000000000,7590.22,Myntra,self_upi,0
T0006291,C0179,mid_weekend,2026-02-08 19:09:00.000000000,1776.98,Myntra,family_upi,0
T0001959,C0057,low_evening_shopper,2026-02-08 19:11:00.000000000,2622.16,Swiggy,friend_a,0
T0002152,C0063,low_evening_shopper,2026-02-08 19:14:00.000000000,1063.22,Amazon,friend_a,0
T0002262,C0066,low_evening_shopper,2026-02-08 19:26:00.000000000,963.99,Amazon,friend_a,0
T0000897,C0024,low_evening_shopper,2026-02-08 19:38:00.000000000,691.42,BigBazaar,self_upi,0
T0000996,C0027,low_evening_shopper,2026-02-08 19:39:00.000000000,775.76,BigBazaar,friend_a,0
T0005244,C0153,low_evening_shopper,2026-02-08 20:12:00.000000000,905.46,Amazon,friend_a,0
T0001368,C0039,low_evening_shopper,2026-02-08 20:19:00.000000000,625.01,LocalKirana,friend_a,0
T0000674,C0018,low_evening_shopper,2026-02-08 20:19:00.000000000,1251.1,Swiggy,self_upi,0
T0000440,C0012,low_evening_shopper,2026-02-08 20:22:00.000000000,693.76,Swiggy,friend_a,0
T0004622,C0135,low_evening_shopper,2026-02-08 20:39:00.000000000,761.73,LocalKirana,self_upi,0
T0001093,C0030,low_evening_shopper,2026-02-08 20:39:00.000000000,706.41,Amazon,friend_a,0
T0000540,C0015,low_evening_shopper,2026-02-08 20:40:00.000000000,884.71,LocalKirana,friend_a,0
T0003703,C0108,low_evening_shopper,2026-02-08 20:47:00.000000000,811.19,LocalKirana,self_upi,0
T0005014,C0147,low_evening_shopper,2026-02-08 20:59:00.000000000,655.5,Amazon,self_upi,0
T0005595,C0162,low_evening_shopper,2026-02-08 21:00:00.000000000,802.8,Swiggy,self_upi,0
T0000295,C0009,low_evening_shopper,2026-02-08 21:02:00.000000000,506.04,LocalKirana,self_upi,0
T0005940,C0171,low_evening_shopper,2026-02-08 21:11:00.000000000,121.02,Swiggy,friend_a,0
T0004065,C0117,low_evening_shopper,2026-02-08 21:39:00.000000000,959.26,LocalKirana,self_upi,0
T0002485,C0072,low_evening_shopper,2026-02-08 21:44:00.000000000,1095.6,Amazon,friend_a,0
T0005703,C0165,low_evening_shopper,2026-02-08 21:53:00.000000000,812.5,Swiggy,self_upi,0
T0005501,C0159,low_evening_shopper,2026-02-08 21:54:00.000000000,674.25,BigBazaar,self_upi,0
T0004520,C0132,low_evening_shopper,2026-02-08 22:08:00.000000000,536.19,BigBazaar,friend_a,0
T0001057,C0029,mid_weekend,2026-02-08 23:23:00.000000000,1654.4,Myntra,self_upi,0
T0002376,C0069,low_evening_shopper,2026-02-08 23:27:00.000000000,668.78,LocalKirana,self_upi,0
T0000954,C0026,mid_weekend,2026-02-09 00:07:00.000000000,2523.9,BookMyShow,family_upi,0
T0003508,C0102,low_evening_shopper,2026-02-09 01:32:00.000000000,923.5,Swiggy,self_upi,0
T0002820,C0083,mid_weekend,2026-02-09 03:38:00.000000000,2298.48,Zomato,self_upi,0
T0006363,C0108,low_evening_shopper,2026-02-09 03:38:00.351283203,2445.84,NightPOS_12,self_upi,1
T0003704,C0108,low_evening_shopper,2026-02-09 03:41:00.000000000,604.19,Swiggy,self_upi,0
T0006396,C0077,mid_weekend,2026-02-09 03:46:00.146778349,5172.22,NightPOS_20,self_upi,1
T0006431,C0063,low_evening_shopper,2026-02-09 04:19:00.359162275,2408.62,NightPOS_13,self_upi,1
T0006337,C0061,high_business,2026-02-09 04:42:00.199913374,94783.05,UnknownStore_57,new_wallet_3132,1
T0003286,C0096,low_evening_shopper,2026-02-09 07:05:00.000000000,1140.35,LocalKirana,self_upi,0
T0004018,C0115,high_business,2026-02-09 07:33:00.000000000,12049.82,TajHotels,self_neft,0
T0000675,C0018,low_evening_shopper,2026-02-09 08:11:00.000000000,542.0,Swiggy,self_upi,0
T0005097,C0149,mid_weekend,2026-02-09 09:01:00.000000000,2395.39,IRCTC,family_upi,0
T0003767,C0109,high_business,2026-02-09 09:03:00.000000000,49683.72,NewShop_20,vendor_x,0
T0004599,C0134,mid_weekend,2026-02-09 09:12:00.000000000,2160.03,Zomato,family_upi,0
T0003046,C0089,mid_weekend,2026-02-09 09:13:00.000000000,1739.85,NewShop_12,family_upi,0
T0003044,C0089,mid_weekend,2026-02-09 09:22:00.000000000,2789.56,Myntra,self_upi,0
T0003652,C0106,high_business,2026-02-09 09:43:00.000000000,39611.89,TajHotels,payroll,0
T0000478,C0013,high_business,2026-02-09 10:05:00.000000000,10841.39,OfficeSupplies,payroll,0
T0005221,C0152,mid_weekend,2026-02-09 10:08:00.000000000,1954.4,Myntra,family_upi,0
T0000955,C0026,mid_weekend,2026-02-09 10:12:00.000000000,2277.14,Myntra,family_upi,0
T0006344,C0002,mid_weekend,2026-02-09 10:14:00.145085256,13216.13,BookMyShow,self_upi,1
T0000278,C0008,mid_weekend,2026-02-09 10:16:00.000000000,2963.12,BookMyShow,self_upi,0
T0002706,C0079,high_business,2026-02-09 10:31:00.000000000,7390.81,OfficeSupplies,vendor_x,0
T0006401,C0013,high_business,2026-02-09 10:33:00.011792096,66714.33,TajHotels,payroll,1
T0002438,C0070,high_business,2026-02-09 10:44:00.000000000,14398.47,AWS,vendor_x,0
T0006021,C0173,mid_weekend,2026-02-09 10:59:00.000000000,2406.03,BookMyShow,family_upi,0
T0000163,C0004,high_business,2026-02-09 11:06:00.000000000,38069.84,TajHotels,vendor_x,0
T0002437,C0070,high_business,2026-02-09 11:08:00.000000000,8017.61,TajHotels,payroll,0
T0004304,C0125,mid_weekend,2026-02-09 11:30:00.000000000,2809.86,IRCTC,self_upi,0
T0004118,C0119,mid_weekend,2026-02-09 11:36:00.000000000,2124.57,Myntra,self_upi,0
T0000477,C0013,high_business,2026-02-09 11:41:00.000000000,7880.56,OfficeSupplies,payroll,0
T0002019,C0059,mid_weekend,2026-02-09 11:50:00.000000000,6013.76,Zomato,family_upi,0
T0004493,C0131,mid_weekend,2026-02-09 12:06:00.000000000,1713.72,Zomato,family_upi,0
T0003681,C0107,mid_weekend,2026-02-09 12:33:00.000000000,1167.78,BookMyShow,self_upi,0
T0005660,C0163,high_business,2026-02-09 12:35:00.000000000,10455.68,TajHotels,vendor_x,0
T0003766,C0109,high_business,2026-02-09 12:42:00.000000000,10372.33,TajHotels,vendor_x,0
T0005462,C0158,mid_weekend,2026-02-09 12:45:00.000000000,2777.05,Myntra,self_upi,0
T0006292,C0179,mid_weekend,2026-02-09 12:52:00.000000000,2311.82,Myntra,family_upi,0
T0000646,C0017,mid_weekend,2026-02-09 12:55:00.000000000,3062.18,Zomato,self_upi,0
T0003765,C0109,high_business,2026-02-09 13:05:00.000000000,9741.78,AWS,payroll,0
T0002962,C0086,mid_weekend,2026-02-09 13:13:00.000000000,2947.58,Myntra,family_upi,0
T0000193,C0005,mid_weekend,2026-02-09 14:03:00.000000000,2805.94,BookMyShow,self_upi,0
T0001343,C0038,mid_weekend,2026-02-09 14:12:00.000000000,2523.57,IRCTC,family_upi,0
T0005461,C0158,mid_weekend,2026-02-09 14:32:00.000000000,10942.41,IRCTC,self_upi,0
T0000957,C0026,mid_weekend,2026-02-09 14:32:00.000000000,3137.52,BookMyShow,family_upi,0
T0005316,C0155,mid_weekend,2026-02-09 14:40:00.000000000,5517.91,Zomato,self_upi,0
T0006260,C0178,high_business,2026-02-09 14:41:00.000000000,12883.1,AWS,vendor_x,0
T0002821,C0083,mid_weekend,2026-02-09 14:43:00.000000000,2277.25,BookMyShow,self_upi,0
T0006356,C0119,mid_weekend,2026-02-09 14:44:00.973248276,4181.16,IRCTC,quick_payee_365,1
T0005463,C0158,mid_weekend,2026-02-09 14:46:00.000000000,2135.92,Myntra,self_upi,0
T0005758,C0166,high_business,2026-02-09 14:52:00.000000000,14521.26,Indigo,self_neft,0
T0000956,C0026,mid_weekend,2026-02-09 15:10:00.000000000,9386.33,Myntra,family_upi,0
T0002020,C0059,mid_weekend,2026-02-09 15:15:00.000000000,3346.67,IRCTC,self_upi,0
T0002129,C0062,mid_weekend,2026-02-09 15:27:00.000000000,1277.54,Myntra,self_upi,0
T0003682,C0107,mid_weekend,2026-02-09 15:29:00.000000000,2704.16,BookMyShow,family_upi,0
T0006150,C0176,mid_weekend,2026-02-09 15:32:00.000000000,2407.32,NewShop_29,family_upi,0
T0001861,C0053,mid_weekend,2026-02-09 15:40:00.000000000,7765.44,Myntra,family_upi,0
T0000958,C0026,mid_weekend,2026-02-09 15:42:00.000000000,2326.2,Myntra,family_upi,0
T0003263,C0095,mid_weekend,2026-02-09 15:52:00.000000000,5064.7,Zomato,family_upi,0
T0002458,C0071,mid_weekend,2026-02-09 15:59:00.000000000,2998.51,BookMyShow,family_upi,0
T0004305,C0125,mid_weekend,2026-02-09 16:02:00.000000000,3017.97,IRCTC,family_upi,0
T0004781,C0140,mid_weekend,2026-02-09 16:08:00.000000000,2263.03,IRCTC,family_upi,0
T0004495,C0131,mid_weekend,2026-02-09 16:13:00.000000000,2604.64,BookMyShow,self_upi,0
T0003142,C0092,mid_weekend,2026-02-09 16:37:00.000000000,1843.23,Zomato,family_upi,0
T0003043,C0089,mid_weekend,2026-02-09 16:40:00.000000000,2944.6,Zomato,self_upi,0
T0003358,C0098,mid_weekend,2026-02-09 16:41:00.000000000,2213.95,BookMyShow,self_upi,0
T0000279,C0008,mid_weekend,2026-02-09 16:46:00.000000000,2734.27,IRCTC,family_upi,0
T0005460,C0158,mid_weekend,2026-02-09 16:52:00.000000000,7845.69,Zomato,self_upi,0
T0004494,C0131,mid_weekend,2026-02-09 16:52:00.000000000,2454.52,BookMyShow,self_upi,0
T0003165,C0093,low_evening_shopper,2026-02-09 17:05:00.000000000,461.43,BigBazaar,self_upi,0
T0003261,C0095,mid_weekend,2026-02-09 17:05:00.000000000,2780.52,Zomato,family_upi,0
T0001766,C0051,low_evening_shopper,2026-02-09 17:09:00.000000000,567.53,BigBazaar,friend_a,0
T0001939,C0056,mid_weekend,2026-02-09 17:20:00.000000000,2038.28,IRCTC,self_upi,0
T0003262,C0095,mid_weekend,2026-02-09 17:34:00.000000000,2728.17,IRCTC,self_upi,0
T0003359,C0098,mid_weekend,2026-02-09 17:35:00.000000000,2726.5,Zomato,self_upi,0
T0000381,C0011,mid_weekend,2026-02-09 17:48:00.000000000,3184.49,BookMyShow,self_upi,0
T0005222,C0152,mid_weekend,2026-02-09 17:59:00.000000000,1941.63,Myntra,family_upi,0
T0003045,C0089,mid_weekend,2026-02-09 18:00:00.000000000,3056.06,Myntra,self_upi,0
T0001685,C0048,low_evening_shopper,2026-02-09 18:02:00.000000000,952.34,Amazon,self_upi,0
T0001750,C0050,mid_weekend,2026-02-09 18:06:00.000000000,2382.53,Myntra,self_upi,0
T0002547,C0075,low_evening_shopper,2026-02-09 18:28:00.000000000,1034.64,LocalKirana,self_upi,0
T0000953,C0026,mid_weekend,2026-02-09 18:49:00.000000000,2943.37,BookMyShow,family_upi,0
T0000676,C0018,low_evening_shopper,2026-02-09 19:01:00.000000000,809.58,LocalKirana,self_upi,0
T0005596,C0162,low_evening_shopper,2026-02-09 19:03:00.000000000,797.04,Amazon,self_upi,0
T0003787,C0110,mid_weekend,2026-02-09 19:07:00.000000000,2916.2,BookMyShow,self_upi,0
T0003047,C0089,mid_weekend,2026-02-09 19:07:00.000000000,1960.6,Zomato,self_upi,0
T0002630,C0077,mid_weekend,2026-02-09 19:14:00.000000000,2329.65,IRCTC,family_upi,0
T0002822,C0083,mid_weekend,2026-02-09 19:14:00.000000000,3741.52,BookMyShow,self_upi,0
T0004134,C0120,low_evening_shopper,2026-02-09 19:14:00.000000000,915.09,BigBazaar,self_upi,0
T0003819,C0111,low_evening_shopper,2026-02-09 19:30:00.000000000,701.81,BigBazaar,friend_a,0
T0004414,C0129,low_evening_shopper,2026-02-09 19:36:00.000000000,562.16,LocalKirana,self_upi,0
T0003705,C0108,low_evening_shopper,2026-02-09 19:40:00.000000000,484.51,BigBazaar,self_upi,0
T0005502,C0159,low_evening_shopper,2026-02-09 19:51:00.000000000,799.18,LocalKirana,friend_a,0
T0000077,C0002,mid_weekend,2026-02-09 19:59:00.000000000,2718.07,IRCTC,self_upi,0
T0002153,C0063,low_evening_shopper,2026-02-09 20:15:00.000000000,404.44,LocalKirana,friend_a,0
T0002263,C0066,low_evening_shopper,2026-02-09 20:17:00.000000000,608.21,Amazon,friend_a,0
T0004928,C0144,low_evening_shopper,2026-02-09 20:21:00.000000000,653.06,BigBazaar,self_upi,0
T0003509,C0102,low_evening_shopper,2026-02-09 20:21:00.000000000,2715.49,BigBazaar,self_upi,0
T0000009,C0000,low_evening_shopper,2026-02-09 20:33:00.000000000,2472.55,Amazon,friend_a,0
T0002486,C0072,low_evening_shopper,2026-02-09 20:50:00.000000000,612.31,LocalKirana,friend_a,0
T0002980,C0087,low_evening_shopper,2026-02-09 20:51:00.000000000,794.77,Swiggy,friend_a,0
T0000441,C0012,low_evening_shopper,2026-02-09 21:06:00.000000000,505.79,Swiggy,friend_a,0
T0001094,C0030,low_evening_shopper,2026-02-09 21:09:00.000000000,1195.64,Swiggy,friend_a,0
T0003389,C0099,low_evening_shopper,2026-02-09 21:16:00.000000000,365.59,Amazon,self_upi,0
T0004521,C0132,low_evening_shopper,2026-02-09 21:21:00.000000000,719.06,Amazon,friend_a,0
T0001300,C0036,low_evening_shopper,2026-02-09 21:22:00.000000000,654.61,LocalKirana,friend_a,0
T0001187,C0033,low_evening_shopper,2026-02-09 21:36:00.000000000,734.94,Amazon,self_upi,0
T0000078,C0002,mid_weekend,2026-02-09 21:43:00.000000000,1794.03,BookMyShow,self_upi,0
T0005704,C0165,low_evening_shopper,2026-02-09 21:45:00.000000000,868.82,Swiggy,friend_a,0
T0004780,C0140,mid_weekend,2026-02-09 21:48:00.000000000,3424.12,BookMyShow,family_upi,0
T0006186,C0177,low_evening_shopper,2026-02-09 21:50:00.000000000,1120.24,Swiggy,friend_a,0
T0000997,C0027,low_evening_shopper,2026-02-09 22:15:00.000000000,781.55,BigBazaar,friend_a,0
T0003390,C0099,low_evening_shopper,2026-02-09 22:18:00.000000000,687.73,Swiggy,self_upi,0
T0002377,C0069,low_evening_shopper,2026-02-09 23:42:00.000000000,741.1,LocalKirana,friend_a,0
T0005583,C0161,mid_weekend,2026-02-09 23:55:00.000000000,2911.51,Myntra,self_upi,0
T0004856,C0142,high_business,2026-02-10 00:42:00.000000000,14627.01,AWS,payroll,0
T0006336,C0119,mid_weekend,2026-02-10 01:26:00.345672573,5787.65,NightPOS_25,family_upi,1
T0004853,C0142,high_business,2026-02-10 07:09:00.000000000,13367.98,TajHotels,vendor_x,0
T0002439,C0070,high_business,2026-02-10 07:37:00.000000000,13299.42,AWS,self_neft,0
T0001862,C0053,mid_weekend,2026-02-10 08:20:00.000000000,3745.71,BookMyShow,family_upi,0
T0006293,C0179,mid_weekend,2026-02-10 08:33:00.000000000,2126.57,BookMyShow,self_upi,0
T0004852,C0142,high_business,2026-02-10 08:37:00.000000000,13777.19,OfficeSupplies,payroll,0
T0002111,C0061,high_business,2026-02-10 09:10:00.000000000,12721.2,AWS,self_neft,0
T0004854,C0142,high_business,2026-02-10 09:17:00.000000000,13433.8,TajHotels,payroll,0
T0001830,C0052,high_business,2026-02-10 09:46:00.000000000,16574.81,TajHotels,vendor_x,0
T0005983,C0172,high_business,2026-02-10 10:00:00.000000000,12604.75,OfficeSupplies,payroll,0
T0000479,C0013,high_business,2026-02-10 10:04:00.000000000,11336.15,OfficeSupplies,vendor_x,0
T0001831,C0052,high_business,2026-02-10 10:15:00.000000000,10659.73,TajHotels,payroll,0
T0005194,C0151,high_business,2026-02-10 10:18:00.000000000,9444.96,TajHotels,self_neft,0
T0004857,C0142,high_business,2026-02-10 10:18:00.000000000,13322.9,OfficeSupplies,vendor_x,0
T0003491,C0101,mid_weekend,2026-02-10 10:44:00.000000000,2453.02,BookMyShow,self_upi,0
T0005195,C0151,high_business,2026-02-10 11:24:00.000000000,13861.09,TajHotels,self_neft,0
T0002112,C0061,high_business,2026-02-10 11:29:00.000000000,9248.68,AWS,payroll,0
T0004982,C0146,mid_weekend,2026-02-10 11:37:00.000000000,1997.32,Zomato,self_upi,0
T0004851,C0142,high_business,2026-02-10 11:39:00.000000000,10381.01,TajHotels,payroll,0
T0004119,C0119,mid_weekend,2026-02-10 11:55:00.000000000,2864.29,BookMyShow,self_upi,0
T0004120,C0119,mid_weekend,2026-02-10 11:56:00.000000000,2235.81,IRCTC,family_upi,0
T0006261,C0178,high_business,2026-02-10 12:03:00.000000000,9381.23,TajHotels,payroll,0
T0004601,C0134,mid_weekend,2026-02-10 12:36:00.000000000,1367.26,Zomato,self_upi,0
T0000165,C0004,high_business,2026-02-10 12:47:00.000000000,12066.46,Indigo,payroll,0
T0005317,C0155,mid_weekend,2026-02-10 12:50:00.000000000,2278.73,Myntra,family_upi,0
T0004855,C0142,high_business,2026-02-10 12:55:00.000000000,13042.07,TajHotels,vendor_x,0
T0000164,C0004,high_business,2026-02-10 12:59:00.000000000,10626.12,TajHotels,self_neft,0
T0003653,C0106,high_business,2026-02-10 12:59:00.000000000,24426.84,Indigo,vendor_x,0
T0005759,C0166,high_business,2026-02-10 13:17:00.000000000,11726.71,TajHotels,self_neft,0
T0003768,C0109,high_business,2026-02-10 14:07:00.000000000,12484.3,AWS,payroll,0
T0003048,C0089,mid_weekend,2026-02-10 14:11:00.000000000,2742.71,IRCTC,self_upi,0
T0003143,C0092,mid_weekend,2026-02-10 14:15:00.000000000,2134.98,IRCTC,family_upi,0
T0003264,C0095,mid_weekend,2026-02-10 14:25:00.000000000,3389.01,IRCTC,self_upi,0
T0005464,C0158,mid_weekend,2026-02-10 14:31:00.000000000,1394.51,Myntra,family_upi,0
T0004600,C0134,mid_weekend,2026-02-10 14:34:00.000000000,3095.43,Zomato,family_upi,0
T0006421,C0158,mid_weekend,2026-02-10 14:44:00.238539071,5842.84,BookMyShow,quick_payee_907,1
T0002600,C0076,high_business,2026-02-10 14:51:00.000000000,36215.57,OfficeSupplies,payroll,0
T0003684,C0107,mid_weekend,2026-02-10 15:02:00.000000000,2828.88,BookMyShow,family_upi,0
T0005196,C0151,high_business,2026-02-10 15:04:00.000000000,10819.6,Indigo,self_neft,0
T0000280,C0008,mid_weekend,2026-02-10 15:11:00.000000000,2629.06,Myntra,self_upi,0
T0005924,C0170,mid_weekend,2026-02-10 15:16:00.000000000,2792.72,Myntra,self_upi,0
T0000281,C0008,mid_weekend,2026-02-10 15:25:00.000000000,2615.91,IRCTC,family_upi,0
T0003287,C0096,low_evening_shopper,2026-02-10 16:12:00.000000000,760.39,Amazon,friend_a,0
T0002240,C0065,mid_weekend,2026-02-10 16:32:00.000000000,4063.59,NewShop_16,self_upi,0
T0005245,C0153,low_evening_shopper,2026-02-10 16:36:00.000000000,475.08,LocalKirana,friend_a,0
T0001940,C0056,mid_weekend,2026-02-10 16:56:00.000000000,2237.67,IRCTC,self_upi,0
T0004783,C0140,mid_weekend,2026-02-10 16:59:00.000000000,3572.36,IRCTC,self_upi,0
T0003510,C0102,low_evening_shopper,2026-02-10 17:01:00.000000000,598.22,Amazon,friend_a,0
T0001519,C0044,mid_weekend,2026-02-10 17:25:00.000000000,8101.76,Zomato,self_upi,0
T0001188,C0033,low_evening_shopper,2026-02-10 17:28:00.000000000,502.53,NewShop_18,friend_a,0
T0004045,C0116,mid_weekend,2026-02-10 17:52:00.000000000,1920.01,Zomato,self_upi,0
T0002130,C0062,mid_weekend,2026-02-10 18:02:00.000000000,2614.9,Zomato,self_upi,0
T0005584,C0161,mid_weekend,2026-02-10 18:10:00.000000000,1715.01,BookMyShow,family_upi,0
T0005597,C0162,low_evening_shopper,2026-02-10 18:27:00.000000000,1647.32,LocalKirana,self_upi,0
T0006187,C0177,low_evening_shopper,2026-02-10 18:41:00.000000000,550.52,Amazon,friend_a,0
T0004684,C0137,mid_weekend,2026-02-10 18:49:00.000000000,3381.02,Myntra,family_upi,0
T0001767,C0051,low_evening_shopper,2026-02-10 18:59:00.000000000,733.43,BigBazaar,self_upi,0
T0004782,C0140,mid_weekend,2026-02-10 19:06:00.000000000,2702.6,IRCTC,family_upi,0
T0006294,C0179,mid_weekend,2026-02-10 19:07:00.000000000,2961.32,IRCTC,family_upi,0
T0003683,C0107,mid_weekend,2026-02-10 19:10:00.000000000,2062.39,IRCTC,family_upi,0
T0001266,C0035,mid_weekend,2026-02-10 19:15:00.000000000,5542.16,Zomato,self_upi,0
T0003600,C0105,low_evening_shopper,2026-02-10 19:30:00.000000000,454.25,BigBazaar,friend_a,0
T0004496,C0131,mid_weekend,2026-02-10 19:31:00.000000000,3661.29,Zomato,family_upi,0
T0005794,C0167,mid_weekend,2026-02-10 19:43:00.000000000,2609.96,BookMyShow,family_upi,0
T0001433,C0042,low_evening_shopper,2026-02-10 19:48:00.000000000,570.44,LocalKirana,friend_a,0
T0006057,C0174,low_evening_shopper,2026-02-10 19:50:00.000000000,481.12,LocalKirana,self_upi,0
T0002344,C0068,mid_weekend,2026-02-10 20:03:00.000000000,3063.47,Myntra,family_upi,0
T0003144,C0092,mid_weekend,2026-02-10 20:10:00.000000000,3091.82,IRCTC,self_upi,0
T0005828,C0168,low_evening_shopper,2026-02-10 20:13:00.000000000,474.36,LocalKirana,friend_a,0
T0001878,C0054,low_evening_shopper,2026-02-10 20:16:00.000000000,926.11,LocalKirana,friend_a,0
T0004983,C0146,mid_weekend,2026-02-10 20:32:00.000000000,3498.87,BookMyShow,self_upi,0
T0000222,C0006,low_evening_shopper,2026-02-10 20:36:00.000000000,724.32,LocalKirana,friend_a,0
T0005941,C0171,low_evening_shopper,2026-02-10 20:36:00.000000000,720.09,Amazon,friend_a,0
T0000898,C0024,low_evening_shopper,2026-02-10 20:42:00.000000000,489.8,LocalKirana,friend_a,0
T0001301,C0036,low_evening_shopper,2026-02-10 20:44:00.000000000,515.8,Amazon,self_upi,0
T0000079,C0002,mid_weekend,2026-02-10 20:58:00.000000000,8082.59,BookMyShow,family_upi,0
T0003706,C0108,low_evening_shopper,2026-02-10 20:58:00.000000000,586.25,BigBazaar,friend_a,0
T0004330,C0126,low_evening_shopper,2026-02-10 21:05:00.000000000,830.78,BigBazaar,self_upi,0
T0000677,C0018,low_evening_shopper,2026-02-10 21:24:00.000000000,844.6,Swiggy,self_upi,0
T0001095,C0030,low_evening_shopper,2026-02-10 21:47:00.000000000,773.23,LocalKirana,friend_a,0
T0004415,C0129,low_evening_shopper,2026-02-10 21:51:00.000000000,883.31,Amazon,self_upi,0
T0000107,C0003,low_evening_shopper,2026-02-10 21:52:00.000000000,931.72,LocalKirana,friend_a,0
T0000862,C0023,mid_weekend,2026-02-10 22:04:00.000000000,3369.36,Zomato,family_upi,0
T0004725,C0138,low_evening_shopper,2026-02-10 22:33:00.000000000,515.53,LocalKirana,friend_a,0
T0002763,C0081,low_evening_shopper,2026-02-10 22:52:00.000000000,805.51,LocalKirana,friend_a,0
T0006382,C0066,low_evening_shopper,2026-02-11 02:01:00.956143297,2147.2,NightPOS_31,self_upi,1
T0006391,C0105,low_evening_shopper,2026-02-11 04:38:00.913027151,4350.71,UnknownStore_41,new_wallet_5018,1
T0003769,C0109,high_business,2026-02-11 06:17:00.000000000,15256.72,OfficeSupplies,self_neft,0
T0006263,C0178,high_business,2026-02-11 08:05:00.000000000,12432.23,OfficeSupplies,self_neft,0
T0006266,C0178,high_business,2026-02-11 08:52:00.000000000,10778.58,TajHotels,vendor_x,0
T0004416,C0129,low_evening_shopper,2026-02-11 09:10:00.000000000,882.76,Swiggy,friend_a,0
T0006265,C0178,high_business,2026-02-11 09:31:00.000000000,8118.14,TajHotels,payroll,0
T0004019,C0115,high_business,2026-02-11 10:16:00.000000000,26210.97,AWS,vendor_x,0
T0005984,C0172,high_business,2026-02-11 10:24:00.000000000,9341.25,AWS,self_neft,0
T0005795,C0167,mid_weekend,2026-02-11 10:36:00.000000000,4358.97,BookMyShow,self_upi,0
T0004020,C0115,high_business,2026-02-11 10:56:00.000000000,24293.14,TajHotels,self_neft,0
T0002602,C0076,high_business,2026-02-11 11:00:00.000000000,9222.57,TajHotels,vendor_x,0
T0005925,C0170,mid_weekend,2026-02-11 11:08:00.000000000,2874.69,Zomato,family_upi,0
T0005796,C0167,mid_weekend,2026-02-11 11:08:00.000000000,1369.06,Zomato,family_upi,0
T0003049,C0089,mid_weekend,2026-02-11 11:16:00.000000000,1818.06,Myntra,family_upi,0
T0006264,C0178,high_business,2026-02-11 11:23:00.000000000,8197.18,OfficeSupplies,self_neft,0
T0004022,C0115,high_business,2026-02-11 11:30:00.000000000,12548.93,OfficeSupplies,self_neft,0
T0002601,C0076,high_business,2026-02-11 11:45:00.000000000,60503.09,Indigo,vendor_x,0
T0002604,C0076,high_business,2026-02-11 11:51:00.000000000,14311.98,AWS,self_neft,0
T0005661,C0163,high_business,2026-02-11 11:56:00.000000000,9090.2,AWS,payroll,0
T0004858,C0142,high_business,2026-02-11 11:57:00.000000000,10206.08,AWS,payroll,0
T0001833,C0052,high_business,2026-02-11 12:19:00.000000000,12931.29,AWS,self_neft,0
T0004021,C0115,high_business,2026-02-11 12:34:00.000000000,10013.7,OfficeSupplies,vendor_x,0
T0006456,C0013,high_business,2026-02-11 12:43:00.633699006,73926.3,TajHotels,self_neft,1
T0002965,C0086,mid_weekend,2026-02-11 13:01:00.000000000,3013.66,IRCTC,family_upi,0
T0003788,C0110,mid_weekend,2026-02-11 13:07:00.000000000,2487.39,BookMyShow,family_upi,0
T0001832,C0052,high_business,2026-02-11 13:09:00.000000000,11249.0,TajHotels,vendor_x,0
T0004024,C0115,high_business,2026-02-11 13:09:00.000000000,12247.69,Indigo,self_neft,0
T0002603,C0076,high_business,2026-02-11 13:12:00.000000000,12636.62,AWS,vendor_x,0
T0005760,C0166,high_business,2026-02-11 13:20:00.000000000,12504.68,AWS,vendor_x,0
T0006262,C0178,high_business,2026-02-11 13:24:00.000000000,8378.12,TajHotels,vendor_x,0
T0004888,C0143,mid_weekend,2026-02-11 13:44:00.000000000,3074.89,Myntra,self_upi,0
T0004023,C0115,high_business,2026-02-11 14:03:00.000000000,28527.31,AWS,self_neft,0
T0005585,C0161,mid_weekend,2026-02-11 14:14:00.000000000,8604.63,Myntra,family_upi,0
T0000166,C0004,high_business,2026-02-11 14:19:00.000000000,10672.56,AWS,payroll,0
T0002964,C0086,mid_weekend,2026-02-11 14:20:00.000000000,2950.79,Myntra,self_upi,0
T0005223,C0152,mid_weekend,2026-02-11 14:33:00.000000000,1580.04,Zomato,family_upi,0
T0005098,C0149,mid_weekend,2026-02-11 14:54:00.000000000,2324.56,BookMyShow,family_upi,0
T0001751,C0050,mid_weekend,2026-02-11 15:04:00.000000000,2676.55,Zomato,self_upi,0
T0000521,C0014,mid_weekend,2026-02-11 15:10:00.000000000,2569.11,Myntra,family_upi,0
T0006022,C0173,mid_weekend,2026-02-11 15:11:00.000000000,2953.81,Zomato,self_upi,0
T0000194,C0005,mid_weekend,2026-02-11 15:18:00.000000000,2714.39,Myntra,self_upi,0
T0001520,C0044,mid_weekend,2026-02-11 15:29:00.000000000,2726.78,Zomato,self_upi,0
T0002729,C0080,mid_weekend,2026-02-11 15:37:00.000000000,2255.23,Myntra,family_upi,0
T0005465,C0158,mid_weekend,2026-02-11 15:37:00.000000000,2717.84,IRCTC,self_upi,0
T0000480,C0013,high_business,2026-02-11 15:40:00.000000000,12115.77,TajHotels,self_neft,0
T0001267,C0035,mid_weekend,2026-02-11 15:41:00.000000000,2805.56,NewShop_31,self_upi,0
T0002823,C0083,mid_weekend,2026-02-11 15:43:00.000000000,2811.48,BookMyShow,family_upi,0
T0004306,C0125,mid_weekend,2026-02-11 15:49:00.000000000,3509.4,NewShop_37,family_upi,0
T0004121,C0119,mid_weekend,2026-02-11 15:50:00.000000000,2527.45,Zomato,self_upi,0
T0001521,C0044,mid_weekend,2026-02-11 16:00:00.000000000,3285.66,NewShop_1,self_upi,0
T0000959,C0026,mid_weekend,2026-02-11 16:06:00.000000000,1712.54,BookMyShow,family_upi,0
T0005224,C0152,mid_weekend,2026-02-11 16:19:00.000000000,2131.27,Myntra,family_upi,0
T0002963,C0086,mid_weekend,2026-02-11 16:37:00.000000000,3254.86,Myntra,self_upi,0
T0003265,C0095,mid_weekend,2026-02-11 16:43:00.000000000,2618.9,Zomato,self_upi,0
T0002631,C0077,mid_weekend,2026-02-11 16:46:00.000000000,2731.91,Myntra,self_upi,0
T0003918,C0113,mid_weekend,2026-02-11 16:48:00.000000000,3104.08,IRCTC,family_upi,0
T0004213,C0122,mid_weekend,2026-02-11 16:52:00.000000000,2785.35,IRCTC,self_upi,0
T0002459,C0071,mid_weekend,2026-02-11 16:59:00.000000000,2150.35,Myntra,family_upi,0
T0002021,C0059,mid_weekend,2026-02-11 17:10:00.000000000,3194.75,BookMyShow,family_upi,0
T0002632,C0077,mid_weekend,2026-02-11 17:11:00.000000000,2743.48,BookMyShow,self_upi,0
T0002548,C0075,low_evening_shopper,2026-02-11 17:18:00.000000000,1107.54,NewShop_12,friend_a,0
T0006389,C0159,low_evening_shopper,2026-02-11 17:30:00.477729453,5082.46,LocalKirana,friend_a,1
T0005015,C0147,low_evening_shopper,2026-02-11 17:44:00.000000000,844.54,Swiggy,self_upi,0
T0001960,C0057,low_evening_shopper,2026-02-11 18:17:00.000000000,823.97,Swiggy,friend_a,0
T0001768,C0051,low_evening_shopper,2026-02-11 18:19:00.000000000,838.53,Swiggy,friend_a,0
T0001961,C0057,low_evening_shopper,2026-02-11 18:47:00.000000000,462.9,LocalKirana,self_upi,0
T0001190,C0033,low_evening_shopper,2026-02-11 18:56:00.000000000,913.64,LocalKirana,friend_a,0
T0001686,C0048,low_evening_shopper,2026-02-11 19:04:00.000000000,372.6,LocalKirana,self_upi,0
T0001566,C0045,low_evening_shopper,2026-02-11 19:20:00.000000000,961.29,LocalKirana,self_upi,0
T0004238,C0123,low_evening_shopper,2026-02-11 19:24:00.000000000,524.0,Amazon,self_upi,0
T0004602,C0134,mid_weekend,2026-02-11 19:27:00.000000000,2176.67,Zomato,self_upi,0
T0003707,C0108,low_evening_shopper,2026-02-11 19:30:00.000000000,361.28,Swiggy,friend_a,0
T0002264,C0066,low_evening_shopper,2026-02-11 19:32:00.000000000,573.2,BigBazaar,friend_a,0
T0004929,C0144,low_evening_shopper,2026-02-11 19:33:00.000000000,359.84,LocalKirana,friend_a,0
T0004498,C0131,mid_weekend,2026-02-11 19:52:00.000000000,3272.46,Zomato,self_upi,0
T0005361,C0156,low_evening_shopper,2026-02-11 20:06:00.000000000,606.31,LocalKirana,self_upi,0
T0004497,C0131,mid_weekend,2026-02-11 20:48:00.000000000,2188.31,Zomato,self_upi,0
T0003391,C0099,low_evening_shopper,2026-02-11 20:53:00.000000000,728.68,LocalKirana,self_upi,0
T0001645,C0047,mid_weekend,2026-02-11 20:56:00.000000000,2911.31,Zomato,self_upi,0
T0001769,C0051,low_evening_shopper,2026-02-11 21:00:00.000000000,797.29,Amazon,self_upi,0
T0001096,C0030,low_evening_shopper,2026-02-11 21:06:00.000000000,837.22,Amazon,friend_a,0
T0004331,C0126,low_evening_shopper,2026-02-11 21:14:00.000000000,683.11,BigBazaar,self_upi,0
T0001189,C0033,low_evening_shopper,2026-02-11 21:15:00.000000000,411.64,BigBazaar,self_upi,0
T0001879,C0054,low_evening_shopper,2026-02-11 21:17:00.000000000,2333.13,BigBazaar,friend_a,0
T0002981,C0087,low_evening_shopper,2026-02-11 21:19:00.000000000,431.82,LocalKirana,self_upi,0
T0005125,C0150,low_evening_shopper,2026-02-11 21:47:00.000000000,289.34,BigBazaar,friend_a,0
T0001434,C0042,low_evening_shopper,2026-02-11 22:03:00.000000000,686.7,Swiggy,friend_a,0
T0002131,C0062,mid_weekend,2026-02-11 22:31:00.000000000,2990.04,Myntra,self_upi,0
T0003288,C0096,low_evening_shopper,2026-02-11 22:59:00.000000000,2977.93,BigBazaar,self_upi,0
T0002265,C0066,low_evening_shopper,2026-02-12 01:12:00.000000000,808.89,Swiggy,friend_a,0
T0006407,C0115,high_business,2026-02-12 01:35:00.031987000,102206.81,UnknownStore_16,new_wallet_1827,1
T0006333,C0166,high_business,2026-02-12 02:44:00.163675788,26403.07,NightPOS_7,payroll,1
T0006269,C0178,high_business,2026-02-12 07:31:00.000000000,10316.42,AWS,payroll,0
T0006267,C0178,high_business,2026-02-12 08:03:00.000000000,13207.07,Indigo,payroll,0
T0002133,C0062,mid_weekend,2026-02-12 08:05:00.000000000,3028.33,BookMyShow,family_upi,0
T0004603,C0134,mid_weekend,2026-02-12 08:24:00.000000000,1785.52,BookMyShow,self_upi,0
T0003654,C0106,high_business,2026-02-12 08:58:00.000000000,11050.74,TajHotels,payroll,0
T0003656,C0106,high_business,2026-02-12 09:49:00.000000000,11466.12,Indigo,self_neft,0
T0004861,C0142,high_business,2026-02-12 09:54:00.000000000,10171.15,OfficeSupplies,self_neft,0
T0005662,C0163,high_business,2026-02-12 10:32:00.000000000,9484.39,TajHotels,vendor_x,0
T0001942,C0056,mid_weekend,2026-02-12 10:42:00.000000000,2584.62,Zomato,self_upi,0
T0002966,C0086,mid_weekend,2026-02-12 10:49:00.000000000,2729.73,BookMyShow,family_upi,0
T0005985,C0172,high_business,2026-02-12 11:19:00.000000000,46463.68,AWS,payroll,0
T0002605,C0076,high_business,2026-02-12 11:20:00.000000000,12788.93,TajHotels,payroll,0
T0001646,C0047,mid_weekend,2026-02-12 11:37:00.000000000,2013.11,BookMyShow,self_upi,0
T0004859,C0142,high_business,2026-02-12 11:39:00.000000000,10317.67,AWS,payroll,0
T0006268,C0178,high_business,2026-02-12 11:53:00.000000000,12866.96,AWS,payroll,0
T0001835,C0052,high_business,2026-02-12 11:54:00.000000000,9130.15,OfficeSupplies,vendor_x,0
T0001834,C0052,high_business,2026-02-12 12:12:00.000000000,12802.38,Indigo,payroll,0
T0006151,C0176,mid_weekend,2026-02-12 12:16:00.000000000,3318.78,Myntra,family_upi,0
T0003492,C0101,mid_weekend,2026-02-12 12:37:00.000000000,2129.04,Myntra,family_upi,0
T0000739,C0020,mid_weekend,2026-02-12 12:38:00.000000000,2732.5,Zomato,self_upi,0
T0001863,C0053,mid_weekend,2026-02-12 12:59:00.000000000,1237.01,Zomato,self_upi,0
T0004025,C0115,high_business,2026-02-12 13:15:00.000000000,17358.22,AWS,vendor_x,0
T0003266,C0095,mid_weekend,2026-02-12 13:17:00.000000000,3142.61,IRCTC,self_upi,0
T0002022,C0059,mid_weekend,2026-02-12 13:20:00.000000000,2318.74,IRCTC,family_upi,0
T0000647,C0017,mid_weekend,2026-02-12 13:21:00.000000000,2332.98,BookMyShow,family_upi,0
T0003789,C0110,mid_weekend,2026-02-12 13:45:00.000000000,3584.77,Zomato,self_upi,0
T0002345,C0068,mid_weekend,2026-02-12 13:47:00.000000000,3489.09,Zomato,self_upi,0
T0000740,C0020,mid_weekend,2026-02-12 13:49:00.000000000,2969.88,BookMyShow,self_upi,0
T0001059,C0029,mid_weekend,2026-02-12 13:54:00.000000000,1488.78,Myntra,self_upi,0
T0004307,C0125,mid_weekend,2026-02-12 14:01:00.000000000,2897.34,Zomato,family_upi,0
T0000382,C0011,mid_weekend,2026-02-12 14:11:00.000000000,2752.97,Myntra,self_upi,0
T0004860,C0142,high_business,2026-02-12 14:13:00.000000000,9682.62,TajHotels,self_neft,0
T0003655,C0106,high_business,2026-02-12 14:19:00.000000000,9361.92,OfficeSupplies,payroll,0
T0003919,C0113,mid_weekend,2026-02-12 14:37:00.000000000,3714.04,NewShop_32,self_upi,0
T0004047,C0116,mid_weekend,2026-02-12 14:39:00.000000000,2483.12,Zomato,self_upi,0
T0002730,C0080,mid_weekend,2026-02-12 14:49:00.000000000,2148.53,Zomato,self_upi,0
T0000196,C0005,mid_weekend,2026-02-12 15:06:00.000000000,2385.54,BookMyShow,self_upi,0
T0002132,C0062,mid_weekend,2026-02-12 15:16:00.000000000,2200.13,IRCTC,self_upi,0
T0005797,C0167,mid_weekend,2026-02-12 15:20:00.000000000,7109.2,BookMyShow,family_upi,0
T0000863,C0023,mid_weekend,2026-02-12 15:22:00.000000000,6383.09,IRCTC,self_upi,0
T0006023,C0173,mid_weekend,2026-02-12 15:32:00.000000000,2583.25,BookMyShow,self_upi,0
T0003145,C0092,mid_weekend,2026-02-12 15:39:00.000000000,3023.44,IRCTC,family_upi,0
T0000195,C0005,mid_weekend,2026-02-12 15:40:00.000000000,1728.16,Myntra,family_upi,0
T0004214,C0122,mid_weekend,2026-02-12 15:52:00.000000000,2581.3,NewShop_25,self_upi,0
T0005225,C0152,mid_weekend,2026-02-12 15:57:00.000000000,2293.37,Myntra,family_upi,0
T0004685,C0137,mid_weekend,2026-02-12 16:05:00.000000000,2475.9,Zomato,self_upi,0
T0001058,C0029,mid_weekend,2026-02-12 16:08:00.000000000,3241.81,NewShop_18,family_upi,0
T0000197,C0005,mid_weekend,2026-02-12 16:16:00.000000000,2837.99,Zomato,self_upi,0
T0004784,C0140,mid_weekend,2026-02-12 16:22:00.000000000,2516.31,Myntra,family_upi,0
T0002025,C0059,mid_weekend,2026-02-12 16:48:00.000000000,1923.23,IRCTC,family_upi,0
T0002024,C0059,mid_weekend,2026-02-12 17:00:00.000000000,1171.18,Zomato,self_upi,0
T0003685,C0107,mid_weekend,2026-02-12 17:06:00.000000000,2023.13,Myntra,family_upi,0
T0004785,C0140,mid_weekend,2026-02-12 17:31:00.000000000,2531.74,NewShop_15,family_upi,0
T0005466,C0158,mid_weekend,2026-02-12 17:39:00.000000000,1545.02,IRCTC,family_upi,0
T0004046,C0116,mid_weekend,2026-02-12 18:03:00.000000000,1920.06,BookMyShow,self_upi,0
T0004308,C0125,mid_weekend,2026-02-12 18:23:00.000000000,1632.53,BookMyShow,self_upi,0
T0003050,C0089,mid_weekend,2026-02-12 18:39:00.000000000,2015.08,BookMyShow,self_upi,0
T0001344,C0038,mid_weekend,2026-02-12 18:40:00.000000000,2376.57,Zomato,family_upi,0
T0002023,C0059,mid_weekend,2026-02-12 19:10:00.000000000,2384.79,IRCTC,family_upi,0
T0003092,C0090,low_evening_shopper,2026-02-12 19:31:00.000000000,628.75,LocalKirana,friend_a,0
T0005318,C0155,mid_weekend,2026-02-12 19:32:00.000000000,2918.06,BookMyShow,self_upi,0
T0004930,C0144,low_evening_shopper,2026-02-12 19:33:00.000000000,531.04,Amazon,self_upi,0
T0002266,C0066,low_evening_shopper,2026-02-12 19:38:00.000000000,703.05,Amazon,friend_a,0
T0001941,C0056,mid_weekend,2026-02-12 19:48:00.000000000,2593.86,IRCTC,family_upi,0
T0001192,C0033,low_evening_shopper,2026-02-12 19:49:00.000000000,774.14,LocalKirana,friend_a,0
T0001962,C0057,low_evening_shopper,2026-02-12 19:49:00.000000000,469.59,LocalKirana,self_upi,0
T0000998,C0027,low_evening_shopper,2026-02-12 19:51:00.000000000,627.53,LocalKirana,self_upi,0
T0000678,C0018,low_evening_shopper,2026-02-12 20:02:00.000000000,608.12,Amazon,friend_a,0
T0003820,C0111,low_evening_shopper,2026-02-12 20:08:00.000000000,332.1,LocalKirana,self_upi,0
T0004819,C0141,low_evening_shopper,2026-02-12 20:37:00.000000000,717.93,Amazon,friend_a,0
T0003708,C0108,low_evening_shopper,2026-02-12 20:37:00.000000000,789.85,Amazon,self_upi,0
T0000779,C0021,low_evening_shopper,2026-02-12 20:38:00.000000000,840.85,LocalKirana,self_upi,0
T0005503,C0159,low_evening_shopper,2026-02-12 21:05:00.000000000,702.27,NewShop_4,self_upi,0
T0002764,C0081,low_evening_shopper,2026-02-12 21:18:00.000000000,900.13,LocalKirana,self_upi,0
T0001836,C0052,high_business,2026-02-12 21:21:00.000000000,13280.52,AWS,payroll,0
T0004135,C0120,low_evening_shopper,2026-02-12 21:26:00.000000000,671.08,LocalKirana,friend_a,0
T0001302,C0036,low_evening_shopper,2026-02-12 21:43:00.000000000,402.27,BigBazaar,friend_a,0
T0002549,C0075,low_evening_shopper,2026-02-12 21:44:00.000000000,779.76,Amazon,friend_a,0
T0005829,C0168,low_evening_shopper,2026-02-12 21:45:00.000000000,760.28,LocalKirana,friend_a,0
T0003093,C0090,low_evening_shopper,2026-02-12 22:00:00.000000000,853.29,NewShop_9,self_upi,0
T0001191,C0033,low_evening_shopper,2026-02-12 22:00:00.000000000,633.25,Amazon,friend_a,0
T0004066,C0117,low_evening_shopper,2026-02-12 22:20:00.000000000,513.64,BigBazaar,friend_a,0
T0003146,C0092,mid_weekend,2026-02-12 22:44:00.000000000,2092.45,IRCTC,self_upi,0
T0006188,C0177,low_evening_shopper,2026-02-12 23:15:00.000000000,735.64,Swiggy,friend_a,0
T0005016,C0147,low_evening_shopper,2026-02-12 23:27:00.000000000,710.71,Amazon,self_upi,0
T0004417,C0129,low_evening_shopper,2026-02-12 23:36:00.000000000,413.65,LocalKirana,friend_a,0
T0001770,C0051,low_evening_shopper,2026-02-12 23:36:00.000000000,305.3,Amazon,self_upi,0
T0005986,C0172,high_business,2026-02-13 00:00:00.000000000,15535.85,TajHotels,vendor_x,0
T0004623,C0135,low_evening_shopper,2026-02-13 03:39:00.000000000,542.41,BigBazaar,self_upi,0
T0006274,C0178,high_business,2026-02-13 07:29:00.000000000,9945.27,TajHotels,payroll,0
T0006271,C0178,high_business,2026-02-13 08:00:00.000000000,6577.43,TajHotels,self_neft,0
T0003770,C0109,high_business,2026-02-13 08:18:00.000000000,12325.5,TajHotels,payroll,0
T0006270,C0178,high_business,2026-02-13 09:16:00.000000000,11373.67,OfficeSupplies,vendor_x,0
T0006272,C0178,high_business,2026-02-13 10:05:00.000000000,15516.4,NewShop_8,self_neft,0
T0000481,C0013,high_business,2026-02-13 10:09:00.000000000,11571.38,Indigo,self_neft,0
T0003773,C0109,high_business,2026-02-13 10:48:00.000000000,10397.77,Indigo,self_neft,0
T0003791,C0110,mid_weekend,2026-02-13 11:06:00.000000000,2064.2,BookMyShow,self_upi,0
T0006273,C0178,high_business,2026-02-13 11:30:00.000000000,10841.69,Indigo,self_neft,0
T0000198,C0005,mid_weekend,2026-02-13 11:48:00.000000000,2607.24,Zomato,family_upi,0
T0002606,C0076,high_business,2026-02-13 12:10:00.000000000,10234.82,Indigo,payroll,0
T0000199,C0005,mid_weekend,2026-02-13 12:18:00.000000000,2693.68,BookMyShow,self_upi,0
T0004215,C0122,mid_weekend,2026-02-13 12:19:00.000000000,3552.15,BookMyShow,self_upi,0
T0004686,C0137,mid_weekend,2026-02-13 12:23:00.000000000,1889.27,IRCTC,self_upi,0
T0000960,C0026,mid_weekend,2026-02-13 12:38:00.000000000,2561.25,Zomato,family_upi,0
T0003922,C0113,mid_weekend,2026-02-13 12:41:00.000000000,3405.99,Zomato,self_upi,0
T0004984,C0146,mid_weekend,2026-02-13 12:58:00.000000000,2957.03,Zomato,family_upi,0
T0002026,C0059,mid_weekend,2026-02-13 13:01:00.000000000,2579.8,NewShop_30,self_upi,0
T0002460,C0071,mid_weekend,2026-02-13 13:02:00.000000000,1838.22,Myntra,self_upi,0
T0004026,C0115,high_business,2026-02-13 13:16:00.000000000,10338.83,Indigo,vendor_x,0
T0003771,C0109,high_business,2026-02-13 13:18:00.000000000,11988.42,Indigo,vendor_x,0
T0003772,C0109,high_business,2026-02-13 13:40:00.000000000,12506.49,TajHotels,self_neft,0
T0005926,C0170,mid_weekend,2026-02-13 13:41:00.000000000,2318.75,Myntra,family_upi,0
T0005987,C0172,high_business,2026-02-13 13:56:00.000000000,18075.24,TajHotels,vendor_x,0
T0003686,C0107,mid_weekend,2026-02-13 13:59:00.000000000,2160.5,IRCTC,self_upi,0
T0002134,C0062,mid_weekend,2026-02-13 14:09:00.000000000,5386.77,BookMyShow,family_upi,0
T0003790,C0110,mid_weekend,2026-02-13 14:10:00.000000000,3183.61,Myntra,self_upi,0
T0002241,C0065,mid_weekend,2026-02-13 14:12:00.000000000,2771.2,Zomato,family_upi,0
T0004862,C0142,high_business,2026-02-13 14:17:00.000000000,16184.31,Indigo,vendor_x,0
T0002027,C0059,mid_weekend,2026-02-13 14:19:00.000000000,2282.58,IRCTC,family_upi,0
T0001837,C0052,high_business,2026-02-13 14:25:00.000000000,13449.46,NewShop_30,payroll,0
T0003268,C0095,mid_weekend,2026-02-13 14:49:00.000000000,2921.05,Zomato,family_upi,0
T0003267,C0095,mid_weekend,2026-02-13 15:04:00.000000000,2296.57,IRCTC,self_upi,0
T0004500,C0131,mid_weekend,2026-02-13 15:05:00.000000000,2982.7,Zomato,family_upi,0
T0003920,C0113,mid_weekend,2026-02-13 15:14:00.000000000,2241.64,Myntra,family_upi,0
T0001752,C0050,mid_weekend,2026-02-13 15:17:00.000000000,3186.55,BookMyShow,family_upi,0
T0000522,C0014,mid_weekend,2026-02-13 15:32:00.000000000,3284.75,IRCTC,family_upi,0
T0002824,C0083,mid_weekend,2026-02-13 15:34:00.000000000,3170.78,Myntra,family_upi,0
T0001346,C0038,mid_weekend,2026-02-13 15:37:00.000000000,4117.45,Myntra,self_upi,0
T0004499,C0131,mid_weekend,2026-02-13 15:42:00.000000000,3577.29,BookMyShow,self_upi,0
T0002028,C0059,mid_weekend,2026-02-13 15:49:00.000000000,3233.66,Zomato,family_upi,0
T0005467,C0158,mid_weekend,2026-02-13 16:16:00.000000000,2053.15,NewShop_37,self_upi,0
T0000741,C0020,mid_weekend,2026-02-13 16:18:00.000000000,2692.18,Myntra,self_upi,0
T0003921,C0113,mid_weekend,2026-02-13 16:44:00.000000000,2699.57,Zomato,family_upi,0
T0001943,C0056,mid_weekend,2026-02-13 16:48:00.000000000,2646.86,Myntra,family_upi,0
T0004985,C0146,mid_weekend,2026-02-13 17:04:00.000000000,2426.74,Myntra,self_upi,0
T0001647,C0047,mid_weekend,2026-02-13 17:04:00.000000000,2475.2,BookMyShow,self_upi,0
T0001864,C0053,mid_weekend,2026-02-13 17:06:00.000000000,11043.97,Zomato,self_upi,0
T0003166,C0093,low_evening_shopper,2026-02-13 17:28:00.000000000,682.11,Swiggy,friend_a,0
T0003709,C0108,low_evening_shopper,2026-02-13 17:57:00.000000000,966.66,NewShop_5,self_upi,0
T0004604,C0134,mid_weekend,2026-02-13 17:57:00.000000000,2296.11,IRCTC,self_upi,0
T0000010,C0000,low_evening_shopper,2026-02-13 18:18:00.000000000,534.5,LocalKirana,self_upi,0
T0001060,C0029,mid_weekend,2026-02-13 18:23:00.000000000,2852.75,IRCTC,self_upi,0
T0004332,C0126,low_evening_shopper,2026-02-13 18:23:00.000000000,699.23,LocalKirana,friend_a,0
T0006395,C0123,low_evening_shopper,2026-02-13 18:39:00.798344412,1492.44,Amazon,quick_payee_631,1
T0001345,C0038,mid_weekend,2026-02-13 18:43:00.000000000,2699.31,Myntra,family_upi,0
T0002982,C0087,low_evening_shopper,2026-02-13 18:57:00.000000000,828.23,LocalKirana,self_upi,0
T0002053,C0060,low_evening_shopper,2026-02-13 19:03:00.000000000,562.93,Swiggy,self_upi,0
T0000679,C0018,low_evening_shopper,2026-02-13 19:06:00.000000000,702.15,Amazon,friend_a,0
T0001687,C0048,low_evening_shopper,2026-02-13 19:15:00.000000000,1784.53,Amazon,friend_a,0
T0003147,C0092,mid_weekend,2026-02-13 19:20:00.000000000,2663.76,Myntra,self_upi,0
T0000648,C0017,mid_weekend,2026-02-13 19:36:00.000000000,1619.65,BookMyShow,self_upi,0
T0001268,C0035,mid_weekend,2026-02-13 20:00:00.000000000,2234.19,BookMyShow,self_upi,0
T0000108,C0003,low_evening_shopper,2026-02-13 20:02:00.000000000,745.52,LocalKirana,self_upi,0
T0005705,C0165,low_evening_shopper,2026-02-13 20:22:00.000000000,773.65,Amazon,friend_a,0
T0003948,C0114,low_evening_shopper,2026-02-13 20:34:00.000000000,491.65,Swiggy,friend_a,0
T0006058,C0174,low_evening_shopper,2026-02-13 21:08:00.000000000,660.18,BigBazaar,self_upi,0
T0001880,C0054,low_evening_shopper,2026-02-13 21:17:00.000000000,458.91,Swiggy,self_upi,0
T0005942,C0171,low_evening_shopper,2026-02-13 21:23:00.000000000,709.76,BigBazaar,friend_a,0
T0002645,C0078,low_evening_shopper,2026-02-13 21:32:00.000000000,461.89,Amazon,friend_a,0
T0002487,C0072,low_evening_shopper,2026-02-13 21:34:00.000000000,704.81,BigBazaar,friend_a,0
T0005362,C0156,low_evening_shopper,2026-02-13 21:41:00.000000000,759.01,LocalKirana,self_upi,0
T0000780,C0021,low_evening_shopper,2026-02-13 21:52:00.000000000,4017.56,Swiggy,self_upi,0
T0001963,C0057,low_evening_shopper,2026-02-13 22:05:00.000000000,625.9,Swiggy,friend_a,0
T0003392,C0099,low_evening_shopper,2026-02-13 22:28:00.000000000,1042.7,LocalKirana,friend_a,0
T0001771,C0051,low_evening_shopper,2026-02-13 22:46:00.000000000,869.1,Swiggy,friend_a,0
T0000541,C0015,low_evening_shopper,2026-02-13 23:07:00.000000000,711.09,BigBazaar,self_upi,0
T0004067,C0117,low_evening_shopper,2026-02-13 23:24:00.000000000,870.69,Amazon,friend_a,0
T0003094,C0090,low_evening_shopper,2026-02-13 23:29:00.000000000,906.42,Swiggy,friend_a,0
T0004239,C0123,low_evening_shopper,2026-02-13 23:55:00.000000000,959.76,Swiggy,friend_a,0
T0006418,C0050,mid_weekend,2026-02-14 04:35:00.912745821,24295.88,UnknownStore_58,new_wallet_2294,1
T0006024,C0173,mid_weekend,2026-02-14 07:31:00.000000000,3683.48,Zomato,self_upi,0
T0002825,C0083,mid_weekend,2026-02-14 08:49:00.000000000,2750.81,BookMyShow,self_upi,0
T0000482,C0013,high_business,2026-02-14 08:51:00.000000000,16161.94,OfficeSupplies,self_neft,0
T0002029,C0059,mid_weekend,2026-02-14 09:06:00.000000000,1031.51,NewShop_27,self_upi,0
T0003657,C0106,high_business,2026-02-14 10:19:00.000000000,48324.92,AWS,vendor_x,0
T0003687,C0107,mid_weekend,2026-02-14 10:29:00.000000000,2448.95,Zomato,self_upi,0
T0004863,C0142,high_business,2026-02-14 10:30:00.000000000,11084.83,OfficeSupplies,payroll,0
T0004027,C0115,high_business,2026-02-14 10:32:00.000000000,9038.79,TajHotels,vendor_x,0
T0000483,C0013,high_business,2026-02-14 10:43:00.000000000,12129.13,TajHotels,payroll,0
T0000383,C0011,mid_weekend,2026-02-14 11:00:00.000000000,3087.3,Zomato,family_upi,0
T0000864,C0023,mid_weekend,2026-02-14 11:32:00.000000000,1970.22,Zomato,family_upi,0
T0004864,C0142,high_business,2026-02-14 11:52:00.000000000,14794.2,NewShop_29,vendor_x,0
T0002242,C0065,mid_weekend,2026-02-14 11:52:00.000000000,1965.09,Myntra,self_upi,0
T0004688,C0137,mid_weekend,2026-02-14 12:12:00.000000000,3121.09,Myntra,self_upi,0
T0004687,C0137,mid_weekend,2026-02-14 12:16:00.000000000,2579.75,Zomato,family_upi,0
T0002030,C0059,mid_weekend,2026-02-14 12:16:00.000000000,1966.27,Zomato,self_upi,0
T0001753,C0050,mid_weekend,2026-02-14 12:25:00.000000000,2091.61,Zomato,self_upi,0
T0005226,C0152,mid_weekend,2026-02-14 12:32:00.000000000,1330.85,BookMyShow,self_upi,0
T0005761,C0166,high_business,2026-02-14 12:37:00.000000000,14211.84,OfficeSupplies,vendor_x,0
T0002032,C0059,mid_weekend,2026-02-14 12:38:00.000000000,2348.61,BookMyShow,self_upi,0
T0000484,C0013,high_business,2026-02-14 12:43:00.000000000,11417.87,OfficeSupplies,vendor_x,0
T0004309,C0125,mid_weekend,2026-02-14 13:07:00.000000000,2497.69,Zomato,family_upi,0
T0005988,C0172,high_business,2026-02-14 13:24:00.000000000,13853.76,OfficeSupplies,vendor_x,0
T0005320,C0155,mid_weekend,2026-02-14 13:50:00.000000000,2148.11,Zomato,family_upi,0
T0005227,C0152,mid_weekend,2026-02-14 14:17:00.000000000,2333.45,NewShop_25,family_upi,0
T0004889,C0143,mid_weekend,2026-02-14 14:27:00.000000000,2934.65,IRCTC,self_upi,0
T0002031,C0059,mid_weekend,2026-02-14 14:39:00.000000000,2167.84,IRCTC,self_upi,0
T0005927,C0170,mid_weekend,2026-02-14 14:48:00.000000000,2087.51,IRCTC,self_upi,0
T0000201,C0005,mid_weekend,2026-02-14 15:23:00.000000000,2828.88,BookMyShow,family_upi,0
T0002461,C0071,mid_weekend,2026-02-14 15:34:00.000000000,2593.78,BookMyShow,self_upi,0
T0000523,C0014,mid_weekend,2026-02-14 15:39:00.000000000,2515.58,Zomato,family_upi,0
T0005799,C0167,mid_weekend,2026-02-14 15:47:00.000000000,1831.04,Myntra,self_upi,0
T0001649,C0047,mid_weekend,2026-02-14 15:49:00.000000000,2964.86,BookMyShow,family_upi,0
T0005468,C0158,mid_weekend,2026-02-14 16:02:00.000000000,2810.16,Zomato,self_upi,0
T0006025,C0173,mid_weekend,2026-02-14 16:04:00.000000000,2233.81,BookMyShow,self_upi,0
T0004501,C0131,mid_weekend,2026-02-14 16:28:00.000000000,2215.65,Zomato,family_upi,0
T0001522,C0044,mid_weekend,2026-02-14 16:37:00.000000000,3271.13,IRCTC,self_upi,0
T0003493,C0101,mid_weekend,2026-02-14 17:01:00.000000000,2119.43,Myntra,self_upi,0
T0002135,C0062,mid_weekend,2026-02-14 17:02:00.000000000,2861.8,Zomato,self_upi,0
T0001648,C0047,mid_weekend,2026-02-14 17:31:00.000000000,2101.01,Myntra,family_upi,0
T0003792,C0110,mid_weekend,2026-02-14 17:35:00.000000000,1958.84,BookMyShow,self_upi,0
T0005319,C0155,mid_weekend,2026-02-14 17:36:00.000000000,1677.19,BookMyShow,family_upi,0
T0001062,C0029,mid_weekend,2026-02-14 17:47:00.000000000,2682.26,Zomato,self_upi,0
T0001061,C0029,mid_weekend,2026-02-14 17:47:00.000000000,1941.82,IRCTC,self_upi,0
T0005126,C0150,low_evening_shopper,2026-02-14 18:01:00.000000000,657.74,BigBazaar,self_upi,0
T0001650,C0047,mid_weekend,2026-02-14 18:14:00.000000000,2763.84,NewShop_3,self_upi,0
T0000442,C0012,low_evening_shopper,2026-02-14 18:16:00.000000000,746.19,Amazon,self_upi,0
T0002154,C0063,low_evening_shopper,2026-02-14 18:23:00.000000000,575.68,LocalKirana,friend_a,0
T0005246,C0153,low_evening_shopper,2026-02-14 18:32:00.000000000,546.37,BigBazaar,friend_a,0
T0000200,C0005,mid_weekend,2026-02-14 19:10:00.000000000,2372.96,Zomato,family_upi,0
T0001865,C0053,mid_weekend,2026-02-14 19:15:00.000000000,2237.78,Zomato,family_upi,0
T0000223,C0006,low_evening_shopper,2026-02-14 19:18:00.000000000,649.49,Swiggy,self_upi,0
T0004931,C0144,low_evening_shopper,2026-02-14 19:19:00.000000000,838.64,LocalKirana,self_upi,0
T0001688,C0048,low_evening_shopper,2026-02-14 19:21:00.000000000,759.66,NewShop_28,friend_a,0
T0001567,C0045,low_evening_shopper,2026-02-14 19:29:00.000000000,577.69,Swiggy,self_upi,0
T0002983,C0087,low_evening_shopper,2026-02-14 19:32:00.000000000,638.62,Amazon,friend_a,0
T0004418,C0129,low_evening_shopper,2026-02-14 19:40:00.000000000,2573.09,LocalKirana,self_upi,0
T0005598,C0162,low_evening_shopper,2026-02-14 19:43:00.000000000,869.21,NewShop_32,self_upi,0
T0000649,C0017,mid_weekend,2026-02-14 19:43:00.000000000,2684.91,BookMyShow,self_upi,0
T0003360,C0098,mid_weekend,2026-02-14 19:47:00.000000000,2332.18,IRCTC,family_upi,0
T0002826,C0083,mid_weekend,2026-02-14 20:01:00.000000000,2022.71,IRCTC,self_upi,0
T0000296,C0009,low_evening_shopper,2026-02-14 20:04:00.000000000,645.1,BigBazaar,self_upi,0
T0006059,C0174,low_evening_shopper,2026-02-14 20:06:00.000000000,656.18,LocalKirana,friend_a,0
T0002765,C0081,low_evening_shopper,2026-02-14 20:11:00.000000000,660.36,Amazon,self_upi,0
T0005798,C0167,mid_weekend,2026-02-14 20:14:00.000000000,2833.94,BookMyShow,family_upi,0
T0000109,C0003,low_evening_shopper,2026-02-14 20:24:00.000000000,494.9,Swiggy,self_upi,0
T0004986,C0146,mid_weekend,2026-02-14 20:30:00.000000000,3107.9,Myntra,self_upi,0
T0005363,C0156,low_evening_shopper,2026-02-14 20:30:00.000000000,808.7,LocalKirana,friend_a,0
T0001435,C0042,low_evening_shopper,2026-02-14 20:31:00.000000000,494.96,BigBazaar,self_upi,0
T0000999,C0027,low_evening_shopper,2026-02-14 21:00:00.000000000,749.62,Swiggy,self_upi,0
T0002646,C0078,low_evening_shopper,2026-02-14 21:18:00.000000000,843.14,Amazon,self_upi,0
T0000680,C0018,low_evening_shopper,2026-02-14 21:19:00.000000000,784.4,NewShop_35,friend_a,0
T0002550,C0075,low_evening_shopper,2026-02-14 21:46:00.000000000,597.7,Swiggy,friend_a,0
T0004028,C0115,high_business,2026-02-14 21:53:00.000000000,16054.75,TajHotels,vendor_x,0
T0003511,C0102,low_evening_shopper,2026-02-14 22:15:00.000000000,704.67,Amazon,friend_a,0
T0002054,C0060,low_evening_shopper,2026-02-14 22:40:00.000000000,740.6,Amazon,friend_a,0
T0005830,C0168,low_evening_shopper,2026-02-14 22:45:00.000000000,557.36,BigBazaar,self_upi,0
T0004240,C0123,low_evening_shopper,2026-02-14 22:48:00.000000000,498.42,BigBazaar,friend_a,0
T0000781,C0021,low_evening_shopper,2026-02-14 23:49:00.000000000,781.82,Swiggy,friend_a,0
T0005762,C0166,high_business,2026-02-15 07:40:00.000000000,25324.49,Indigo,self_neft,0
T0006026,C0173,mid_weekend,2026-02-15 08:17:00.000000000,2324.11,Zomato,family_upi,0
T0000080,C0002,mid_weekend,2026-02-15 10:07:00.000000000,2809.25,Zomato,self_upi,0
T0005471,C0158,mid_weekend,2026-02-15 10:14:00.000000000,2309.78,Myntra,family_upi,0
T0006275,C0178,high_business,2026-02-15 10:25:00.000000000,12500.46,TajHotels,self_neft,0
T0005470,C0158,mid_weekend,2026-02-15 10:48:00.000000000,1156.82,Zomato,family_upi,0
T0005763,C0166,high_business,2026-02-15 11:52:00.000000000,12297.12,AWS,payroll,0
T0005469,C0158,mid_weekend,2026-02-15 11:54:00.000000000,2907.93,BookMyShow,self_upi,0
T0001063,C0029,mid_weekend,2026-02-15 11:54:00.000000000,3485.16,IRCTC,self_upi,0
T0001944,C0056,mid_weekend,2026-02-15 11:56:00.000000000,3003.57,BookMyShow,family_upi,0
T0004310,C0125,mid_weekend,2026-02-15 13:02:00.000000000,2160.94,BookMyShow,self_upi,0
T0001866,C0053,mid_weekend,2026-02-15 13:07:00.000000000,1607.56,Zomato,self_upi,0
T0005228,C0152,mid_weekend,2026-02-15 13:14:00.000000000,3095.6,BookMyShow,self_upi,0
T0004690,C0137,mid_weekend,2026-02-15 13:46:00.000000000,3168.05,BookMyShow,family_upi,0
T0005989,C0172,high_business,2026-02-15 13:54:00.000000000,15005.2,AWS,vendor_x,0
T0005099,C0149,mid_weekend,2026-02-15 13:59:00.000000000,2816.59,BookMyShow,family_upi,0
T0001066,C0029,mid_weekend,2026-02-15 14:08:00.000000000,1927.74,BookMyShow,family_upi,0
T0002827,C0083,mid_weekend,2026-02-15 14:21:00.000000000,3140.33,BookMyShow,self_upi,0
T0003361,C0098,mid_weekend,2026-02-15 14:37:00.000000000,2857.33,Zomato,self_upi,0
T0002731,C0080,mid_weekend,2026-02-15 14:42:00.000000000,2818.73,Myntra,family_upi,0
T0004689,C0137,mid_weekend,2026-02-15 14:43:00.000000000,2707.99,BookMyShow,self_upi,0
T0004502,C0131,mid_weekend,2026-02-15 15:01:00.000000000,2158.77,Myntra,self_upi,0
T0001065,C0029,mid_weekend,2026-02-15 16:02:00.000000000,2310.61,Zomato,family_upi,0
T0002732,C0080,mid_weekend,2026-02-15 16:05:00.000000000,2872.79,Zomato,self_upi,0
T0003923,C0113,mid_weekend,2026-02-15 16:53:00.000000000,3716.14,IRCTC,family_upi,0
T0001064,C0029,mid_weekend,2026-02-15 16:55:00.000000000,761.8,Myntra,family_upi,0
T0006152,C0176,mid_weekend,2026-02-15 16:55:00.000000000,2801.85,Myntra,family_upi,0
T0002462,C0071,mid_weekend,2026-02-15 17:08:00.000000000,3197.69,Myntra,family_upi,0
T0001754,C0050,mid_weekend,2026-02-15 17:10:00.000000000,2182.55,Myntra,self_upi,0
T0005321,C0155,mid_weekend,2026-02-15 17:40:00.000000000,5326.15,BookMyShow,family_upi,0
T0000110,C0003,low_evening_shopper,2026-02-15 17:52:00.000000000,705.24,Amazon,friend_a,0
T0000865,C0023,mid_weekend,2026-02-15 17:56:00.000000000,2625.81,IRCTC,self_upi,0
T0004048,C0116,mid_weekend,2026-02-15 17:58:00.000000000,1719.93,BookMyShow,family_upi,0
T0002378,C0069,low_evening_shopper,2026-02-15 18:00:00.000000000,765.45,Swiggy,self_upi,0
T0006153,C0176,mid_weekend,2026-02-15 18:01:00.000000000,3595.82,Zomato,family_upi,0
T0000384,C0011,mid_weekend,2026-02-15 18:15:00.000000000,2254.66,Myntra,family_upi,0
T0003822,C0111,low_evening_shopper,2026-02-15 18:32:00.000000000,587.9,Amazon,self_upi,0
T0003570,C0104,mid_weekend,2026-02-15 18:39:00.000000000,2656.01,IRCTC,family_upi,0
T0003821,C0111,low_evening_shopper,2026-02-15 18:42:00.000000000,667.95,BigBazaar,friend_a,0
T0001945,C0056,mid_weekend,2026-02-15 18:51:00.000000000,2972.97,BookMyShow,self_upi,0
T0005504,C0159,low_evening_shopper,2026-02-15 18:52:00.000000000,655.19,Amazon,self_upi,0
T0004334,C0126,low_evening_shopper,2026-02-15 19:02:00.000000000,466.87,Amazon,self_upi,0
T0004932,C0144,low_evening_shopper,2026-02-15 19:08:00.000000000,1780.64,LocalKirana,self_upi,0
T0004136,C0120,low_evening_shopper,2026-02-15 19:09:00.000000000,1024.34,BigBazaar,self_upi,0
T0005706,C0165,low_evening_shopper,2026-02-15 19:19:00.000000000,688.2,BigBazaar,friend_a,0
T0004068,C0117,low_evening_shopper,2026-02-15 19:30:00.000000000,812.64,BigBazaar,self_upi,0
T0003601,C0105,low_evening_shopper,2026-02-15 19:33:00.000000000,707.03,Swiggy,friend_a,0
T0000202,C0005,mid_weekend,2026-02-15 19:37:00.000000000,1339.28,BookMyShow,self_upi,0
T0003710,C0108,low_evening_shopper,2026-02-15 19:41:00.000000000,447.22,BigBazaar,self_upi,0
T0000524,C0014,mid_weekend,2026-02-15 19:43:00.000000000,3304.15,Zomato,family_upi,0
T0004137,C0120,low_evening_shopper,2026-02-15 19:51:00.000000000,606.04,LocalKirana,self_upi,0
T0000297,C0009,low_evening_shopper,2026-02-15 19:58:00.000000000,1458.67,Amazon,self_upi,0
T0005943,C0171,low_evening_shopper,2026-02-15 19:59:00.000000000,711.29,BigBazaar,self_upi,0
T0000782,C0021,low_evening_shopper,2026-02-15 20:00:00.000000000,1009.26,Swiggy,self_upi,0
T0006338,C0150,low_evening_shopper,2026-02-15 20:08:00.873966969,1910.26,P2P_29,new_wallet_9358,1
T0005017,C0147,low_evening_shopper,2026-02-15 20:19:00.000000000,673.6,LocalKirana,friend_a,0
T0004241,C0123,low_evening_shopper,2026-02-15 20:25:00.000000000,2807.99,LocalKirana,friend_a,0
T0003512,C0102,low_evening_shopper,2026-02-15 20:30:00.000000000,426.75,LocalKirana,self_upi,0
T0002379,C0069,low_evening_shopper,2026-02-15 20:36:00.000000000,737.08,LocalKirana,self_upi,0
T0001303,C0036,low_evening_shopper,2026-02-15 20:40:00.000000000,792.62,LocalKirana,friend_a,0
T0005364,C0156,low_evening_shopper,2026-02-15 20:41:00.000000000,314.8,BigBazaar,friend_a,0
T0003688,C0107,mid_weekend,2026-02-15 20:45:00.000000000,2703.76,Myntra,self_upi,0
T0004333,C0126,low_evening_shopper,2026-02-15 20:48:00.000000000,871.6,LocalKirana,friend_a,0
T0001568,C0045,low_evening_shopper,2026-02-15 20:52:00.000000000,721.77,Amazon,friend_a,0
T0002267,C0066,low_evening_shopper,2026-02-15 20:59:00.000000000,894.59,Amazon,self_upi,0
T0003823,C0111,low_evening_shopper,2026-02-15 21:00:00.000000000,556.84,Swiggy,friend_a,0
T0006408,C0060,low_evening_shopper,2026-02-15 21:07:00.103446436,1178.81,Swiggy,quick_payee_602,1
T0004726,C0138,low_evening_shopper,2026-02-15 21:17:00.000000000,577.32,Swiggy,self_upi,0
T0006060,C0174,low_evening_shopper,2026-02-15 21:19:00.000000000,911.32,Amazon,self_upi,0
T0000011,C0000,low_evening_shopper,2026-02-15 21:24:00.000000000,1847.67,Swiggy,self_upi,0
T0003689,C0107,mid_weekend,2026-02-15 21:33:00.000000000,8363.58,Myntra,self_upi,0
T0004933,C0144,low_evening_shopper,2026-02-15 21:36:00.000000000,318.79,Amazon,self_upi,0
T0001193,C0033,low_evening_shopper,2026-02-15 21:39:00.000000000,2047.78,LocalKirana,friend_a,0
T0001569,C0045,low_evening_shopper,2026-02-15 21:43:00.000000000,3380.13,LocalKirana,self_upi,0
T0002155,C0063,low_evening_shopper,2026-02-15 21:45:00.000000000,614.1,Amazon,friend_a,0
T0000650,C0017,mid_weekend,2026-02-15 21:47:00.000000000,6576.16,Myntra,self_upi,0
T0000224,C0006,low_evening_shopper,2026-02-15 21:49:00.000000000,744.63,LocalKirana,friend_a,0
T0000542,C0015,low_evening_shopper,2026-02-15 21:54:00.000000000,660.46,Swiggy,friend_a,0
T0001570,C0045,low_evening_shopper,2026-02-16 00:37:00.000000000,857.31,BigBazaar,friend_a,0
T0006416,C0147,low_evening_shopper,2026-02-16 02:58:00.821807991,2166.83,NightPOS_25,friend_a,1
T0001348,C0038,mid_weekend,2026-02-16 08:55:00.000000000,2018.74,Zomato,self_upi,0
T0004605,C0134,mid_weekend,2026-02-16 09:20:00.000000000,2025.45,Zomato,family_upi,0
T0004890,C0143,mid_weekend,2026-02-16 10:04:00.000000000,2857.34,Myntra,self_upi,0
T0005765,C0166,high_business,2026-02-16 10:23:00.000000000,9543.45,TajHotels,self_neft,0
T0001867,C0053,mid_weekend,2026-02-16 10:32:00.000000000,2738.91,Zomato,family_upi,0
T0005764,C0166,high_business,2026-02-16 10:47:00.000000000,12404.55,OfficeSupplies,payroll,0
T0002136,C0062,mid_weekend,2026-02-16 11:52:00.000000000,2729.62,Myntra,self_upi,0
T0000525,C0014,mid_weekend,2026-02-16 12:45:00.000000000,1879.17,Zomato,family_upi,0
T0003494,C0101,mid_weekend,2026-02-16 13:20:00.000000000,2490.85,IRCTC,self_upi,0
T0003363,C0098,mid_weekend,2026-02-16 13:48:00.000000000,3053.56,Myntra,self_upi,0
T0003362,C0098,mid_weekend,2026-02-16 14:04:00.000000000,3258.13,Zomato,family_upi,0
T0000385,C0011,mid_weekend,2026-02-16 14:07:00.000000000,3632.75,BookMyShow,self_upi,0
T0003149,C0092,mid_weekend,2026-02-16 14:27:00.000000000,2496.62,IRCTC,self_upi,0
T0000866,C0023,mid_weekend,2026-02-16 14:34:00.000000000,3191.61,BookMyShow,family_upi,0
T0002463,C0071,mid_weekend,2026-02-16 15:22:00.000000000,2027.14,BookMyShow,self_upi,0
T0000961,C0026,mid_weekend,2026-02-16 15:26:00.000000000,3209.86,NewShop_29,self_upi,0
T0005100,C0149,mid_weekend,2026-02-16 15:28:00.000000000,5510.24,NewShop_31,family_upi,0
T0005472,C0158,mid_weekend,2026-02-16 15:53:00.000000000,2478.94,Myntra,self_upi,0
T0003269,C0095,mid_weekend,2026-02-16 16:06:00.000000000,2594.67,BookMyShow,self_upi,0
T0004049,C0116,mid_weekend,2026-02-16 16:22:00.000000000,3199.43,BookMyShow,family_upi,0
T0003148,C0092,mid_weekend,2026-02-16 16:23:00.000000000,2444.58,IRCTC,family_upi,0
T0004691,C0137,mid_weekend,2026-02-16 17:20:00.000000000,3158.84,BookMyShow,family_upi,0
T0003949,C0114,low_evening_shopper,2026-02-16 17:27:00.000000000,903.32,LocalKirana,friend_a,0
T0002464,C0071,mid_weekend,2026-02-16 17:28:00.000000000,3294.58,BookMyShow,self_upi,0
T0003571,C0104,mid_weekend,2026-02-16 17:33:00.000000000,2750.72,IRCTC,self_upi,0
T0001269,C0035,mid_weekend,2026-02-16 17:34:00.000000000,2938.74,IRCTC,self_upi,0
T0005800,C0167,mid_weekend,2026-02-16 18:04:00.000000000,2542.93,IRCTC,family_upi,0
T0001523,C0044,mid_weekend,2026-02-16 18:06:00.000000000,2725.97,Myntra,family_upi,0
T0001571,C0045,low_evening_shopper,2026-02-16 18:13:00.000000000,1087.76,BigBazaar,self_upi,0
T0001347,C0038,mid_weekend,2026-02-16 18:17:00.000000000,2147.22,BookMyShow,family_upi,0
T0000225,C0006,low_evening_shopper,2026-02-16 18:23:00.000000000,604.26,Swiggy,self_upi,0
T0001651,C0047,mid_weekend,2026-02-16 18:23:00.000000000,1857.43,BookMyShow,self_upi,0
T0004987,C0146,mid_weekend,2026-02-16 18:34:00.000000000,2775.57,BookMyShow,family_upi,0
T0004522,C0132,low_evening_shopper,2026-02-16 18:34:00.000000000,720.78,Swiggy,self_upi,0
T0002346,C0068,mid_weekend,2026-02-16 18:42:00.000000000,6302.41,Zomato,family_upi,0
T0003824,C0111,low_evening_shopper,2026-02-16 18:49:00.000000000,590.87,NewShop_29,self_upi,0
T0001964,C0057,low_evening_shopper,2026-02-16 18:49:00.000000000,653.29,Amazon,self_upi,0
T0005322,C0155,mid_weekend,2026-02-16 19:17:00.000000000,2572.37,BookMyShow,self_upi,0
T0004138,C0120,low_evening_shopper,2026-02-16 19:18:00.000000000,427.96,Swiggy,self_upi,0
T0002488,C0072,low_evening_shopper,2026-02-16 19:19:00.000000000,760.42,Amazon,self_upi,0
T0002137,C0062,mid_weekend,2026-02-16 19:33:00.000000000,1546.59,Zomato,family_upi,0
T0000544,C0015,low_evening_shopper,2026-02-16 19:44:00.000000000,554.45,BigBazaar,self_upi,0
T0005018,C0147,low_evening_shopper,2026-02-16 19:45:00.000000000,665.65,Amazon,self_upi,0
T0005599,C0162,low_evening_shopper,2026-02-16 19:52:00.000000000,759.99,Amazon,friend_a,0
T0004891,C0143,mid_weekend,2026-02-16 19:55:00.000000000,2056.02,IRCTC,family_upi,0
T0002984,C0087,low_evening_shopper,2026-02-16 20:03:00.000000000,614.6,LocalKirana,self_upi,0
T0000012,C0000,low_evening_shopper,2026-02-16 20:10:00.000000000,786.53,Swiggy,friend_a,0
T0005323,C0155,mid_weekend,2026-02-16 20:11:00.000000000,2669.34,NewShop_33,self_upi,0
T0005247,C0153,low_evening_shopper,2026-02-16 20:13:00.000000000,604.88,BigBazaar,friend_a,0
T0001965,C0057,low_evening_shopper,2026-02-16 20:16:00.000000000,844.88,Swiggy,friend_a,0
T0001369,C0039,low_evening_shopper,2026-02-16 20:25:00.000000000,480.44,LocalKirana,self_upi,0
T0004934,C0144,low_evening_shopper,2026-02-16 20:36:00.000000000,512.34,LocalKirana,friend_a,0
T0005365,C0156,low_evening_shopper,2026-02-16 20:49:00.000000000,689.17,BigBazaar,self_upi,0
T0001097,C0030,low_evening_shopper,2026-02-16 20:55:00.000000000,1806.84,BigBazaar,friend_a,0
T0005127,C0150,low_evening_shopper,2026-02-16 20:56:00.000000000,711.93,LocalKirana,self_upi,0
T0002866,C0084,low_evening_shopper,2026-02-16 20:57:00.000000000,1149.37,BigBazaar,self_upi,0
T0003924,C0113,mid_weekend,2026-02-16 21:05:00.000000000,3198.85,Zomato,family_upi,0
T0000543,C0015,low_evening_shopper,2026-02-16 21:07:00.000000000,264.65,BigBazaar,friend_a,0
T0001194,C0033,low_evening_shopper,2026-02-16 21:29:00.000000000,1017.4,BigBazaar,friend_a,0
T0002156,C0063,low_evening_shopper,2026-02-16 21:52:00.000000000,693.29,Swiggy,self_upi,0
T0004727,C0138,low_evening_shopper,2026-02-16 22:03:00.000000000,416.4,LocalKirana,self_upi,0
T0002551,C0075,low_evening_shopper,2026-02-16 22:07:00.000000000,2881.32,LocalKirana,friend_a,0
T0004069,C0117,low_evening_shopper,2026-02-16 22:48:00.000000000,592.15,BigBazaar,self_upi,0
T0000899,C0024,low_evening_shopper,2026-02-16 22:53:00.000000000,492.25,Amazon,self_upi,0
T0006189,C0177,low_evening_shopper,2026-02-16 23:59:00.000000000,933.66,Swiggy,self_upi,0
T0003289,C0096,low_evening_shopper,2026-02-17 05:17:00.000000000,666.17,LocalKirana,friend_a,0
T0002140,C0062,mid_weekend,2026-02-17 07:46:00.000000000,3121.52,Myntra,family_upi,0
T0001349,C0038,mid_weekend,2026-02-17 10:16:00.000000000,2400.17,IRCTC,self_upi,0
T0002828,C0083,mid_weekend,2026-02-17 11:55:00.000000000,2624.66,Zomato,self_upi,0
T0003364,C0098,mid_weekend,2026-02-17 11:57:00.000000000,2122.74,BookMyShow,family_upi,0
T0003658,C0106,high_business,2026-02-17 12:17:00.000000000,11217.93,Indigo,payroll,0
T0005801,C0167,mid_weekend,2026-02-17 12:20:00.000000000,1361.84,Zomato,family_upi,0
T0000651,C0017,mid_weekend,2026-02-17 12:35:00.000000000,3218.09,Myntra,self_upi,0
T0001067,C0029,mid_weekend,2026-02-17 12:36:00.000000000,3327.33,IRCTC,self_upi,0
T0004786,C0140,mid_weekend,2026-02-17 12:58:00.000000000,4415.88,Zomato,self_upi,0
T0003051,C0089,mid_weekend,2026-02-17 13:27:00.000000000,1498.42,IRCTC,self_upi,0
T0000962,C0026,mid_weekend,2026-02-17 13:39:00.000000000,2869.57,BookMyShow,family_upi,0
T0006027,C0173,mid_weekend,2026-02-17 14:00:00.000000000,1561.06,BookMyShow,family_upi,0
T0004893,C0143,mid_weekend,2026-02-17 14:01:00.000000000,1994.1,Myntra,self_upi,0
T0002139,C0062,mid_weekend,2026-02-17 14:02:00.000000000,2425.01,BookMyShow,self_upi,0
T0000652,C0017,mid_weekend,2026-02-17 14:10:00.000000000,2612.29,Myntra,family_upi,0
T0005990,C0172,high_business,2026-02-17 14:28:00.000000000,13759.06,AWS,self_neft,0
T0000867,C0023,mid_weekend,2026-02-17 14:37:00.000000000,2309.08,BookMyShow,self_upi,0
T0005326,C0155,mid_weekend,2026-02-17 14:46:00.000000000,2244.02,IRCTC,family_upi,0
T0004692,C0137,mid_weekend,2026-02-17 14:50:00.000000000,2467.15,BookMyShow,family_upi,0
T0005325,C0155,mid_weekend,2026-02-17 15:03:00.000000000,2837.21,NewShop_24,family_upi,0
T0005766,C0166,high_business,2026-02-17 15:05:00.000000000,15534.44,AWS,self_neft,0
T0004988,C0146,mid_weekend,2026-02-17 15:20:00.000000000,1618.66,Zomato,family_upi,0
T0006340,C0155,mid_weekend,2026-02-17 16:02:00.023470556,11007.45,P2P_46,new_wallet_7850,1
T0005324,C0155,mid_weekend,2026-02-17 16:15:00.000000000,2731.66,Zomato,self_upi,0
T0004503,C0131,mid_weekend,2026-02-17 16:20:00.000000000,2251.42,Myntra,family_upi,0
T0002138,C0062,mid_weekend,2026-02-17 16:50:00.000000000,2465.93,Zomato,family_upi,0
T0000298,C0009,low_evening_shopper,2026-02-17 16:52:00.000000000,487.16,Swiggy,friend_a,0
T0002734,C0080,mid_weekend,2026-02-17 17:12:00.000000000,2926.1,Zomato,self_upi,0
T0005944,C0171,low_evening_shopper,2026-02-17 17:15:00.000000000,751.58,Amazon,friend_a,0
T0002733,C0080,mid_weekend,2026-02-17 17:27:00.000000000,1690.51,IRCTC,family_upi,0
T0003793,C0110,mid_weekend,2026-02-17 17:36:00.000000000,1954.51,Myntra,self_upi,0
T0001755,C0050,mid_weekend,2026-02-17 17:39:00.000000000,9039.82,Zomato,self_upi,0
T0003572,C0104,mid_weekend,2026-02-17 17:46:00.000000000,2082.55,BookMyShow,family_upi,0
T0000013,C0000,low_evening_shopper,2026-02-17 17:57:00.000000000,461.91,BigBazaar,self_upi,0
T0004892,C0143,mid_weekend,2026-02-17 18:39:00.000000000,2103.19,Myntra,family_upi,0
T0000203,C0005,mid_weekend,2026-02-17 18:59:00.000000000,3219.11,BookMyShow,family_upi,0
T0000653,C0017,mid_weekend,2026-02-17 19:14:00.000000000,3133.97,IRCTC,family_upi,0
T0001098,C0030,low_evening_shopper,2026-02-17 19:20:00.000000000,756.63,Swiggy,friend_a,0
T0003602,C0105,low_evening_shopper,2026-02-17 19:21:00.000000000,796.26,Amazon,friend_a,0
T0000526,C0014,mid_weekend,2026-02-17 19:24:00.000000000,2687.63,Myntra,self_upi,0
T0001572,C0045,low_evening_shopper,2026-02-17 19:27:00.000000000,899.31,LocalKirana,self_upi,0
T0003825,C0111,low_evening_shopper,2026-02-17 19:46:00.000000000,951.0,LocalKirana,friend_a,0
T0003167,C0093,low_evening_shopper,2026-02-17 19:46:00.000000000,650.29,BigBazaar,friend_a,0
T0002489,C0072,low_evening_shopper,2026-02-17 19:51:00.000000000,925.75,BigBazaar,friend_a,0
T0003950,C0114,low_evening_shopper,2026-02-17 19:52:00.000000000,1681.68,Swiggy,friend_a,0
T0000742,C0020,mid_weekend,2026-02-17 19:53:00.000000000,2879.7,Zomato,self_upi,0
T0002490,C0072,low_evening_shopper,2026-02-17 20:04:00.000000000,652.7,BigBazaar,friend_a,0
T0000681,C0018,low_evening_shopper,2026-02-17 20:08:00.000000000,563.09,Swiggy,friend_a,0
T0002552,C0075,low_evening_shopper,2026-02-17 20:16:00.000000000,694.12,BigBazaar,self_upi,0
T0000226,C0006,low_evening_shopper,2026-02-17 20:20:00.000000000,611.19,LocalKirana,self_upi,0
T0002465,C0071,mid_weekend,2026-02-17 20:22:00.000000000,2791.0,Myntra,self_upi,0
T0005505,C0159,low_evening_shopper,2026-02-17 20:31:00.000000000,796.25,NewShop_38,self_upi,0
T0002055,C0060,low_evening_shopper,2026-02-17 20:38:00.000000000,761.05,Swiggy,self_upi,0
T0000386,C0011,mid_weekend,2026-02-17 20:44:00.000000000,3047.29,Zomato,self_upi,0
T0004820,C0141,low_evening_shopper,2026-02-17 21:01:00.000000000,361.9,Amazon,self_upi,0
T0006061,C0174,low_evening_shopper,2026-02-17 21:02:00.000000000,588.66,NewShop_30,friend_a,0
T0000443,C0012,low_evening_shopper,2026-02-17 21:09:00.000000000,554.97,BigBazaar,friend_a,0
T0004070,C0117,low_evening_shopper,2026-02-17 21:27:00.000000000,653.66,BigBazaar,friend_a,0
T0002985,C0087,low_evening_shopper,2026-02-17 21:34:00.000000000,669.31,Amazon,self_upi,0
T0004935,C0144,low_evening_shopper,2026-02-17 22:17:00.000000000,628.1,BigBazaar,friend_a,0
T0003513,C0102,low_evening_shopper,2026-02-17 22:18:00.000000000,550.21,BigBazaar,self_upi,0
T0001966,C0057,low_evening_shopper,2026-02-17 22:44:00.000000000,709.41,Amazon,self_upi,0
T0005802,C0167,mid_weekend,2026-02-17 22:48:00.000000000,2715.94,IRCTC,family_upi,0
T0001436,C0042,low_evening_shopper,2026-02-17 23:09:00.000000000,829.68,LocalKirana,self_upi,0
T0002647,C0078,low_evening_shopper,2026-02-17 23:34:00.000000000,815.44,Amazon,self_upi,0
T0006334,C0167,mid_weekend,2026-02-18 02:02:00.591338141,5937.57,NightPOS_24,self_upi,1
T0000745,C0020,mid_weekend,2026-02-18 10:01:00.000000000,3237.29,Zomato,family_upi,0
T0000527,C0014,mid_weekend,2026-02-18 11:03:00.000000000,2126.8,Zomato,family_upi,0
T0003495,C0101,mid_weekend,2026-02-18 11:22:00.000000000,2317.15,Zomato,family_upi,0
T0003794,C0110,mid_weekend,2026-02-18 11:55:00.000000000,2476.5,BookMyShow,self_upi,0
T0000528,C0014,mid_weekend,2026-02-18 12:22:00.000000000,2317.05,Zomato,self_upi,0
T0006154,C0176,mid_weekend,2026-02-18 12:49:00.000000000,2707.19,BookMyShow,self_upi,0
T0000655,C0017,mid_weekend,2026-02-18 13:03:00.000000000,2403.26,IRCTC,self_upi,0
T0005803,C0167,mid_weekend,2026-02-18 13:10:00.000000000,2766.39,IRCTC,self_upi,0
T0003365,C0098,mid_weekend,2026-02-18 13:16:00.000000000,10841.46,BookMyShow,self_upi,0
T0000654,C0017,mid_weekend,2026-02-18 13:42:00.000000000,1497.36,BookMyShow,self_upi,0
T0005767,C0166,high_business,2026-02-18 13:44:00.000000000,10026.71,OfficeSupplies,vendor_x,0
T0002468,C0071,mid_weekend,2026-02-18 13:52:00.000000000,1724.66,BookMyShow,family_upi,0
T0004311,C0125,mid_weekend,2026-02-18 13:56:00.000000000,2903.87,Myntra,family_upi,0
T0003660,C0106,high_business,2026-02-18 14:42:00.000000000,8336.61,TajHotels,vendor_x,0
T0003659,C0106,high_business,2026-02-18 14:51:00.000000000,38037.83,Indigo,self_neft,0
T0002347,C0068,mid_weekend,2026-02-18 14:57:00.000000000,2454.76,Myntra,family_upi,0
T0000868,C0023,mid_weekend,2026-02-18 15:02:00.000000000,3512.8,BookMyShow,self_upi,0
T0002141,C0062,mid_weekend,2026-02-18 15:06:00.000000000,1442.93,IRCTC,self_upi,0
T0000744,C0020,mid_weekend,2026-02-18 15:10:00.000000000,2438.37,Myntra,self_upi,0
T0001573,C0045,low_evening_shopper,2026-02-18 15:29:00.000000000,896.14,LocalKirana,self_upi,0
T0004989,C0146,mid_weekend,2026-02-18 15:34:00.000000000,2345.17,NewShop_8,self_upi,0
T0004693,C0137,mid_weekend,2026-02-18 15:53:00.000000000,1838.67,BookMyShow,family_upi,0
T0002467,C0071,mid_weekend,2026-02-18 16:10:00.000000000,2375.94,Zomato,family_upi,0
T0000743,C0020,mid_weekend,2026-02-18 16:21:00.000000000,3052.8,BookMyShow,family_upi,0
T0003574,C0104,mid_weekend,2026-02-18 16:23:00.000000000,1865.87,Zomato,self_upi,0
T0000963,C0026,mid_weekend,2026-02-18 16:30:00.000000000,2146.07,BookMyShow,self_upi,0
T0003573,C0104,mid_weekend,2026-02-18 16:37:00.000000000,2752.43,IRCTC,family_upi,0
T0004787,C0140,mid_weekend,2026-02-18 16:38:00.000000000,3253.4,IRCTC,family_upi,0
T0004895,C0143,mid_weekend,2026-02-18 16:45:00.000000000,3365.86,IRCTC,self_upi,0
T0001271,C0035,mid_weekend,2026-02-18 16:59:00.000000000,6980.61,IRCTC,family_upi,0
T0004894,C0143,mid_weekend,2026-02-18 17:04:00.000000000,7672.92,Myntra,self_upi,0
T0001270,C0035,mid_weekend,2026-02-18 17:10:00.000000000,3442.0,Myntra,self_upi,0
T0001574,C0045,low_evening_shopper,2026-02-18 17:10:00.000000000,656.71,Swiggy,self_upi,0
T0000081,C0002,mid_weekend,2026-02-18 17:14:00.000000000,1488.64,Zomato,self_upi,0
T0001524,C0044,mid_weekend,2026-02-18 17:17:00.000000000,1964.67,BookMyShow,self_upi,0
T0000545,C0015,low_evening_shopper,2026-02-18 17:20:00.000000000,831.88,BigBazaar,friend_a,0
T0002033,C0059,mid_weekend,2026-02-18 17:45:00.000000000,8188.19,Myntra,family_upi,0
T0005473,C0158,mid_weekend,2026-02-18 18:01:00.000000000,2321.72,Myntra,family_upi,0
T0000656,C0017,mid_weekend,2026-02-18 18:13:00.000000000,2453.54,Myntra,self_upi,0
T0003661,C0106,high_business,2026-02-18 18:14:00.000000000,13310.23,AWS,vendor_x,0
T0000444,C0012,low_evening_shopper,2026-02-18 18:26:00.000000000,689.93,Swiggy,friend_a,0
T0004139,C0120,low_evening_shopper,2026-02-18 18:29:00.000000000,910.05,LocalKirana,self_upi,0
T0000204,C0005,mid_weekend,2026-02-18 18:38:00.000000000,3705.25,IRCTC,self_upi,0
T0002466,C0071,mid_weekend,2026-02-18 18:50:00.000000000,1882.53,Zomato,family_upi,0
T0003052,C0089,mid_weekend,2026-02-18 19:04:00.000000000,2157.64,Myntra,self_upi,0
T0005831,C0168,low_evening_shopper,2026-02-18 19:08:00.000000000,638.03,Amazon,friend_a,0
T0002648,C0078,low_evening_shopper,2026-02-18 19:10:00.000000000,654.85,Amazon,friend_a,0
T0005128,C0150,low_evening_shopper,2026-02-18 19:17:00.000000000,841.55,Swiggy,self_upi,0
T0003826,C0111,low_evening_shopper,2026-02-18 19:22:00.000000000,340.67,Amazon,self_upi,0
T0006365,C0039,low_evening_shopper,2026-02-18 19:48:00.896083749,1243.41,Swiggy,quick_payee_784,1
T0003711,C0108,low_evening_shopper,2026-02-18 20:04:00.000000000,1011.32,NewShop_38,self_upi,0
T0004624,C0135,low_evening_shopper,2026-02-18 20:11:00.000000000,647.76,Amazon,friend_a,0
T0003168,C0093,low_evening_shopper,2026-02-18 20:25:00.000000000,525.54,LocalKirana,friend_a,0
T0003095,C0090,low_evening_shopper,2026-02-18 20:32:00.000000000,898.96,BigBazaar,self_upi,0
T0000546,C0015,low_evening_shopper,2026-02-18 20:33:00.000000000,883.09,LocalKirana,friend_a,0
T0002766,C0081,low_evening_shopper,2026-02-18 21:02:00.000000000,743.06,Amazon,friend_a,0
T0005248,C0153,low_evening_shopper,2026-02-18 21:12:00.000000000,654.14,LocalKirana,friend_a,0
T0004728,C0138,low_evening_shopper,2026-02-18 21:26:00.000000000,681.03,Amazon,friend_a,0
T0002380,C0069,low_evening_shopper,2026-02-18 21:30:00.000000000,456.61,Swiggy,self_upi,0
T0002829,C0083,mid_weekend,2026-02-18 21:37:00.000000000,2212.65,BookMyShow,self_upi,0
T0003603,C0105,low_evening_shopper,2026-02-18 21:42:00.000000000,758.07,LocalKirana,self_upi,0
T0000746,C0020,mid_weekend,2026-02-18 21:54:00.000000000,1302.46,BookMyShow,family_upi,0
T0002986,C0087,low_evening_shopper,2026-02-18 22:05:00.000000000,530.37,Swiggy,self_upi,0
T0000547,C0015,low_evening_shopper,2026-02-18 22:10:00.000000000,736.3,Amazon,self_upi,0
T0001195,C0033,low_evening_shopper,2026-02-18 22:11:00.000000000,607.74,BigBazaar,self_upi,0
T0004216,C0122,mid_weekend,2026-02-18 22:13:00.000000000,3216.61,BookMyShow,family_upi,0
T0000111,C0003,low_evening_shopper,2026-02-18 22:22:00.000000000,497.0,LocalKirana,friend_a,0
T0004523,C0132,low_evening_shopper,2026-02-18 22:26:00.000000000,774.14,BigBazaar,friend_a,0
T0002735,C0080,mid_weekend,2026-02-18 22:35:00.000000000,2250.7,IRCTC,self_upi,0
T0006430,C0087,low_evening_shopper,2026-02-18 22:43:00.857504533,3867.6,P2P_27,new_wallet_6241,1
T0004071,C0117,low_evening_shopper,2026-02-18 23:00:00.000000000,823.68,Amazon,friend_a,0
T0001756,C0050,mid_weekend,2026-02-18 23:59:00.000000000,2326.95,Myntra,family_upi,0
T0006295,C0179,mid_weekend,2026-02-19 10:19:00.000000000,2687.08,BookMyShow,family_upi,0
T0003662,C0106,high_business,2026-02-19 11:01:00.000000000,10260.39,Indigo,payroll,0
T0006029,C0173,mid_weekend,2026-02-19 11:11:00.000000000,3284.12,Zomato,family_upi,0
T0003366,C0098,mid_weekend,2026-02-19 11:30:00.000000000,1693.92,Myntra,self_upi,0
T0005991,C0172,high_business,2026-02-19 11:35:00.000000000,12696.57,AWS,payroll,0
T0003270,C0095,mid_weekend,2026-02-19 12:27:00.000000000,3247.94,BookMyShow,self_upi,0
T0001068,C0029,mid_weekend,2026-02-19 12:43:00.000000000,2464.49,BookMyShow,family_upi,0
T0004504,C0131,mid_weekend,2026-02-19 12:44:00.000000000,1881.02,IRCTC,self_upi,0
T0004990,C0146,mid_weekend,2026-02-19 13:07:00.000000000,2946.97,BookMyShow,family_upi,0
T0002469,C0071,mid_weekend,2026-02-19 13:12:00.000000000,1974.6,Myntra,self_upi,0
T0005327,C0155,mid_weekend,2026-02-19 13:35:00.000000000,2524.68,IRCTC,family_upi,0
T0003367,C0098,mid_weekend,2026-02-19 13:47:00.000000000,3330.13,NewShop_34,family_upi,0
T0000964,C0026,mid_weekend,2026-02-19 14:06:00.000000000,3249.43,Myntra,family_upi,0
T0003575,C0104,mid_weekend,2026-02-19 14:27:00.000000000,1583.62,IRCTC,family_upi,0
T0002142,C0062,mid_weekend,2026-02-19 15:01:00.000000000,1546.31,Myntra,family_upi,0
T0002034,C0059,mid_weekend,2026-02-19 15:33:00.000000000,3459.49,Myntra,family_upi,0
T0005101,C0149,mid_weekend,2026-02-19 15:34:00.000000000,2061.4,BookMyShow,self_upi,0
T0004217,C0122,mid_weekend,2026-02-19 15:40:00.000000000,2811.57,Zomato,family_upi,0
T0006296,C0179,mid_weekend,2026-02-19 15:56:00.000000000,3268.86,NewShop_27,family_upi,0
T0003271,C0095,mid_weekend,2026-02-19 16:00:00.000000000,1821.51,IRCTC,self_upi,0
T0003925,C0113,mid_weekend,2026-02-19 16:02:00.000000000,3536.26,IRCTC,self_upi,0
T0000747,C0020,mid_weekend,2026-02-19 16:19:00.000000000,2718.33,Zomato,self_upi,0
T0006028,C0173,mid_weekend,2026-02-19 16:30:00.000000000,2479.91,BookMyShow,family_upi,0
T0006155,C0176,mid_weekend,2026-02-19 16:33:00.000000000,3044.23,BookMyShow,self_upi,0
T0002348,C0068,mid_weekend,2026-02-19 16:49:00.000000000,2915.51,IRCTC,self_upi,0
T0004896,C0143,mid_weekend,2026-02-19 17:47:00.000000000,3084.52,IRCTC,self_upi,0
T0000657,C0017,mid_weekend,2026-02-19 17:59:00.000000000,1957.55,Myntra,self_upi,0
T0005019,C0147,low_evening_shopper,2026-02-19 18:20:00.000000000,901.58,BigBazaar,self_upi,0
T0000387,C0011,mid_weekend,2026-02-19 18:32:00.000000000,2980.43,IRCTC,self_upi,0
T0004729,C0138,low_evening_shopper,2026-02-19 18:45:00.000000000,812.89,BigBazaar,self_upi,0
T0003394,C0099,low_evening_shopper,2026-02-19 18:54:00.000000000,672.61,BigBazaar,friend_a,0
T0002157,C0063,low_evening_shopper,2026-02-19 18:57:00.000000000,773.75,Swiggy,friend_a,0
T0001069,C0029,mid_weekend,2026-02-19 19:03:00.000000000,2381.94,BookMyShow,family_upi,0
T0004141,C0120,low_evening_shopper,2026-02-19 19:07:00.000000000,519.74,Swiggy,self_upi,0
T0001272,C0035,mid_weekend,2026-02-19 19:22:00.000000000,3622.03,IRCTC,self_upi,0
T0001967,C0057,low_evening_shopper,2026-02-19 19:46:00.000000000,837.68,Amazon,friend_a,0
T0005366,C0156,low_evening_shopper,2026-02-19 19:49:00.000000000,1888.91,Amazon,self_upi,0
T0006190,C0177,low_evening_shopper,2026-02-19 19:52:00.000000000,798.71,LocalKirana,self_upi,0
T0001196,C0033,low_evening_shopper,2026-02-19 19:54:00.000000000,466.63,Swiggy,self_upi,0
T0000014,C0000,low_evening_shopper,2026-02-19 19:57:00.000000000,832.75,LocalKirana,self_upi,0
T0003712,C0108,low_evening_shopper,2026-02-19 20:05:00.000000000,780.05,Swiggy,self_upi,0
T0004140,C0120,low_evening_shopper,2026-02-19 20:08:00.000000000,623.69,LocalKirana,self_upi,0
T0006062,C0174,low_evening_shopper,2026-02-19 20:12:00.000000000,2683.1,Amazon,friend_a,0
T0001437,C0042,low_evening_shopper,2026-02-19 20:21:00.000000000,850.98,BigBazaar,friend_a,0
T0001000,C0027,low_evening_shopper,2026-02-19 20:26:00.000000000,975.47,BigBazaar,friend_a,0
T0005707,C0165,low_evening_shopper,2026-02-19 20:42:00.000000000,796.08,Amazon,self_upi,0
T0004419,C0129,low_evening_shopper,2026-02-19 20:43:00.000000000,700.17,Swiggy,self_upi,0
T0005832,C0168,low_evening_shopper,2026-02-19 20:44:00.000000000,841.57,Amazon,friend_a,0
T0002649,C0078,low_evening_shopper,2026-02-19 21:00:00.000000000,678.73,LocalKirana,friend_a,0
T0005945,C0171,low_evening_shopper,2026-02-19 21:04:00.000000000,854.9,Amazon,friend_a,0
T0005506,C0159,low_evening_shopper,2026-02-19 21:07:00.000000000,354.82,Swiggy,friend_a,0
T0002268,C0066,low_evening_shopper,2026-02-19 21:10:00.000000000,667.89,Swiggy,friend_a,0
T0001370,C0039,low_evening_shopper,2026-02-19 21:10:00.000000000,453.31,Amazon,self_upi,0
T0001652,C0047,mid_weekend,2026-02-19 21:11:00.000000000,2596.68,Zomato,self_upi,0
T0003393,C0099,low_evening_shopper,2026-02-19 21:27:00.000000000,435.88,LocalKirana,self_upi,0
T0004788,C0140,mid_weekend,2026-02-19 21:41:00.000000000,2222.02,NewShop_26,family_upi,0
T0003605,C0105,low_evening_shopper,2026-02-19 21:45:00.000000000,687.25,Swiggy,friend_a,0
T0003827,C0111,low_evening_shopper,2026-02-19 22:28:00.000000000,496.09,Amazon,self_upi,0
T0003604,C0105,low_evening_shopper,2026-02-19 22:37:00.000000000,714.76,Amazon,friend_a,0
T0002553,C0075,low_evening_shopper,2026-02-19 22:42:00.000000000,780.54,Swiggy,friend_a,0
T0004524,C0132,low_evening_shopper,2026-02-19 22:48:00.000000000,605.91,BigBazaar,self_upi,0
T0000682,C0018,low_evening_shopper,2026-02-19 22:52:00.000000000,819.07,Amazon,self_upi,0
T0002158,C0063,low_evening_shopper,2026-02-19 23:32:00.000000000,774.23,LocalKirana,friend_a,0
T0001689,C0048,low_evening_shopper,2026-02-19 23:52:00.000000000,964.77,LocalKirana,self_upi,0
T0000869,C0023,mid_weekend,2026-02-20 06:16:00.000000000,2105.39,Zomato,family_upi,0
T0005229,C0152,mid_weekend,2026-02-20 08:29:00.000000000,2062.06,IRCTC,self_upi,0
T0004789,C0140,mid_weekend,2026-02-20 09:50:00.000000000,2583.13,BookMyShow,family_upi,0
T0001001,C0027,low_evening_shopper,2026-02-20 10:17:00.000000000,437.54,LocalKirana,friend_a,0
T0000748,C0020,mid_weekend,2026-02-20 10:42:00.000000000,1992.42,Zomato,self_upi,0
T0001757,C0050,mid_weekend,2026-02-20 11:20:00.000000000,7126.79,IRCTC,self_upi,0
T0000082,C0002,mid_weekend,2026-02-20 13:02:00.000000000,4537.44,Myntra,self_upi,0
T0001526,C0044,mid_weekend,2026-02-20 13:29:00.000000000,2939.18,Zomato,family_upi,0
T0006030,C0173,mid_weekend,2026-02-20 13:33:00.000000000,3568.64,IRCTC,self_upi,0
T0003368,C0098,mid_weekend,2026-02-20 13:38:00.000000000,3436.24,Myntra,self_upi,0
T0004505,C0131,mid_weekend,2026-02-20 13:45:00.000000000,2230.26,Myntra,self_upi,0
T0005992,C0172,high_business,2026-02-20 13:46:00.000000000,10988.72,OfficeSupplies,payroll,0
T0001274,C0035,mid_weekend,2026-02-20 13:48:00.000000000,2803.03,Zomato,family_upi,0
T0002349,C0068,mid_weekend,2026-02-20 14:09:00.000000000,2036.97,Zomato,self_upi,0
T0004218,C0122,mid_weekend,2026-02-20 14:30:00.000000000,2810.55,Zomato,self_upi,0
T0001273,C0035,mid_weekend,2026-02-20 15:17:00.000000000,2190.86,NewShop_3,self_upi,0
T0005804,C0167,mid_weekend,2026-02-20 15:27:00.000000000,2495.89,Myntra,family_upi,0
T0006156,C0176,mid_weekend,2026-02-20 15:32:00.000000000,3702.21,BookMyShow,family_upi,0
T0002035,C0059,mid_weekend,2026-02-20 15:42:00.000000000,9604.91,IRCTC,family_upi,0
T0004790,C0140,mid_weekend,2026-02-20 15:55:00.000000000,3000.61,Myntra,self_upi,0
T0000658,C0017,mid_weekend,2026-02-20 15:59:00.000000000,1834.46,Myntra,self_upi,0
T0003053,C0089,mid_weekend,2026-02-20 16:09:00.000000000,1835.63,Myntra,self_upi,0
T0000083,C0002,mid_weekend,2026-02-20 16:15:00.000000000,2782.68,BookMyShow,self_upi,0
T0006157,C0176,mid_weekend,2026-02-20 16:22:00.000000000,2367.39,IRCTC,family_upi,0
T0005230,C0152,mid_weekend,2026-02-20 16:33:00.000000000,7748.58,BookMyShow,self_upi,0
T0002470,C0071,mid_weekend,2026-02-20 17:15:00.000000000,2347.26,IRCTC,self_upi,0
T0000015,C0000,low_evening_shopper,2026-02-20 17:43:00.000000000,742.79,Swiggy,friend_a,0
T0006297,C0179,mid_weekend,2026-02-20 17:52:00.000000000,1925.24,Zomato,family_upi,0
T0003690,C0107,mid_weekend,2026-02-20 18:22:00.000000000,1597.63,Myntra,self_upi,0
T0002143,C0062,mid_weekend,2026-02-20 18:23:00.000000000,3230.82,IRCTC,self_upi,0
T0005368,C0156,low_evening_shopper,2026-02-20 18:43:00.000000000,468.84,Swiggy,self_upi,0
T0001304,C0036,low_evening_shopper,2026-02-20 18:55:00.000000000,741.62,LocalKirana,self_upi,0
T0004694,C0137,mid_weekend,2026-02-20 19:01:00.000000000,10179.75,Myntra,self_upi,0
T0003514,C0102,low_evening_shopper,2026-02-20 19:16:00.000000000,567.54,NewShop_30,self_upi,0
T0006191,C0177,low_evening_shopper,2026-02-20 19:20:00.000000000,859.46,BigBazaar,self_upi,0
T0002554,C0075,low_evening_shopper,2026-02-20 19:21:00.000000000,1628.12,BigBazaar,self_upi,0
T0000388,C0011,mid_weekend,2026-02-20 19:37:00.000000000,2046.87,IRCTC,family_upi,0
T0004335,C0126,low_evening_shopper,2026-02-20 19:42:00.000000000,746.77,LocalKirana,self_upi,0
T0001881,C0054,low_evening_shopper,2026-02-20 20:01:00.000000000,677.81,Amazon,self_upi,0
T0005367,C0156,low_evening_shopper,2026-02-20 20:01:00.000000000,2487.89,Swiggy,friend_a,0
T0001099,C0030,low_evening_shopper,2026-02-20 20:14:00.000000000,467.03,Amazon,self_upi,0
T0002269,C0066,low_evening_shopper,2026-02-20 20:26:00.000000000,234.51,BigBazaar,friend_a,0
T0005020,C0147,low_evening_shopper,2026-02-20 20:29:00.000000000,741.55,Amazon,self_upi,0
T0000299,C0009,low_evening_shopper,2026-02-20 20:31:00.000000000,664.9,LocalKirana,self_upi,0
T0000548,C0015,low_evening_shopper,2026-02-20 20:38:00.000000000,955.61,LocalKirana,self_upi,0
T0000227,C0006,low_evening_shopper,2026-02-20 20:38:00.000000000,884.49,BigBazaar,friend_a,0
T0001575,C0045,low_evening_shopper,2026-02-20 20:40:00.000000000,626.01,Swiggy,friend_a,0
T0001002,C0027,low_evening_shopper,2026-02-20 20:43:00.000000000,781.55,Amazon,self_upi,0
T0003713,C0108,low_evening_shopper,2026-02-20 20:43:00.000000000,554.11,Amazon,friend_a,0
T0006437,C0018,low_evening_shopper,2026-02-20 20:44:00.992819039,1779.08,BigBazaar,quick_payee_575,1
T0002159,C0063,low_evening_shopper,2026-02-20 20:45:00.000000000,753.88,Swiggy,friend_a,0
T0004821,C0141,low_evening_shopper,2026-02-20 20:51:00.000000000,1389.63,Amazon,self_upi,0
T0004242,C0123,low_evening_shopper,2026-02-20 20:52:00.000000000,1447.61,Amazon,friend_a,0
T0001525,C0044,mid_weekend,2026-02-20 20:53:00.000000000,3291.59,IRCTC,family_upi,0
T0002987,C0087,low_evening_shopper,2026-02-20 21:02:00.000000000,841.58,LocalKirana,friend_a,0
T0006063,C0174,low_evening_shopper,2026-02-20 21:02:00.000000000,802.64,Amazon,self_upi,0
T0005129,C0150,low_evening_shopper,2026-02-20 21:17:00.000000000,785.69,BigBazaar,self_upi,0
T0002650,C0078,low_evening_shopper,2026-02-20 21:44:00.000000000,649.18,LocalKirana,friend_a,0
T0001371,C0039,low_evening_shopper,2026-02-20 21:46:00.000000000,455.62,Amazon,self_upi,0
T0003395,C0099,low_evening_shopper,2026-02-20 22:08:00.000000000,404.24,LocalKirana,friend_a,0
T0000783,C0021,low_evening_shopper,2026-02-20 22:15:00.000000000,803.38,BigBazaar,friend_a,0
T0003828,C0111,low_evening_shopper,2026-02-20 22:36:00.000000000,456.73,Amazon,self_upi,0
T0003606,C0105,low_evening_shopper,2026-02-20 23:16:00.000000000,613.57,Swiggy,friend_a,0
T0000112,C0003,low_evening_shopper,2026-02-20 23:27:00.000000000,1042.91,BigBazaar,friend_a,0
T0006342,C0030,low_evening_shopper,2026-02-21 02:25:00.588780303,2647.48,NightPOS_35,friend_a,1
T0003054,C0089,mid_weekend,2026-02-21 03:29:00.000000000,12038.59,Zomato,self_upi,0
T0003795,C0110,mid_weekend,2026-02-21 08:22:00.000000000,1781.43,IRCTC,family_upi,0
T0002831,C0083,mid_weekend,2026-02-21 09:45:00.000000000,2378.74,IRCTC,family_upi,0
T0005993,C0172,high_business,2026-02-21 11:59:00.000000000,13632.31,AWS,self_neft,0
T0004793,C0140,mid_weekend,2026-02-21 12:11:00.000000000,3044.43,Myntra,self_upi,0
T0002830,C0083,mid_weekend,2026-02-21 12:21:00.000000000,1802.83,Zomato,self_upi,0
T0004897,C0143,mid_weekend,2026-02-21 13:08:00.000000000,2412.27,IRCTC,self_upi,0
T0004791,C0140,mid_weekend,2026-02-21 13:09:00.000000000,2272.46,Myntra,self_upi,0
T0003576,C0104,mid_weekend,2026-02-21 13:11:00.000000000,2658.36,Zomato,self_upi,0
T0003691,C0107,mid_weekend,2026-02-21 13:11:00.000000000,2644.82,Zomato,family_upi,0
T0000206,C0005,mid_weekend,2026-02-21 13:36:00.000000000,10699.38,Myntra,family_upi,0
T0000965,C0026,mid_weekend,2026-02-21 13:59:00.000000000,3565.42,IRCTC,self_upi,0
T0006158,C0176,mid_weekend,2026-02-21 14:02:00.000000000,3148.25,NewShop_21,family_upi,0
T0000205,C0005,mid_weekend,2026-02-21 14:13:00.000000000,3003.95,Zomato,family_upi,0
T0002351,C0068,mid_weekend,2026-02-21 14:33:00.000000000,2304.67,IRCTC,self_upi,0
T0003796,C0110,mid_weekend,2026-02-21 14:57:00.000000000,2590.43,BookMyShow,self_upi,0
T0004792,C0140,mid_weekend,2026-02-21 15:02:00.000000000,1936.61,NewShop_17,self_upi,0
T0002352,C0068,mid_weekend,2026-02-21 15:13:00.000000000,3561.49,IRCTC,self_upi,0
T0005805,C0167,mid_weekend,2026-02-21 15:17:00.000000000,2239.41,IRCTC,family_upi,0
T0006367,C0059,mid_weekend,2026-02-21 16:15:00.248554328,9971.09,P2P_48,new_wallet_1032,1
T0006159,C0176,mid_weekend,2026-02-21 16:34:00.000000000,1908.37,BookMyShow,self_upi,0
T0003272,C0095,mid_weekend,2026-02-21 16:43:00.000000000,2461.63,Myntra,self_upi,0
T0002736,C0080,mid_weekend,2026-02-21 16:48:00.000000000,2466.74,BookMyShow,family_upi,0
T0002058,C0060,low_evening_shopper,2026-02-21 16:48:00.000000000,701.71,Amazon,friend_a,0
T0002056,C0060,low_evening_shopper,2026-02-21 17:04:00.000000000,782.62,LocalKirana,self_upi,0
T0000749,C0020,mid_weekend,2026-02-21 17:06:00.000000000,2396.49,BookMyShow,family_upi,0
T0005474,C0158,mid_weekend,2026-02-21 17:12:00.000000000,2751.78,IRCTC,self_upi,0
T0002350,C0068,mid_weekend,2026-02-21 17:50:00.000000000,2405.26,IRCTC,family_upi,0
T0001438,C0042,low_evening_shopper,2026-02-21 18:03:00.000000000,980.1,NewShop_12,self_upi,0
T0005507,C0159,low_evening_shopper,2026-02-21 18:06:00.000000000,751.35,Swiggy,self_upi,0
T0000228,C0006,low_evening_shopper,2026-02-21 18:10:00.000000000,594.94,LocalKirana,friend_a,0
T0004822,C0141,low_evening_shopper,2026-02-21 18:13:00.000000000,656.68,Amazon,self_upi,0
T0003096,C0090,low_evening_shopper,2026-02-21 18:13:00.000000000,673.5,Amazon,self_upi,0
T0002057,C0060,low_evening_shopper,2026-02-21 18:22:00.000000000,587.0,Amazon,self_upi,0
T0001653,C0047,mid_weekend,2026-02-21 18:28:00.000000000,2464.28,BookMyShow,family_upi,0
T0003714,C0108,low_evening_shopper,2026-02-21 18:39:00.000000000,487.74,Swiggy,friend_a,0
T0002491,C0072,low_evening_shopper,2026-02-21 19:01:00.000000000,1035.8,BigBazaar,self_upi,0
T0005508,C0159,low_evening_shopper,2026-02-21 19:04:00.000000000,857.32,LocalKirana,self_upi,0
T0003715,C0108,low_evening_shopper,2026-02-21 19:15:00.000000000,620.28,Amazon,self_upi,0
T0003369,C0098,mid_weekend,2026-02-21 19:25:00.000000000,3327.06,Myntra,family_upi,0
T0002651,C0078,low_evening_shopper,2026-02-21 19:33:00.000000000,797.29,LocalKirana,friend_a,0
T0002555,C0075,low_evening_shopper,2026-02-21 19:37:00.000000000,859.34,Swiggy,friend_a,0
T0005328,C0155,mid_weekend,2026-02-21 19:41:00.000000000,2146.09,IRCTC,family_upi,0
T0001772,C0051,low_evening_shopper,2026-02-21 20:13:00.000000000,298.1,Amazon,friend_a,0
T0004420,C0129,low_evening_shopper,2026-02-21 20:14:00.000000000,462.17,LocalKirana,self_upi,0
T0003169,C0093,low_evening_shopper,2026-02-21 20:20:00.000000000,736.73,BigBazaar,self_upi,0
T0005833,C0168,low_evening_shopper,2026-02-21 20:24:00.000000000,1083.9,Swiggy,friend_a,0
T0001968,C0057,low_evening_shopper,2026-02-21 21:00:00.000000000,522.82,BigBazaar,self_upi,0
T0005708,C0165,low_evening_shopper,2026-02-21 21:01:00.000000000,89.67,Amazon,friend_a,0
T0002767,C0081,low_evening_shopper,2026-02-21 21:05:00.000000000,846.56,Swiggy,self_upi,0
T0003290,C0096,low_evening_shopper,2026-02-21 21:13:00.000000000,636.05,BigBazaar,self_upi,0
T0002270,C0066,low_evening_shopper,2026-02-21 21:51:00.000000000,256.35,Amazon,friend_a,0
T0001882,C0054,low_evening_shopper,2026-02-21 22:16:00.000000000,332.28,BigBazaar,self_upi,0
T0001003,C0027,low_evening_shopper,2026-02-21 22:56:00.000000000,820.07,Amazon,self_upi,0
T0006064,C0174,low_evening_shopper,2026-02-21 23:00:00.000000000,768.68,BigBazaar,friend_a,0
T0002492,C0072,low_evening_shopper,2026-02-21 23:41:00.000000000,305.4,BigBazaar,self_upi,0
T0005806,C0167,mid_weekend,2026-02-21 23:53:00.000000000,2520.11,Zomato,family_upi,0
T0006374,C0107,mid_weekend,2026-02-22 02:40:00.345118454,7950.43,NightPOS_21,family_upi,1
T0006392,C0090,low_evening_shopper,2026-02-22 03:21:00.973043289,4787.79,UnknownStore_15,new_wallet_8965,1
T0006385,C0108,low_evening_shopper,2026-02-22 04:59:00.464661235,6114.88,UnknownStore_52,new_wallet_7634,1
T0005021,C0147,low_evening_shopper,2026-02-22 05:40:00.000000000,677.95,Swiggy,friend_a,0
T0001527,C0044,mid_weekend,2026-02-22 11:40:00.000000000,2229.43,Zomato,family_upi,0
T0003056,C0089,mid_weekend,2026-02-22 12:15:00.000000000,2842.0,BookMyShow,family_upi,0
T0003797,C0110,mid_weekend,2026-02-22 12:36:00.000000000,2547.69,BookMyShow,self_upi,0
T0000207,C0005,mid_weekend,2026-02-22 13:11:00.000000000,2962.92,Zomato,self_upi,0
T0005994,C0172,high_business,2026-02-22 13:12:00.000000000,11770.01,OfficeSupplies,self_neft,0
T0002833,C0083,mid_weekend,2026-02-22 13:31:00.000000000,5747.76,Zomato,self_upi,0
T0004991,C0146,mid_weekend,2026-02-22 13:43:00.000000000,5724.54,Myntra,self_upi,0
T0001759,C0050,mid_weekend,2026-02-22 13:52:00.000000000,1327.02,BookMyShow,self_upi,0
T0006160,C0176,mid_weekend,2026-02-22 14:12:00.000000000,10966.21,IRCTC,family_upi,0
T0006422,C0176,mid_weekend,2026-02-22 14:16:00.831647986,12190.89,BookMyShow,self_upi,1
T0000966,C0026,mid_weekend,2026-02-22 14:27:00.000000000,2352.96,BookMyShow,self_upi,0
T0004794,C0140,mid_weekend,2026-02-22 14:35:00.000000000,3198.23,BookMyShow,self_upi,0
T0006161,C0176,mid_weekend,2026-02-22 15:08:00.000000000,3845.89,Myntra,family_upi,0
T0003055,C0089,mid_weekend,2026-02-22 15:36:00.000000000,6601.85,IRCTC,family_upi,0
T0002832,C0083,mid_weekend,2026-02-22 15:41:00.000000000,1451.97,Zomato,family_upi,0
T0005329,C0155,mid_weekend,2026-02-22 15:50:00.000000000,10786.3,Zomato,family_upi,0
T0002036,C0059,mid_weekend,2026-02-22 15:54:00.000000000,3102.67,BookMyShow,family_upi,0
T0004898,C0143,mid_weekend,2026-02-22 15:57:00.000000000,2625.55,BookMyShow,family_upi,0
T0003926,C0113,mid_weekend,2026-02-22 16:13:00.000000000,2829.49,BookMyShow,self_upi,0
T0001758,C0050,mid_weekend,2026-02-22 17:14:00.000000000,1759.39,BookMyShow,self_upi,0
T0001439,C0042,low_evening_shopper,2026-02-22 17:43:00.000000000,950.06,BigBazaar,friend_a,0
T0005022,C0147,low_evening_shopper,2026-02-22 17:56:00.000000000,688.23,BigBazaar,friend_a,0
T0001004,C0027,low_evening_shopper,2026-02-22 18:05:00.000000000,1055.75,Amazon,self_upi,0
T0003097,C0090,low_evening_shopper,2026-02-22 18:14:00.000000000,913.83,Swiggy,friend_a,0
T0004992,C0146,mid_weekend,2026-02-22 19:02:00.000000000,3036.33,Zomato,self_upi,0
T0006192,C0177,low_evening_shopper,2026-02-22 19:09:00.000000000,739.72,Amazon,self_upi,0
T0001883,C0054,low_evening_shopper,2026-02-22 19:19:00.000000000,841.73,Swiggy,self_upi,0
T0000229,C0006,low_evening_shopper,2026-02-22 19:19:00.000000000,1046.13,BigBazaar,self_upi,0
T0001070,C0029,mid_weekend,2026-02-22 19:30:00.000000000,16902.76,Zomato,family_upi,0
T0001372,C0039,low_evening_shopper,2026-02-22 19:47:00.000000000,714.05,LocalKirana,self_upi,0
T0002381,C0069,low_evening_shopper,2026-02-22 19:47:00.000000000,868.41,Amazon,self_upi,0
T0001969,C0057,low_evening_shopper,2026-02-22 19:53:00.000000000,690.25,LocalKirana,self_upi,0
T0000016,C0000,low_evening_shopper,2026-02-22 20:10:00.000000000,988.32,BigBazaar,friend_a,0
T0002059,C0060,low_evening_shopper,2026-02-22 20:16:00.000000000,542.46,BigBazaar,self_upi,0
T0003716,C0108,low_evening_shopper,2026-02-22 20:20:00.000000000,2174.37,BigBazaar,self_upi,0
T0000084,C0002,mid_weekend,2026-02-22 20:24:00.000000000,4029.6,IRCTC,family_upi,0
T0002556,C0075,low_evening_shopper,2026-02-22 20:49:00.000000000,881.3,LocalKirana,friend_a,0
T0004336,C0126,low_evening_shopper,2026-02-22 20:52:00.000000000,775.93,Swiggy,self_upi,0
T0002988,C0087,low_evening_shopper,2026-02-22 21:05:00.000000000,714.46,LocalKirana,self_upi,0
T0000784,C0021,low_evening_shopper,2026-02-22 21:08:00.000000000,647.05,LocalKirana,self_upi,0
T0004695,C0137,mid_weekend,2026-02-22 21:11:00.000000000,1937.07,BookMyShow,family_upi,0
T0004421,C0129,low_evening_shopper,2026-02-22 21:28:00.000000000,475.17,Amazon,self_upi,0
T0005946,C0171,low_evening_shopper,2026-02-22 21:47:00.000000000,680.56,Swiggy,friend_a,0
T0005709,C0165,low_evening_shopper,2026-02-22 21:47:00.000000000,904.37,LocalKirana,self_upi,0
T0002160,C0063,low_evening_shopper,2026-02-22 21:48:00.000000000,996.31,Amazon,friend_a,0
T0001690,C0048,low_evening_shopper,2026-02-22 22:26:00.000000000,713.5,Swiggy,friend_a,0
T0002768,C0081,low_evening_shopper,2026-02-22 22:59:00.000000000,498.03,BigBazaar,friend_a,0
T0005231,C0152,mid_weekend,2026-02-22 23:17:00.000000000,1708.33,BookMyShow,family_upi,0
T0000113,C0003,low_evening_shopper,2026-02-22 23:22:00.000000000,853.23,Swiggy,self_upi,0
T0004243,C0123,low_evening_shopper,2026-02-22 23:29:00.000000000,1023.53,Amazon,self_upi,0
T0002834,C0083,mid_weekend,2026-02-23 05:55:00.000000000,2685.09,BookMyShow,family_upi,0
T0005995,C0172,high_business,2026-02-23 10:11:00.000000000,12209.64,AWS,self_neft,0
T0004219,C0122,mid_weekend,2026-02-23 10:19:00.000000000,2332.45,BookMyShow,self_upi,0
T0000870,C0023,mid_weekend,2026-02-23 10:39:00.000000000,2229.4,IRCTC,self_upi,0
T0001528,C0044,mid_weekend,2026-02-23 11:07:00.000000000,2291.84,NewShop_24,self_upi,0
T0001275,C0035,mid_weekend,2026-02-23 11:39:00.000000000,2828.49,Myntra,family_upi,0
T0003692,C0107,mid_weekend,2026-02-23 11:43:00.000000000,2221.51,Myntra,self_upi,0
T0002038,C0059,mid_weekend,2026-02-23 11:44:00.000000000,2028.76,Myntra,family_upi,0
T0000871,C0023,mid_weekend,2026-02-23 11:51:00.000000000,2076.89,Myntra,family_upi,0
T0000872,C0023,mid_weekend,2026-02-23 12:26:00.000000000,1538.2,Zomato,family_upi,0
T0000529,C0014,mid_weekend,2026-02-23 13:26:00.000000000,2651.92,Zomato,family_upi,0
T0001073,C0029,mid_weekend,2026-02-23 13:59:00.000000000,2219.01,Zomato,family_upi,0
T0002835,C0083,mid_weekend,2026-02-23 14:09:00.000000000,1569.67,Myntra,self_upi,0
T0001277,C0035,mid_weekend,2026-02-23 14:46:00.000000000,2186.49,IRCTC,self_upi,0
T0006162,C0176,mid_weekend,2026-02-23 14:48:00.000000000,2275.12,IRCTC,self_upi,0
T0004696,C0137,mid_weekend,2026-02-23 14:55:00.000000000,3246.37,Zomato,self_upi,0
T0003927,C0113,mid_weekend,2026-02-23 15:03:00.000000000,1478.04,Myntra,family_upi,0
T0001071,C0029,mid_weekend,2026-02-23 15:06:00.000000000,3248.3,Myntra,family_upi,0
T0002037,C0059,mid_weekend,2026-02-23 15:27:00.000000000,2371.29,Zomato,self_upi,0
T0003577,C0104,mid_weekend,2026-02-23 15:52:00.000000000,2704.21,IRCTC,self_upi,0
T0004698,C0137,mid_weekend,2026-02-23 15:56:00.000000000,2388.16,IRCTC,self_upi,0
T0000750,C0020,mid_weekend,2026-02-23 16:06:00.000000000,2341.39,IRCTC,family_upi,0
T0001970,C0057,low_evening_shopper,2026-02-23 17:11:00.000000000,590.06,BigBazaar,friend_a,0
T0001072,C0029,mid_weekend,2026-02-23 17:23:00.000000000,3115.41,BookMyShow,family_upi,0
T0001773,C0051,low_evening_shopper,2026-02-23 17:31:00.000000000,1544.22,LocalKirana,friend_a,0
T0001276,C0035,mid_weekend,2026-02-23 17:35:00.000000000,4229.51,IRCTC,self_upi,0
T0002039,C0059,mid_weekend,2026-02-23 17:42:00.000000000,7725.17,Zomato,self_upi,0
T0005807,C0167,mid_weekend,2026-02-23 18:13:00.000000000,2247.06,Zomato,family_upi,0
T0002557,C0075,low_evening_shopper,2026-02-23 18:28:00.000000000,738.69,BigBazaar,friend_a,0
T0004795,C0140,mid_weekend,2026-02-23 18:29:00.000000000,2356.71,BookMyShow,self_upi,0
T0003098,C0090,low_evening_shopper,2026-02-23 18:35:00.000000000,515.09,Swiggy,friend_a,0
T0005249,C0153,low_evening_shopper,2026-02-23 18:40:00.000000000,786.98,BigBazaar,self_upi,0
T0001074,C0029,mid_weekend,2026-02-23 18:55:00.000000000,2180.44,IRCTC,self_upi,0
T0004730,C0138,low_evening_shopper,2026-02-23 19:14:00.000000000,553.88,NewShop_6,friend_a,0
T0005834,C0168,low_evening_shopper,2026-02-23 19:20:00.000000000,641.13,NewShop_16,self_upi,0
T0006298,C0179,mid_weekend,2026-02-23 19:25:00.000000000,1899.75,Zomato,self_upi,0
T0000785,C0021,low_evening_shopper,2026-02-23 19:35:00.000000000,2178.4,BigBazaar,self_upi,0
T0004823,C0141,low_evening_shopper,2026-02-23 19:35:00.000000000,585.7,LocalKirana,friend_a,0
T0001373,C0039,low_evening_shopper,2026-02-23 19:38:00.000000000,796.67,Amazon,friend_a,0
T0000300,C0009,low_evening_shopper,2026-02-23 19:50:00.000000000,503.72,BigBazaar,self_upi,0
T0004625,C0135,low_evening_shopper,2026-02-23 19:56:00.000000000,497.07,Amazon,friend_a,0
T0004697,C0137,mid_weekend,2026-02-23 20:04:00.000000000,2434.37,BookMyShow,family_upi,0
T0000389,C0011,mid_weekend,2026-02-23 20:14:00.000000000,3259.1,IRCTC,self_upi,0
T0000114,C0003,low_evening_shopper,2026-02-23 20:21:00.000000000,702.52,Swiggy,self_upi,0
T0006299,C0179,mid_weekend,2026-02-23 20:24:00.000000000,4674.18,Myntra,family_upi,0
T0005710,C0165,low_evening_shopper,2026-02-23 20:28:00.000000000,541.21,Swiggy,friend_a,0
T0001884,C0054,low_evening_shopper,2026-02-23 20:39:00.000000000,584.36,Amazon,friend_a,0
T0001576,C0045,low_evening_shopper,2026-02-23 20:45:00.000000000,747.06,BigBazaar,self_upi,0
T0004244,C0123,low_evening_shopper,2026-02-23 20:46:00.000000000,534.71,Swiggy,friend_a,0
T0004142,C0120,low_evening_shopper,2026-02-23 20:49:00.000000000,675.75,BigBazaar,friend_a,0
T0003291,C0096,low_evening_shopper,2026-02-23 20:53:00.000000000,856.36,LocalKirana,self_upi,0
T0001654,C0047,mid_weekend,2026-02-23 20:55:00.000000000,2816.99,Zomato,self_upi,0
T0004525,C0132,low_evening_shopper,2026-02-23 21:25:00.000000000,928.14,Swiggy,self_upi,0
T0001100,C0030,low_evening_shopper,2026-02-23 21:28:00.000000000,1062.77,Amazon,friend_a,0
T0003607,C0105,low_evening_shopper,2026-02-23 21:38:00.000000000,596.42,LocalKirana,self_upi,0
T0004337,C0126,low_evening_shopper,2026-02-23 21:53:00.000000000,600.75,Swiggy,self_upi,0
T0005250,C0153,low_evening_shopper,2026-02-23 22:35:00.000000000,270.62,Swiggy,self_upi,0
T0002867,C0084,low_evening_shopper,2026-02-23 22:57:00.000000000,750.74,BigBazaar,self_upi,0
T0004072,C0117,low_evening_shopper,2026-02-23 23:25:00.000000000,739.03,BigBazaar,self_upi,0
T0000968,C0026,mid_weekend,2026-02-24 01:30:00.000000000,1986.33,IRCTC,family_upi,0
T0002836,C0083,mid_weekend,2026-02-24 10:26:00.000000000,1575.44,BookMyShow,family_upi,0
T0004506,C0131,mid_weekend,2026-02-24 10:43:00.000000000,1264.46,BookMyShow,family_upi,0
T0005475,C0158,mid_weekend,2026-02-24 10:47:00.000000000,2099.94,BookMyShow,self_upi,0
T0006300,C0179,mid_weekend,2026-02-24 11:06:00.000000000,3021.8,BookMyShow,family_upi,0
T0001351,C0038,mid_weekend,2026-02-24 11:51:00.000000000,1518.55,Zomato,self_upi,0
T0005996,C0172,high_business,2026-02-24 12:18:00.000000000,10033.35,AWS,vendor_x,0
T0000208,C0005,mid_weekend,2026-02-24 12:25:00.000000000,2119.11,Zomato,family_upi,0
T0003928,C0113,mid_weekend,2026-02-24 12:38:00.000000000,3111.9,Zomato,family_upi,0
T0000085,C0002,mid_weekend,2026-02-24 12:40:00.000000000,2814.7,Zomato,family_upi,0
T0003798,C0110,mid_weekend,2026-02-24 12:47:00.000000000,3031.73,Zomato,family_upi,0
T0000967,C0026,mid_weekend,2026-02-24 13:23:00.000000000,9656.92,Myntra,family_upi,0
T0005476,C0158,mid_weekend,2026-02-24 13:27:00.000000000,8436.24,Zomato,family_upi,0
T0000209,C0005,mid_weekend,2026-02-24 13:34:00.000000000,2704.91,BookMyShow,family_upi,0
T0002837,C0083,mid_weekend,2026-02-24 13:47:00.000000000,2820.66,Zomato,self_upi,0
T0000751,C0020,mid_weekend,2026-02-24 13:52:00.000000000,2166.86,BookMyShow,family_upi,0
T0000969,C0026,mid_weekend,2026-02-24 14:22:00.000000000,2333.56,Myntra,self_upi,0
T0003274,C0095,mid_weekend,2026-02-24 14:40:00.000000000,2771.64,Zomato,self_upi,0
T0001530,C0044,mid_weekend,2026-02-24 15:19:00.000000000,1951.58,Myntra,self_upi,0
T0001350,C0038,mid_weekend,2026-02-24 15:32:00.000000000,2504.49,BookMyShow,self_upi,0
T0005330,C0155,mid_weekend,2026-02-24 15:43:00.000000000,1898.14,NewShop_19,family_upi,0
T0005477,C0158,mid_weekend,2026-02-24 16:24:00.000000000,7705.64,Myntra,family_upi,0
T0004899,C0143,mid_weekend,2026-02-24 16:31:00.000000000,1276.4,IRCTC,family_upi,0
T0000390,C0011,mid_weekend,2026-02-24 16:52:00.000000000,3201.56,BookMyShow,family_upi,0
T0001529,C0044,mid_weekend,2026-02-24 16:54:00.000000000,1907.85,BookMyShow,family_upi,0
T0004422,C0129,low_evening_shopper,2026-02-24 17:25:00.000000000,786.48,Amazon,friend_a,0
T0001760,C0050,mid_weekend,2026-02-24 17:34:00.000000000,2639.29,Myntra,self_upi,0
T0006388,C0054,low_evening_shopper,2026-02-24 18:01:00.268521773,4309.73,Amazon,self_upi,1
T0003273,C0095,mid_weekend,2026-02-24 18:08:00.000000000,1397.92,IRCTC,self_upi,0
T0000115,C0003,low_evening_shopper,2026-02-24 18:09:00.000000000,689.49,Amazon,friend_a,0
T0001374,C0039,low_evening_shopper,2026-02-24 18:30:00.000000000,651.39,LocalKirana,self_upi,0
T0002737,C0080,mid_weekend,2026-02-24 18:33:00.000000000,2156.91,IRCTC,self_upi,0
T0003829,C0111,low_evening_shopper,2026-02-24 18:34:00.000000000,741.78,LocalKirana,friend_a,0
T0004507,C0131,mid_weekend,2026-02-24 18:35:00.000000000,2306.52,Myntra,self_upi,0
T0003717,C0108,low_evening_shopper,2026-02-24 18:40:00.000000000,417.51,Swiggy,friend_a,0
T0003057,C0089,mid_weekend,2026-02-24 18:46:00.000000000,2721.72,Myntra,self_upi,0
T0001577,C0045,low_evening_shopper,2026-02-24 19:03:00.000000000,823.46,Amazon,self_upi,0
T0000549,C0015,low_evening_shopper,2026-02-24 19:28:00.000000000,961.81,Amazon,friend_a,0
T0005130,C0150,low_evening_shopper,2026-02-24 19:39:00.000000000,655.24,Swiggy,friend_a,0
T0004143,C0120,low_evening_shopper,2026-02-24 19:40:00.000000000,742.86,Swiggy,self_upi,0
T0002040,C0059,mid_weekend,2026-02-24 19:53:00.000000000,4376.55,BookMyShow,self_upi,0
T0002382,C0069,low_evening_shopper,2026-02-24 20:03:00.000000000,761.35,Swiggy,friend_a,0
T0002989,C0087,low_evening_shopper,2026-02-24 20:18:00.000000000,803.06,Swiggy,self_upi,0
T0002161,C0063,low_evening_shopper,2026-02-24 20:19:00.000000000,467.05,LocalKirana,friend_a,0
T0002868,C0084,low_evening_shopper,2026-02-24 20:38:00.000000000,701.11,BigBazaar,self_upi,0
T0003292,C0096,low_evening_shopper,2026-02-24 20:44:00.000000000,641.73,NewShop_7,self_upi,0
T0003099,C0090,low_evening_shopper,2026-02-24 20:46:00.000000000,552.12,BigBazaar,friend_a,0
T0006193,C0177,low_evening_shopper,2026-02-24 20:47:00.000000000,919.56,LocalKirana,self_upi,0
T0001691,C0048,low_evening_shopper,2026-02-24 20:51:00.000000000,1832.39,Swiggy,friend_a,0
T0000683,C0018,low_evening_shopper,2026-02-24 20:56:00.000000000,990.93,BigBazaar,self_upi,0
T0003608,C0105,low_evening_shopper,2026-02-24 21:04:00.000000000,564.8,BigBazaar,self_upi,0
T0006031,C0173,mid_weekend,2026-02-24 21:09:00.000000000,1464.73,Zomato,self_upi,0
T0004526,C0132,low_evening_shopper,2026-02-24 21:20:00.000000000,601.57,BigBazaar,self_upi,0
T0001885,C0054,low_evening_shopper,2026-02-24 21:37:00.000000000,776.9,BigBazaar,friend_a,0
T0000017,C0000,low_evening_shopper,2026-02-24 21:39:00.000000000,963.39,BigBazaar,self_upi,0
T0005600,C0162,low_evening_shopper,2026-02-24 21:47:00.000000000,577.35,Swiggy,friend_a,0
T0001692,C0048,low_evening_shopper,2026-02-24 21:54:00.000000000,437.43,Swiggy,self_upi,0
T0003951,C0114,low_evening_shopper,2026-02-24 22:37:00.000000000,767.15,Amazon,friend_a,0
T0001440,C0042,low_evening_shopper,2026-02-24 22:41:00.000000000,592.33,LocalKirana,friend_a,0
T0005711,C0165,low_evening_shopper,2026-02-24 22:56:00.000000000,528.81,LocalKirana,self_upi,0
T0000301,C0009,low_evening_shopper,2026-02-24 23:24:00.000000000,601.62,Swiggy,self_upi,0
T0002738,C0080,mid_weekend,2026-02-25 07:47:00.000000000,1495.84,Myntra,self_upi,0
T0006033,C0173,mid_weekend,2026-02-25 11:09:00.000000000,2059.31,IRCTC,family_upi,0
T0003396,C0099,low_evening_shopper,2026-02-25 11:12:00.000000000,861.44,NewShop_14,self_upi,0
T0005997,C0172,high_business,2026-02-25 11:20:00.000000000,9761.94,OfficeSupplies,payroll,0
T0002041,C0059,mid_weekend,2026-02-25 11:49:00.000000000,3399.0,IRCTC,family_upi,0
T0002739,C0080,mid_weekend,2026-02-25 12:35:00.000000000,1830.32,BookMyShow,self_upi,0
T0005478,C0158,mid_weekend,2026-02-25 12:47:00.000000000,1571.86,BookMyShow,self_upi,0
T0006345,C0143,mid_weekend,2026-02-25 12:52:00.994249555,6184.22,IRCTC,quick_payee_695,1
T0005808,C0167,mid_weekend,2026-02-25 12:54:00.000000000,3559.12,IRCTC,self_upi,0
T0006163,C0176,mid_weekend,2026-02-25 13:45:00.000000000,2365.62,BookMyShow,family_upi,0
T0006034,C0173,mid_weekend,2026-02-25 14:15:00.000000000,1837.13,Zomato,self_upi,0
T0005998,C0172,high_business,2026-02-25 14:16:00.000000000,8572.44,OfficeSupplies,self_neft,0
T0000530,C0014,mid_weekend,2026-02-25 14:19:00.000000000,2781.82,Myntra,self_upi,0
T0006032,C0173,mid_weekend,2026-02-25 14:24:00.000000000,2336.99,IRCTC,self_upi,0
T0004508,C0131,mid_weekend,2026-02-25 15:17:00.000000000,1607.48,Zomato,family_upi,0
T0003929,C0113,mid_weekend,2026-02-25 15:30:00.000000000,3318.29,Zomato,family_upi,0
T0005332,C0155,mid_weekend,2026-02-25 15:35:00.000000000,2628.99,NewShop_27,self_upi,0
T0002740,C0080,mid_weekend,2026-02-25 15:41:00.000000000,2573.5,Zomato,self_upi,0
T0000086,C0002,mid_weekend,2026-02-25 15:43:00.000000000,2869.15,Zomato,self_upi,0
T0005331,C0155,mid_weekend,2026-02-25 16:43:00.000000000,2643.79,BookMyShow,family_upi,0
T0001352,C0038,mid_weekend,2026-02-25 16:44:00.000000000,9506.51,Zomato,family_upi,0
T0005102,C0149,mid_weekend,2026-02-25 16:50:00.000000000,2019.58,IRCTC,family_upi,0
T0004900,C0143,mid_weekend,2026-02-25 17:04:00.000000000,3360.38,NewShop_14,family_upi,0
T0002042,C0059,mid_weekend,2026-02-25 17:08:00.000000000,2812.81,IRCTC,family_upi,0
T0002558,C0075,low_evening_shopper,2026-02-25 17:14:00.000000000,529.83,Amazon,friend_a,0
T0005601,C0162,low_evening_shopper,2026-02-25 17:27:00.000000000,789.07,Amazon,self_upi,0
T0002353,C0068,mid_weekend,2026-02-25 17:55:00.000000000,1228.36,Zomato,self_upi,0
T0000786,C0021,low_evening_shopper,2026-02-25 18:03:00.000000000,490.96,NewShop_5,friend_a,0
T0006301,C0179,mid_weekend,2026-02-25 18:09:00.000000000,3316.45,IRCTC,self_upi,0
T0005509,C0159,low_evening_shopper,2026-02-25 18:10:00.000000000,704.68,BigBazaar,self_upi,0
T0003515,C0102,low_evening_shopper,2026-02-25 18:14:00.000000000,858.66,Swiggy,self_upi,0
T0001278,C0035,mid_weekend,2026-02-25 18:20:00.000000000,1480.31,Zomato,self_upi,0
T0002769,C0081,low_evening_shopper,2026-02-25 18:32:00.000000000,748.99,BigBazaar,self_upi,0
T0002838,C0083,mid_weekend,2026-02-25 18:36:00.000000000,2356.71,Zomato,family_upi,0
T0001075,C0029,mid_weekend,2026-02-25 18:46:00.000000000,2010.09,Myntra,family_upi,0
T0004220,C0122,mid_weekend,2026-02-25 18:50:00.000000000,2843.8,Zomato,self_upi,0
T0003397,C0099,low_evening_shopper,2026-02-25 19:00:00.000000000,788.42,LocalKirana,friend_a,0
T0004144,C0120,low_evening_shopper,2026-02-25 19:13:00.000000000,796.02,BigBazaar,self_upi,0
T0005251,C0153,low_evening_shopper,2026-02-25 19:15:00.000000000,671.82,BigBazaar,friend_a,0
T0001441,C0042,low_evening_shopper,2026-02-25 19:18:00.000000000,827.57,NewShop_33,friend_a,0
T0000116,C0003,low_evening_shopper,2026-02-25 19:27:00.000000000,750.2,Swiggy,self_upi,0
T0003517,C0102,low_evening_shopper,2026-02-25 19:30:00.000000000,1053.57,Swiggy,friend_a,0
T0005131,C0150,low_evening_shopper,2026-02-25 19:35:00.000000000,529.58,Amazon,self_upi,0
T0005947,C0171,low_evening_shopper,2026-02-25 19:43:00.000000000,594.93,LocalKirana,friend_a,0
T0000970,C0026,mid_weekend,2026-02-25 19:44:00.000000000,2903.79,Myntra,family_upi,0
T0002162,C0063,low_evening_shopper,2026-02-25 19:49:00.000000000,435.65,LocalKirana,self_upi,0
T0000210,C0005,mid_weekend,2026-02-25 19:53:00.000000000,2830.12,BookMyShow,self_upi,0
T0002652,C0078,low_evening_shopper,2026-02-25 19:55:00.000000000,1045.85,BigBazaar,self_upi,0
T0001101,C0030,low_evening_shopper,2026-02-25 19:58:00.000000000,2038.18,Amazon,friend_a,0
T0003516,C0102,low_evening_shopper,2026-02-25 20:11:00.000000000,975.29,Swiggy,friend_a,0
T0003370,C0098,mid_weekend,2026-02-25 20:15:00.000000000,2479.33,IRCTC,self_upi,0
T0005023,C0147,low_evening_shopper,2026-02-25 20:19:00.000000000,759.98,Swiggy,self_upi,0
T0001774,C0051,low_evening_shopper,2026-02-25 20:23:00.000000000,873.72,LocalKirana,friend_a,0
T0000230,C0006,low_evening_shopper,2026-02-25 20:24:00.000000000,694.45,LocalKirana,self_upi,0
T0003609,C0105,low_evening_shopper,2026-02-25 20:54:00.000000000,863.35,Swiggy,friend_a,0
T0000302,C0009,low_evening_shopper,2026-02-25 21:05:00.000000000,825.55,Amazon,friend_a,0
T0004901,C0143,mid_weekend,2026-02-25 21:12:00.000000000,2797.7,Myntra,family_upi,0
T0003952,C0114,low_evening_shopper,2026-02-25 21:13:00.000000000,727.83,Swiggy,friend_a,0
T0001375,C0039,low_evening_shopper,2026-02-25 22:13:00.000000000,754.3,LocalKirana,friend_a,0
T0000303,C0009,low_evening_shopper,2026-02-25 22:22:00.000000000,623.21,BigBazaar,friend_a,0
T0000550,C0015,low_evening_shopper,2026-02-25 22:40:00.000000000,782.08,BigBazaar,friend_a,0
T0000684,C0018,low_evening_shopper,2026-02-25 22:47:00.000000000,1101.72,Swiggy,friend_a,0
T0003100,C0090,low_evening_shopper,2026-02-25 23:38:00.000000000,862.61,LocalKirana,friend_a,0
T0005999,C0172,high_business,2026-02-26 08:04:00.000000000,5159.45,Indigo,payroll,0
T0001531,C0044,mid_weekend,2026-02-26 10:53:00.000000000,2024.48,Myntra,self_upi,0
T0004796,C0140,mid_weekend,2026-02-26 11:14:00.000000000,2937.96,NewShop_5,family_upi,0
T0004221,C0122,mid_weekend,2026-02-26 11:57:00.000000000,1856.24,BookMyShow,family_upi,0
T0000211,C0005,mid_weekend,2026-02-26 12:05:00.000000000,2226.68,Myntra,family_upi,0
T0004699,C0137,mid_weekend,2026-02-26 13:11:00.000000000,4516.63,BookMyShow,family_upi,0
T0006000,C0172,high_business,2026-02-26 13:28:00.000000000,13310.87,TajHotels,vendor_x,0
T0001355,C0038,mid_weekend,2026-02-26 13:41:00.000000000,1659.94,IRCTC,self_upi,0
T0005103,C0149,mid_weekend,2026-02-26 13:51:00.000000000,2041.48,IRCTC,self_upi,0
T0000873,C0023,mid_weekend,2026-02-26 14:16:00.000000000,3006.74,IRCTC,family_upi,0
T0002839,C0083,mid_weekend,2026-02-26 14:34:00.000000000,2737.35,Zomato,family_upi,0
T0001354,C0038,mid_weekend,2026-02-26 14:46:00.000000000,3105.98,IRCTC,family_upi,0
T0006420,C0029,mid_weekend,2026-02-26 14:59:00.638562675,15018.4,Zomato,family_upi,1
T0002043,C0059,mid_weekend,2026-02-26 15:31:00.000000000,1582.28,IRCTC,family_upi,0
T0001353,C0038,mid_weekend,2026-02-26 15:58:00.000000000,3200.77,Myntra,self_upi,0
T0003578,C0104,mid_weekend,2026-02-26 16:56:00.000000000,3418.53,Myntra,family_upi,0
T0006035,C0173,mid_weekend,2026-02-26 17:00:00.000000000,2568.87,IRCTC,family_upi,0
T0001356,C0038,mid_weekend,2026-02-26 17:02:00.000000000,2135.04,BookMyShow,family_upi,0
T0003293,C0096,low_evening_shopper,2026-02-26 17:15:00.000000000,2454.54,Amazon,friend_a,0
T0003799,C0110,mid_weekend,2026-02-26 17:15:00.000000000,2681.83,IRCTC,self_upi,0
T0005479,C0158,mid_weekend,2026-02-26 17:20:00.000000000,2126.66,BookMyShow,self_upi,0
T0003610,C0105,low_evening_shopper,2026-02-26 17:28:00.000000000,846.19,BigBazaar,self_upi,0
T0001279,C0035,mid_weekend,2026-02-26 17:30:00.000000000,1678.97,Myntra,family_upi,0
T0001655,C0047,mid_weekend,2026-02-26 17:52:00.000000000,2930.2,Myntra,self_upi,0
T0001005,C0027,low_evening_shopper,2026-02-26 18:15:00.000000000,505.11,Swiggy,self_upi,0
T0005252,C0153,low_evening_shopper,2026-02-26 18:20:00.000000000,681.66,Swiggy,self_upi,0
T0000900,C0024,low_evening_shopper,2026-02-26 18:28:00.000000000,587.89,LocalKirana,friend_a,0
T0001532,C0044,mid_weekend,2026-02-26 18:49:00.000000000,1991.5,NewShop_7,self_upi,0
T0003953,C0114,low_evening_shopper,2026-02-26 19:13:00.000000000,827.29,BigBazaar,self_upi,0
T0004527,C0132,low_evening_shopper,2026-02-26 19:15:00.000000000,555.66,BigBazaar,friend_a,0
T0005334,C0155,mid_weekend,2026-02-26 19:18:00.000000000,2201.22,IRCTC,self_upi,0
T0003371,C0098,mid_weekend,2026-02-26 19:19:00.000000000,1942.79,BookMyShow,family_upi,0
T0005602,C0162,low_evening_shopper,2026-02-26 19:20:00.000000000,481.0,Swiggy,self_upi,0
T0006194,C0177,low_evening_shopper,2026-02-26 19:21:00.000000000,884.53,BigBazaar,friend_a,0
T0003058,C0089,mid_weekend,2026-02-26 19:32:00.000000000,1760.56,Zomato,self_upi,0
T0002383,C0069,low_evening_shopper,2026-02-26 19:34:00.000000000,662.4,LocalKirana,self_upi,0
T0002770,C0081,low_evening_shopper,2026-02-26 19:50:00.000000000,686.57,LocalKirana,self_upi,0
T0005333,C0155,mid_weekend,2026-02-26 19:58:00.000000000,2127.54,BookMyShow,family_upi,0
T0005948,C0171,low_evening_shopper,2026-02-26 20:16:00.000000000,1028.78,Swiggy,self_upi,0
T0002163,C0063,low_evening_shopper,2026-02-26 20:18:00.000000000,549.55,Swiggy,self_upi,0
T0000117,C0003,low_evening_shopper,2026-02-26 20:28:00.000000000,660.23,Swiggy,friend_a,0
T0004626,C0135,low_evening_shopper,2026-02-26 20:36:00.000000000,641.72,Swiggy,self_upi,0
T0002271,C0066,low_evening_shopper,2026-02-26 20:41:00.000000000,622.08,Swiggy,friend_a,0
T0000304,C0009,low_evening_shopper,2026-02-26 20:53:00.000000000,539.8,BigBazaar,friend_a,0
T0002869,C0084,low_evening_shopper,2026-02-26 20:54:00.000000000,839.24,BigBazaar,self_upi,0
T0002990,C0087,low_evening_shopper,2026-02-26 21:06:00.000000000,645.32,Amazon,friend_a,0
T0003170,C0093,low_evening_shopper,2026-02-26 21:17:00.000000000,833.54,Amazon,self_upi,0
T0000087,C0002,mid_weekend,2026-02-26 21:20:00.000000000,3500.73,NewShop_3,family_upi,0
T0003101,C0090,low_evening_shopper,2026-02-26 21:26:00.000000000,797.71,Amazon,self_upi,0
T0000787,C0021,low_evening_shopper,2026-02-26 21:34:00.000000000,199.84,BigBazaar,self_upi,0
T0006065,C0174,low_evening_shopper,2026-02-26 21:49:00.000000000,721.55,LocalKirana,friend_a,0
T0002559,C0075,low_evening_shopper,2026-02-26 22:04:00.000000000,742.88,Amazon,friend_a,0
T0003518,C0102,low_evening_shopper,2026-02-26 22:10:00.000000000,778.9,Amazon,self_upi,0
T0000788,C0021,low_evening_shopper,2026-02-26 23:07:00.000000000,825.17,Amazon,friend_a,0
T0004700,C0137,mid_weekend,2026-02-26 23:44:00.000000000,5322.11,IRCTC,self_upi,0
T0001376,C0039,low_evening_shopper,2026-02-27 05:06:00.000000000,641.25,LocalKirana,self_upi,0
T0004902,C0143,mid_weekend,2026-02-27 08:28:00.000000000,2980.23,IRCTC,self_upi,0
T0006001,C0172,high_business,2026-02-27 09:41:00.000000000,9245.05,TajHotels,vendor_x,0
T0000752,C0020,mid_weekend,2026-02-27 10:03:00.000000000,2729.74,BookMyShow,self_upi,0
T0001076,C0029,mid_weekend,2026-02-27 12:38:00.000000000,2905.67,Zomato,family_upi,0
T0003800,C0110,mid_weekend,2026-02-27 12:44:00.000000000,2488.74,Myntra,self_upi,0
T0003931,C0113,mid_weekend,2026-02-27 13:07:00.000000000,1500.26,Zomato,self_upi,0
T0001280,C0035,mid_weekend,2026-02-27 13:23:00.000000000,2693.77,BookMyShow,family_upi,0
T0003801,C0110,mid_weekend,2026-02-27 14:08:00.000000000,1551.77,Myntra,self_upi,0
T0000685,C0018,low_evening_shopper,2026-02-27 14:21:00.000000000,950.83,BigBazaar,self_upi,0
T0003372,C0098,mid_weekend,2026-02-27 15:11:00.000000000,2749.92,Myntra,family_upi,0
T0004904,C0143,mid_weekend,2026-02-27 15:32:00.000000000,3196.13,Zomato,family_upi,0
T0001533,C0044,mid_weekend,2026-02-27 15:37:00.000000000,5697.4,BookMyShow,self_upi,0
T0004903,C0143,mid_weekend,2026-02-27 15:50:00.000000000,3253.97,Myntra,family_upi,0
T0004993,C0146,mid_weekend,2026-02-27 16:34:00.000000000,2002.84,Zomato,self_upi,0
T0005104,C0149,mid_weekend,2026-02-27 16:45:00.000000000,2718.47,BookMyShow,self_upi,0
T0001281,C0035,mid_weekend,2026-02-27 17:06:00.000000000,3946.2,NewShop_9,self_upi,0
T0000874,C0023,mid_weekend,2026-02-27 17:15:00.000000000,2133.64,BookMyShow,self_upi,0
T0003102,C0090,low_evening_shopper,2026-02-27 17:49:00.000000000,769.7,BigBazaar,self_upi,0
T0004797,C0140,mid_weekend,2026-02-27 17:55:00.000000000,4072.86,Zomato,family_upi,0
T0001377,C0039,low_evening_shopper,2026-02-27 18:10:00.000000000,516.72,LocalKirana,self_upi,0
T0001886,C0054,low_evening_shopper,2026-02-27 18:31:00.000000000,741.05,Amazon,friend_a,0
T0000875,C0023,mid_weekend,2026-02-27 18:40:00.000000000,2316.59,Zomato,family_upi,0
T0002771,C0081,low_evening_shopper,2026-02-27 18:46:00.000000000,734.97,LocalKirana,friend_a,0
T0004701,C0137,mid_weekend,2026-02-27 18:55:00.000000000,2921.9,BookMyShow,self_upi,0
T0003930,C0113,mid_weekend,2026-02-27 19:12:00.000000000,2209.18,BookMyShow,self_upi,0
T0002384,C0069,low_evening_shopper,2026-02-27 19:16:00.000000000,674.2,Swiggy,self_upi,0
T0000789,C0021,low_evening_shopper,2026-02-27 19:22:00.000000000,840.5,Amazon,friend_a,0
T0001578,C0045,low_evening_shopper,2026-02-27 19:29:00.000000000,857.2,Swiggy,friend_a,0
T0003295,C0096,low_evening_shopper,2026-02-27 20:04:00.000000000,637.02,LocalKirana,self_upi,0
T0002560,C0075,low_evening_shopper,2026-02-27 20:06:00.000000000,759.27,Swiggy,friend_a,0
T0000551,C0015,low_evening_shopper,2026-02-27 20:27:00.000000000,495.23,LocalKirana,friend_a,0
T0000231,C0006,low_evening_shopper,2026-02-27 20:31:00.000000000,552.44,LocalKirana,self_upi,0
T0002653,C0078,low_evening_shopper,2026-02-27 20:40:00.000000000,901.56,Swiggy,friend_a,0
T0004145,C0120,low_evening_shopper,2026-02-27 20:42:00.000000000,722.48,LocalKirana,self_upi,0
T0006066,C0174,low_evening_shopper,2026-02-27 20:47:00.000000000,2489.67,BigBazaar,friend_a,0
T0002272,C0066,low_evening_shopper,2026-02-27 21:14:00.000000000,694.28,NewShop_2,friend_a,0
T0003294,C0096,low_evening_shopper,2026-02-27 21:16:00.000000000,356.55,Amazon,friend_a,0
T0004073,C0117,low_evening_shopper,2026-02-27 21:27:00.000000000,1096.48,BigBazaar,friend_a,0
T0000018,C0000,low_evening_shopper,2026-02-27 21:35:00.000000000,660.0,BigBazaar,friend_a,0
T0005835,C0168,low_evening_shopper,2026-02-27 21:55:00.000000000,540.5,Swiggy,self_upi,0
T0004528,C0132,low_evening_shopper,2026-02-27 22:19:00.000000000,867.07,LocalKirana,self_upi,0
T0002654,C0078,low_evening_shopper,2026-02-27 22:26:00.000000000,1023.43,Swiggy,friend_a,0
T0003398,C0099,low_evening_shopper,2026-02-27 22:35:00.000000000,680.31,Swiggy,self_upi,0
T0003611,C0105,low_evening_shopper,2026-02-27 22:54:00.000000000,674.18,Amazon,self_upi,0
T0002164,C0063,low_evening_shopper,2026-02-27 23:36:00.000000000,739.2,NewShop_30,friend_a,0
T0006378,C0000,low_evening_shopper,2026-02-28 04:19:00.812052640,2325.94,NightPOS_16,self_upi,1
T0004906,C0143,mid_weekend,2026-02-28 12:35:00.000000000,3513.99,BookMyShow,family_upi,0
T0002840,C0083,mid_weekend,2026-02-28 13:47:00.000000000,2361.81,Zomato,family_upi,0
T0001282,C0035,mid_weekend,2026-02-28 13:47:00.000000000,3344.28,Zomato,family_upi,0
T0003693,C0107,mid_weekend,2026-02-28 13:49:00.000000000,11771.43,Myntra,family_upi,0
T0004905,C0143,mid_weekend,2026-02-28 14:24:00.000000000,3434.79,BookMyShow,self_upi,0
T0002741,C0080,mid_weekend,2026-02-28 14:26:00.000000000,2355.81,Zomato,family_upi,0
T0004798,C0140,mid_weekend,2026-02-28 15:16:00.000000000,2407.93,Myntra,family_upi,0
T0001656,C0047,mid_weekend,2026-02-28 15:22:00.000000000,2355.34,BookMyShow,self_upi,0
T0000876,C0023,mid_weekend,2026-02-28 15:49:00.000000000,2122.94,Myntra,family_upi,0
T0003059,C0089,mid_weekend,2026-02-28 16:18:00.000000000,10378.56,Zomato,self_upi,0
T0004509,C0131,mid_weekend,2026-02-28 16:35:00.000000000,1877.87,Myntra,self_upi,0
T0002044,C0059,mid_weekend,2026-02-28 16:48:00.000000000,2430.36,BookMyShow,family_upi,0
T0003579,C0104,mid_weekend,2026-02-28 16:51:00.000000000,2267.4,NewShop_15,self_upi,0
T0005335,C0155,mid_weekend,2026-02-28 17:45:00.000000000,2626.93,Zomato,family_upi,0
T0001775,C0051,low_evening_shopper,2026-02-28 18:30:00.000000000,712.56,LocalKirana,friend_a,0
T0003171,C0093,low_evening_shopper,2026-02-28 18:30:00.000000000,900.06,Amazon,self_upi,0
T0001077,C0029,mid_weekend,2026-02-28 18:33:00.000000000,2426.95,NewShop_25,family_upi,0
T0003373,C0098,mid_weekend,2026-02-28 18:36:00.000000000,2863.12,BookMyShow,family_upi,0
T0002355,C0068,mid_weekend,2026-02-28 18:52:00.000000000,1513.76,Zomato,self_upi,0
T0003399,C0099,low_evening_shopper,2026-02-28 19:27:00.000000000,938.23,Amazon,self_upi,0
T0002991,C0087,low_evening_shopper,2026-02-28 19:30:00.000000000,609.2,BigBazaar,friend_a,0
T0000901,C0024,low_evening_shopper,2026-02-28 19:31:00.000000000,637.27,Amazon,friend_a,0
T0002870,C0084,low_evening_shopper,2026-02-28 19:48:00.000000000,764.23,BigBazaar,friend_a,0
T0003103,C0090,low_evening_shopper,2026-02-28 19:59:00.000000000,1051.24,Amazon,friend_a,0
T0002354,C0068,mid_weekend,2026-02-28 20:00:00.000000000,2659.01,BookMyShow,self_upi,0
T0004529,C0132,low_evening_shopper,2026-02-28 20:00:00.000000000,962.57,Amazon,friend_a,0
T0000305,C0009,low_evening_shopper,2026-02-28 20:14:00.000000000,932.39,Swiggy,self_upi,0
T0006195,C0177,low_evening_shopper,2026-02-28 20:17:00.000000000,583.86,BigBazaar,self_upi,0
T0001887,C0054,low_evening_shopper,2026-02-28 20:20:00.000000000,641.82,NewShop_12,friend_a,0
T0004074,C0117,low_evening_shopper,2026-02-28 20:25:00.000000000,612.98,Amazon,friend_a,0
T0003830,C0111,low_evening_shopper,2026-02-28 20:32:00.000000000,1040.02,Swiggy,friend_a,0
T0001378,C0039,low_evening_shopper,2026-02-28 20:36:00.000000000,579.22,BigBazaar,friend_a,0
T0005024,C0147,low_evening_shopper,2026-02-28 20:36:00.000000000,947.74,Amazon,friend_a,0
T0000686,C0018,low_evening_shopper,2026-02-28 20:37:00.000000000,810.97,LocalKirana,self_upi,0
T0005369,C0156,low_evening_shopper,2026-02-28 20:45:00.000000000,1080.2,Amazon,friend_a,0
T0005253,C0153,low_evening_shopper,2026-02-28 20:52:00.000000000,829.02,BigBazaar,self_upi,0
T0002165,C0063,low_evening_shopper,2026-02-28 20:55:00.000000000,799.24,Amazon,self_upi,0
T0002166,C0063,low_evening_shopper,2026-02-28 21:04:00.000000000,636.93,NewShop_17,friend_a,0
T0002992,C0087,low_evening_shopper,2026-02-28 21:24:00.000000000,726.08,BigBazaar,self_upi,0
T0006067,C0174,low_evening_shopper,2026-02-28 21:37:00.000000000,702.8,Swiggy,self_upi,0
T0000232,C0006,low_evening_shopper,2026-02-28 21:38:00.000000000,596.14,LocalKirana,friend_a,0
T0000790,C0021,low_evening_shopper,2026-02-28 23:56:00.000000000,556.33,Amazon,friend_a,0
T0003374,C0098,mid_weekend,2026-03-01 04:59:00.000000000,2924.35,Myntra,family_upi,0
T0003060,C0089,mid_weekend,2026-03-01 10:55:00.000000000,2950.09,BookMyShow,self_upi,0
T0003580,C0104,mid_weekend,2026-03-01 11:07:00.000000000,10895.07,Zomato,self_upi,0
T0005336,C0155,mid_weekend,2026-03-01 11:48:00.000000000,2261.87,BookMyShow,self_upi,0
T0000753,C0020,mid_weekend,2026-03-01 12:18:00.000000000,1459.65,IRCTC,family_upi,0
T0005481,C0158,mid_weekend,2026-03-01 13:25:00.000000000,2528.99,IRCTC,family_upi,0
T0003581,C0104,mid_weekend,2026-03-01 13:57:00.000000000,3146.15,IRCTC,family_upi,0
T0005480,C0158,mid_weekend,2026-03-01 14:06:00.000000000,2386.09,Zomato,family_upi,0
T0000754,C0020,mid_weekend,2026-03-01 14:10:00.000000000,2338.58,Myntra,self_upi,0
T0006164,C0176,mid_weekend,2026-03-01 14:18:00.000000000,2480.89,BookMyShow,self_upi,0
T0005105,C0149,mid_weekend,2026-03-01 14:22:00.000000000,1847.8,IRCTC,self_upi,0
T0001283,C0035,mid_weekend,2026-03-01 14:22:00.000000000,2298.96,BookMyShow,self_upi,0
T0005106,C0149,mid_weekend,2026-03-01 14:52:00.000000000,2894.74,Myntra,family_upi,0
T0005482,C0158,mid_weekend,2026-03-01 14:53:00.000000000,2417.35,Myntra,family_upi,0
T0000971,C0026,mid_weekend,2026-03-01 14:54:00.000000000,2405.92,Myntra,self_upi,0
T0006165,C0176,mid_weekend,2026-03-01 15:28:00.000000000,2250.6,Zomato,self_upi,0
T0004510,C0131,mid_weekend,2026-03-01 16:05:00.000000000,2050.81,IRCTC,family_upi,0
T0005132,C0150,low_evening_shopper,2026-03-01 16:08:00.000000000,881.96,LocalKirana,friend_a,0
T0002742,C0080,mid_weekend,2026-03-01 16:09:00.000000000,2754.79,IRCTC,family_upi,0
T0004994,C0146,mid_weekend,2026-03-01 16:59:00.000000000,2651.81,IRCTC,family_upi,0
T0004702,C0137,mid_weekend,2026-03-01 17:55:00.000000000,2298.48,Zomato,self_upi,0
T0001284,C0035,mid_weekend,2026-03-01 18:13:00.000000000,1435.21,NewShop_23,self_upi,0
T0003375,C0098,mid_weekend,2026-03-01 18:26:00.000000000,2840.61,BookMyShow,self_upi,0
T0000118,C0003,low_evening_shopper,2026-03-01 18:35:00.000000000,752.01,BigBazaar,friend_a,0
T0005713,C0165,low_evening_shopper,2026-03-01 18:36:00.000000000,670.39,Swiggy,self_upi,0
T0003400,C0099,low_evening_shopper,2026-03-01 18:55:00.000000000,515.1,Swiggy,friend_a,0
T0006068,C0174,low_evening_shopper,2026-03-01 19:11:00.000000000,659.42,Swiggy,friend_a,0
T0000088,C0002,mid_weekend,2026-03-01 19:26:00.000000000,1484.82,Myntra,self_upi,0
T0004703,C0137,mid_weekend,2026-03-01 19:36:00.000000000,2550.08,Myntra,self_upi,0
T0002167,C0063,low_evening_shopper,2026-03-01 19:39:00.000000000,2897.62,Amazon,self_upi,0
T0001442,C0042,low_evening_shopper,2026-03-01 19:39:00.000000000,1014.16,BigBazaar,friend_a,0
T0002993,C0087,low_evening_shopper,2026-03-01 19:42:00.000000000,1507.59,Swiggy,self_upi,0
T0004146,C0120,low_evening_shopper,2026-03-01 19:55:00.000000000,710.91,LocalKirana,friend_a,0
T0002561,C0075,low_evening_shopper,2026-03-01 19:56:00.000000000,526.51,BigBazaar,friend_a,0
T0004627,C0135,low_evening_shopper,2026-03-01 20:08:00.000000000,672.96,NewShop_13,self_upi,0
T0005949,C0171,low_evening_shopper,2026-03-01 20:20:00.000000000,737.93,Swiggy,self_upi,0
T0001657,C0047,mid_weekend,2026-03-01 20:30:00.000000000,7810.07,Zomato,self_upi,0
T0003172,C0093,low_evening_shopper,2026-03-01 20:35:00.000000000,753.67,LocalKirana,friend_a,0
T0001579,C0045,low_evening_shopper,2026-03-01 20:43:00.000000000,697.94,Amazon,friend_a,0
T0002060,C0060,low_evening_shopper,2026-03-01 21:09:00.000000000,626.98,Amazon,self_upi,0
T0006069,C0174,low_evening_shopper,2026-03-01 21:11:00.000000000,584.63,Swiggy,friend_a,0
T0002871,C0084,low_evening_shopper,2026-03-01 21:13:00.000000000,818.94,BigBazaar,self_upi,0
T0005603,C0162,low_evening_shopper,2026-03-01 21:22:00.000000000,627.34,BigBazaar,friend_a,0
T0005712,C0165,low_evening_shopper,2026-03-01 21:28:00.000000000,742.72,Amazon,friend_a,0
T0001776,C0051,low_evening_shopper,2026-03-01 21:41:00.000000000,944.76,Amazon,friend_a,0
T0005370,C0156,low_evening_shopper,2026-03-01 21:52:00.000000000,526.6,LocalKirana,self_upi,0
T0005510,C0159,low_evening_shopper,2026-03-01 22:15:00.000000000,700.11,Amazon,friend_a,0
T0002385,C0069,low_evening_shopper,2026-03-01 22:16:00.000000000,678.99,Amazon,self_upi,0
T0003296,C0096,low_evening_shopper,2026-03-01 22:24:00.000000000,813.23,LocalKirana,friend_a,0
T0003519,C0102,low_evening_shopper,2026-03-01 22:45:00.000000000,453.58,BigBazaar,friend_a,0
T0004824,C0141,low_evening_shopper,2026-03-01 22:59:00.000000000,355.09,Amazon,self_upi,0
T0000019,C0000,low_evening_shopper,2026-03-01 23:26:00.000000000,521.88,LocalKirana,friend_a,0
T0006402,C0000,low_evening_shopper,2026-03-02 03:38:00.502443605,2169.16,NightPOS_4,self_upi,1
T0000391,C0011,mid_weekend,2026-03-02 09:05:00.000000000,1889.13,Zomato,family_upi,0
T0002743,C0080,mid_weekend,2026-03-02 09:59:00.000000000,2888.51,BookMyShow,family_upi,0
T0000089,C0002,mid_weekend,2026-03-02 10:45:00.000000000,2789.24,Myntra,self_upi,0
T0005483,C0158,mid_weekend,2026-03-02 11:02:00.000000000,3381.13,Zomato,self_upi,0
T0000972,C0026,mid_weekend,2026-03-02 11:03:00.000000000,2900.24,BookMyShow,self_upi,0
T0003583,C0104,mid_weekend,2026-03-02 12:25:00.000000000,2774.39,IRCTC,self_upi,0
T0002841,C0083,mid_weekend,2026-03-02 13:13:00.000000000,2906.14,IRCTC,family_upi,0
T0006166,C0176,mid_weekend,2026-03-02 13:42:00.000000000,2068.46,Myntra,family_upi,0
T0000973,C0026,mid_weekend,2026-03-02 14:41:00.000000000,2872.43,Zomato,self_upi,0
T0001078,C0029,mid_weekend,2026-03-02 14:43:00.000000000,3158.31,IRCTC,self_upi,0
T0006435,C0068,mid_weekend,2026-03-02 16:16:00.024377040,12552.82,IRCTC,family_upi,1
T0004799,C0140,mid_weekend,2026-03-02 16:37:00.000000000,2705.53,NewShop_11,self_upi,0
T0004907,C0143,mid_weekend,2026-03-02 16:47:00.000000000,2640.86,BookMyShow,self_upi,0
T0003932,C0113,mid_weekend,2026-03-02 16:49:00.000000000,2510.4,Myntra,family_upi,0
T0005485,C0158,mid_weekend,2026-03-02 16:59:00.000000000,4786.49,IRCTC,family_upi,0
T0002842,C0083,mid_weekend,2026-03-02 17:05:00.000000000,2615.12,BookMyShow,self_upi,0
T0000877,C0023,mid_weekend,2026-03-02 17:21:00.000000000,2548.92,Zomato,self_upi,0
T0003582,C0104,mid_weekend,2026-03-02 17:26:00.000000000,3128.58,BookMyShow,self_upi,0
T0002356,C0068,mid_weekend,2026-03-02 17:27:00.000000000,2777.7,BookMyShow,family_upi,0
T0003954,C0114,low_evening_shopper,2026-03-02 17:31:00.000000000,818.83,LocalKirana,friend_a,0
T0001285,C0035,mid_weekend,2026-03-02 17:59:00.000000000,2177.75,Zomato,self_upi,0
T0005484,C0158,mid_weekend,2026-03-02 18:01:00.000000000,1947.78,IRCTC,self_upi,0
T0002655,C0078,low_evening_shopper,2026-03-02 18:36:00.000000000,422.49,Amazon,friend_a,0
T0003298,C0096,low_evening_shopper,2026-03-02 19:02:00.000000000,1637.47,Amazon,self_upi,0
T0006399,C0054,low_evening_shopper,2026-03-02 19:26:00.183707457,2318.22,P2P_20,new_wallet_1373,1
T0001379,C0039,low_evening_shopper,2026-03-02 19:29:00.000000000,811.6,Amazon,friend_a,0
T0005371,C0156,low_evening_shopper,2026-03-02 20:03:00.000000000,796.79,Swiggy,friend_a,0
T0002656,C0078,low_evening_shopper,2026-03-02 20:05:00.000000000,613.53,Amazon,friend_a,0
T0000791,C0021,low_evening_shopper,2026-03-02 20:22:00.000000000,1589.55,Amazon,friend_a,0
T0003297,C0096,low_evening_shopper,2026-03-02 20:29:00.000000000,584.11,Amazon,self_upi,0
T0001006,C0027,low_evening_shopper,2026-03-02 20:41:00.000000000,602.41,LocalKirana,self_upi,0
T0000902,C0024,low_evening_shopper,2026-03-02 20:46:00.000000000,810.08,LocalKirana,self_upi,0
T0003718,C0108,low_evening_shopper,2026-03-02 21:03:00.000000000,890.05,LocalKirana,friend_a,0
T0001580,C0045,low_evening_shopper,2026-03-02 21:36:00.000000000,774.49,Swiggy,friend_a,0
T0005511,C0159,low_evening_shopper,2026-03-02 23:06:00.000000000,558.72,LocalKirana,self_upi,0
T0006400,C0002,mid_weekend,2026-03-03 01:46:00.853749820,9476.83,NightPOS_7,self_upi,1
T0003584,C0104,mid_weekend,2026-03-03 11:06:00.000000000,1721.23,BookMyShow,self_upi,0
T0000090,C0002,mid_weekend,2026-03-03 11:17:00.000000000,2709.61,Myntra,family_upi,0
T0004995,C0146,mid_weekend,2026-03-03 11:32:00.000000000,2555.01,IRCTC,family_upi,0
T0001286,C0035,mid_weekend,2026-03-03 12:33:00.000000000,5079.53,Zomato,self_upi,0
T0004996,C0146,mid_weekend,2026-03-03 12:53:00.000000000,2495.01,BookMyShow,self_upi,0
T0000974,C0026,mid_weekend,2026-03-03 12:57:00.000000000,2588.49,Zomato,self_upi,0
T0006167,C0176,mid_weekend,2026-03-03 13:26:00.000000000,2761.26,Zomato,family_upi,0
T0005486,C0158,mid_weekend,2026-03-03 13:57:00.000000000,9533.37,BookMyShow,family_upi,0
T0004704,C0137,mid_weekend,2026-03-03 14:25:00.000000000,2536.77,NewShop_39,self_upi,0
T0003933,C0113,mid_weekend,2026-03-03 14:27:00.000000000,2766.19,Myntra,family_upi,0
T0002045,C0059,mid_weekend,2026-03-03 16:52:00.000000000,1683.53,BookMyShow,self_upi,0
T0003802,C0110,mid_weekend,2026-03-03 17:26:00.000000000,2140.0,Zomato,self_upi,0
T0004423,C0129,low_evening_shopper,2026-03-03 18:04:00.000000000,602.81,Amazon,self_upi,0
T0001658,C0047,mid_weekend,2026-03-03 18:30:00.000000000,2485.98,Zomato,self_upi,0
T0005254,C0153,low_evening_shopper,2026-03-03 19:08:00.000000000,780.55,Swiggy,self_upi,0
T0000792,C0021,low_evening_shopper,2026-03-03 19:14:00.000000000,662.81,Swiggy,friend_a,0
T0006070,C0174,low_evening_shopper,2026-03-03 19:24:00.000000000,686.61,LocalKirana,self_upi,0
T0001380,C0039,low_evening_shopper,2026-03-03 19:42:00.000000000,663.11,BigBazaar,friend_a,0
T0000233,C0006,low_evening_shopper,2026-03-03 19:45:00.000000000,598.19,BigBazaar,self_upi,0
T0002386,C0069,low_evening_shopper,2026-03-03 20:14:00.000000000,505.95,Amazon,self_upi,0
T0005372,C0156,low_evening_shopper,2026-03-03 20:20:00.000000000,921.94,LocalKirana,self_upi,0
T0001693,C0048,low_evening_shopper,2026-03-03 20:21:00.000000000,1281.37,Swiggy,self_upi,0
T0000020,C0000,low_evening_shopper,2026-03-03 20:28:00.000000000,891.88,BigBazaar,friend_a,0
T0005950,C0171,low_evening_shopper,2026-03-03 20:45:00.000000000,2682.46,Swiggy,self_upi,0
T0004628,C0135,low_evening_shopper,2026-03-03 20:49:00.000000000,980.97,BigBazaar,self_upi,0
T0004424,C0129,low_evening_shopper,2026-03-03 21:13:00.000000000,751.8,Swiggy,friend_a,0
T0003520,C0102,low_evening_shopper,2026-03-03 21:25:00.000000000,737.84,LocalKirana,self_upi,0
T0001777,C0051,low_evening_shopper,2026-03-03 21:31:00.000000000,595.29,LocalKirana,self_upi,0
T0003521,C0102,low_evening_shopper,2026-03-03 21:58:00.000000000,866.89,BigBazaar,friend_a,0
T0000903,C0024,low_evening_shopper,2026-03-03 21:59:00.000000000,1566.4,Swiggy,self_upi,0
T0002061,C0060,low_evening_shopper,2026-03-03 22:07:00.000000000,837.85,Swiggy,friend_a,0
T0005836,C0168,low_evening_shopper,2026-03-03 22:18:00.000000000,811.02,BigBazaar,friend_a,0
T0006037,C0173,mid_weekend,2026-03-04 03:37:00.000000000,2578.02,BookMyShow,family_upi,0
T0006415,C0146,mid_weekend,2026-03-04 04:01:00.351879786,21163.76,UnknownStore_71,new_wallet_8434,1
T0002872,C0084,low_evening_shopper,2026-03-04 06:21:00.000000000,811.21,BigBazaar,self_upi,0
T0002358,C0068,mid_weekend,2026-03-04 12:18:00.000000000,1921.1,BookMyShow,self_upi,0
T0002357,C0068,mid_weekend,2026-03-04 13:33:00.000000000,2172.66,Myntra,self_upi,0
T0004908,C0143,mid_weekend,2026-03-04 13:50:00.000000000,1499.75,IRCTC,self_upi,0
T0000755,C0020,mid_weekend,2026-03-04 13:54:00.000000000,2332.84,IRCTC,self_upi,0
T0002843,C0083,mid_weekend,2026-03-04 13:58:00.000000000,1906.35,NewShop_12,family_upi,0
T0003804,C0110,mid_weekend,2026-03-04 14:09:00.000000000,2148.34,BookMyShow,self_upi,0
T0006038,C0173,mid_weekend,2026-03-04 14:11:00.000000000,2443.82,Zomato,self_upi,0
T0000975,C0026,mid_weekend,2026-03-04 14:17:00.000000000,2475.45,Zomato,family_upi,0
T0004705,C0137,mid_weekend,2026-03-04 14:19:00.000000000,2514.87,Zomato,family_upi,0
T0001659,C0047,mid_weekend,2026-03-04 14:28:00.000000000,6815.22,BookMyShow,family_upi,0
T0003585,C0104,mid_weekend,2026-03-04 14:38:00.000000000,6840.66,BookMyShow,family_upi,0
T0005487,C0158,mid_weekend,2026-03-04 14:50:00.000000000,9247.11,Zomato,self_upi,0
T0006303,C0179,mid_weekend,2026-03-04 14:59:00.000000000,2137.78,IRCTC,family_upi,0
T0006302,C0179,mid_weekend,2026-03-04 15:00:00.000000000,2679.31,IRCTC,self_upi,0
T0006036,C0173,mid_weekend,2026-03-04 15:08:00.000000000,6059.97,IRCTC,self_upi,0
T0001535,C0044,mid_weekend,2026-03-04 15:15:00.000000000,2677.28,NewShop_24,family_upi,0
T0000392,C0011,mid_weekend,2026-03-04 15:28:00.000000000,2058.24,IRCTC,family_upi,0
T0001536,C0044,mid_weekend,2026-03-04 15:53:00.000000000,1708.53,Myntra,self_upi,0
T0004997,C0146,mid_weekend,2026-03-04 16:14:00.000000000,5642.26,BookMyShow,family_upi,0
T0003803,C0110,mid_weekend,2026-03-04 16:40:00.000000000,3251.85,IRCTC,family_upi,0
T0001079,C0029,mid_weekend,2026-03-04 17:31:00.000000000,2380.97,BookMyShow,self_upi,0
T0001534,C0044,mid_weekend,2026-03-04 17:47:00.000000000,2896.58,IRCTC,family_upi,0
T0000091,C0002,mid_weekend,2026-03-04 17:52:00.000000000,2875.05,IRCTC,self_upi,0
T0000976,C0026,mid_weekend,2026-03-04 17:53:00.000000000,2863.74,BookMyShow,family_upi,0
T0004075,C0117,low_evening_shopper,2026-03-04 18:19:00.000000000,856.74,Swiggy,self_upi,0
T0000756,C0020,mid_weekend,2026-03-04 18:28:00.000000000,2758.43,Zomato,self_upi,0
T0003832,C0111,low_evening_shopper,2026-03-04 18:31:00.000000000,963.36,Amazon,self_upi,0
T0006426,C0146,mid_weekend,2026-03-04 18:33:00.180357322,11851.52,IRCTC,family_upi,1
T0006039,C0173,mid_weekend,2026-03-04 18:50:00.000000000,2545.4,IRCTC,self_upi,0
T0002062,C0060,low_evening_shopper,2026-03-04 19:05:00.000000000,899.8,Amazon,self_upi,0
T0006196,C0177,low_evening_shopper,2026-03-04 19:10:00.000000000,629.39,LocalKirana,friend_a,0
T0003522,C0102,low_evening_shopper,2026-03-04 19:11:00.000000000,814.29,LocalKirana,self_upi,0
T0000119,C0003,low_evening_shopper,2026-03-04 19:18:00.000000000,626.49,BigBazaar,self_upi,0
T0001443,C0042,low_evening_shopper,2026-03-04 19:48:00.000000000,873.74,NewShop_19,friend_a,0
T0006304,C0179,mid_weekend,2026-03-04 19:49:00.000000000,2375.76,IRCTC,family_upi,0
T0003831,C0111,low_evening_shopper,2026-03-04 20:11:00.000000000,666.55,LocalKirana,friend_a,0
T0000552,C0015,low_evening_shopper,2026-03-04 20:30:00.000000000,541.11,LocalKirana,self_upi,0
T0005714,C0165,low_evening_shopper,2026-03-04 20:40:00.000000000,914.98,Amazon,friend_a,0
T0005512,C0159,low_evening_shopper,2026-03-04 20:49:00.000000000,968.95,LocalKirana,self_upi,0
T0006450,C0177,low_evening_shopper,2026-03-04 21:10:00.456352276,2956.63,P2P_5,new_wallet_9409,1
T0005951,C0171,low_evening_shopper,2026-03-04 21:13:00.000000000,1012.37,Amazon,friend_a,0
T0002168,C0063,low_evening_shopper,2026-03-04 21:20:00.000000000,844.44,LocalKirana,friend_a,0
T0003299,C0096,low_evening_shopper,2026-03-04 21:40:00.000000000,356.59,Swiggy,friend_a,0
T0003934,C0113,mid_weekend,2026-03-04 21:55:00.000000000,2092.01,Zomato,family_upi,0
T0004825,C0141,low_evening_shopper,2026-03-04 22:28:00.000000000,740.54,Swiggy,friend_a,0
T0004076,C0117,low_evening_shopper,2026-03-04 22:35:00.000000000,748.5,Amazon,friend_a,0
T0001581,C0045,low_evening_shopper,2026-03-04 23:05:00.000000000,592.65,Amazon,self_upi,0
T0006330,C0047,mid_weekend,2026-03-05 02:29:00.964396331,13977.11,UnknownStore_20,new_wallet_4702,1
T0003719,C0108,low_evening_shopper,2026-03-05 05:38:00.000000000,969.96,LocalKirana,friend_a,0
T0001537,C0044,mid_weekend,2026-03-05 12:06:00.000000000,1379.92,IRCTC,self_upi,0
T0002844,C0083,mid_weekend,2026-03-05 12:40:00.000000000,3546.81,IRCTC,self_upi,0
T0006168,C0176,mid_weekend,2026-03-05 13:02:00.000000000,2523.02,IRCTC,self_upi,0
T0004998,C0146,mid_weekend,2026-03-05 13:06:00.000000000,2295.46,Zomato,family_upi,0
T0005488,C0158,mid_weekend,2026-03-05 13:51:00.000000000,2206.51,Zomato,self_upi,0
T0004706,C0137,mid_weekend,2026-03-05 15:13:00.000000000,2001.93,IRCTC,family_upi,0
T0000393,C0011,mid_weekend,2026-03-05 15:15:00.000000000,3116.83,BookMyShow,self_upi,0
T0003062,C0089,mid_weekend,2026-03-05 15:33:00.000000000,2808.1,IRCTC,family_upi,0
T0004909,C0143,mid_weekend,2026-03-05 15:39:00.000000000,2148.61,Zomato,self_upi,0
T0001660,C0047,mid_weekend,2026-03-05 15:47:00.000000000,2755.89,Zomato,family_upi,0
T0006412,C0110,mid_weekend,2026-03-05 15:52:00.243209224,3631.66,Zomato,quick_payee_220,1
T0003061,C0089,mid_weekend,2026-03-05 15:57:00.000000000,3496.25,BookMyShow,self_upi,0
T0005338,C0155,mid_weekend,2026-03-05 16:46:00.000000000,1760.36,BookMyShow,self_upi,0
T0005489,C0158,mid_weekend,2026-03-05 16:58:00.000000000,1947.56,Myntra,family_upi,0
T0002744,C0080,mid_weekend,2026-03-05 17:29:00.000000000,2505.58,IRCTC,self_upi,0
T0005337,C0155,mid_weekend,2026-03-05 17:46:00.000000000,2111.89,Myntra,self_upi,0
T0000553,C0015,low_evening_shopper,2026-03-05 17:48:00.000000000,1586.17,Amazon,friend_a,0
T0001538,C0044,mid_weekend,2026-03-05 18:11:00.000000000,1395.75,Myntra,self_upi,0
T0002063,C0060,low_evening_shopper,2026-03-05 18:32:00.000000000,680.33,LocalKirana,self_upi,0
T0000878,C0023,mid_weekend,2026-03-05 19:04:00.000000000,2075.49,BookMyShow,family_upi,0
T0004530,C0132,low_evening_shopper,2026-03-05 19:14:00.000000000,679.19,Swiggy,self_upi,0
T0003401,C0099,low_evening_shopper,2026-03-05 19:28:00.000000000,514.6,Swiggy,friend_a,0
T0000904,C0024,low_evening_shopper,2026-03-05 19:35:00.000000000,676.82,LocalKirana,friend_a,0
T0001007,C0027,low_evening_shopper,2026-03-05 20:05:00.000000000,912.39,Swiggy,friend_a,0
T0005255,C0153,low_evening_shopper,2026-03-05 20:28:00.000000000,612.0,Amazon,friend_a,0
T0005952,C0171,low_evening_shopper,2026-03-05 20:51:00.000000000,581.6,BigBazaar,self_upi,0
T0003720,C0108,low_evening_shopper,2026-03-05 20:54:00.000000000,587.38,Swiggy,self_upi,0
T0002873,C0084,low_evening_shopper,2026-03-05 20:55:00.000000000,306.03,BigBazaar,friend_a,0
T0002657,C0078,low_evening_shopper,2026-03-05 21:01:00.000000000,518.21,LocalKirana,friend_a,0
T0001778,C0051,low_evening_shopper,2026-03-05 21:17:00.000000000,969.27,Amazon,self_upi,0
T0005604,C0162,low_evening_shopper,2026-03-05 21:20:00.000000000,553.27,Swiggy,friend_a,0
T0002273,C0066,low_evening_shopper,2026-03-05 21:32:00.000000000,597.93,BigBazaar,friend_a,0
T0001444,C0042,low_evening_shopper,2026-03-05 21:37:00.000000000,625.69,Swiggy,friend_a,0
T0001582,C0045,low_evening_shopper,2026-03-05 21:51:00.000000000,814.11,NewShop_9,self_upi,0
T0000306,C0009,low_evening_shopper,2026-03-05 21:55:00.000000000,648.11,Amazon,friend_a,0
T0002169,C0063,low_evening_shopper,2026-03-05 22:57:00.000000000,844.69,Swiggy,friend_a,0
T0000757,C0020,mid_weekend,2026-03-05 23:50:00.000000000,8660.94,IRCTC,self_upi,0
T0003956,C0114,low_evening_shopper,2026-03-06 01:43:00.000000000,803.38,LocalKirana,friend_a,0
T0002845,C0083,mid_weekend,2026-03-06 05:22:00.000000000,3453.11,BookMyShow,self_upi,0
T0005491,C0158,mid_weekend,2026-03-06 07:30:00.000000000,6764.38,Zomato,family_upi,0
T0002746,C0080,mid_weekend,2026-03-06 08:50:00.000000000,2118.5,IRCTC,family_upi,0
T0005490,C0158,mid_weekend,2026-03-06 10:49:00.000000000,2024.07,Zomato,self_upi,0
T0001661,C0047,mid_weekend,2026-03-06 11:11:00.000000000,1635.2,Zomato,self_upi,0
T0004800,C0140,mid_weekend,2026-03-06 11:19:00.000000000,2829.16,Zomato,self_upi,0
T0003805,C0110,mid_weekend,2026-03-06 12:30:00.000000000,1658.24,Zomato,self_upi,0
T0003064,C0089,mid_weekend,2026-03-06 13:21:00.000000000,2591.06,IRCTC,family_upi,0
T0006169,C0176,mid_weekend,2026-03-06 13:28:00.000000000,2223.45,NewShop_39,self_upi,0
T0006171,C0176,mid_weekend,2026-03-06 13:43:00.000000000,2010.0,BookMyShow,family_upi,0
T0006040,C0173,mid_weekend,2026-03-06 13:46:00.000000000,2960.34,Myntra,self_upi,0
T0004801,C0140,mid_weekend,2026-03-06 14:35:00.000000000,2697.11,BookMyShow,self_upi,0
T0000758,C0020,mid_weekend,2026-03-06 15:15:00.000000000,4407.92,BookMyShow,family_upi,0
T0003935,C0113,mid_weekend,2026-03-06 15:32:00.000000000,2293.23,Zomato,self_upi,0
T0004999,C0146,mid_weekend,2026-03-06 16:21:00.000000000,2956.23,Myntra,family_upi,0
T0003806,C0110,mid_weekend,2026-03-06 16:27:00.000000000,3291.95,BookMyShow,self_upi,0
T0000879,C0023,mid_weekend,2026-03-06 16:37:00.000000000,2285.17,Myntra,self_upi,0
T0002745,C0080,mid_weekend,2026-03-06 16:47:00.000000000,2420.06,Zomato,self_upi,0
T0001662,C0047,mid_weekend,2026-03-06 16:52:00.000000000,1779.08,BookMyShow,family_upi,0
T0003955,C0114,low_evening_shopper,2026-03-06 17:07:00.000000000,505.59,BigBazaar,self_upi,0
T0006429,C0045,low_evening_shopper,2026-03-06 17:23:00.419193913,2942.97,P2P_26,new_wallet_6270,1
T0006305,C0179,mid_weekend,2026-03-06 17:37:00.000000000,1803.62,BookMyShow,self_upi,0
T0003063,C0089,mid_weekend,2026-03-06 17:48:00.000000000,2681.32,BookMyShow,family_upi,0
T0006198,C0177,low_evening_shopper,2026-03-06 17:53:00.000000000,491.41,NewShop_20,self_upi,0
T0005339,C0155,mid_weekend,2026-03-06 17:53:00.000000000,3526.13,Zomato,self_upi,0
T0002846,C0083,mid_weekend,2026-03-06 18:03:00.000000000,2350.97,BookMyShow,family_upi,0
T0005606,C0162,low_evening_shopper,2026-03-06 18:59:00.000000000,653.49,NewShop_2,friend_a,0
T0004147,C0120,low_evening_shopper,2026-03-06 19:10:00.000000000,725.11,Swiggy,self_upi,0
T0002658,C0078,low_evening_shopper,2026-03-06 19:18:00.000000000,460.97,Swiggy,self_upi,0
T0001445,C0042,low_evening_shopper,2026-03-06 19:18:00.000000000,1797.96,Amazon,self_upi,0
T0002274,C0066,low_evening_shopper,2026-03-06 19:23:00.000000000,791.66,LocalKirana,self_upi,0
T0003721,C0108,low_evening_shopper,2026-03-06 19:41:00.000000000,792.35,Amazon,friend_a,0
T0006170,C0176,mid_weekend,2026-03-06 19:55:00.000000000,2379.07,Zomato,family_upi,0
T0006071,C0174,low_evening_shopper,2026-03-06 20:11:00.000000000,704.58,Swiggy,friend_a,0
T0002874,C0084,low_evening_shopper,2026-03-06 20:36:00.000000000,824.45,BigBazaar,self_upi,0
T0005025,C0147,low_evening_shopper,2026-03-06 20:40:00.000000000,669.1,Swiggy,self_upi,0
T0002994,C0087,low_evening_shopper,2026-03-06 20:41:00.000000000,1863.06,BigBazaar,friend_a,0
T0004629,C0135,low_evening_shopper,2026-03-06 20:50:00.000000000,559.28,Swiggy,friend_a,0
T0005133,C0150,low_evening_shopper,2026-03-06 21:23:00.000000000,869.31,LocalKirana,friend_a,0
T0003833,C0111,low_evening_shopper,2026-03-06 21:29:00.000000000,1587.37,NewShop_12,self_upi,0
T0006197,C0177,low_evening_shopper,2026-03-06 21:32:00.000000000,466.28,Swiggy,friend_a,0
T0002772,C0081,low_evening_shopper,2026-03-06 22:07:00.000000000,606.03,BigBazaar,friend_a,0
T0005605,C0162,low_evening_shopper,2026-03-06 22:20:00.000000000,489.48,BigBazaar,friend_a,0
T0000307,C0009,low_evening_shopper,2026-03-06 22:25:00.000000000,702.11,LocalKirana,self_upi,0
T0002747,C0080,mid_weekend,2026-03-06 22:32:00.000000000,2039.86,Myntra,self_upi,0
T0005256,C0153,low_evening_shopper,2026-03-06 23:15:00.000000000,497.96,BigBazaar,self_upi,0
T0000977,C0026,mid_weekend,2026-03-07 09:03:00.000000000,7838.23,Myntra,self_upi,0
T0004802,C0140,mid_weekend,2026-03-07 11:15:00.000000000,2803.41,Myntra,family_upi,0
T0000759,C0020,mid_weekend,2026-03-07 11:28:00.000000000,2519.39,BookMyShow,family_upi,0
T0002359,C0068,mid_weekend,2026-03-07 12:16:00.000000000,2692.93,IRCTC,family_upi,0
T0003936,C0113,mid_weekend,2026-03-07 12:45:00.000000000,2519.24,Myntra,self_upi,0
T0000394,C0011,mid_weekend,2026-03-07 13:18:00.000000000,2133.94,BookMyShow,self_upi,0
T0003066,C0089,mid_weekend,2026-03-07 14:35:00.000000000,2899.06,Zomato,family_upi,0
T0003065,C0089,mid_weekend,2026-03-07 14:40:00.000000000,2782.78,IRCTC,family_upi,0
T0005340,C0155,mid_weekend,2026-03-07 15:48:00.000000000,2523.78,NewShop_21,family_upi,0
T0006041,C0173,mid_weekend,2026-03-07 15:53:00.000000000,4357.08,IRCTC,family_upi,0
T0000905,C0024,low_evening_shopper,2026-03-07 17:23:00.000000000,628.13,Amazon,friend_a,0
T0004707,C0137,mid_weekend,2026-03-07 17:50:00.000000000,2467.33,BookMyShow,self_upi,0
T0006306,C0179,mid_weekend,2026-03-07 18:06:00.000000000,2588.58,Myntra,family_upi,0
T0005373,C0156,low_evening_shopper,2026-03-07 18:15:00.000000000,623.46,LocalKirana,self_upi,0
T0001080,C0029,mid_weekend,2026-03-07 18:18:00.000000000,1819.56,IRCTC,family_upi,0
T0001663,C0047,mid_weekend,2026-03-07 18:32:00.000000000,3189.04,BookMyShow,family_upi,0
T0002387,C0069,low_evening_shopper,2026-03-07 18:50:00.000000000,638.55,NewShop_12,friend_a,0
T0004630,C0135,low_evening_shopper,2026-03-07 19:01:00.000000000,765.71,BigBazaar,friend_a,0
T0005134,C0150,low_evening_shopper,2026-03-07 19:41:00.000000000,754.68,LocalKirana,friend_a,0
T0005000,C0146,mid_weekend,2026-03-07 19:49:00.000000000,2986.66,BookMyShow,self_upi,0
T0005026,C0147,low_evening_shopper,2026-03-07 20:06:00.000000000,908.28,BigBazaar,self_upi,0
T0004532,C0132,low_evening_shopper,2026-03-07 20:36:00.000000000,368.81,BigBazaar,self_upi,0
T0001779,C0051,low_evening_shopper,2026-03-07 20:39:00.000000000,777.86,LocalKirana,friend_a,0
T0006072,C0174,low_evening_shopper,2026-03-07 21:12:00.000000000,951.55,Swiggy,self_upi,0
T0002170,C0063,low_evening_shopper,2026-03-07 21:12:00.000000000,656.79,BigBazaar,self_upi,0
T0003834,C0111,low_evening_shopper,2026-03-07 21:17:00.000000000,284.8,Amazon,self_upi,0
T0001888,C0054,low_evening_shopper,2026-03-07 21:30:00.000000000,891.1,BigBazaar,friend_a,0
T0004531,C0132,low_evening_shopper,2026-03-07 21:44:00.000000000,678.98,LocalKirana,self_upi,0
T0002659,C0078,low_evening_shopper,2026-03-07 21:46:00.000000000,671.77,Swiggy,friend_a,0
T0005715,C0165,low_evening_shopper,2026-03-07 21:50:00.000000000,674.57,LocalKirana,friend_a,0
T0000554,C0015,low_evening_shopper,2026-03-07 21:54:00.000000000,569.04,LocalKirana,friend_a,0
T0000308,C0009,low_evening_shopper,2026-03-07 21:58:00.000000000,960.97,LocalKirana,self_upi,0
T0005257,C0153,low_evening_shopper,2026-03-07 22:18:00.000000000,659.95,Swiggy,self_upi,0
T0003722,C0108,low_evening_shopper,2026-03-07 22:40:00.000000000,789.71,BigBazaar,friend_a,0
T0006172,C0176,mid_weekend,2026-03-07 23:34:00.000000000,2525.51,BookMyShow,family_upi,0
T0000021,C0000,low_evening_shopper,2026-03-08 02:08:00.000000000,723.45,Amazon,self_upi,0
T0006448,C0089,mid_weekend,2026-03-08 04:48:00.287820292,7430.18,NightPOS_12,family_upi,1
T0001539,C0044,mid_weekend,2026-03-08 06:48:00.000000000,1867.93,IRCTC,self_upi,0
T0000309,C0009,low_evening_shopper,2026-03-08 07:35:00.000000000,851.91,LocalKirana,friend_a,0
T0000093,C0002,mid_weekend,2026-03-08 08:39:00.000000000,2003.98,Myntra,family_upi,0
T0002748,C0080,mid_weekend,2026-03-08 12:18:00.000000000,2021.65,IRCTC,family_upi,0
T0003067,C0089,mid_weekend,2026-03-08 13:06:00.000000000,3314.71,Zomato,self_upi,0
T0004803,C0140,mid_weekend,2026-03-08 13:16:00.000000000,2013.96,Zomato,family_upi,0
T0000092,C0002,mid_weekend,2026-03-08 14:10:00.000000000,3399.02,BookMyShow,family_upi,0
T0006174,C0176,mid_weekend,2026-03-08 14:32:00.000000000,3055.53,IRCTC,family_upi,0
T0000880,C0023,mid_weekend,2026-03-08 16:05:00.000000000,2920.94,IRCTC,self_upi,0
T0000760,C0020,mid_weekend,2026-03-08 17:11:00.000000000,1430.96,BookMyShow,self_upi,0
T0000761,C0020,mid_weekend,2026-03-08 17:29:00.000000000,3759.98,IRCTC,family_upi,0
T0006173,C0176,mid_weekend,2026-03-08 18:25:00.000000000,2242.98,BookMyShow,self_upi,0
T0000762,C0020,mid_weekend,2026-03-08 18:29:00.000000000,1976.57,NewShop_28,self_upi,0
T0006387,C0120,low_evening_shopper,2026-03-08 18:59:00.001654345,2644.22,Swiggy,friend_a,1
T0003402,C0099,low_evening_shopper,2026-03-08 19:04:00.000000000,728.13,Swiggy,self_upi,0
T0002875,C0084,low_evening_shopper,2026-03-08 19:36:00.000000000,388.54,LocalKirana,friend_a,0
T0005716,C0165,low_evening_shopper,2026-03-08 19:42:00.000000000,825.29,LocalKirana,self_upi,0
T0004425,C0129,low_evening_shopper,2026-03-08 19:59:00.000000000,798.01,Amazon,friend_a,0
T0001583,C0045,low_evening_shopper,2026-03-08 20:03:00.000000000,552.98,Amazon,friend_a,0
T0004533,C0132,low_evening_shopper,2026-03-08 20:10:00.000000000,734.72,BigBazaar,self_upi,0
T0001889,C0054,low_evening_shopper,2026-03-08 20:31:00.000000000,750.16,BigBazaar,friend_a,0
T0000793,C0021,low_evening_shopper,2026-03-08 20:32:00.000000000,610.75,LocalKirana,self_upi,0
T0006073,C0174,low_evening_shopper,2026-03-08 20:53:00.000000000,50.0,NewShop_34,self_upi,0
T0003957,C0114,low_evening_shopper,2026-03-08 20:54:00.000000000,565.18,LocalKirana,self_upi,0
T0003523,C0102,low_evening_shopper,2026-03-08 21:17:00.000000000,658.34,BigBazaar,friend_a,0
T0006074,C0174,low_evening_shopper,2026-03-08 21:23:00.000000000,833.99,LocalKirana,friend_a,0
T0002660,C0078,low_evening_shopper,2026-03-08 21:28:00.000000000,1493.49,LocalKirana,self_upi,0
T0006199,C0177,low_evening_shopper,2026-03-08 21:32:00.000000000,990.06,BigBazaar,friend_a,0
T0001584,C0045,low_evening_shopper,2026-03-08 22:52:00.000000000,1764.93,BigBazaar,friend_a,0
T0000555,C0015,low_evening_shopper,2026-03-08 22:59:00.000000000,548.24,Swiggy,self_upi,0
T0004148,C0120,low_evening_shopper,2026-03-08 23:49:00.000000000,604.41,BigBazaar,friend_a,0
T0004077,C0117,low_evening_shopper,2026-03-09 00:30:00.000000000,563.53,LocalKirana,friend_a,0
T0000395,C0011,mid_weekend,2026-03-09 11:14:00.000000000,2231.76,Zomato,family_upi,0
T0001540,C0044,mid_weekend,2026-03-09 11:32:00.000000000,2253.14,BookMyShow,family_upi,0
T0002749,C0080,mid_weekend,2026-03-09 12:41:00.000000000,2100.32,BookMyShow,family_upi,0
T0003068,C0089,mid_weekend,2026-03-09 13:50:00.000000000,3113.51,Myntra,family_upi,0
T0001081,C0029,mid_weekend,2026-03-09 15:07:00.000000000,2791.13,Zomato,self_upi,0
T0000881,C0023,mid_weekend,2026-03-09 15:47:00.000000000,2028.23,IRCTC,self_upi,0
T0006307,C0179,mid_weekend,2026-03-09 15:49:00.000000000,3303.09,BookMyShow,family_upi,0
T0005001,C0146,mid_weekend,2026-03-09 15:59:00.000000000,7895.12,BookMyShow,family_upi,0
T0000978,C0026,mid_weekend,2026-03-09 17:01:00.000000000,10398.91,Zomato,family_upi,0
T0004631,C0135,low_evening_shopper,2026-03-09 17:20:00.000000000,696.54,BigBazaar,friend_a,0
T0005607,C0162,low_evening_shopper,2026-03-09 17:30:00.000000000,493.03,LocalKirana,self_upi,0
T0005717,C0165,low_evening_shopper,2026-03-09 18:25:00.000000000,579.66,Swiggy,friend_a,0
T0001890,C0054,low_evening_shopper,2026-03-09 18:54:00.000000000,643.22,BigBazaar,friend_a,0
T0004826,C0141,low_evening_shopper,2026-03-09 19:12:00.000000000,446.29,Amazon,self_upi,0
T0000310,C0009,low_evening_shopper,2026-03-09 19:30:00.000000000,834.9,BigBazaar,friend_a,0
T0003403,C0099,low_evening_shopper,2026-03-09 19:37:00.000000000,903.23,BigBazaar,self_upi,0
T0005258,C0153,low_evening_shopper,2026-03-09 19:44:00.000000000,543.09,Amazon,friend_a,0
T0002876,C0084,low_evening_shopper,2026-03-09 19:45:00.000000000,431.55,NewShop_25,self_upi,0
T0004427,C0129,low_evening_shopper,2026-03-09 20:23:00.000000000,646.95,BigBazaar,friend_a,0
T0005837,C0168,low_evening_shopper,2026-03-09 20:31:00.000000000,555.87,LocalKirana,self_upi,0
T0001009,C0027,low_evening_shopper,2026-03-09 20:32:00.000000000,665.92,Swiggy,self_upi,0
T0005341,C0155,mid_weekend,2026-03-09 20:33:00.000000000,2019.08,NewShop_16,family_upi,0
T0004428,C0129,low_evening_shopper,2026-03-09 20:41:00.000000000,314.49,BigBazaar,self_upi,0
T0001008,C0027,low_evening_shopper,2026-03-09 20:48:00.000000000,2310.47,Swiggy,friend_a,0
T0002388,C0069,low_evening_shopper,2026-03-09 21:02:00.000000000,663.55,BigBazaar,friend_a,0
T0002995,C0087,low_evening_shopper,2026-03-09 21:08:00.000000000,510.63,Swiggy,friend_a,0
T0005135,C0150,low_evening_shopper,2026-03-09 21:31:00.000000000,826.63,BigBazaar,self_upi,0
T0005027,C0147,low_evening_shopper,2026-03-09 21:35:00.000000000,661.61,LocalKirana,self_upi,0
T0000120,C0003,low_evening_shopper,2026-03-09 21:50:00.000000000,770.14,Swiggy,self_upi,0
T0005374,C0156,low_evening_shopper,2026-03-09 22:02:00.000000000,701.07,NewShop_12,friend_a,0
T0004426,C0129,low_evening_shopper,2026-03-09 22:16:00.000000000,519.4,LocalKirana,friend_a,0
T0004078,C0117,low_evening_shopper,2026-03-09 22:25:00.000000000,778.08,Amazon,self_upi,0
T0000906,C0024,low_evening_shopper,2026-03-10 09:43:00.000000000,702.59,Amazon,friend_a,0
T0003808,C0110,mid_weekend,2026-03-10 14:05:00.000000000,1465.56,Myntra,family_upi,0
T0003807,C0110,mid_weekend,2026-03-10 14:54:00.000000000,2776.59,IRCTC,self_upi,0
T0000979,C0026,mid_weekend,2026-03-10 15:34:00.000000000,3044.56,Zomato,family_upi,0
T0003937,C0113,mid_weekend,2026-03-10 15:58:00.000000000,1698.91,IRCTC,family_upi,0
T0006042,C0173,mid_weekend,2026-03-10 16:20:00.000000000,3441.22,Zomato,family_upi,0
T0002847,C0083,mid_weekend,2026-03-10 16:44:00.000000000,3032.19,Myntra,family_upi,0
T0005342,C0155,mid_weekend,2026-03-10 17:00:00.000000000,2328.35,IRCTC,self_upi,0
T0002360,C0068,mid_weekend,2026-03-10 18:22:00.000000000,2586.94,IRCTC,family_upi,0
T0000794,C0021,low_evening_shopper,2026-03-10 18:45:00.000000000,990.42,BigBazaar,self_upi,0
T0005028,C0147,low_evening_shopper,2026-03-10 19:49:00.000000000,905.14,Amazon,self_upi,0
T0003835,C0111,low_evening_shopper,2026-03-10 19:50:00.000000000,556.51,LocalKirana,self_upi,0
T0004632,C0135,low_evening_shopper,2026-03-10 19:54:00.000000000,2255.52,BigBazaar,self_upi,0
T0002275,C0066,low_evening_shopper,2026-03-10 19:58:00.000000000,626.52,LocalKirana,friend_a,0
T0000396,C0011,mid_weekend,2026-03-10 20:09:00.000000000,3934.13,IRCTC,family_upi,0
T0006200,C0177,low_evening_shopper,2026-03-10 20:28:00.000000000,544.29,BigBazaar,self_upi,0
T0003524,C0102,low_evening_shopper,2026-03-10 21:22:00.000000000,697.08,BigBazaar,self_upi,0
T0006454,C0069,low_evening_shopper,2026-03-10 21:27:00.717872124,3510.79,P2P_3,new_wallet_8063,1
T0000907,C0024,low_evening_shopper,2026-03-10 21:30:00.000000000,641.01,Swiggy,friend_a,0
T0005375,C0156,low_evening_shopper,2026-03-10 21:39:00.000000000,377.41,Swiggy,friend_a,0
T0004149,C0120,low_evening_shopper,2026-03-10 22:39:00.000000000,687.35,LocalKirana,self_upi,0
T0002171,C0063,low_evening_shopper,2026-03-10 22:44:00.000000000,699.7,Amazon,self_upi,0
T0004429,C0129,low_evening_shopper,2026-03-10 22:58:00.000000000,683.0,Amazon,self_upi,0
T0004079,C0117,low_evening_shopper,2026-03-10 23:14:00.000000000,694.05,BigBazaar,friend_a,0
T0001446,C0042,low_evening_shopper,2026-03-10 23:36:00.000000000,658.05,LocalKirana,self_upi,0
T0002750,C0080,mid_weekend,2026-03-11 09:03:00.000000000,2383.32,Myntra,self_upi,0
T0004708,C0137,mid_weekend,2026-03-11 10:29:00.000000000,3134.0,Zomato,family_upi,0
T0000882,C0023,mid_weekend,2026-03-11 12:19:00.000000000,2753.82,NewShop_23,self_upi,0
T0004710,C0137,mid_weekend,2026-03-11 12:39:00.000000000,3128.69,Zomato,family_upi,0
T0002848,C0083,mid_weekend,2026-03-11 12:50:00.000000000,2146.93,IRCTC,family_upi,0
T0003069,C0089,mid_weekend,2026-03-11 12:55:00.000000000,1224.03,BookMyShow,self_upi,0
T0003809,C0110,mid_weekend,2026-03-11 13:39:00.000000000,2581.01,Zomato,self_upi,0
T0005002,C0146,mid_weekend,2026-03-11 13:44:00.000000000,2991.86,Myntra,family_upi,0
T0004709,C0137,mid_weekend,2026-03-11 14:03:00.000000000,2956.42,BookMyShow,family_upi,0
T0003810,C0110,mid_weekend,2026-03-11 14:08:00.000000000,8136.62,Zomato,self_upi,0
T0000908,C0024,low_evening_shopper,2026-03-11 14:13:00.000000000,1039.72,BigBazaar,self_upi,0
T0000397,C0011,mid_weekend,2026-03-11 14:26:00.000000000,3249.41,Zomato,self_upi,0
T0001082,C0029,mid_weekend,2026-03-11 16:16:00.000000000,2750.91,Zomato,self_upi,0
T0004804,C0140,mid_weekend,2026-03-11 16:47:00.000000000,1496.66,IRCTC,self_upi,0
T0006201,C0177,low_evening_shopper,2026-03-11 17:18:00.000000000,678.69,NewShop_9,self_upi,0
T0002389,C0069,low_evening_shopper,2026-03-11 17:54:00.000000000,550.59,BigBazaar,friend_a,0
T0002849,C0083,mid_weekend,2026-03-11 18:35:00.000000000,881.65,Myntra,family_upi,0
T0006075,C0174,low_evening_shopper,2026-03-11 18:37:00.000000000,754.37,Amazon,self_upi,0
T0001891,C0054,low_evening_shopper,2026-03-11 18:44:00.000000000,772.39,Swiggy,friend_a,0
T0002877,C0084,low_evening_shopper,2026-03-11 18:54:00.000000000,649.16,LocalKirana,self_upi,0
T0005376,C0156,low_evening_shopper,2026-03-11 19:32:00.000000000,842.44,LocalKirana,friend_a,0
T0001585,C0045,low_evening_shopper,2026-03-11 20:10:00.000000000,497.33,Swiggy,self_upi,0
T0005513,C0159,low_evening_shopper,2026-03-11 20:27:00.000000000,818.5,Amazon,self_upi,0
T0005838,C0168,low_evening_shopper,2026-03-11 20:29:00.000000000,671.65,BigBazaar,friend_a,0
T0005136,C0150,low_evening_shopper,2026-03-11 20:34:00.000000000,563.56,Swiggy,self_upi,0
T0003723,C0108,low_evening_shopper,2026-03-11 21:39:00.000000000,557.67,LocalKirana,self_upi,0
T0003958,C0114,low_evening_shopper,2026-03-11 21:44:00.000000000,452.53,NewShop_6,self_upi,0
T0003525,C0102,low_evening_shopper,2026-03-11 22:30:00.000000000,452.75,LocalKirana,friend_a,0
T0005003,C0146,mid_weekend,2026-03-11 23:25:00.000000000,3654.93,Myntra,self_upi,0
T0000909,C0024,low_evening_shopper,2026-03-11 23:31:00.000000000,698.04,BigBazaar,self_upi,0
T0004430,C0129,low_evening_shopper,2026-03-11 23:37:00.000000000,495.68,BigBazaar,self_upi,0
T0005514,C0159,low_evening_shopper,2026-03-12 04:13:00.000000000,871.23,Amazon,friend_a,0
T0003526,C0102,low_evening_shopper,2026-03-12 08:50:00.000000000,684.22,LocalKirana,self_upi,0
T0000398,C0011,mid_weekend,2026-03-12 09:05:00.000000000,2337.76,BookMyShow,family_upi,0
T0006309,C0179,mid_weekend,2026-03-12 10:16:00.000000000,2211.2,Myntra,family_upi,0
T0006308,C0179,mid_weekend,2026-03-12 11:39:00.000000000,1674.92,BookMyShow,self_upi,0
T0002850,C0083,mid_weekend,2026-03-12 13:55:00.000000000,2997.74,Myntra,self_upi,0
T0006310,C0179,mid_weekend,2026-03-12 15:31:00.000000000,2192.08,Myntra,self_upi,0
T0001541,C0044,mid_weekend,2026-03-12 16:47:00.000000000,2456.68,IRCTC,self_upi,0
T0001083,C0029,mid_weekend,2026-03-12 17:10:00.000000000,2620.03,Zomato,family_upi,0
T0000311,C0009,low_evening_shopper,2026-03-12 17:35:00.000000000,727.01,Amazon,self_upi,0
T0001447,C0042,low_evening_shopper,2026-03-12 17:58:00.000000000,852.25,BigBazaar,friend_a,0
T0005030,C0147,low_evening_shopper,2026-03-12 18:15:00.000000000,579.51,BigBazaar,friend_a,0
T0006043,C0173,mid_weekend,2026-03-12 18:45:00.000000000,1606.34,IRCTC,self_upi,0
T0005515,C0159,low_evening_shopper,2026-03-12 18:59:00.000000000,888.38,Swiggy,friend_a,0
T0004805,C0140,mid_weekend,2026-03-12 19:12:00.000000000,3171.61,BookMyShow,self_upi,0
T0005839,C0168,low_evening_shopper,2026-03-12 19:16:00.000000000,900.73,BigBazaar,friend_a,0
T0006202,C0177,low_evening_shopper,2026-03-12 19:20:00.000000000,429.79,BigBazaar,self_upi,0
T0002996,C0087,low_evening_shopper,2026-03-12 19:41:00.000000000,648.3,LocalKirana,self_upi,0
T0005029,C0147,low_evening_shopper,2026-03-12 19:42:00.000000000,580.78,LocalKirana,self_upi,0
T0004535,C0132,low_evening_shopper,2026-03-12 20:07:00.000000000,579.13,BigBazaar,friend_a,0
T0003404,C0099,low_evening_shopper,2026-03-12 20:08:00.000000000,932.67,Swiggy,self_upi,0
T0002172,C0063,low_evening_shopper,2026-03-12 20:09:00.000000000,1972.41,Amazon,friend_a,0
T0001780,C0051,low_evening_shopper,2026-03-12 20:18:00.000000000,666.1,NewShop_39,self_upi,0
T0003959,C0114,low_evening_shopper,2026-03-12 20:31:00.000000000,996.88,Swiggy,self_upi,0
T0006076,C0174,low_evening_shopper,2026-03-12 21:03:00.000000000,731.11,Swiggy,self_upi,0
T0001664,C0047,mid_weekend,2026-03-12 21:06:00.000000000,2960.98,Myntra,family_upi,0
T0002276,C0066,low_evening_shopper,2026-03-12 21:28:00.000000000,882.53,BigBazaar,self_upi,0
T0004534,C0132,low_evening_shopper,2026-03-12 21:37:00.000000000,965.02,BigBazaar,friend_a,0
T0000795,C0021,low_evening_shopper,2026-03-12 21:38:00.000000000,162.55,LocalKirana,friend_a,0
T0001010,C0027,low_evening_shopper,2026-03-12 21:39:00.000000000,692.16,Amazon,friend_a,0
T0000883,C0023,mid_weekend,2026-03-12 21:45:00.000000000,876.2,Myntra,family_upi,0
T0004633,C0135,low_evening_shopper,2026-03-12 22:28:00.000000000,516.48,LocalKirana,friend_a,0
T0004080,C0117,low_evening_shopper,2026-03-12 22:52:00.000000000,3473.27,BigBazaar,self_upi,0
T0000980,C0026,mid_weekend,2026-03-13 12:33:00.000000000,4182.68,BookMyShow,self_upi,0
T0002661,C0078,low_evening_shopper,2026-03-13 13:59:00.000000000,788.74,Swiggy,friend_a,0
T0000884,C0023,mid_weekend,2026-03-13 15:15:00.000000000,1953.46,IRCTC,self_upi,0
T0002851,C0083,mid_weekend,2026-03-13 16:37:00.000000000,3258.41,Myntra,self_upi,0
T0003070,C0089,mid_weekend,2026-03-13 17:33:00.000000000,2952.99,BookMyShow,family_upi,0
T0002997,C0087,low_evening_shopper,2026-03-13 18:05:00.000000000,808.71,BigBazaar,friend_a,0
T0000399,C0011,mid_weekend,2026-03-13 18:13:00.000000000,2159.97,Myntra,family_upi,0
T0002751,C0080,mid_weekend,2026-03-13 18:17:00.000000000,2224.43,Myntra,self_upi,0
T0000796,C0021,low_evening_shopper,2026-03-13 18:32:00.000000000,837.4,Swiggy,self_upi,0
T0005004,C0146,mid_weekend,2026-03-13 18:40:00.000000000,1611.06,IRCTC,family_upi,0
T0002852,C0083,mid_weekend,2026-03-13 18:44:00.000000000,2654.13,Myntra,family_upi,0
T0002662,C0078,low_evening_shopper,2026-03-13 18:54:00.000000000,816.03,LocalKirana,self_upi,0
T0000312,C0009,low_evening_shopper,2026-03-13 19:11:00.000000000,1155.74,Amazon,self_upi,0
T0003836,C0111,low_evening_shopper,2026-03-13 19:33:00.000000000,685.3,Amazon,friend_a,0
T0005516,C0159,low_evening_shopper,2026-03-13 19:54:00.000000000,599.0,Swiggy,friend_a,0
T0001448,C0042,low_evening_shopper,2026-03-13 20:46:00.000000000,708.95,Swiggy,friend_a,0
T0004150,C0120,low_evening_shopper,2026-03-13 20:55:00.000000000,460.87,Amazon,friend_a,0
T0006203,C0177,low_evening_shopper,2026-03-13 20:56:00.000000000,714.74,BigBazaar,friend_a,0
T0003173,C0093,low_evening_shopper,2026-03-13 21:04:00.000000000,624.79,Swiggy,friend_a,0
T0005840,C0168,low_evening_shopper,2026-03-13 22:12:00.000000000,717.76,BigBazaar,self_upi,0
T0005608,C0162,low_evening_shopper,2026-03-13 22:44:00.000000000,711.24,Amazon,friend_a,0
T0005377,C0156,low_evening_shopper,2026-03-13 22:50:00.000000000,806.54,Swiggy,friend_a,0
T0003724,C0108,low_evening_shopper,2026-03-13 23:03:00.000000000,744.23,LocalKirana,friend_a,0
T0004634,C0135,low_evening_shopper,2026-03-13 23:31:00.000000000,630.88,BigBazaar,friend_a,0
T0006405,C0051,low_evening_shopper,2026-03-14 02:06:00.529255206,6176.48,UnknownStore_6,new_wallet_2260,1
T0003072,C0089,mid_weekend,2026-03-14 08:12:00.000000000,2666.9,BookMyShow,family_upi,0
T0003938,C0113,mid_weekend,2026-03-14 09:04:00.000000000,3007.09,BookMyShow,self_upi,0
T0003939,C0113,mid_weekend,2026-03-14 13:41:00.000000000,2103.4,Myntra,self_upi,0
T0000885,C0023,mid_weekend,2026-03-14 13:47:00.000000000,3960.86,Zomato,family_upi,0
T0003071,C0089,mid_weekend,2026-03-14 14:29:00.000000000,1916.84,IRCTC,family_upi,0
T0001665,C0047,mid_weekend,2026-03-14 15:01:00.000000000,2393.0,Zomato,family_upi,0
T0003174,C0093,low_evening_shopper,2026-03-14 17:01:00.000000000,623.95,Amazon,friend_a,0
T0000556,C0015,low_evening_shopper,2026-03-14 17:15:00.000000000,2624.13,Amazon,self_upi,0
T0000981,C0026,mid_weekend,2026-03-14 17:31:00.000000000,2217.57,BookMyShow,family_upi,0
T0005378,C0156,low_evening_shopper,2026-03-14 18:01:00.000000000,811.31,Amazon,friend_a,0
T0004431,C0129,low_evening_shopper,2026-03-14 18:06:00.000000000,699.06,LocalKirana,friend_a,0
T0005259,C0153,low_evening_shopper,2026-03-14 18:14:00.000000000,864.17,BigBazaar,self_upi,0
T0004151,C0120,low_evening_shopper,2026-03-14 18:34:00.000000000,509.29,Swiggy,friend_a,0
T0006077,C0174,low_evening_shopper,2026-03-14 19:08:00.000000000,524.98,BigBazaar,self_upi,0
T0003960,C0114,low_evening_shopper,2026-03-14 19:12:00.000000000,739.95,Swiggy,self_upi,0
T0005841,C0168,low_evening_shopper,2026-03-14 19:37:00.000000000,593.04,Amazon,friend_a,0
T0001892,C0054,low_evening_shopper,2026-03-14 20:59:00.000000000,538.61,Amazon,friend_a,0
T0001011,C0027,low_evening_shopper,2026-03-14 21:09:00.000000000,551.73,LocalKirana,self_upi,0
T0001542,C0044,mid_weekend,2026-03-14 21:24:00.000000000,2248.61,Zomato,family_upi,0
T0002878,C0084,low_evening_shopper,2026-03-14 21:39:00.000000000,817.28,Swiggy,self_upi,0
T0001449,C0042,low_evening_shopper,2026-03-14 22:08:00.000000000,853.35,BigBazaar,self_upi,0
T0004635,C0135,low_evening_shopper,2026-03-14 22:44:00.000000000,460.89,Swiggy,friend_a,0
T0006044,C0173,mid_weekend,2026-03-14 22:45:00.000000000,2979.59,Zomato,self_upi,0
T0003405,C0099,low_evening_shopper,2026-03-14 22:49:00.000000000,514.39,NewShop_19,self_upi,0
T0003527,C0102,low_evening_shopper,2026-03-14 22:54:00.000000000,984.7,BigBazaar,self_upi,0
T0006442,C0099,low_evening_shopper,2026-03-15 01:26:00.380603712,1570.82,NightPOS_23,friend_a,1
T0005031,C0147,low_evening_shopper,2026-03-15 11:02:00.000000000,694.96,Swiggy,self_upi,0
T0000886,C0023,mid_weekend,2026-03-15 11:25:00.000000000,2260.62,Myntra,family_upi,0
T0002752,C0080,mid_weekend,2026-03-15 12:42:00.000000000,1540.88,BookMyShow,family_upi,0
T0002853,C0083,mid_weekend,2026-03-15 13:39:00.000000000,1919.69,BookMyShow,self_upi,0
T0000982,C0026,mid_weekend,2026-03-15 14:35:00.000000000,1741.75,BookMyShow,self_upi,0
T0001450,C0042,low_evening_shopper,2026-03-15 16:17:00.000000000,885.43,LocalKirana,friend_a,0
T0006078,C0174,low_evening_shopper,2026-03-15 17:31:00.000000000,742.66,Swiggy,friend_a,0
T0005842,C0168,low_evening_shopper,2026-03-15 18:00:00.000000000,982.51,BigBazaar,friend_a,0
T0000313,C0009,low_evening_shopper,2026-03-15 18:06:00.000000000,657.08,LocalKirana,friend_a,0
T0005609,C0162,low_evening_shopper,2026-03-15 18:21:00.000000000,1977.79,BigBazaar,self_upi,0
T0000910,C0024,low_evening_shopper,2026-03-15 19:06:00.000000000,726.44,BigBazaar,friend_a,0
T0003406,C0099,low_evening_shopper,2026-03-15 19:09:00.000000000,780.29,BigBazaar,friend_a,0
T0000314,C0009,low_evening_shopper,2026-03-15 19:50:00.000000000,684.39,Amazon,self_upi,0
T0005137,C0150,low_evening_shopper,2026-03-15 19:52:00.000000000,708.99,BigBazaar,friend_a,0
T0004152,C0120,low_evening_shopper,2026-03-15 20:22:00.000000000,708.02,Amazon,friend_a,0
T0002278,C0066,low_evening_shopper,2026-03-15 20:33:00.000000000,925.17,BigBazaar,self_upi,0
T0002277,C0066,low_evening_shopper,2026-03-15 20:52:00.000000000,817.19,Swiggy,friend_a,0
T0002390,C0069,low_evening_shopper,2026-03-15 21:29:00.000000000,906.16,Amazon,friend_a,0
T0005610,C0162,low_evening_shopper,2026-03-15 21:37:00.000000000,353.14,LocalKirana,friend_a,0
T0004536,C0132,low_evening_shopper,2026-03-15 21:55:00.000000000,1013.03,LocalKirana,self_upi,0
T0000797,C0021,low_evening_shopper,2026-03-15 22:00:00.000000000,670.26,LocalKirana,friend_a,0
T0001893,C0054,low_evening_shopper,2026-03-15 22:06:00.000000000,860.37,Swiggy,self_upi,0
T0001781,C0051,low_evening_shopper,2026-03-15 22:34:00.000000000,742.65,BigBazaar,self_upi,0
T0002879,C0084,low_evening_shopper,2026-03-15 22:39:00.000000000,627.43,LocalKirana,self_upi,0
T0003725,C0108,low_evening_shopper,2026-03-15 22:46:00.000000000,780.94,LocalKirana,self_upi,0
T0006440,C0027,low_evening_shopper,2026-03-16 01:28:00.017138756,6094.97,UnknownStore_7,new_wallet_1719,1
T0000557,C0015,low_evening_shopper,2026-03-16 10:37:00.000000000,754.11,LocalKirana,friend_a,0
T0002855,C0083,mid_weekend,2026-03-16 13:42:00.000000000,2801.93,IRCTC,self_upi,0
T0006311,C0179,mid_weekend,2026-03-16 16:49:00.000000000,2446.29,IRCTC,family_upi,0
T0002753,C0080,mid_weekend,2026-03-16 17:00:00.000000000,2123.68,IRCTC,family_upi,0
T0001012,C0027,low_evening_shopper,2026-03-16 17:05:00.000000000,159.69,Swiggy,self_upi,0
T0006204,C0177,low_evening_shopper,2026-03-16 17:10:00.000000000,883.63,Amazon,self_upi,0
T0001666,C0047,mid_weekend,2026-03-16 17:35:00.000000000,2979.36,IRCTC,family_upi,0
T0001543,C0044,mid_weekend,2026-03-16 17:37:00.000000000,3586.43,Myntra,family_upi,0
T0002854,C0083,mid_weekend,2026-03-16 17:48:00.000000000,1815.63,IRCTC,family_upi,0
T0003838,C0111,low_evening_shopper,2026-03-16 17:59:00.000000000,474.12,Amazon,friend_a,0
T0003407,C0099,low_evening_shopper,2026-03-16 18:04:00.000000000,982.67,Swiggy,friend_a,0
T0003837,C0111,low_evening_shopper,2026-03-16 19:24:00.000000000,579.58,Swiggy,self_upi,0
T0001894,C0054,low_evening_shopper,2026-03-16 20:09:00.000000000,991.25,BigBazaar,self_upi,0
T0000887,C0023,mid_weekend,2026-03-16 20:19:00.000000000,2763.38,Zomato,family_upi,0
T0002361,C0068,mid_weekend,2026-03-16 20:24:00.000000000,1803.2,Myntra,self_upi,0
T0005138,C0150,low_evening_shopper,2026-03-16 20:30:00.000000000,770.54,Swiggy,friend_a,0
T0003175,C0093,low_evening_shopper,2026-03-16 20:35:00.000000000,619.77,Swiggy,self_upi,0
T0003839,C0111,low_evening_shopper,2026-03-16 20:39:00.000000000,681.18,Amazon,self_upi,0
T0000911,C0024,low_evening_shopper,2026-03-16 20:58:00.000000000,836.76,LocalKirana,friend_a,0
T0005379,C0156,low_evening_shopper,2026-03-16 21:47:00.000000000,1280.35,Swiggy,friend_a,0
T0001586,C0045,low_evening_shopper,2026-03-16 21:51:00.000000000,448.47,LocalKirana,friend_a,0
T0003726,C0108,low_evening_shopper,2026-03-16 21:58:00.000000000,836.32,Swiggy,self_upi,0
T0002279,C0066,low_evening_shopper,2026-03-16 22:12:00.000000000,997.46,Amazon,self_upi,0
T0004537,C0132,low_evening_shopper,2026-03-16 22:50:00.000000000,751.0,Amazon,self_upi,0
T0003528,C0102,low_evening_shopper,2026-03-16 22:53:00.000000000,558.23,Amazon,friend_a,0
T0005611,C0162,low_evening_shopper,2026-03-16 23:29:00.000000000,802.13,Amazon,friend_a,0
T0002856,C0083,mid_weekend,2026-03-17 08:47:00.000000000,2940.89,BookMyShow,family_upi,0
T0001545,C0044,mid_weekend,2026-03-17 09:29:00.000000000,2151.01,IRCTC,family_upi,0
T0006312,C0179,mid_weekend,2026-03-17 12:29:00.000000000,1361.07,Myntra,self_upi,0
T0003940,C0113,mid_weekend,2026-03-17 13:50:00.000000000,1845.74,BookMyShow,self_upi,0
T0000888,C0023,mid_weekend,2026-03-17 14:05:00.000000000,2304.9,BookMyShow,self_upi,0
T0001544,C0044,mid_weekend,2026-03-17 15:11:00.000000000,1991.59,IRCTC,family_upi,0
T0001667,C0047,mid_weekend,2026-03-17 16:18:00.000000000,2074.86,BookMyShow,self_upi,0
T0005260,C0153,low_evening_shopper,2026-03-17 16:21:00.000000000,663.04,Amazon,self_upi,0
T0001451,C0042,low_evening_shopper,2026-03-17 17:38:00.000000000,811.88,BigBazaar,friend_a,0
T0001013,C0027,low_evening_shopper,2026-03-17 18:00:00.000000000,706.05,Swiggy,friend_a,0
T0005139,C0150,low_evening_shopper,2026-03-17 18:20:00.000000000,640.74,NewShop_37,friend_a,0
T0001782,C0051,low_evening_shopper,2026-03-17 18:37:00.000000000,722.94,Swiggy,self_upi,0
T0000316,C0009,low_evening_shopper,2026-03-17 18:41:00.000000000,1581.71,Amazon,friend_a,0
T0003176,C0093,low_evening_shopper,2026-03-17 19:08:00.000000000,668.35,LocalKirana,friend_a,0
T0004153,C0120,low_evening_shopper,2026-03-17 19:19:00.000000000,801.83,LocalKirana,friend_a,0
T0006205,C0177,low_evening_shopper,2026-03-17 19:34:00.000000000,875.3,Swiggy,friend_a,0
T0005612,C0162,low_evening_shopper,2026-03-17 19:40:00.000000000,575.0,Swiggy,self_upi,0
T0000315,C0009,low_evening_shopper,2026-03-17 19:49:00.000000000,410.41,BigBazaar,friend_a,0
T0005032,C0147,low_evening_shopper,2026-03-17 20:07:00.000000000,423.91,LocalKirana,friend_a,0
T0002173,C0063,low_evening_shopper,2026-03-17 20:23:00.000000000,474.47,LocalKirana,friend_a,0
T0004432,C0129,low_evening_shopper,2026-03-17 21:31:00.000000000,501.5,LocalKirana,self_upi,0
T0005517,C0159,low_evening_shopper,2026-03-17 22:46:00.000000000,488.87,BigBazaar,self_upi,0
T0002280,C0066,low_evening_shopper,2026-03-17 22:57:00.000000000,651.44,Swiggy,self_upi,0
T0000400,C0011,mid_weekend,2026-03-18 09:23:00.000000000,3400.74,IRCTC,self_upi,0
T0006045,C0173,mid_weekend,2026-03-18 11:19:00.000000000,1951.45,Myntra,family_upi,0
T0000889,C0023,mid_weekend,2026-03-18 12:25:00.000000000,2205.88,BookMyShow,self_upi,0
T0006313,C0179,mid_weekend,2026-03-18 16:58:00.000000000,2535.85,BookMyShow,family_upi,0
T0001546,C0044,mid_weekend,2026-03-18 17:02:00.000000000,3614.28,Myntra,self_upi,0
T0000401,C0011,mid_weekend,2026-03-18 17:02:00.000000000,1685.04,Zomato,self_upi,0
T0005519,C0159,low_evening_shopper,2026-03-18 17:35:00.000000000,963.9,LocalKirana,self_upi,0
T0000798,C0021,low_evening_shopper,2026-03-18 18:23:00.000000000,716.02,Swiggy,friend_a,0
T0005033,C0147,low_evening_shopper,2026-03-18 18:27:00.000000000,831.0,LocalKirana,friend_a,0
T0005614,C0162,low_evening_shopper,2026-03-18 18:56:00.000000000,565.25,BigBazaar,self_upi,0
T0002362,C0068,mid_weekend,2026-03-18 19:01:00.000000000,3632.66,IRCTC,self_upi,0
T0001783,C0051,low_evening_shopper,2026-03-18 19:21:00.000000000,1246.91,BigBazaar,friend_a,0
T0005613,C0162,low_evening_shopper,2026-03-18 19:27:00.000000000,1022.01,LocalKirana,self_upi,0
T0005843,C0168,low_evening_shopper,2026-03-18 19:32:00.000000000,469.03,BigBazaar,friend_a,0
T0002363,C0068,mid_weekend,2026-03-18 19:38:00.000000000,1996.88,Zomato,self_upi,0
T0005518,C0159,low_evening_shopper,2026-03-18 19:52:00.000000000,615.16,Amazon,self_upi,0
T0003961,C0114,low_evening_shopper,2026-03-18 20:33:00.000000000,571.24,Swiggy,self_upi,0
T0004538,C0132,low_evening_shopper,2026-03-18 20:41:00.000000000,760.33,BigBazaar,self_upi,0
T0005140,C0150,low_evening_shopper,2026-03-18 20:54:00.000000000,895.42,Amazon,self_upi,0
T0006079,C0174,low_evening_shopper,2026-03-18 21:02:00.000000000,774.73,Swiggy,self_upi,0
T0002880,C0084,low_evening_shopper,2026-03-18 22:58:00.000000000,1963.0,BigBazaar,friend_a,0
T0002281,C0066,low_evening_shopper,2026-03-18 23:39:00.000000000,441.8,Swiggy,friend_a,0
T0003074,C0089,mid_weekend,2026-03-19 13:44:00.000000000,3215.1,BookMyShow,family_upi,0
T0003073,C0089,mid_weekend,2026-03-19 14:16:00.000000000,2688.5,NewShop_3,family_upi,0
T0002364,C0068,mid_weekend,2026-03-19 14:30:00.000000000,1407.22,IRCTC,family_upi,0
T0000890,C0023,mid_weekend,2026-03-19 16:19:00.000000000,2030.75,BookMyShow,self_upi,0
T0000402,C0011,mid_weekend,2026-03-19 16:26:00.000000000,2792.09,Zomato,family_upi,0
T0003962,C0114,low_evening_shopper,2026-03-19 17:16:00.000000000,696.79,BigBazaar,self_upi,0
T0004082,C0117,low_evening_shopper,2026-03-19 18:25:00.000000000,829.98,Swiggy,friend_a,0
T0004154,C0120,low_evening_shopper,2026-03-19 18:25:00.000000000,777.85,LocalKirana,self_upi,0
T0002365,C0068,mid_weekend,2026-03-19 18:26:00.000000000,7189.81,Zomato,self_upi,0
T0003075,C0089,mid_weekend,2026-03-19 18:33:00.000000000,2343.45,Myntra,family_upi,0
T0005844,C0168,low_evening_shopper,2026-03-19 18:45:00.000000000,705.35,Swiggy,friend_a,0
T0004081,C0117,low_evening_shopper,2026-03-19 19:06:00.000000000,970.32,BigBazaar,friend_a,0
T0001014,C0027,low_evening_shopper,2026-03-19 19:17:00.000000000,893.47,BigBazaar,self_upi,0
T0006206,C0177,low_evening_shopper,2026-03-19 19:39:00.000000000,648.82,Swiggy,self_upi,0
T0005261,C0153,low_evening_shopper,2026-03-19 19:42:00.000000000,461.79,LocalKirana,friend_a,0
T0003177,C0093,low_evening_shopper,2026-03-19 20:07:00.000000000,529.95,BigBazaar,self_upi,0
T0004539,C0132,low_evening_shopper,2026-03-19 20:12:00.000000000,740.95,Swiggy,friend_a,0
T0001668,C0047,mid_weekend,2026-03-19 20:17:00.000000000,2082.51,BookMyShow,self_upi,0
T0000558,C0015,low_evening_shopper,2026-03-19 21:01:00.000000000,630.44,LocalKirana,friend_a,0
T0001784,C0051,low_evening_shopper,2026-03-19 21:35:00.000000000,537.79,LocalKirana,friend_a,0
T0004433,C0129,low_evening_shopper,2026-03-19 21:44:00.000000000,788.05,BigBazaar,self_upi,0
T0006314,C0179,mid_weekend,2026-03-19 21:47:00.000000000,2798.49,Zomato,self_upi,0
T0000799,C0021,low_evening_shopper,2026-03-19 22:25:00.000000000,770.17,BigBazaar,self_upi,0
T0003840,C0111,low_evening_shopper,2026-03-19 22:29:00.000000000,580.06,Swiggy,self_upi,0
T0006351,C0168,low_evening_shopper,2026-03-19 22:52:00.534085885,3494.99,BigBazaar,friend_a,1
T0001452,C0042,low_evening_shopper,2026-03-19 23:04:00.000000000,1037.38,Amazon,self_upi,0
T0006316,C0179,mid_weekend,2026-03-20 08:13:00.000000000,2496.81,IRCTC,family_upi,0
T0006315,C0179,mid_weekend,2026-03-20 10:05:00.000000000,2608.45,Zomato,self_upi,0
T0006317,C0179,mid_weekend,2026-03-20 14:20:00.000000000,1798.12,IRCTC,self_upi,0
T0000403,C0011,mid_weekend,2026-03-20 15:18:00.000000000,1966.12,IRCTC,self_upi,0
T0002857,C0083,mid_weekend,2026-03-20 16:13:00.000000000,2349.67,Zomato,self_upi,0
T0006318,C0179,mid_weekend,2026-03-20 16:18:00.000000000,3316.74,IRCTC,family_upi,0
T0006207,C0177,low_evening_shopper,2026-03-20 17:06:00.000000000,2468.4,BigBazaar,self_upi,0
T0005520,C0159,low_evening_shopper,2026-03-20 17:56:00.000000000,1079.44,LocalKirana,self_upi,0
T0001453,C0042,low_evening_shopper,2026-03-20 18:40:00.000000000,797.02,Swiggy,friend_a,0
T0000404,C0011,mid_weekend,2026-03-20 18:47:00.000000000,3097.52,Myntra,self_upi,0
T0001587,C0045,low_evening_shopper,2026-03-20 19:16:00.000000000,438.55,Swiggy,friend_a,0
T0005615,C0162,low_evening_shopper,2026-03-20 20:16:00.000000000,806.97,LocalKirana,friend_a,0
T0005845,C0168,low_evening_shopper,2026-03-20 20:23:00.000000000,601.38,BigBazaar,self_upi,0
T0005380,C0156,low_evening_shopper,2026-03-20 20:36:00.000000000,861.45,Amazon,self_upi,0
T0003963,C0114,low_evening_shopper,2026-03-20 20:41:00.000000000,474.31,Swiggy,friend_a,0
T0003408,C0099,low_evening_shopper,2026-03-20 20:55:00.000000000,500.88,Amazon,friend_a,0
T0000800,C0021,low_evening_shopper,2026-03-20 21:01:00.000000000,688.86,Amazon,friend_a,0
T0004434,C0129,low_evening_shopper,2026-03-20 21:18:00.000000000,808.76,Amazon,friend_a,0
T0000559,C0015,low_evening_shopper,2026-03-20 21:49:00.000000000,771.5,BigBazaar,friend_a,0
T0004827,C0141,low_evening_shopper,2026-03-20 23:22:00.000000000,494.77,BigBazaar,friend_a,0
T0006319,C0179,mid_weekend,2026-03-21 16:56:00.000000000,2034.36,BookMyShow,family_upi,0
T0005381,C0156,low_evening_shopper,2026-03-21 17:53:00.000000000,520.17,Amazon,friend_a,0
T0002881,C0084,low_evening_shopper,2026-03-21 18:40:00.000000000,739.64,Swiggy,self_upi,0
T0006080,C0174,low_evening_shopper,2026-03-21 19:14:00.000000000,710.44,Swiggy,self_upi,0
T0000801,C0021,low_evening_shopper,2026-03-21 19:37:00.000000000,849.51,BigBazaar,self_upi,0
T0005141,C0150,low_evening_shopper,2026-03-21 20:37:00.000000000,1029.7,LocalKirana,self_upi,0
T0004155,C0120,low_evening_shopper,2026-03-21 20:40:00.000000000,761.24,LocalKirana,friend_a,0
T0005142,C0150,low_evening_shopper,2026-03-21 20:40:00.000000000,698.56,NewShop_1,friend_a,0
T0004828,C0141,low_evening_shopper,2026-03-21 20:40:00.000000000,775.13,Swiggy,self_upi,0
T0006081,C0174,low_evening_shopper,2026-03-21 20:40:00.000000000,935.77,Amazon,friend_a,0
T0004540,C0132,low_evening_shopper,2026-03-21 20:52:00.000000000,641.17,Swiggy,friend_a,0
T0003964,C0114,low_evening_shopper,2026-03-21 20:58:00.000000000,1077.51,Amazon,self_upi,0
T0005262,C0153,low_evening_shopper,2026-03-21 21:03:00.000000000,588.46,Amazon,self_upi,0
T0001548,C0044,mid_weekend,2026-03-22 13:37:00.000000000,2838.75,IRCTC,self_upi,0
T0001547,C0044,mid_weekend,2026-03-22 14:14:00.000000000,2142.24,BookMyShow,family_upi,0
T0000802,C0021,low_evening_shopper,2026-03-22 16:08:00.000000000,603.36,BigBazaar,friend_a,0
T0005521,C0159,low_evening_shopper,2026-03-22 18:23:00.000000000,764.49,BigBazaar,friend_a,0
T0004541,C0132,low_evening_shopper,2026-03-22 19:34:00.000000000,2028.69,Swiggy,friend_a,0
T0005143,C0150,low_evening_shopper,2026-03-22 19:35:00.000000000,561.87,Swiggy,friend_a,0
T0000803,C0021,low_evening_shopper,2026-03-22 20:50:00.000000000,789.82,LocalKirana,self_upi,0
T0004829,C0141,low_evening_shopper,2026-03-22 20:53:00.000000000,446.32,Swiggy,friend_a,0
T0002882,C0084,low_evening_shopper,2026-03-22 21:29:00.000000000,540.09,Amazon,self_upi,0
T0005263,C0153,low_evening_shopper,2026-03-22 21:40:00.000000000,784.88,BigBazaar,friend_a,0
T0006208,C0177,low_evening_shopper,2026-03-22 22:35:00.000000000,751.07,Swiggy,self_upi,0
T0005846,C0168,low_evening_shopper,2026-03-22 23:04:00.000000000,2191.72,BigBazaar,friend_a,0
T0000406,C0011,mid_weekend,2026-03-23 14:02:00.000000000,2653.9,Myntra,self_upi,0
T0000405,C0011,mid_weekend,2026-03-23 14:11:00.000000000,7750.12,BookMyShow,family_upi,0
T0006320,C0179,mid_weekend,2026-03-23 14:55:00.000000000,1211.89,NewShop_31,family_upi,0
T0000891,C0023,mid_weekend,2026-03-23 15:16:00.000000000,3173.15,BookMyShow,self_upi,0
T0003529,C0102,low_evening_shopper,2026-03-23 19:22:00.000000000,519.68,Swiggy,self_upi,0
T0000804,C0021,low_evening_shopper,2026-03-23 19:24:00.000000000,460.21,Swiggy,self_upi,0
T0003409,C0099,low_evening_shopper,2026-03-23 19:31:00.000000000,661.14,LocalKirana,friend_a,0
T0003178,C0093,low_evening_shopper,2026-03-23 19:47:00.000000000,403.74,Amazon,friend_a,0
T0000560,C0015,low_evening_shopper,2026-03-23 19:52:00.000000000,2068.18,Swiggy,friend_a,0
T0002663,C0078,low_evening_shopper,2026-03-23 20:07:00.000000000,456.49,Swiggy,self_upi,0
T0002883,C0084,low_evening_shopper,2026-03-23 20:13:00.000000000,809.91,Amazon,self_upi,0
T0001454,C0042,low_evening_shopper,2026-03-23 20:13:00.000000000,586.22,BigBazaar,self_upi,0
T0005144,C0150,low_evening_shopper,2026-03-23 21:12:00.000000000,863.78,Amazon,friend_a,0
T0000317,C0009,low_evening_shopper,2026-03-23 21:34:00.000000000,750.61,Swiggy,friend_a,0
T0005522,C0159,low_evening_shopper,2026-03-23 22:40:00.000000000,716.19,BigBazaar,friend_a,0
T0001015,C0027,low_evening_shopper,2026-03-23 22:45:00.000000000,590.98,Amazon,friend_a,0
T0000407,C0011,mid_weekend,2026-03-24 10:10:00.000000000,2962.42,NewShop_7,self_upi,0
T0000408,C0011,mid_weekend,2026-03-24 14:35:00.000000000,7061.55,Zomato,family_upi,0
T0000561,C0015,low_evening_shopper,2026-03-24 19:04:00.000000000,511.25,Swiggy,friend_a,0
T0003530,C0102,low_evening_shopper,2026-03-24 19:32:00.000000000,670.76,LocalKirana,self_upi,0
T0000805,C0021,low_evening_shopper,2026-03-24 19:33:00.000000000,1069.33,Swiggy,self_upi,0
T0003965,C0114,low_evening_shopper,2026-03-24 19:39:00.000000000,1053.06,Swiggy,self_upi,0
T0001786,C0051,low_evening_shopper,2026-03-24 19:59:00.000000000,884.14,NewShop_38,friend_a,0
T0001588,C0045,low_evening_shopper,2026-03-24 20:29:00.000000000,765.21,LocalKirana,self_upi,0
T0000318,C0009,low_evening_shopper,2026-03-24 20:50:00.000000000,273.0,Amazon,friend_a,0
T0002282,C0066,low_evening_shopper,2026-03-24 20:51:00.000000000,649.76,Swiggy,friend_a,0
T0005264,C0153,low_evening_shopper,2026-03-24 21:18:00.000000000,811.05,Swiggy,friend_a,0
T0001785,C0051,low_evening_shopper,2026-03-24 21:52:00.000000000,639.26,Swiggy,self_upi,0
T0003966,C0114,low_evening_shopper,2026-03-24 22:20:00.000000000,991.49,LocalKirana,self_upi,0
T0004435,C0129,low_evening_shopper,2026-03-24 22:47:00.000000000,985.48,LocalKirana,friend_a,0
T0000409,C0011,mid_weekend,2026-03-25 15:03:00.000000000,3242.9,BookMyShow,family_upi,0
T0003179,C0093,low_evening_shopper,2026-03-25 17:29:00.000000000,883.81,Amazon,self_upi,0
T0000806,C0021,low_evening_shopper,2026-03-25 18:05:00.000000000,839.92,BigBazaar,friend_a,0
T0001787,C0051,low_evening_shopper,2026-03-25 18:13:00.000000000,830.81,Swiggy,friend_a,0
T0001455,C0042,low_evening_shopper,2026-03-25 19:23:00.000000000,756.44,BigBazaar,friend_a,0
T0006209,C0177,low_evening_shopper,2026-03-25 19:47:00.000000000,1018.4,Amazon,self_upi,0
T0003180,C0093,low_evening_shopper,2026-03-25 20:02:00.000000000,773.01,LocalKirana,friend_a,0
T0006413,C0051,low_evening_shopper,2026-03-25 20:44:00.397155412,1226.32,LocalKirana,quick_payee_567,1
T0005145,C0150,low_evening_shopper,2026-03-25 20:55:00.000000000,738.43,Amazon,self_upi,0
T0002391,C0069,low_evening_shopper,2026-03-25 21:13:00.000000000,785.89,Amazon,self_upi,0
T0003967,C0114,low_evening_shopper,2026-03-26 17:17:00.000000000,1019.42,Amazon,friend_a,0
T0001589,C0045,low_evening_shopper,2026-03-26 18:12:00.000000000,742.23,BigBazaar,self_upi,0
T0001788,C0051,low_evening_shopper,2026-03-26 18:54:00.000000000,782.39,Amazon,self_upi,0
T0005847,C0168,low_evening_shopper,2026-03-26 19:24:00.000000000,949.29,LocalKirana,self_upi,0
T0000807,C0021,low_evening_shopper,2026-03-26 19:40:00.000000000,606.61,BigBazaar,self_upi,0
T0000410,C0011,mid_weekend,2026-03-26 19:41:00.000000000,2106.11,Zomato,self_upi,0
T0003410,C0099,low_evening_shopper,2026-03-26 19:45:00.000000000,1032.34,BigBazaar,friend_a,0
T0000562,C0015,low_evening_shopper,2026-03-26 19:59:00.000000000,651.81,BigBazaar,friend_a,0
T0005265,C0153,low_evening_shopper,2026-03-26 21:07:00.000000000,675.74,Amazon,friend_a,0
T0005147,C0150,low_evening_shopper,2026-03-26 21:15:00.000000000,660.83,Amazon,friend_a,0
T0003531,C0102,low_evening_shopper,2026-03-26 22:05:00.000000000,784.57,LocalKirana,friend_a,0
T0005146,C0150,low_evening_shopper,2026-03-26 22:15:00.000000000,779.52,BigBazaar,self_upi,0
T0002664,C0078,low_evening_shopper,2026-03-26 23:04:00.000000000,1018.47,BigBazaar,friend_a,0
T0004830,C0141,low_evening_shopper,2026-03-26 23:47:00.000000000,641.07,BigBazaar,self_upi,0
T0006323,C0179,mid_weekend,2026-03-27 12:59:00.000000000,1946.39,Zomato,self_upi,0
T0006321,C0179,mid_weekend,2026-03-27 13:27:00.000000000,3362.16,NewShop_28,self_upi,0
T0000563,C0015,low_evening_shopper,2026-03-27 17:03:00.000000000,901.16,Amazon,self_upi,0
T0006322,C0179,mid_weekend,2026-03-27 17:32:00.000000000,3012.23,IRCTC,self_upi,0
T0005523,C0159,low_evening_shopper,2026-03-27 17:54:00.000000000,813.48,Swiggy,self_upi,0
T0005148,C0150,low_evening_shopper,2026-03-27 19:20:00.000000000,681.16,Amazon,friend_a,0
T0006210,C0177,low_evening_shopper,2026-03-27 19:22:00.000000000,759.79,LocalKirana,friend_a,0
T0005266,C0153,low_evening_shopper,2026-03-27 19:33:00.000000000,781.81,BigBazaar,self_upi,0
T0004542,C0132,low_evening_shopper,2026-03-27 19:38:00.000000000,790.54,Amazon,friend_a,0
T0001590,C0045,low_evening_shopper,2026-03-27 19:51:00.000000000,797.12,Swiggy,self_upi,0
T0003841,C0111,low_evening_shopper,2026-03-27 19:57:00.000000000,804.59,Amazon,friend_a,0
T0005267,C0153,low_evening_shopper,2026-03-27 20:02:00.000000000,613.13,LocalKirana,friend_a,0
T0000808,C0021,low_evening_shopper,2026-03-27 20:10:00.000000000,572.47,LocalKirana,self_upi,0
T0002392,C0069,low_evening_shopper,2026-03-27 20:17:00.000000000,691.85,Swiggy,self_upi,0
T0001456,C0042,low_evening_shopper,2026-03-27 20:19:00.000000000,705.42,BigBazaar,self_upi,0
T0001789,C0051,low_evening_shopper,2026-03-27 20:36:00.000000000,987.86,LocalKirana,self_upi,0
T0002283,C0066,low_evening_shopper,2026-03-27 21:36:00.000000000,687.48,Swiggy,self_upi,0
T0005848,C0168,low_evening_shopper,2026-03-27 21:43:00.000000000,927.75,LocalKirana,self_upi,0
T0006354,C0153,low_evening_shopper,2026-03-28 01:06:00.144258837,5650.87,UnknownStore_52,new_wallet_2129,1
T0006324,C0179,mid_weekend,2026-03-28 13:18:00.000000000,2721.0,Zomato,family_upi,0
T0004831,C0141,low_evening_shopper,2026-03-28 18:45:00.000000000,736.95,BigBazaar,self_upi,0
T0001790,C0051,low_evening_shopper,2026-03-28 19:08:00.000000000,874.8,LocalKirana,self_upi,0
T0005268,C0153,low_evening_shopper,2026-03-28 19:30:00.000000000,647.64,Swiggy,self_upi,0
T0001457,C0042,low_evening_shopper,2026-03-28 19:41:00.000000000,854.14,LocalKirana,self_upi,0
T0003532,C0102,low_evening_shopper,2026-03-28 20:29:00.000000000,512.12,Amazon,friend_a,0
T0004543,C0132,low_evening_shopper,2026-03-28 20:43:00.000000000,1066.08,LocalKirana,friend_a,0
T0001591,C0045,low_evening_shopper,2026-03-28 21:28:00.000000000,324.96,Amazon,self_upi,0
T0005382,C0156,low_evening_shopper,2026-03-28 21:42:00.000000000,540.04,Amazon,self_upi,0
T0005149,C0150,low_evening_shopper,2026-03-28 22:16:00.000000000,590.78,LocalKirana,self_upi,0
T0002884,C0084,low_evening_shopper,2026-03-28 22:38:00.000000000,617.13,Amazon,friend_a,0
T0003842,C0111,low_evening_shopper,2026-03-28 23:40:00.000000000,828.56,LocalKirana,self_upi,0
T0000412,C0011,mid_weekend,2026-03-29 05:33:00.000000000,2967.72,Zomato,family_upi,0
T0002885,C0084,low_evening_shopper,2026-03-29 16:03:00.000000000,505.28,LocalKirana,self_upi,0
T0000411,C0011,mid_weekend,2026-03-29 18:41:00.000000000,2526.79,Zomato,self_upi,0
T0003968,C0114,low_evening_shopper,2026-03-29 19:16:00.000000000,561.82,BigBazaar,self_upi,0
T0003411,C0099,low_evening_shopper,2026-03-29 19:18:00.000000000,691.33,Swiggy,self_upi,0
T0004156,C0120,low_evening_shopper,2026-03-29 20:23:00.000000000,715.2,BigBazaar,friend_a,0
T0005849,C0168,low_evening_shopper,2026-03-29 21:38:00.000000000,845.28,Swiggy,friend_a,0
T0006326,C0179,mid_weekend,2026-03-30 13:12:00.000000000,1386.5,IRCTC,family_upi,0
T0006325,C0179,mid_weekend,2026-03-30 15:48:00.000000000,2788.54,BookMyShow,family_upi,0
T0003412,C0099,low_evening_shopper,2026-03-30 17:56:00.000000000,591.73,LocalKirana,self_upi,0
T0001592,C0045,low_evening_shopper,2026-03-30 19:11:00.000000000,757.07,Amazon,friend_a,0
T0005850,C0168,low_evening_shopper,2026-03-30 19:15:00.000000000,801.81,BigBazaar,friend_a,0
T0003181,C0093,low_evening_shopper,2026-03-30 19:17:00.000000000,930.42,Swiggy,self_upi,0
T0000564,C0015,low_evening_shopper,2026-03-30 19:23:00.000000000,579.19,Swiggy,self_upi,0
T0004544,C0132,low_evening_shopper,2026-03-30 19:55:00.000000000,754.82,Swiggy,friend_a,0
T0002393,C0069,low_evening_shopper,2026-03-30 21:01:00.000000000,616.97,BigBazaar,self_upi,0
T0003843,C0111,low_evening_shopper,2026-03-30 21:07:00.000000000,688.55,Amazon,self_upi,0
T0005269,C0153,low_evening_shopper,2026-03-30 21:53:00.000000000,420.14,Amazon,friend_a,0
T0004157,C0120,low_evening_shopper,2026-03-30 22:37:00.000000000,1048.31,Swiggy,friend_a,0
T0000319,C0009,low_evening_shopper,2026-03-30 22:40:00.000000000,944.22,LocalKirana,friend_a,0
T0006327,C0179,mid_weekend,2026-03-31 13:07:00.000000000,2681.27,IRCTC,family_upi,0
T0006329,C0179,mid_weekend,2026-03-31 15:19:00.000000000,2725.95,Zomato,family_upi,0
T0000413,C0011,mid_weekend,2026-03-31 16:45:00.000000000,2912.59,Myntra,self_upi,0
T0006328,C0179,mid_weekend,2026-03-31 16:53:00.000000000,1985.54,BookMyShow,self_upi,0
T0002285,C0066,low_evening_shopper,2026-03-31 18:28:00.000000000,663.29,Amazon,friend_a,0
T0004158,C0120,low_evening_shopper,2026-03-31 19:11:00.000000000,570.79,Swiggy,friend_a,0
T0001791,C0051,low_evening_shopper,2026-03-31 19:30:00.000000000,623.6,Amazon,self_upi,0
T0001458,C0042,low_evening_shopper,2026-03-31 19:57:00.000000000,804.72,Amazon,friend_a,0
T0003182,C0093,low_evening_shopper,2026-03-31 20:33:00.000000000,2579.84,Amazon,self_upi,0
T0004545,C0132,low_evening_shopper,2026-03-31 20:48:00.000000000,875.73,Amazon,friend_a,0
T0002284,C0066,low_evening_shopper,2026-03-31 22:07:00.000000000,943.48,LocalKirana,friend_a,0
T0006211,C0177,low_evening_shopper,2026-03-31 22:23:00.000000000,606.24,Amazon,friend_a,0
T0000565,C0015,low_evening_shopper,2026-04-01 18:08:00.000000000,505.11,BigBazaar,self_upi,0
T0001792,C0051,low_evening_shopper,2026-04-01 18:23:00.000000000,751.71,Swiggy,friend_a,0
T0003413,C0099,low_evening_shopper,2026-04-01 18:26:00.000000000,823.52,Amazon,friend_a,0
T0004832,C0141,low_evening_shopper,2026-04-01 19:04:00.000000000,1005.42,LocalKirana,friend_a,0
T0000566,C0015,low_evening_shopper,2026-04-01 20:46:00.000000000,527.48,Swiggy,self_upi,0
T0003844,C0111,low_evening_shopper,2026-04-01 20:56:00.000000000,957.39,BigBazaar,friend_a,0
T0001593,C0045,low_evening_shopper,2026-04-01 21:13:00.000000000,727.09,BigBazaar,self_upi,0
T0005524,C0159,low_evening_shopper,2026-04-01 21:21:00.000000000,672.02,Swiggy,self_upi,0
T0002886,C0084,low_evening_shopper,2026-04-01 21:27:00.000000000,627.51,Swiggy,self_upi,0
T0002394,C0069,low_evening_shopper,2026-04-01 22:43:00.000000000,802.25,Amazon,self_upi,0
T0003845,C0111,low_evening_shopper,2026-04-02 19:42:00.000000000,617.53,Swiggy,friend_a,0
T0005851,C0168,low_evening_shopper,2026-04-02 20:01:00.000000000,622.78,Swiggy,self_upi,0
T0003414,C0099,low_evening_shopper,2026-04-02 21:23:00.000000000,772.53,Amazon,friend_a,0
T0002395,C0069,low_evening_shopper,2026-04-02 21:49:00.000000000,812.8,BigBazaar,self_upi,0
T0002887,C0084,low_evening_shopper,2026-04-02 21:49:00.000000000,446.17,BigBazaar,self_upi,0
T0004436,C0129,low_evening_shopper,2026-04-02 22:03:00.000000000,698.01,LocalKirana,self_upi,0
T0000567,C0015,low_evening_shopper,2026-04-02 23:28:00.000000000,571.46,Amazon,self_upi,0
T0000414,C0011,mid_weekend,2026-04-03 13:05:00.000000000,2721.82,NewShop_10,self_upi,0
T0001459,C0042,low_evening_shopper,2026-04-03 18:17:00.000000000,700.44,Amazon,self_upi,0
T0003846,C0111,low_evening_shopper,2026-04-03 19:00:00.000000000,845.92,Swiggy,friend_a,0
T0000415,C0011,mid_weekend,2026-04-03 19:03:00.000000000,3139.41,IRCTC,self_upi,0
T0001793,C0051,low_evening_shopper,2026-04-03 19:53:00.000000000,1092.5,BigBazaar,friend_a,0
T0000320,C0009,low_evening_shopper,2026-04-03 20:15:00.000000000,621.57,Swiggy,friend_a,0
T0005526,C0159,low_evening_shopper,2026-04-03 20:16:00.000000000,564.74,NewShop_8,friend_a,0
T0003184,C0093,low_evening_shopper,2026-04-03 20:26:00.000000000,670.46,Swiggy,friend_a,0
T0001594,C0045,low_evening_shopper,2026-04-03 20:32:00.000000000,711.4,BigBazaar,friend_a,0
T0005852,C0168,low_evening_shopper,2026-04-03 20:39:00.000000000,743.19,Swiggy,friend_a,0
T0005525,C0159,low_evening_shopper,2026-04-03 21:19:00.000000000,745.26,Swiggy,friend_a,0
T0003183,C0093,low_evening_shopper,2026-04-03 21:36:00.000000000,814.93,BigBazaar,self_upi,0
T0003969,C0114,low_evening_shopper,2026-04-03 21:40:00.000000000,854.35,Swiggy,self_upi,0
T0005383,C0156,low_evening_shopper,2026-04-03 21:52:00.000000000,641.63,Swiggy,friend_a,0
T0000416,C0011,mid_weekend,2026-04-04 14:49:00.000000000,2261.33,Myntra,self_upi,0
T0002888,C0084,low_evening_shopper,2026-04-04 19:14:00.000000000,749.7,Amazon,friend_a,0
T0003185,C0093,low_evening_shopper,2026-04-04 19:19:00.000000000,849.71,BigBazaar,friend_a,0
T0005270,C0153,low_evening_shopper,2026-04-04 19:28:00.000000000,646.96,BigBazaar,friend_a,0
T0005528,C0159,low_evening_shopper,2026-04-04 19:37:00.000000000,853.97,Swiggy,friend_a,0
T0005527,C0159,low_evening_shopper,2026-04-04 20:25:00.000000000,721.17,LocalKirana,self_upi,0
T0003970,C0114,low_evening_shopper,2026-04-04 21:05:00.000000000,807.58,Swiggy,friend_a,0
T0000321,C0009,low_evening_shopper,2026-04-04 23:08:00.000000000,426.0,BigBazaar,self_upi,0
T0003187,C0093,low_evening_shopper,2026-04-05 18:11:00.000000000,845.44,LocalKirana,self_upi,0
T0005271,C0153,low_evening_shopper,2026-04-05 19:13:00.000000000,793.64,Amazon,friend_a,0
T0003186,C0093,low_evening_shopper,2026-04-05 20:27:00.000000000,789.48,LocalKirana,friend_a,0
T0005384,C0156,low_evening_shopper,2026-04-05 20:34:00.000000000,573.95,BigBazaar,friend_a,0
T0004546,C0132,low_evening_shopper,2026-04-05 20:44:00.000000000,2510.22,BigBazaar,self_upi,0
T0001460,C0042,low_evening_shopper,2026-04-05 20:59:00.000000000,699.18,Amazon,self_upi,0
T0005529,C0159,low_evening_shopper,2026-04-05 21:25:00.000000000,567.87,Amazon,self_upi,0
T0002665,C0078,low_evening_shopper,2026-04-05 21:31:00.000000000,626.8,Swiggy,self_upi,0
T0006212,C0177,low_evening_shopper,2026-04-05 21:31:00.000000000,912.9,LocalKirana,self_upi,0
T0001794,C0051,low_evening_shopper,2026-04-05 21:34:00.000000000,657.34,LocalKirana,self_upi,0
T0003847,C0111,low_evening_shopper,2026-04-06 18:29:00.000000000,780.4,LocalKirana,friend_a,0
T0000569,C0015,low_evening_shopper,2026-04-06 19:09:00.000000000,897.31,LocalKirana,friend_a,0
T0000322,C0009,low_evening_shopper,2026-04-06 19:11:00.000000000,879.2,Swiggy,friend_a,0
T0000568,C0015,low_evening_shopper,2026-04-06 19:36:00.000000000,713.46,BigBazaar,self_upi,0
T0000570,C0015,low_evening_shopper,2026-04-06 23:38:00.000000000,271.95,BigBazaar,self_upi,0
T0000571,C0015,low_evening_shopper,2026-04-07 20:09:00.000000000,690.53,Swiggy,self_upi,0
T0005272,C0153,low_evening_shopper,2026-04-07 20:18:00.000000000,768.29,Swiggy,self_upi,0
T0002666,C0078,low_evening_shopper,2026-04-07 20:19:00.000000000,611.63,BigBazaar,friend_a,0
T0004437,C0129,low_evening_shopper,2026-04-07 20:49:00.000000000,900.07,LocalKirana,friend_a,0
T0001461,C0042,low_evening_shopper,2026-04-07 20:52:00.000000000,3217.62,BigBazaar,self_upi,0
T0000323,C0009,low_evening_shopper,2026-04-07 21:55:00.000000000,1168.65,BigBazaar,self_upi,0
T0005385,C0156,low_evening_shopper,2026-04-07 21:55:00.000000000,733.09,BigBazaar,friend_a,0
T0002889,C0084,low_evening_shopper,2026-04-07 21:56:00.000000000,907.26,Swiggy,friend_a,0
T0003415,C0099,low_evening_shopper,2026-04-07 21:59:00.000000000,294.45,BigBazaar,self_upi,0
T0003971,C0114,low_evening_shopper,2026-04-07 22:50:00.000000000,705.99,BigBazaar,self_upi,0
T0005386,C0156,low_evening_shopper,2026-04-07 22:56:00.000000000,1474.5,Amazon,self_upi,0
T0005387,C0156,low_evening_shopper,2026-04-08 18:25:00.000000000,548.47,LocalKirana,self_upi,0
T0003188,C0093,low_evening_shopper,2026-04-08 18:47:00.000000000,584.92,Amazon,friend_a,0
T0001595,C0045,low_evening_shopper,2026-04-08 18:48:00.000000000,913.96,LocalKirana,friend_a,0
T0005530,C0159,low_evening_shopper,2026-04-08 19:05:00.000000000,781.61,NewShop_16,friend_a,0
T0002286,C0066,low_evening_shopper,2026-04-08 19:13:00.000000000,669.99,LocalKirana,self_upi,0
T0000324,C0009,low_evening_shopper,2026-04-08 19:35:00.000000000,551.03,LocalKirana,self_upi,0
T0006213,C0177,low_evening_shopper,2026-04-08 19:36:00.000000000,796.96,NewShop_24,self_upi,0
T0003972,C0114,low_evening_shopper,2026-04-08 20:08:00.000000000,952.39,Swiggy,self_upi,0
T0001462,C0042,low_evening_shopper,2026-04-08 20:20:00.000000000,1245.37,Amazon,self_upi,0
T0003848,C0111,low_evening_shopper,2026-04-08 21:34:00.000000000,303.71,Swiggy,friend_a,0
T0005853,C0168,low_evening_shopper,2026-04-08 23:53:00.000000000,941.53,LocalKirana,friend_a,0
T0000325,C0009,low_evening_shopper,2026-04-09 17:31:00.000000000,473.31,Swiggy,friend_a,0
T0003189,C0093,low_evening_shopper,2026-04-09 18:15:00.000000000,1053.15,Swiggy,friend_a,0
T0003416,C0099,low_evening_shopper,2026-04-09 19:14:00.000000000,2424.1,BigBazaar,self_upi,0
T0003849,C0111,low_evening_shopper,2026-04-09 22:21:00.000000000,745.1,Swiggy,self_upi,0
T0002287,C0066,low_evening_shopper,2026-04-09 23:37:00.000000000,937.83,BigBazaar,self_upi,0
T0002667,C0078,low_evening_shopper,2026-04-10 17:17:00.000000000,1871.91,LocalKirana,self_upi,0
T0004438,C0129,low_evening_shopper,2026-04-10 18:29:00.000000000,480.08,Amazon,friend_a,0
T0003850,C0111,low_evening_shopper,2026-04-10 19:11:00.000000000,655.04,BigBazaar,friend_a,0
T0000326,C0009,low_evening_shopper,2026-04-10 19:23:00.000000000,819.15,Amazon,friend_a,0
T0004547,C0132,low_evening_shopper,2026-04-10 20:22:00.000000000,521.02,BigBazaar,self_upi,0
T0000572,C0015,low_evening_shopper,2026-04-10 20:32:00.000000000,1985.99,BigBazaar,self_upi,0
T0003417,C0099,low_evening_shopper,2026-04-10 21:46:00.000000000,639.24,LocalKirana,self_upi,0
T0004548,C0132,low_evening_shopper,2026-04-10 22:01:00.000000000,487.81,NewShop_10,friend_a,0
T0003973,C0114,low_evening_shopper,2026-04-11 18:03:00.000000000,970.62,BigBazaar,self_upi,0
T0004549,C0132,low_evening_shopper,2026-04-11 18:13:00.000000000,879.37,Amazon,self_upi,0
T0001596,C0045,low_evening_shopper,2026-04-11 19:00:00.000000000,1820.33,BigBazaar,self_upi,0
T0003190,C0093,low_evening_shopper,2026-04-11 20:28:00.000000000,718.08,BigBazaar,friend_a,0
T0003418,C0099,low_evening_shopper,2026-04-11 20:30:00.000000000,706.43,Swiggy,self_upi,0
T0003191,C0093,low_evening_shopper,2026-04-11 20:42:00.000000000,728.94,NewShop_3,friend_a,0
T0004550,C0132,low_evening_shopper,2026-04-11 21:48:00.000000000,957.36,LocalKirana,friend_a,0
T0001463,C0042,low_evening_shopper,2026-04-12 09:07:00.000000000,762.2,Amazon,friend_a,0
T0003192,C0093,low_evening_shopper,2026-04-12 18:43:00.000000000,2373.46,LocalKirana,friend_a,0
T0004552,C0132,low_evening_shopper,2026-04-12 19:35:00.000000000,983.8,Amazon,friend_a,0
T0005531,C0159,low_evening_shopper,2026-04-12 19:51:00.000000000,743.32,BigBazaar,friend_a,0
T0003974,C0114,low_evening_shopper,2026-04-12 19:54:00.000000000,2077.91,Swiggy,friend_a,0
T0004551,C0132,low_evening_shopper,2026-04-12 20:42:00.000000000,542.55,Amazon,self_upi,0
T0006214,C0177,low_evening_shopper,2026-04-12 22:08:00.000000000,677.14,Amazon,friend_a,0
T0003419,C0099,low_evening_shopper,2026-04-12 23:01:00.000000000,705.68,Amazon,friend_a,0
T0006215,C0177,low_evening_shopper,2026-04-13 19:10:00.000000000,805.58,LocalKirana,friend_a,0
T0003193,C0093,low_evening_shopper,2026-04-13 19:42:00.000000000,780.54,LocalKirana,friend_a,0
T0003851,C0111,low_evening_shopper,2026-04-13 22:19:00.000000000,578.91,LocalKirana,self_upi,0
T0003195,C0093,low_evening_shopper,2026-04-14 19:36:00.000000000,554.65,LocalKirana,self_upi,0
T0001464,C0042,low_evening_shopper,2026-04-14 20:14:00.000000000,761.81,Swiggy,friend_a,0
T0003975,C0114,low_evening_shopper,2026-04-14 20:34:00.000000000,496.24,LocalKirana,self_upi,0
T0003194,C0093,low_evening_shopper,2026-04-14 20:51:00.000000000,601.93,Amazon,friend_a,0
T0004553,C0132,low_evening_shopper,2026-04-14 21:04:00.000000000,758.8,Amazon,friend_a,0
T0006216,C0177,low_evening_shopper,2026-04-14 21:51:00.000000000,579.3,Swiggy,friend_a,0
T0000573,C0015,low_evening_shopper,2026-04-14 23:14:00.000000000,485.46,LocalKirana,friend_a,0
T0000574,C0015,low_evening_shopper,2026-04-15 19:09:00.000000000,655.02,LocalKirana,friend_a,0
T0002890,C0084,low_evening_shopper,2026-04-15 19:36:00.000000000,803.46,BigBazaar,self_upi,0
T0001465,C0042,low_evening_shopper,2026-04-15 20:03:00.000000000,583.4,Amazon,friend_a,0
T0004439,C0129,low_evening_shopper,2026-04-15 20:06:00.000000000,1075.75,NewShop_13,friend_a,0
T0002668,C0078,low_evening_shopper,2026-04-15 20:31:00.000000000,1150.96,LocalKirana,friend_a,0
T0006217,C0177,low_evening_shopper,2026-04-15 22:59:00.000000000,730.09,LocalKirana,friend_a,0
T0000327,C0009,low_evening_shopper,2026-04-16 00:57:00.000000000,706.57,Amazon,friend_a,0
T0004554,C0132,low_evening_shopper,2026-04-16 18:35:00.000000000,2618.76,Amazon,self_upi,0
T0003976,C0114,low_evening_shopper,2026-04-16 19:51:00.000000000,715.72,LocalKirana,self_upi,0
T0002891,C0084,low_evening_shopper,2026-04-16 20:04:00.000000000,818.41,Swiggy,friend_a,0
T0001466,C0042,low_evening_shopper,2026-04-16 20:25:00.000000000,416.75,Amazon,self_upi,0
T0006218,C0177,low_evening_shopper,2026-04-16 21:10:00.000000000,546.81,Swiggy,self_upi,0
T0003852,C0111,low_evening_shopper,2026-04-16 21:38:00.000000000,763.67,Amazon,self_upi,0
T0006219,C0177,low_evening_shopper,2026-04-17 19:12:00.000000000,913.81,Amazon,friend_a,0
T0003977,C0114,low_evening_shopper,2026-04-17 19:53:00.000000000,784.41,LocalKirana,friend_a,0
T0000328,C0009,low_evening_shopper,2026-04-17 20:08:00.000000000,681.95,Swiggy,friend_a,0
T0004555,C0132,low_evening_shopper,2026-04-17 20:11:00.000000000,544.37,BigBazaar,self_upi,0
T0001597,C0045,low_evening_shopper,2026-04-17 20:59:00.000000000,539.55,LocalKirana,self_upi,0
T0000575,C0015,low_evening_shopper,2026-04-17 21:06:00.000000000,539.12,Amazon,friend_a,0
T0001467,C0042,low_evening_shopper,2026-04-17 22:58:00.000000000,673.23,Swiggy,self_upi,0
T0002669,C0078,low_evening_shopper,2026-04-18 18:01:00.000000000,996.1,Swiggy,self_upi,0
T0003978,C0114,low_evening_shopper,2026-04-18 18:06:00.000000000,557.95,BigBazaar,friend_a,0
T0002892,C0084,low_evening_shopper,2026-04-18 18:16:00.000000000,755.18,Swiggy,self_upi,0
T0001598,C0045,low_evening_shopper,2026-04-18 19:26:00.000000000,831.52,BigBazaar,self_upi,0
T0002893,C0084,low_evening_shopper,2026-04-18 19:49:00.000000000,581.25,Amazon,friend_a,0
T0000329,C0009,low_evening_shopper,2026-04-18 20:30:00.000000000,699.59,BigBazaar,friend_a,0
T0000576,C0015,low_evening_shopper,2026-04-18 20:40:00.000000000,515.1,Amazon,friend_a,0
T0004556,C0132,low_evening_shopper,2026-04-18 20:54:00.000000000,715.02,Amazon,self_upi,0
T0003979,C0114,low_evening_shopper,2026-04-19 17:53:00.000000000,696.69,LocalKirana,self_upi,0
T0002894,C0084,low_evening_shopper,2026-04-19 18:49:00.000000000,790.27,Amazon,friend_a,0
T0003853,C0111,low_evening_shopper,2026-04-19 20:15:00.000000000,621.43,Swiggy,friend_a,0
T0002670,C0078,low_evening_shopper,2026-04-19 20:55:00.000000000,946.64,NewShop_24,self_upi,0
T0004557,C0132,low_evening_shopper,2026-04-19 21:03:00.000000000,589.26,Amazon,friend_a,0
T0000330,C0009,low_evening_shopper,2026-04-19 23:06:00.000000000,305.34,NewShop_12,self_upi,0
T0001599,C0045,low_evening_shopper,2026-04-20 19:11:00.000000000,615.86,BigBazaar,friend_a,0
T0003854,C0111,low_evening_shopper,2026-04-20 20:10:00.000000000,431.84,Swiggy,friend_a,0
T0004440,C0129,low_evening_shopper,2026-04-20 21:12:00.000000000,655.7,Amazon,friend_a,0
T0001600,C0045,low_evening_shopper,2026-04-21 19:44:00.000000000,693.16,LocalKirana,friend_a,0
T0002895,C0084,low_evening_shopper,2026-04-21 20:36:00.000000000,719.65,Amazon,self_upi,0
T0000577,C0015,low_evening_shopper,2026-04-21 21:49:00.000000000,761.02,Amazon,self_upi,0
T0004558,C0132,low_evening_shopper,2026-04-22 19:08:00.000000000,954.27,LocalKirana,self_upi,0
T0000331,C0009,low_evening_shopper,2026-04-22 21:48:00.000000000,865.5,Amazon,self_upi,0
T0006220,C0177,low_evening_shopper,2026-04-22 22:03:00.000000000,414.29,LocalKirana,self_upi,0
T0003980,C0114,low_evening_shopper,2026-04-22 22:19:00.000000000,704.58,NewShop_34,self_upi,0
T0004559,C0132,low_evening_shopper,2026-04-22 22:45:00.000000000,496.74,BigBazaar,self_upi,0
T0002896,C0084,low_evening_shopper,2026-04-23 17:24:00.000000000,803.61,BigBazaar,friend_a,0
T0006221,C0177,low_evening_shopper,2026-04-23 19:34:00.000000000,1843.03,Swiggy,friend_a,0
T0003981,C0114,low_evening_shopper,2026-04-23 21:56:00.000000000,879.74,LocalKirana,friend_a,0
T0000332,C0009,low_evening_shopper,2026-04-23 23:44:00.000000000,2367.23,BigBazaar,friend_a,0
T0004560,C0132,low_evening_shopper,2026-04-24 17:32:00.000000000,669.3,Swiggy,self_upi,0
T0004441,C0129,low_evening_shopper,2026-04-24 19:45:00.000000000,994.72,Amazon,friend_a,0
T0006222,C0177,low_evening_shopper,2026-04-24 19:45:00.000000000,812.92,LocalKirana,self_upi,0
T0000578,C0015,low_evening_shopper,2026-04-24 20:01:00.000000000,832.51,Amazon,friend_a,0
T0006223,C0177,low_evening_shopper,2026-04-25 17:02:00.000000000,488.35,LocalKirana,friend_a,0
T0002671,C0078,low_evening_shopper,2026-04-25 19:31:00.000000000,478.02,BigBazaar,friend_a,0
T0006355,C0078,low_evening_shopper,2026-04-26 01:11:00.340200653,4488.35,UnknownStore_5,new_wallet_6629,1
T0006339,C0177,low_evening_shopper,2026-04-26 04:31:00.941165740,5954.5,UnknownStore_34,new_wallet_3244,1
T0000333,C0009,low_evening_shopper,2026-04-26 17:15:00.000000000,1020.81,NewShop_5,friend_a,0
T0000579,C0015,low_evening_shopper,2026-04-26 17:29:00.000000000,427.52,LocalKirana,friend_a,0
T0006224,C0177,low_evening_shopper,2026-04-26 18:54:00.000000000,688.3,BigBazaar,friend_a,0
T0002897,C0084,low_evening_shopper,2026-04-26 18:57:00.000000000,811.37,BigBazaar,self_upi,0
T0000334,C0009,low_evening_shopper,2026-04-26 21:21:00.000000000,633.14,BigBazaar,friend_a,0
T0002672,C0078,low_evening_shopper,2026-04-26 22:11:00.000000000,471.82,Swiggy,friend_a,0
T0002898,C0084,low_evening_shopper,2026-04-27 19:06:00.000000000,351.85,LocalKirana,friend_a,0
T0006225,C0177,low_evening_shopper,2026-04-27 20:43:00.000000000,3207.08,BigBazaar,friend_a,0
T0000580,C0015,low_evening_shopper,2026-04-27 21:10:00.000000000,830.01,BigBazaar,friend_a,0
T0003855,C0111,low_evening_shopper,2026-04-27 21:12:00.000000000,712.47,Swiggy,friend_a,0
T0002673,C0078,low_evening_shopper,2026-04-27 21:31:00.000000000,926.52,LocalKirana,self_upi,0
T0000582,C0015,low_evening_shopper,2026-04-28 19:46:00.000000000,472.01,Amazon,self_upi,0
T0000581,C0015,low_evening_shopper,2026-04-28 20:32:00.000000000,930.57,LocalKirana,self_upi,0
T0003982,C0114,low_evening_shopper,2026-04-28 20:36:00.000000000,748.98,LocalKirana,self_upi,0
T0003856,C0111,low_evening_shopper,2026-04-28 21:06:00.000000000,702.23,BigBazaar,self_upi,0
T0003857,C0111,low_evening_shopper,2026-04-28 21:59:00.000000000,519.36,Swiggy,friend_a,0
T0002899,C0084,low_evening_shopper,2026-04-29 22:17:00.000000000,798.89,LocalKirana,friend_a,0
T0003858,C0111,low_evening_shopper,2026-04-30 20:09:00.000000000,733.92,BigBazaar,friend_a,0
T0002900,C0084,low_evening_shopper,2026-04-30 21:25:00.000000000,598.02,LocalKirana,friend_a,0
T0002901,C0084,low_evening_shopper,2026-05-01 16:09:00.000000000,522.49,LocalKirana,friend_a,0
T0002902,C0084,low_evening_shopper,2026-05-01 22:28:00.000000000,3259.3,LocalKirana,self_upi,0
T0002903,C0084,low_evening_shopper,2026-05-02 23:52:00.000000000,1983.8,BigBazaar,self_upi,0
T0002904,C0084,low_evening_shopper,2026-05-03 21:48:00.000000000,669.34,LocalKirana,friend_a,0
T0003983,C0114,low_evening_shopper,2026-05-04 21:57:00.000000000,818.36,BigBazaar,self_upi,0
T0000583,C0015,low_evening_shopper,2026-05-04 22:07:00.000000000,604.01,LocalKirana,friend_a,0
T0003859,C0111,low_evening_shopper,2026-05-07 17:20:00.000000000,412.07,LocalKirana,friend_a,0
T0003984,C0114,low_evening_shopper,2026-05-08 21:10:00.000000000,2061.49,Amazon,self_upi,0
T0003860,C0111,low_evening_shopper,2026-05-09 21:04:00.000000000,794.21,LocalKirana,friend_a,0
T0003861,C0111,low_evening_shopper,2026-05-14 21:46:00.000000000,735.46,BigBazaar,friend_a,0
